time,x,y,heading,speed,acceleration,lateral_velocity,lateral_acceleration,slip_angle,steering_angle,throttle,brake_pedal,brake_pressure_front,brake_pressure_rear,propulsion_force,drag_force,rolling_resistance,braking_force,lateral_force
0,0,0,0,0,0,0,0,0,0,0,0,0,0,0,0,0,0,0
0.01,0,0,0,0,0,0,0,0,0,0,0,0,0,0,0,0,0,0
0.02,0,0,0,0,0,0,0,0,0,0,0,0,0,0,0,0,0,0
0.03,0,0,0,0,0,0,0,0,0,0,0,0,0,0,0,0,0,0
0.04,0,0,0,0,0,0,0,0,0,0,0,0,0,0,0,0,0,0
0.05,0,0,0,0,0,0,0,0,0,0,0,0,0,0,0,0,0,0
0.06,0,0,0,0,0,0,0,0,0,0,0,0,0,0,0,0,0,0
0.07,0,0,0,0,0,0,0,0,0,0,0,0,0,0,0,0,0,0
0.08,0,0,0,0,0,0,0,0,0,0,0,0,0,0,0,0,0,0
0.09,0,0,0,0,0,0,0,0,0,0,0,0,0,0,0,0,0,0
0.1,0,0,0,0,0,0,0,0,0,0,0,0,0,0,0,0,0,0
0.11,0,0,0,0,0,0,0,0,0,0,0,0,0,0,0,0,0,0
0.12,0,0,0,0,0,0,0,0,0,0,0,0,0,0,0,0,0,0
0.13,0,0,0,0,0,0,0,0,0,0,0,0,0,0,0,0,0,0
0.14,0,0,0,0,0,0,0,0,0,0,0,0,0,0,0,0,0,0
0.15,0,0,0,0,0,0,0,0,0,0,0,0,0,0,0,0,0,0
0.16,0,0,0,0,0,0,0,0,0,0,0,0,0,0,0,0,0,0
0.17,0,0,0,0,0,0,0,0,0,0,0,0,0,0,0,0,0,0
0.18,0,0,0,0,0,0,0,0,0,0,0,0,0,0,0,0,0,0
0.19,0,0,0,0,0,0,0,0,0,0,0,0,0,0,0,0,0,0
0.2,0,0,0,0,0,0,0,0,0,0,0,0,0,0,0,0,0,0
0.21,0,0,0,0,0,0,0,0,0,0,0,0,0,0,0,0,0,0
0.22,0,0,0,0,0,0,0,0,0,0,0,0,0,0,0,0,0,0
0.23,0,0,0,0,0,0,0,0,0,0,0,0,0,0,0,0,0,0
0.24,0,0,0,0,0,0,0,0,0,0,0,0,0,0,0,0,0,0
0.25,0,0,0,0,0,0,0,0,0,0,0,0,0,0,0,0,0,0
0.26,0,0,0,0,0,0,0,0,0,0,0,0,0,0,0,0,0,0
0.27,0,0,0,0,0,0,0,0,0,0,0,0,0,0,0,0,0,0
0.28,0,0,0,0,0,0,0,0,0,0,0,0,0,0,0,0,0,0
0.29,0,0,0,0,0,0,0,0,0,0,0,0,0,0,0,0,0,0
0.3,0,0,0,0,0,0,0,0,0,0,0,0,0,0,0,0,0,0
0.31,0,0,0,0,0,0,0,0,0,0,0,0,0,0,0,0,0,0
0.32,0,0,0,0,0,0,0,0,0,0,0,0,0,0,0,0,0,0
0.33,0,0,0,0,0,0,0,0,0,0,0,0,0,0,0,0,0,0
0.34,0,0,0,0,0,0,0,0,0,0,0,0,0,0,0,0,0,0
0.35,0,0,0,0,0,0,0,0,0,0,0,0,0,0,0,0,0,0
0.36,0,0,0,0,0,0,0,0,0,0,0,0,0,0,0,0,0,0
0.37,0,0,0,0,0,0,0,0,0,0,0,0,0,0,0,0,0,0
0.38,0,0,0,0,0,0,0,0,0,0,0,0,0,0,0,0,0,0
0.39,0,0,0,0,0,0,0,0,0,0,0,0,0,0,0,0,0,0
0.4,0,0,0,0,0,0,0,0,0,0,0,0,0,0,0,0,0,0
0.41,0,0,0,0,0,0,0,0,0,0,0,0,0,0,0,0,0,0
0.42,0,0,0,0,0,0,0,0,0,0,0,0,0,0,0,0,0,0
0.43,0,0,0,0,0,0,0,0,0,0,0,0,0,0,0,0,0,0
0.44,0,0,0,0,0,0,0,0,0,0,0,0,0,0,0,0,0,0
0.45,0,0,0,0,0,0,0,0,0,0,0,0,0,0,0,0,0,0
0.46,0,0,0,0,0,0,0,0,0,0,0,0,0,0,0,0,0,0
0.47,0,0,0,0,0,0,0,0,0,0,0,0,0,0,0,0,0,0
0.48,0,0,0,0,0,0,0,0,0,0,0,0,0,0,0,0,0,0
0.49,0,0,0,0,0,0,0,0,0,0,0,0,0,0,0,0,0,0
0.5,0,0,0,0,0,0,0,0,0,0,0,0,0,0,0,0,0,0
0.51,0,0,0,0,0,0,0,0,0,0,0,0,0,0,0,0,0,0
0.52,0,0,0,0,0,0,0,0,0,0,0,0,0,0,0,0,0,0
0.53,0,0,0,0,0,0,0,0,0,0,0,0,0,0,0,0,0,0
0.54,0,0,0,0,0,0,0,0,0,0,0,0,0,0,0,0,0,0
0.55,0,0,0,0,0,0,0,0,0,0,0,0,0,0,0,0,0,0
0.56,0,0,0,0,0,0,0,0,0,0,0,0,0,0,0,0,0,0
0.57,0,0,0,0,0,0,0,0,0,0,0,0,0,0,0,0,0,0
0.58,0,0,0,0,0,0,0,0,0,0,0,0,0,0,0,0,0,0
0.59,0,0,0,0,0,0,0,0,0,0,0,0,0,0,0,0,0,0
0.6,0,0,0,0,0,0,0,0,0,0,0,0,0,0,0,0,0,0
0.61,0,0,0,0,0,0,0,0,0,0,0,0,0,0,0,0,0,0
0.62,0,0,0,0.002266666667,0.2266666667,0,0,0,0,0.034,0,0,0,68,0,0,0,0
0.63,2.266666667e-05,0,0,0.004128220078,0.1861553412,0,0,0,0,0.05,0,0,0,99.99160494,2.58944e-06,44.145,0,0
0.64,6.394886745e-05,0,0,0.007056047045,0.2927826967,0,0,0,0,0.066,0,0,0,131.9798176,8.589269311e-06,44.145,0,0
0.65,0.0001345093379,0,0,0.01104978424,0.3993737198,0,0,0,0,0.082,0,0,0,163.957141,2.509305115e-05,44.145,0,0
0.66,0.0002450071803,0,0,0.01624222052,0.5192436274,0,0,0,0,0.1,0,0,0,199.9181497,6.153725684e-05,44.145,0,0
0.67,0.0004074293855,0,0,0.02356542232,0.7323201807,0,0,0,0,0.132,0,0,0,263.8411872,0.0001329601026,44.145,0,0
0.68,0.0006430836087,0,0,0.0319519681,0.8386545775,0,0,0,0,0.148,0,0,0,295.7416531,0.0002798858812,44.145,0,0
0.69,0.0009626032897,0,0,0.04153402125,0.9582053153,0,0,0,0,0.166,0,0,0,331.6071091,0.0005145478458,44.145,0,0
0.7,0.001377943502,0,0,0.05217716093,1.064313968,0,0,0,0,0.182,0,0,0,363.4400599,0.0008694377604,44.145,0,0
0.71,0.001899715112,0,0,0.06401318203,1.18360211,0,0,0,0,0.2,0,0,0,399.227005,0.001372117886,44.145,0,0
0.72,0.002539846932,0,0,0.07704049004,1.302730801,0,0,0,0,0.218,0,0,0,434.9663057,0.002065234487,44.145,0,0
0.73,0.003310251832,0,0,0.09218800114,1.51475111,0,0,0,0,0.25,0,0,0,498.5733243,0.002991359502,44.145,0,0
0.74,0.004232131844,0,0,0.1085220216,1.633402047,0,0,0,0,0.268,0,0,0,534.1698975,0.004283308287,44.145,0,0
0.75,0.00531735206,0,0,0.1259075577,1.738553609,0,0,0,0,0.284,0,0,0,565.7170182,0.005935622704,44.145,0,0
0.76,0.006576427637,0,0,0.1444752381,1.856768038,0,0,0,0,0.302,0,0,0,601.1834013,0.007989767395,44.145,0,0
0.77,0.008021180018,0,0,0.1640899476,1.961470952,0,0,0,0,0.318,0,0,0,632.5968055,0.01052003959,44.145,0,0
0.78,0.009662079494,0,0,0.1858095225,2.171957486,0,0,0,0,0.35,0,0,0,695.7458162,0.0135704575,44.145,0,0
0.79,0.01152017472,0,0,0.2087019414,2.289241898,0,0,0,0,0.368,0,0,0,730.9349701,0.01740069003,44.145,0,0
0.8,0.01360719413,0,0,0.2326318293,2.392988789,0,0,0,0,0.384,0,0,0,762.0635892,0.02195247618,44.145,0,0
0.81,0.01593351243,0,0,0.257596327,2.496449766,0,0,0,0,0.4,0,0,0,793.1072051,0.02727525428,44.145,0,0
0.82,0.0185094757,0,0,0.283724514,2.612818704,0,0,0,0,0.418,0,0,0,828.0240545,0.03344335731,44.145,0,0
0.83,0.02134672084,0,0,0.3120683444,2.834383037,0,0,0,0,0.452,0,0,0,894.5004829,0.04057179833,44.145,0,0
0.84,0.02446740428,0,0,0.341434596,2.93662516,0,0,0,0,0.468,0,0,0,925.1816307,0.04908287239,44.145,0,0
0.85,0.02788175024,0,0,0.3718197687,3.038517274,0,0,0,0,0.484,0,0,0,955.7589374,0.058755102,44.145,0,0
0.86,0.03159994793,0,0,0.4033517399,3.153197117,0,0,0,0,0.502,0,0,0,990.173813,0.06967796997,44.145,0,0
0.87,0.03563346533,0,0,0.4358949481,3.254320824,0,0,0,0,0.518,0,0,0,1020.523244,0.08199708355,44.145,0,0
0.88,0.03999241481,0,0,0.4706261474,3.473119926,0,0,0,0,0.552,0,0,0,1086.17674,0.09576222053,44.145,0,0
0.89,0.04469867628,0,0,0.5063575544,3.573140701,0,0,0,0,0.568,0,0,0,1116.198841,0.1116304412,44.145,0,0
0.9,0.04976225183,0,0,0.543215758,3.685820356,0,0,0,0,0.586,0,0,0,1150.020331,0.1292245783,44.145,0,0
0.91,0.05519440941,0,0,0.5810651873,3.78494293,0,0,0,0,0.602,0,0,0,1179.776601,0.1487220133,44.145,0,0
0.92,0.06100506128,0,0,0.6200318164,3.896662914,0,0,0,0,0.62,0,0,0,1213.314043,0.1701689229,44.145,0,0
0.93,0.06720537944,0,0,0.6610223498,4.099053341,0,0,0,0,0.652,0,0,0,1274.05476,0.1937574845,44.145,0,0
0.94,0.07381560294,0,0,0.7029865635,4.196421373,0,0,0,0,0.668,0,0,0,1303.291635,0.2202230757,44.145,0,0
0.95,0.08084546858,0,0,0.7460493567,4.30627932,0,0,0,0,0.686,0,0,0,1336.277868,0.2490718147,44.145,0,0
0.96,0.08830596214,0,0,0.7900753538,4.402599708,0,0,0,0,0.702,0,0,0,1365.205433,0.2805211799,44.145,0,0
0.97,0.09620671568,0,0,0.8350593568,4.498400299,0,0,0,0,0.718,0,0,0,1393.979696,0.3146064086,44.145,0,0
0.98,0.1045573092,0,0,0.8820297355,4.697037874,0,0,0,0,0.75,0,0,0,1453.607814,0.3514513612,44.145,0,0
0.99,0.1133776066,0,0,0.9300725758,4.804284027,0,0,0,0,0.768,0,0,0,1485.822308,0.392100133,44.145,0,0
1,0.1226783324,0,0,0.9790527731,4.898019729,0,0,0,0,0.784,0,0,0,1513.986896,0.4359776381,44.145,0,0
1.01,0.1324688601,0,0,1.02909307,5.004029689,0,0,0,0,0.802,0,0,0,1545.837013,0.4831063436,44.145,0,0
1.02,0.1427597908,0,0,1.080186849,5.109377907,0,0,0,0,0.82,0,0,0,1577.492125,0.5337524036,44.145,0,0
1.03,0.1535616593,0,0,1.133351353,5.31645037,0,0,0,0,0.854,0,0,0,1639.66818,0.588069029,44.145,0,0
1.04,0.1648951728,0,0,1.187423667,5.407231404,0,0,0,0,0.87,0,0,0,1666.961802,0.6473805856,44.145,0,0
1.05,0.1767694095,0,0,1.242524943,5.510127608,0,0,0,0,0.888,0,0,0,1697.89391,0.7106273821,44.145,0,0
1.06,0.1891946589,0,0,1.298520734,5.599579129,0,0,0,0,0.904,0,0,0,1724.796848,0.7781095898,44.145,0,0
1.07,0.2021798663,0,0,1.355531435,5.701070068,0,0,0,0,0.922,0,0,0,1755.315843,0.8498226729,44.145,0,0
1.08,0.2157351806,0,0,1.413422921,5.789148617,0,0,0,0,0.938,0,0,0,1781.815668,0.9260825973,44.145,0,0
1.09,0.2298694098,0,0,1.47319929,5.977636908,0,0,0,0,0.97,0,0,0,1838.442946,1.006873234,44.145,0,0
1.1,0.2446014027,0,0,1.533838058,6.063876832,0,0,0,0,0.986,0,0,0,1864.401889,1.093839339,44.145,0,0
1.11,0.2599397833,0,0,1.595206446,6.136838753,0,0,0,0,1,0,0,0,1886.382366,1.185740232,44.145,0,0
1.12,0.2758918478,0,0,1.656420081,6.121363463,0,0,0,0,1,0,0,0,1881.83656,1.282520537,44.145,0,0
1.13,0.2924560486,0,0,1.717479227,6.105914592,0,0,0,0,1,0,0,0,1877.302216,1.382838652,44.145,0,0
1.14,0.3096308408,0,0,1.778384148,6.090492167,0,0,0,0,1,0,0,0,1872.779317,1.486666386,44.145,0,0
1.15,0.3274146823,0,0,1.83913511,6.075096217,0,0,0,0,1,0,0,0,1868.267841,1.59397569,44.145,0,0
1.16,0.3458060334,0,0,1.899732378,6.05972677,0,0,0,0,1,0,0,0,1863.76777,1.704738649,44.145,0,0
1.17,0.3648033572,0,0,1.960176217,6.044383852,0,0,0,0,1,0,0,0,1859.279083,1.818927487,44.145,0,0
1.18,0.3844051194,0,0,2.020466891,6.029067491,0,0,0,0,1,0,0,0,1854.801762,1.936514563,44.145,0,0
1.19,0.4046097883,0,0,2.080604669,6.013777711,0,0,0,0,1,0,0,0,1850.335786,2.057472376,44.145,0,0
1.2,0.425415835,0,0,2.140589814,5.99851454,0,0,0,0,1,0,0,0,1845.881136,2.181773557,44.145,0,0
1.21,0.4468217331,0,0,2.200422594,5.983278002,0,0,0,0,1,0,0,0,1841.437792,2.309390875,44.145,0,0
1.22,0.468825959,0,0,2.260103275,5.968068122,0,0,0,0,1,0,0,0,1837.005734,2.440297235,44.145,0,0
1.23,0.4914269918,0,0,2.319632124,5.952884923,0,0,0,0,1,0,0,0,1832.584943,2.574465675,44.145,0,0
1.24,0.514623313,0,0,2.379009409,5.937728429,0,0,0,0,1,0,0,0,1828.175398,2.711869369,44.145,0,0
1.25,0.5384134071,0,0,2.438235395,5.922598664,0,0,0,0,1,0,0,0,1823.777081,2.852481627,44.145,0,0
1.26,0.5627957611,0,0,2.497310352,5.907495649,0,0,0,0,1,0,0,0,1819.389971,2.996275889,44.145,0,0
1.27,0.5877688646,0,0,2.556234546,5.892419408,0,0,0,0,1,0,0,0,1815.014048,3.143225733,44.145,0,0
1.28,0.6133312101,0,0,2.615008246,5.87736996,0,0,0,0,1,0,0,0,1810.649293,3.293304867,44.145,0,0
1.29,0.6394812925,0,0,2.673631719,5.862347328,0,0,0,0,1,0,0,0,1806.295686,3.446487135,44.145,0,0
1.3,0.6662176097,0,0,2.732105234,5.847351532,0,0,0,0,1,0,0,0,1801.953206,3.60274651,44.145,0,0
1.31,0.693538662,0,0,2.79042906,5.832382591,0,0,0,0,1,0,0,0,1797.621835,3.762057101,44.145,0,0
1.32,0.7214429526,0,0,2.848603465,5.817440527,0,0,0,0,1,0,0,0,1793.301551,3.924393147,44.145,0,0
1.33,0.7499289873,0,0,2.906628719,5.802525356,0,0,0,0,1,0,0,0,1788.992336,4.089729018,44.145,0,0
1.34,0.7789952745,0,0,2.96450509,5.787637099,0,0,0,0,1,0,0,0,1784.694169,4.258039217,44.145,0,0
1.35,0.8086403254,0,0,3.022232848,5.772775773,0,0,0,0,1,0,0,0,1780.40703,4.429298376,44.145,0,0
1.36,0.8388626539,0,0,3.079812262,5.757941396,0,0,0,0,1,0,0,0,1776.1309,4.603481258,44.145,0,0
1.37,0.8696607765,0,0,3.137243601,5.743133985,0,0,0,0,1,0,0,0,1771.865758,4.780562758,44.145,0,0
1.38,0.9010332125,0,0,3.194527137,5.728353557,0,0,0,0,1,0,0,0,1767.611585,4.960517897,44.145,0,0
1.39,0.9329784839,0,0,3.251663138,5.713600128,0,0,0,0,1,0,0,0,1763.36836,5.143321829,44.145,0,0
1.4,0.9654951153,0,0,3.308651875,5.698873713,0,0,0,0,1,0,0,0,1759.136064,5.328949835,44.145,0,0
1.41,0.998581634,0,0,3.365493619,5.684174329,0,0,0,0,1,0,0,0,1754.914676,5.517377325,44.145,0,0
1.42,1.03223657,0,0,3.422188639,5.669501989,0,0,0,0,1,0,0,0,1750.704176,5.708579838,44.145,0,0
1.43,1.066458457,0,0,3.478737206,5.654856707,0,0,0,0,1,0,0,0,1746.504545,5.902533039,44.145,0,0
1.44,1.101245829,0,0,3.535139591,5.640238499,0,0,0,0,1,0,0,0,1742.315763,6.099212723,44.145,0,0
1.45,1.136597225,0,0,3.591396064,5.625647378,0,0,0,0,1,0,0,0,1738.137808,6.298594811,44.145,0,0
1.46,1.172511185,0,0,3.647506898,5.611083355,0,0,0,0,1,0,0,0,1733.970662,6.500655349,44.145,0,0
1.47,1.208986254,0,0,3.703472362,5.596546444,0,0,0,0,1,0,0,0,1729.814304,6.705370512,44.145,0,0
1.48,1.246020978,0,0,3.759292729,5.582036658,0,0,0,0,1,0,0,0,1725.668714,6.9127166,44.145,0,0
1.49,1.283613905,0,0,3.814968269,5.567554006,0,0,0,0,1,0,0,0,1721.533872,7.122670039,44.145,0,0
1.5,1.321763588,0,0,3.870499254,5.553098502,0.01696460033,1.696460033,0.01413716694,0.81,1,0,0,0,1717.409758,7.335207379,44.145,0,508.9380099
1.51,1.36046858,0,4.383052215e-05,3.925885956,5.538670154,0.04563413833,2.8669538,0.02389128167,1.62,1,0,0,0,1713.296352,7.550305296,44.145,0,860.08614
1.52,1.39972744,1.720736313e-06,0.0001600696051,3.981128645,5.524268974,0.09577393851,5.013980018,0.04178316681,3.06,1,0,0,0,1709.193633,7.767940591,44.145,0,1504.194005
1.53,1.439538726,8.093313187e-06,0.000400639421,4.036227595,5.509894972,0.1460736955,5.029975697,0.04191646414,3.78,1,0,0,0,1705.101582,7.988090187,44.145,0,1508.992709
1.54,1.479900998,2.426403162e-05,0.0007625459092,4.091183077,5.495548157,0.1968926965,5.081900102,0.04234916751,4.5,1,0,0,0,1701.020178,8.210731133,44.145,0,1524.57003
1.55,1.520812817,5.546117779e-05,0.001243806935,4.145995362,5.481228537,0.2484687977,5.157610123,0.04298008436,5.22,1,0,0,0,1696.949402,8.435840599,44.145,0,1547.283037
1.56,1.562272739,0.0001070293423,0.001843105236,4.200664723,5.466936122,0.3160397154,6.757091768,0.05630909806,6.66,1,0,0,0,1692.889232,8.663395881,44.145,0,2027.12753
1.57,1.604279315,0.00018445197,0.002595461676,4.255191432,5.452670919,0.3803233012,6.428358584,0.05356965487,7.38,1,0,0,0,1688.83965,8.893374395,44.145,0,1928.507575
1.58,1.646831086,0.0002948937088,0.003489248259,4.309575762,5.438432937,0.4427149145,6.239161328,0.05199301107,8.1,1,0,0,0,1684.800635,9.12575368,44.145,0,1871.748398
1.59,1.689926581,0.000445265201,0.004516530152,4.363817984,5.424222181,0.5041667354,6.145182091,0.05120985076,8.82,1,0,0,0,1680.772166,9.360511397,44.145,0,1843.554627
1.6,1.733564316,0.0006423576859,0.005671864167,4.41791837,5.41003866,0.5804115911,7.624485564,0.0635373797,10.26,1,0,0,0,1676.754223,9.597625327,44.145,0,2287.345669
1.61,1.777742789,0.0008929346713,0.006985631291,4.471877194,5.39588238,0.6527241184,7.231252738,0.06026043948,10.98,1,0,0,0,1672.746787,9.837073374,44.145,0,2169.375821
1.62,1.82246047,0.001205320983,0.008445251245,4.525694728,5.381753346,0.7226139509,6.988983249,0.05824152708,11.7,1,0,0,0,1668.749837,10.07883356,44.145,0,2096.694975
1.63,1.867715803,0.00158752273,0.01004194301,4.579371243,5.367651565,0.7911348107,6.852085973,0.05710071644,12.42,1,0,0,0,1664.763354,10.32288403,44.145,0,2055.625792
1.64,1.913507207,0.002047372852,0.01176954877,4.632907014,5.353577041,0.8778751926,8.674038197,0.07228365164,14.04,1,0,0,0,1660.787315,10.56920306,44.145,0,2602.211459
1.65,1.959833068,0.002592632514,0.01366441778,4.686302311,5.339529779,0.9615085841,8.36333915,0.06969449292,14.85,1,0,0,0,1656.821703,10.81776901,44.145,0,2509.001745
1.66,2.006691716,0.003232968512,0.01571616032,4.739557409,5.325509784,1.043281752,8.177316737,0.06814430614,15.66,1,0,0,0,1652.866495,11.06856039,44.145,0,2453.195021
1.67,2.054081437,0.00397781429,0.01791738221,4.79267258,5.311517059,1.124081998,8.080024664,0.06733353887,16.47,1,0,0,0,1648.921673,11.32155584,44.145,0,2424.007399
1.68,2.10200047,0.004836489809,0.0202628001,4.845648096,5.297551607,1.20265837,7.8576372,0.06548031,17.19,1,0,0,0,1644.987216,11.57673407,44.145,0,2357.29116
1.69,2.150447004,0.005818286608,0.02274473512,4.89848423,5.283613434,1.281817286,7.915891609,0.0659657634,18,1,0,0,0,1641.063104,11.83407396,44.145,0,2374.767483
1.7,2.199419176,0.006932337811,0.02536149823,4.951181256,5.269702539,1.361761431,7.994414473,0.06662012061,18.81,1,0,0,0,1637.149316,12.09355447,44.145,0,2398.324342
1.71,2.248915066,0.00818789695,0.02811187508,5.003739445,5.255818927,1.442636528,8.087509699,0.06739591416,19.62,1,0,0,0,1633.245833,12.3551547,44.145,0,2426.25291
1.72,2.29893269,0.009594356667,0.03099499189,5.056159071,5.2419626,1.539627076,9.69905476,0.08082545633,21.15,1,0,0,0,1629.352634,12.61885385,44.145,0,2909.716428
1.73,2.349469996,0.01116126185,0.03404004457,5.108440406,5.228133557,1.634149918,9.452284226,0.07876903522,21.96,1,0,0,0,1625.469698,12.88463125,44.145,0,2835.685268
1.74,2.400524807,0.01289984144,0.03723896594,5.160583724,5.214331802,1.727173118,9.302320054,0.07751933378,22.77,1,0,0,0,1621.597007,13.15246635,44.145,0,2790.696016
1.75,2.452094866,0.01482114532,0.04058582205,5.212589298,5.200557334,1.81940875,9.223563161,0.07686302634,23.58,1,0,0,0,1617.734539,13.42233869,44.145,0,2767.068948
1.76,2.504177834,0.01693613679,0.04407623468,5.264457399,5.186810154,1.909497245,9.008849475,0.07507374562,24.3,1,0,0,0,1613.882274,13.69422794,44.145,0,2702.654842
1.77,2.556771279,0.01925576016,0.04770338388,5.316188302,5.173090262,2.000141951,9.064470615,0.07553725512,25.11,1,0,0,0,1610.040193,13.9681139,44.145,0,2719.341184
1.78,2.609872686,0.02179080015,0.05146574488,5.367782279,5.159397658,2.098241951,9.81,0.08714881692,26.55,1,0,0,0,1606.208274,14.24397646,44.145,0,2943
1.79,2.663479435,0.0245521499,0.0553746999,5.419239602,5.145732341,2.196341951,9.81,0.08505578456,27.27,1,0,0,0,1602.386498,14.52179564,44.145,0,2943
1.8,2.717588766,0.02755150417,0.05942755992,5.470560545,5.132094309,2.294441951,9.81,0.0848024522,28.08,1,0,0,0,1598.574844,14.80155156,44.145,0,2943
1.81,2.7721978,0.03080061158,0.06362172235,5.521745381,5.118483562,2.392541951,9.81,0.08323858158,28.8,1,0,0,0,1594.773293,15.08322447,44.145,0,2943
1.82,2.827303539,0.03431127162,0.06795466743,5.572794382,5.104900096,2.490641951,9.81,0.08192668667,29.52,1,0,0,0,1590.981824,15.36679471,44.145,0,2943
1.83,2.882902861,0.03809533157,0.0724239548,5.623707821,5.091343911,2.582645998,9.200404711,0.07667003926,30,1,0,0,0,1587.200416,15.65224276,44.145,0,2760.121413
1.84,2.938992515,0.04216468356,0.07701638044,5.674485971,5.077815004,2.659873452,7.722745409,0.06435621174,30,1,0,0,0,1583.42905,15.93954919,44.145,0,2316.823623
1.85,2.995569167,0.04653064814,0.08170380669,5.725129104,5.064313371,2.725700832,6.582738017,0.05485615014,30,1,0,0,0,1579.667706,16.22869468,44.145,0,1974.821405
1.86,3.052629473,0.05120309401,0.08646474881,5.775637495,5.050839009,2.782706308,5.700547577,0.04750456314,30,1,0,0,0,1575.916363,16.51966004,44.145,0,1710.164273
1.87,3.110170085,0.05619076427,0.09128275602,5.826011414,5.037391914,2.832863974,5.015766575,0.04179805479,30,1,0,0,0,1572.175,16.81242619,44.145,0,1504.729973
1.88,3.16818764,0.06150152552,0.09614519753,5.876251135,5.023972083,2.877689523,4.482554948,0.03735462457,30,1,0,0,0,1568.443599,17.10697413,44.145,0,1344.766484
1.89,3.226678763,0.06714255854,0.1010423496,5.92635693,5.010579511,2.918349809,4.066028589,0.03388357158,30,1,0,0,0,1564.722138,17.40328501,44.145,0,1219.808577
1.9,3.285640062,0.07312050467,0.1059667067,5.976329072,4.997214192,2.955745482,3.73956733,0.03116306108,30,1,0,0,0,1561.010598,17.70134005,44.145,0,1121.870199
1.91,3.345068128,0.07944157842,0.110912461,6.026167833,4.983876123,2.990573505,3.482802234,0.02902335195,30,1,0,0,0,1557.308958,18.00112062,44.145,0,1044.84067
1.92,3.404959529,0.08611165441,0.1158751065,6.075873486,4.970565298,3.023374568,3.280106335,0.02733421946,30,1,0,0,0,1553.617198,18.30260817,44.145,0,984.0319005
1.93,3.465310815,0.09313633451,0.1208511393,6.125446303,4.95728171,3.054569164,3.119459615,0.0259954968,30,1,0,0,0,1549.935297,18.60578426,44.145,0,935.8378846
1.94,3.526118512,0.100521,0.1258378276,6.174886556,4.944025354,3.084485094,2.991593018,0.02492994181,30,1,0,0,0,1546.263237,18.91063057,44.145,0,897.4779053
1.95,3.58737912,0.1082708519,0.130833037,6.224194519,4.930796223,3.113378505,2.8893411,0.0240778425,30,1,0,0,0,1542.600996,19.21712889,44.145,0,866.80233
1.96,3.649089119,0.1163909426,0.1358350955,6.273370462,4.91759431,3.141450017,2.807151155,0.02339292629,30,1,0,0,0,1538.948554,19.52526109,44.145,0,842.1453466
1.97,3.711244957,0.1248862004,0.1408426907,6.322414658,4.904419608,3.168857117,2.740709987,0.02283924989,30,1,0,0,0,1535.305892,19.83500918,44.145,0,822.2129962
1.98,3.773843062,0.1337614487,0.1458547902,6.371327379,4.89127211,3.195723711,2.686659407,0.02238882839,30,1,0,0,0,1531.672988,20.14635526,44.145,0,805.9978221
1.99,3.83687983,0.1430214211,0.1508705797,6.420108897,4.878151807,3.222147499,2.642378806,0.02201982338,30,1,0,0,0,1528.049824,20.45928154,44.145,0,792.7136418
2,3.900351634,0.1526707728,0.1558894159,6.468759484,4.865058692,3.248205685,2.605818579,0.02171515482,30,1,0,0,0,1524.436378,20.77377032,44.145,0,781.7455737
2.01,3.964254816,0.1627140906,0.1609107893,6.517279412,4.851992756,3.273959407,2.57537219,0.02146143491,30,1,0,0,0,1520.832631,21.08980403,44.145,0,772.6116569
2.02,4.028585693,0.1731558995,0.1659342956,6.565668951,4.83895399,3.299457184,2.549777685,0.02124814737,30,1,0,0,0,1517.238562,21.40736519,44.145,0,764.9333054
2.03,4.093340552,0.1840006687,0.1709596132,6.613928375,4.825942384,3.3247376,2.528041692,0.0210670141,30,1,0,0,0,1513.654152,21.72643642,44.145,0,758.4125077
2.04,4.158515655,0.1952528161,0.1759864859,6.662057955,4.81295793,3.349831407,2.509380644,0.02091150537,30,1,0,0,0,1510.07938,22.04700047,44.145,0,752.8141932
2.05,4.224107234,0.206916712,0.1810147091,6.710057961,4.800000618,3.374763159,2.493175208,0.02077646007,30,1,0,0,0,1506.514226,22.36904016,44.145,0,747.9525625
2.06,4.290111492,0.2189966815,0.1860441189,6.757928665,4.787070437,3.399552508,2.478934893,0.02065779078,30,1,0,0,0,1502.95867,22.69253843,44.145,0,743.6804679
2.07,4.356524607,0.231497007,0.1910745842,6.805670339,4.774167377,3.424215213,2.466270485,0.02055225404,30,1,0,0,0,1499.412691,23.01747832,44.145,0,739.8811455
2.08,4.423342728,0.2444219299,0.1961059992,6.853283253,4.761291427,3.448763938,2.454872544,0.0204572712,30,1,0,0,0,1495.876271,23.34384298,44.145,0,736.4617631
2.09,4.490561975,0.257775652,0.2011382791,6.900767679,4.748442577,3.473208884,2.44449459,0.02037078825,30,1,0,0,0,1492.349389,23.67161564,44.145,0,733.3483771
2.1,4.558178443,0.2715623363,0.2061713552,6.948123887,4.735620814,3.497558283,2.434939933,0.02029116611,30,1,0,0,0,1488.832024,24.00077966,44.145,0,730.48198
2.11,4.626188199,0.2857861081,0.211205172,6.995352148,4.722826127,3.521818797,2.426051328,0.0202170944,30,1,0,0,0,1485.324157,24.33131848,44.145,0,727.8153984
2.12,4.694587282,0.3004510555,0.2162396845,7.042452733,4.710058504,3.545995825,2.417702841,0.02014752368,30,1,0,0,0,1481.825767,24.66321565,44.145,0,725.3108523
2.13,4.763371703,0.3155612298,0.2212748561,7.089425913,4.697317933,3.57009376,2.409793439,0.02008161199,30,1,0,0,0,1478.336835,24.99645481,44.145,0,722.9380317
2.14,4.83253745,0.3311206463,0.2263106571,7.136271957,4.6846044,3.594116179,2.402241927,0.02001868273,30,1,0,0,0,1474.85734,25.33101972,44.145,0,720.6725782
2.15,4.902080481,0.3471332838,0.2313470629,7.182991136,4.671917894,3.618066008,2.394982942,0.01995819119,30,1,0,0,0,1471.387262,25.66689423,44.145,0,718.4948827
2.16,4.97199673,0.3636030856,0.2363840537,7.22958372,4.659258401,3.641945646,2.38796378,0.01989969817,30,1,0,0,0,1467.926583,26.00406227,44.145,0,716.389134
2.17,5.042282102,0.3805339591,0.2414216129,7.276049979,4.646625907,3.665757065,2.381141873,0.01984284894,30,1,0,0,0,1464.47528,26.3425079,44.145,0,714.342562
2.18,5.11293248,0.397929776,0.2464597271,7.322390183,4.634020399,3.689501893,2.374482788,0.01978735656,30,1,0,0,0,1461.033335,26.68221526,44.145,0,712.3448363
2.19,5.183943719,0.4157943726,0.251498385,7.368604601,4.621441862,3.713181479,2.367958624,0.01973298853,30,1,0,0,0,1457.600727,27.02316859,44.145,0,710.3875871
2.2,5.255311648,0.4341315493,0.2565375772,7.414693504,4.608890282,3.736796946,2.361546742,0.01967955619,30,1,0,0,0,1454.177437,27.36535222,44.145,0,708.4640227
2.21,5.327032073,0.4529450711,0.2615772959,7.460657161,4.596365645,3.760349234,2.355228744,0.0196269062,30,1,0,0,0,1450.763444,27.7087506,44.145,0,706.5686233
2.22,5.399100774,0.4722386673,0.2666175345,7.50649584,4.583867935,3.78383913,2.348989655,0.01957491379,30,1,0,0,0,1447.358729,28.05334826,44.145,0,704.6968964
2.23,5.471513507,0.4920160316,0.2716582875,7.552209811,4.571397138,3.807267303,2.342817267,0.01952347722,30,1,0,0,0,1443.963271,28.39912982,44.145,0,702.84518
2.24,5.544266002,0.5122808216,0.2766995501,7.597799344,4.558953237,3.830634319,2.336701617,0.01947251348,30,1,0,0,0,1440.577051,28.74608001,44.145,0,701.0104852
2.25,5.617353967,0.5330366596,0.2817413183,7.643264706,4.546536217,3.853940665,2.330634561,0.01942195468,30,1,0,0,0,1437.200049,29.09418365,44.145,0,699.1903683
2.26,5.690773086,0.5542871316,0.2867835886,7.688606166,4.534146061,3.877186759,2.324609431,0.01937174526,30,1,0,0,0,1433.832244,29.44342566,44.145,0,697.3828294
2.27,5.764519018,0.5760357876,0.291826358,7.733823994,4.521782754,3.900372967,2.318620763,0.01932183969,30,1,0,0,0,1430.473617,29.79379105,44.145,0,695.5862288
2.28,5.838587399,0.5982861419,0.2968696237,7.778918457,4.509446279,3.923499607,2.31266407,0.01927220058,30,1,0,0,0,1427.124149,30.14526492,44.145,0,693.799221
2.29,5.912973843,0.6210416721,0.3019133835,7.823889823,4.497136618,3.946566964,2.306735667,0.01922279722,30,1,0,0,0,1423.783818,30.49783247,44.145,0,692.0207
2.3,5.987673941,0.6443058199,0.3069576352,7.868738361,4.484853756,3.969575289,2.300832518,0.01917360432,30,1,0,0,0,1420.452606,30.85147899,44.145,0,690.2497555
2.31,6.062683261,0.6680819905,0.312002377,7.913464337,4.472597673,3.99252481,2.294952125,0.01912460104,30,1,0,0,0,1417.130492,31.20618987,44.145,0,688.4856376
2.32,6.137997348,0.6923735527,0.317047607,7.958068021,4.460368353,4.015415735,2.289092425,0.01907577021,30,1,0,0,0,1413.817456,31.56195058,44.145,0,686.7277276
2.33,6.213611728,0.7171838387,0.3220933238,8.002549679,4.448165777,4.038248252,2.283251714,0.01902709762,30,1,0,0,0,1410.51348,31.9187467,44.145,0,684.9755143
2.34,6.289521901,0.7425161439,0.3271395259,8.046909578,4.435989928,4.061022538,2.277428584,0.01897857153,30,1,0,0,0,1407.218542,32.27656388,44.145,0,683.2285751
2.35,6.36572335,0.7683737272,0.3321862118,8.091147986,4.423840787,4.083738756,2.271621866,0.01893018222,30,1,0,0,0,1403.932624,32.63538789,44.145,0,681.4865599
2.36,6.442211533,0.7947598105,0.3372333803,8.135265169,4.411718334,4.106397062,2.265830595,0.01888192163,30,1,0,0,0,1400.655705,32.99520457,44.145,0,679.7491786
2.37,6.51898189,0.8216775786,0.3422810303,8.179261395,4.399622551,4.128997602,2.260053968,0.01883378307,30,1,0,0,0,1397.387765,33.35599984,44.145,0,678.0161903
2.38,6.596029839,0.8491301796,0.3473291604,8.223136929,4.387553419,4.151540515,2.254291317,0.01878576097,30,1,0,0,0,1394.128786,33.71775975,44.145,0,676.2873951
2.39,6.673350777,0.8771207241,0.3523777696,8.266892038,4.375510919,4.174025936,2.248542088,0.01873785073,30,1,0,0,0,1390.878746,34.0804704,44.145,0,674.5626263
2.4,6.750940083,0.9056522856,0.3574268569,8.310526988,4.363495029,4.196453994,2.242805819,0.01869004849,30,1,0,0,0,1387.637627,34.444118,44.145,0,672.8417456
2.41,6.828793115,0.9347279003,0.3624764212,8.354042046,4.351505731,4.218824815,2.237082124,0.01864235103,30,1,0,0,0,1384.405408,34.80868885,44.145,0,671.1246372
2.42,6.90690521,0.9643505669,0.3675264614,8.397437476,4.339543005,4.241138522,2.231370683,0.01859475569,30,1,0,0,0,1381.182071,35.17416932,44.145,0,669.4112049
2.43,6.985271689,0.9945232467,0.3725769765,8.440713544,4.327606828,4.263395235,2.225671227,0.01854726023,30,1,0,0,0,1377.967594,35.5405459,44.145,0,667.7013681
2.44,7.063887851,1.025248863,0.3776279656,8.483870516,4.315697182,4.28559507,2.219983532,0.01849986276,30,1,0,0,0,1374.76196,35.90780515,44.145,0,665.9950595
2.45,7.142748979,1.056530302,0.3826794278,8.526908656,4.303814044,4.307738144,2.214307409,0.01845256174,30,1,0,0,0,1371.565147,36.2759337,44.145,0,664.2922226
2.46,7.221850335,1.088370413,0.387731362,8.56982823,4.291957394,4.329824571,2.208642701,0.01840535584,30,1,0,0,0,1368.377137,36.6449183,44.145,0,662.5928102
2.47,7.301187164,1.120772004,0.3927837673,8.612629502,4.28012721,4.351854464,2.202989276,0.01835824396,30,1,0,0,0,1365.197909,37.01474577,44.145,0,660.8967827
2.48,7.380754694,1.153737848,0.3978366428,8.655312737,4.268323471,4.373827934,2.197347023,0.01831122519,30,1,0,0,0,1362.027444,37.38540302,44.145,0,659.2041069
2.49,7.460548134,1.18727068,0.4028899876,8.697878198,4.256546154,4.395745092,2.191715849,0.01826429874,30,1,0,0,0,1358.865723,37.75687704,44.145,0,657.5147546
2.5,7.540562676,1.221373197,0.4079438007,8.740326151,4.244795237,4.417606049,2.186095674,0.01821746395,30,1,0,0,0,1355.712726,38.12915492,44.145,0,655.8287023
2.51,7.620793495,1.256048055,0.4129980812,8.782656858,4.233070698,4.439410914,2.180486434,0.01817072029,30,1,0,0,0,1352.568433,38.50222382,44.145,0,654.1459303
2.52,7.701235749,1.291297875,0.4180528283,8.824870583,4.221372515,4.461159794,2.174888072,0.01812406727,30,1,0,0,0,1349.432825,38.87607099,44.145,0,652.4664217
2.53,7.781884582,1.327125238,0.423108041,8.86696759,4.209700663,4.4828528,2.169300541,0.01807750451,30,1,0,0,0,1346.305883,39.25068377,44.145,0,650.7901624
2.54,7.862735117,1.363532687,0.4281637185,8.908948141,4.198055121,4.504490038,2.163723801,0.01803103168,30,1,0,0,0,1343.187586,39.62604957,44.145,0,649.1171404
2.55,7.943782465,1.400522728,0.4332198597,8.950812499,4.186435865,4.526071616,2.158157818,0.01798464849,30,1,0,0,0,1340.077915,40.00215592,44.145,0,647.4473455
2.56,8.025021719,1.438097825,0.438276464,8.992560928,4.174842872,4.547597642,2.152602564,0.0179383547,30,1,0,0,0,1336.976852,40.37899038,44.145,0,645.7807691
2.57,8.10644796,1.476260407,0.4433335302,9.034193689,4.163276117,4.569068222,2.147058013,0.01789215011,30,1,0,0,0,1333.884376,40.75654063,44.145,0,644.1174038
2.58,8.188056248,1.515012861,0.4483910576,9.075711045,4.151735577,4.590483463,2.141524145,0.01784603454,30,1,0,0,0,1330.800467,41.13479443,44.145,0,642.4572434
2.59,8.269841635,1.554357539,0.4534490453,9.117113257,4.140221227,4.611843473,2.136000942,0.01780000785,30,1,0,0,0,1327.725108,41.51373961,44.145,0,640.8002825
2.6,8.351799152,1.594296752,0.4585074924,9.158400588,4.128733044,4.633148356,2.130488388,0.0177540699,30,1,0,0,0,1324.658277,41.89336409,44.145,0,639.1465164
2.61,8.433923821,1.634832771,0.4635663979,9.199573298,4.117271002,4.654398221,2.12498647,0.01770822059,30,1,0,0,0,1321.599956,42.27365587,44.145,0,637.4959411
2.62,8.516210647,1.675967832,0.4686257611,9.240631649,4.105835077,4.675593173,2.119495178,0.01766245981,30,1,0,0,0,1318.550126,42.65460303,44.145,0,635.8485533
2.63,8.598654622,1.717704127,0.4736855809,9.281575901,4.094425243,4.696733318,2.1140145,0.0176167875,30,1,0,0,0,1315.508767,43.03619373,44.145,0,634.2043499
2.64,8.681250725,1.760043812,0.4787458567,9.322406316,4.083041477,4.717818762,2.108544428,0.01757120356,30,1,0,0,0,1312.475859,43.41841621,44.145,0,632.5633283
2.65,8.76399392,1.802989005,0.4838065873,9.363123153,4.071683751,4.738849612,2.103084954,0.01752570795,30,1,0,0,0,1309.451384,43.8012588,44.145,0,630.9254861
2.66,8.84687916,1.846541783,0.4888677721,9.403726674,4.06035204,4.759825972,2.097636071,0.01748030059,30,1,0,0,0,1306.435322,44.18470989,44.145,0,629.2908212
2.67,8.929901386,1.890704183,0.49392941,9.444217137,4.049046319,4.78074795,2.092197773,0.01743498144,30,1,0,0,0,1303.427654,44.56875798,44.145,0,627.6593319
2.68,9.013055524,1.935478206,0.4989915003,9.484594803,4.037766562,4.801615651,2.086770055,0.01738975046,30,1,0,0,0,1300.42836,44.95339161,44.145,0,626.0310164
2.69,9.096336489,1.98086581,0.504054042,9.52485993,4.026512742,4.82242918,2.081352911,0.01734460759,30,1,0,0,0,1297.437422,45.33859944,44.145,0,624.4058732
2.7,9.179739187,2.026868916,0.5091170342,9.565012778,4.015284833,4.843188643,2.075946336,0.0172995528,30,1,0,0,0,1294.45482,45.72437017,44.145,0,622.7839009
2.71,9.263258507,2.073489405,0.5141804761,9.605053606,4.004082808,4.863894146,2.070550327,0.01725458606,30,1,0,0,0,1291.480535,46.1106926,44.145,0,621.1650982
2.72,9.346889332,2.12072912,0.5192443668,9.644982673,3.99290664,4.884545795,2.065164879,0.01720970733,30,1,0,0,0,1288.514548,46.49755561,44.145,0,619.5494638
2.73,9.43062653,2.168589862,0.5243087054,9.684800236,3.981756303,4.905143695,2.059789989,0.01716491657,30,1,0,0,0,1285.556839,46.88494814,44.145,0,617.9369966
2.74,9.514464962,2.217073395,0.529373491,9.724506553,3.970631769,4.925687952,2.054425652,0.01712021376,30,1,0,0,0,1282.60739,47.27285923,44.145,0,616.3276955
2.75,9.598399475,2.266181442,0.5344387227,9.764101884,3.959533011,4.94617867,2.049071864,0.01707559887,30,1,0,0,0,1279.666181,47.66127797,44.145,0,614.7215593
2.76,9.682424908,2.315915687,0.5395043998,9.803586484,3.948460001,4.966615956,2.043728623,0.01703107186,30,1,0,0,0,1276.733194,48.05019354,44.145,0,613.1185869
2.77,9.766536091,2.366277774,0.5445705212,9.842960611,3.937412711,4.986999916,2.038395925,0.01698663271,30,1,0,0,0,1273.808409,48.4395952,44.145,0,611.5187775
2.78,9.850727841,2.417269309,0.5496370862,9.882224522,3.926391114,5.007330653,2.033073766,0.01694228138,30,1,0,0,0,1270.891807,48.82947229,44.145,0,609.9221298
2.79,9.934994968,2.468891856,0.5547040937,9.921378474,3.915395182,5.027608275,2.027762143,0.01689801786,30,1,0,0,0,1267.983369,49.2198142,44.145,0,608.3286429
2.8,10.01933227,2.521146941,0.5597715431,9.960422723,3.904424885,5.047832885,2.022461053,0.0168538421,30,1,0,0,0,1265.083076,49.61061041,44.145,0,606.7383158
2.81,10.10373455,2.574036051,0.5648394333,9.999357524,3.893480197,5.06800459,2.017170491,0.01680975409,30,1,0,0,0,1262.190909,50.00185049,44.145,0,605.1511473
2.82,10.18819658,2.627560632,0.5699077635,10.03818314,3.882561087,5.088123495,2.011890455,0.01676575379,30,1,0,0,0,1259.30685,50.39352405,44.145,0,603.5671366
2.83,10.27271314,2.68172209,0.5749765328,10.07689981,3.871667527,5.108189704,2.006620941,0.01672184118,30,1,0,0,0,1256.430879,50.78562081,44.145,0,601.9862824
2.84,10.35727899,2.736521792,0.5800457404,10.11550781,3.860799488,5.128203324,2.001361946,0.01667801622,30,1,0,0,0,1253.562977,51.17813054,44.145,0,600.4085838
2.85,10.4418889,2.791961067,0.5851153854,10.15400737,3.849956941,5.148164458,1.996113466,0.01663427888,30,1,0,0,0,1250.703126,51.57104307,44.145,0,598.8340397
2.86,10.52653762,2.8480412,0.5901854669,10.19239877,3.839139857,5.168073213,1.990875496,0.01659062914,30,1,0,0,0,1247.851306,51.96434835,44.145,0,597.2626489
2.87,10.61121988,2.904763441,0.595255984,10.23068226,3.828348206,5.187929694,1.985648034,0.01654706695,30,1,0,0,0,1245.007498,52.35803635,44.145,0,595.6944103
2.88,10.69593044,2.962128997,0.6003269358,10.26885808,3.817581959,5.207734004,1.980431076,0.0165035923,30,1,0,0,0,1242.171685,52.75209714,44.145,0,594.1293229
2.89,10.78066403,3.020139037,0.6053983215,10.30692649,3.806841085,5.227486251,1.975224618,0.01646020515,30,1,0,0,0,1239.343846,53.14652087,44.145,0,592.5673853
2.9,10.86541536,3.078794689,0.6104701402,10.34488774,3.796125554,5.247186537,1.970028655,0.01641690546,30,1,0,0,0,1236.523964,53.54129773,44.145,0,591.0085965
2.91,10.95017915,3.138097042,0.615542391,10.38274209,3.785435337,5.266834969,1.964843184,0.0163736932,30,1,0,0,0,1233.712019,53.936418,44.145,0,589.4529551
2.92,11.03495013,3.198047145,0.6206150731,10.4204898,3.774770403,5.286431651,1.9596682,0.01633056834,30,1,0,0,0,1230.907993,54.33187204,44.145,0,587.9004601
2.93,11.11972299,3.258646008,0.6256881855,10.45813111,3.764130722,5.305976688,1.9545037,0.01628753083,30,1,0,0,0,1228.111867,54.72765026,44.145,0,586.35111
2.94,11.20449245,3.319894599,0.6307617275,10.49566627,3.753516262,5.325470185,1.949349679,0.01624458066,30,1,0,0,0,1225.323622,55.12374314,44.145,0,584.8049036
2.95,11.28925319,3.381793849,0.6358356981,10.53309554,3.742926994,5.344912246,1.944206132,0.01620171777,30,1,0,0,0,1222.543239,55.52014125,44.145,0,583.2618396
2.96,11.37399992,3.444344648,0.6409100964,10.57041917,3.732362885,5.364302977,1.939073056,0.01615894213,30,1,0,0,0,1219.770701,55.91683522,44.145,0,581.7219167
2.97,11.45872732,3.507547846,0.6459849216,10.60763741,3.721823906,5.383642481,1.933950445,0.0161162537,30,1,0,0,0,1217.005988,56.31381573,44.145,0,580.1851334
2.98,11.54343007,3.571404253,0.6510601729,10.64475051,3.711310025,5.402930864,1.928838294,0.01607365245,30,1,0,0,0,1214.249081,56.71107356,44.145,0,578.6514883
2.99,11.62810286,3.63591464,0.6561358492,10.68175872,3.70082121,5.42216823,1.9237366,0.01603113834,30,1,0,0,0,1211.499962,57.10859953,44.145,0,577.1209801
3,11.71274036,3.701079738,0.6612119499,10.71866229,3.69035743,5.441354684,1.918645358,0.01598871131,30,1,0,0,0,1208.758613,57.50638454,44.145,0,575.5936073
3.01,11.79733725,3.766900238,0.6662884739,10.75546148,3.679918652,5.460490329,1.913564561,0.01594637134,30,1,0,0,0,1206.025015,57.90441956,44.145,0,574.0693683
3.02,11.8818882,3.833376792,0.6713654205,10.79215653,3.669504847,5.479575271,1.908494206,0.01590411838,30,1,0,0,0,1203.29915,58.30269563,44.145,0,572.5482617
3.03,11.96638788,3.900510012,0.6764427887,10.82874769,3.65911598,5.498609614,1.903434286,0.01586195239,30,1,0,0,0,1200.580998,58.70120384,44.145,0,571.0302859
3.04,12.05083094,3.96830047,0.6815205777,10.86523521,3.648752021,5.517593462,1.898384798,0.01581987332,30,1,0,0,0,1197.870542,59.09993535,44.145,0,569.5154394
3.05,12.13521207,4.036748698,0.6865987867,10.90161934,3.638412936,5.536526919,1.893345735,0.01577788113,30,1,0,0,0,1195.167762,59.49888141,44.145,0,568.0037206
3.06,12.2195259,4.10585519,0.6916774147,10.93790032,3.628098694,5.55541009,1.888317093,0.01573597577,30,1,0,0,0,1192.472642,59.89803331,44.145,0,566.4951278
3.07,12.30376712,4.175620398,0.6967564609,10.97407842,3.617809262,5.574243079,1.883298865,0.0156941572,30,1,0,0,0,1189.785161,60.29738241,44.145,0,564.9896594
3.08,12.38793037,4.246044736,0.7018359244,11.01015386,3.607544608,5.593025989,1.878291046,0.01565242538,30,1,0,0,0,1187.105302,60.69692014,44.145,0,563.4873137
3.09,12.4720103,4.317128579,0.7069158043,11.04612691,3.597304697,5.611758926,1.87329363,0.01561078025,30,1,0,0,0,1184.433047,61.096638,44.145,0,561.988089
3.1,12.55600159,4.38887226,0.7119960999,11.08199781,3.587089498,5.630441992,1.868306612,0.01556922177,30,1,0,0,0,1181.768377,61.49652754,44.145,0,560.4919836
3.11,12.63989888,4.461276076,0.7170768101,11.1177668,3.576898978,5.649075292,1.863329986,0.01552774988,30,1,0,0,0,1179.111274,61.89658038,44.145,0,558.9989957
3.12,12.72369682,4.534340281,0.7221579342,11.15343413,3.566733102,5.667658929,1.858363745,0.01548636454,30,1,0,0,0,1176.461719,62.29678821,44.145,0,557.5091236
3.13,12.80739008,4.608065093,0.7272394713,11.18900004,3.556591839,5.686193008,1.853407884,0.0154450657,30,1,0,0,0,1173.819694,62.69714277,44.145,0,556.0223653
3.14,12.89097331,4.682450686,0.7323214205,11.2244648,3.546475153,5.704677632,1.848462397,0.01540385331,30,1,0,0,0,1171.185182,63.09763589,44.145,0,554.5387192
3.15,12.97444116,4.7574972,0.737403781,11.25982863,3.536383013,5.723112905,1.843527277,0.01536272731,30,1,0,0,0,1168.558163,63.49825942,44.145,0,553.0581832
3.16,13.05778829,4.833204731,0.7424865519,11.29509178,3.526315383,5.74149893,1.838602519,0.01532168766,30,1,0,0,0,1165.93862,63.89900531,44.145,0,551.5807556
3.17,13.14100935,4.909573339,0.7475697323,11.3302545,3.516272231,5.759835811,1.833688115,0.01528073429,30,1,0,0,0,1163.326535,64.29986555,44.145,0,550.1064344
3.18,13.22409901,4.986603043,0.7526533214,11.36531704,3.506253522,5.778123652,1.828784059,0.01523986716,30,1,0,0,0,1160.721889,64.70083221,44.145,0,548.6352176
3.19,13.30705192,5.064293823,0.7577373183,11.40027963,3.496259222,5.796362555,1.823890344,0.0151990862,30,1,0,0,0,1158.124664,65.10189741,44.145,0,547.1671033
3.2,13.38986275,5.14264562,0.7628217221,11.43514252,3.486289296,5.814552625,1.819006965,0.01515839137,30,1,0,0,0,1155.534842,65.50305332,44.145,0,545.7020895
3.21,13.47252616,5.221658337,0.7679065321,11.46990596,3.476343712,5.832693964,1.814133914,0.01511778261,30,1,0,0,0,1152.952406,65.90429219,44.145,0,544.2401741
3.22,13.55503681,5.301331835,0.7729917472,11.50457018,3.466422433,5.850786676,1.809271184,0.01507725987,30,1,0,0,0,1150.377336,66.30560633,44.145,0,542.7813552
3.23,13.63738938,5.381665939,0.7780773668,11.53913544,3.456525426,5.868830863,1.804418769,0.01503682307,30,1,0,0,0,1147.809616,66.7069881,44.145,0,541.3256306
3.24,13.71957853,5.462660434,0.7831633898,11.57360196,3.446652656,5.88682663,1.799576661,0.01499647217,30,1,0,0,0,1145.249227,67.10842992,44.145,0,539.8729982
3.25,13.80159894,5.544315066,0.7882498155,11.60797001,3.436804088,5.904774079,1.794744853,0.01495620711,30,1,0,0,0,1142.696151,67.50992427,44.145,0,538.423456
3.26,13.88344528,5.62662954,0.793336643,11.6422398,3.426979687,5.922673312,1.789923339,0.01491602782,30,1,0,0,0,1140.15037,67.9114637,44.145,0,536.9770017
3.27,13.96511224,5.709603527,0.7984238714,11.6764116,3.417179419,5.940524433,1.785112111,0.01487593426,30,1,0,0,0,1137.611866,68.3130408,44.145,0,535.5336332
3.28,14.0465945,5.793236654,0.8035114999,11.71048563,3.407403247,5.958327545,1.780311161,0.01483592634,30,1,0,0,0,1135.080622,68.71464824,44.145,0,534.0933483
3.29,14.12788675,5.877528513,0.8085995276,11.74446214,3.397651138,5.97608275,1.775520482,0.01479600402,30,1,0,0,0,1132.55662,69.11627873,44.145,0,532.6561447
3.3,14.20898369,5.962478655,0.8136879537,11.77834137,3.387923055,5.99379015,1.770740068,0.01475616723,30,1,0,0,0,1130.039841,69.51792505,44.145,0,531.2220203
3.31,14.28988,6.048086594,0.8187767773,11.81212356,3.378218963,6.011449849,1.765969909,0.01471641591,30,1,0,0,0,1127.530269,69.91958003,44.145,0,529.7909727
3.32,14.37057039,6.134351805,0.8238659975,11.84580895,3.368538826,6.029061949,1.761209999,0.01467674999,30,1,0,0,0,1125.027884,70.32123656,44.145,0,528.3629997
3.33,14.45104958,6.221273724,0.8289556136,11.87939778,3.358882609,6.046626553,1.75646033,0.01463716941,30,1,0,0,0,1122.53267,70.72288759,44.145,0,526.9380989
3.34,14.53131226,6.30885175,0.8340456246,11.91289028,3.349250277,6.064143762,1.751720893,0.01459767411,30,1,0,0,0,1120.044609,71.12452612,44.145,0,525.516268
3.35,14.61135317,6.397085241,0.8391360297,11.9462867,3.339641793,6.081613678,1.746991682,0.01455826402,30,1,0,0,0,1117.563683,71.52614521,44.145,0,524.0975046
3.36,14.69116702,6.485973519,0.8442268281,11.97958727,3.330057121,6.099036405,1.742272688,0.01451893906,30,1,0,0,0,1115.089874,71.92773797,44.145,0,522.6818063
3.37,14.77074854,6.575515868,0.8493180188,12.01279223,3.320496226,6.116412044,1.737563902,0.01447969919,30,1,0,0,0,1112.623165,72.32929759,44.145,0,521.2691707
3.38,14.85009247,6.665711532,0.8544096011,12.04590182,3.310959071,6.101696452,-1.471559188,-0.01226299324,28.47,1,0,0,0,1110.163539,72.73081728,44.145,0,-441.4677565
3.39,14.92919356,6.756559719,0.8594749724,12.07891628,3.30144562,6.075046546,-2.664990673,-0.02220825561,27.75,1,0,0,0,1107.710976,73.13229033,44.145,0,-799.497202
3.4,15.00804899,6.848057499,0.8645044356,12.11183583,3.291955836,6.035740997,-3.930554887,-0.03275462406,26.94,1,0,0,0,1105.265461,73.53371008,44.145,0,-1179.166466
3.41,15.08665688,6.940201163,0.8694877768,12.14466073,3.282489684,5.986890454,-4.885054266,-0.04070878555,26.22,1,0,0,0,1102.826975,73.93506991,44.145,0,-1465.51628
3.42,15.16501642,7.032986194,0.8744174249,12.1773912,3.273047127,5.929403425,-5.74870292,-0.04790585767,25.5,1,0,0,0,1100.395501,74.33636328,44.145,0,-1724.610876
3.43,15.24312755,7.126407479,0.8792866152,12.21002748,3.263628128,5.847127104,-8.227632134,-0.06856360111,23.97,1,0,0,0,1097.971022,74.73758368,44.145,0,-2468.28964
3.44,15.320991,7.220459386,0.8840754063,12.24256981,3.25423265,5.759419032,-8.770807157,-0.07309005964,23.25,1,0,0,0,1095.55352,75.13872467,44.145,0,-2631.242147
3.45,15.39860948,7.315134743,0.8887798263,12.27501842,3.244860657,5.666755848,-9.266318394,-0.07721931995,22.53,1,0,0,0,1093.142977,75.53977985,44.145,0,-2779.895518
3.46,15.47598625,7.410426101,0.8933963211,12.30737354,3.235512112,5.569564046,-9.71918021,-0.08099316841,21.81,1,0,0,0,1090.739377,75.94074288,44.145,0,-2915.754063
3.47,15.55312508,7.506325765,0.8979217091,12.33963541,3.226186978,5.471464046,-9.81,-0.09701523087,20.37,1,0,0,0,1088.342701,76.34160748,44.145,0,-2943
3.48,15.6300302,7.602825827,0.9023557656,12.37180426,3.216885218,5.373364046,-9.81,-0.1004484509,19.65,1,0,0,0,1085.952933,76.74236741,44.145,0,-2943
3.49,15.70670605,7.699918398,0.9066989995,12.40388033,3.207606794,5.275264046,-9.81,-0.1055033653,18.84,1,0,0,0,1083.570055,77.14301649,44.145,0,-2943
3.5,15.78315719,7.797595665,0.9109519139,12.43586384,3.198351671,5.177164046,-9.81,-0.1106085694,18.03,1,0,0,0,1081.19405,77.54354859,44.145,0,-2943
3.51,15.85938828,7.895849885,0.9151150055,12.46775504,3.189119809,5.079064046,-9.81,-0.1141926677,17.31,1,0,0,0,1078.8249,77.94395762,44.145,0,-2943
3.52,15.93540411,7.99467339,0.9191887654,12.49955415,3.179911173,4.980964046,-9.81,-0.1319630334,15.78,1,0,0,0,1076.462589,78.34423757,44.145,0,-2943
3.53,16.01120958,8.094058582,0.9231736787,12.53126141,3.170725724,4.882864046,-9.81,-0.1372155479,14.97,1,0,0,0,1074.1071,78.74438245,44.145,0,-2943
3.54,16.08680969,8.193997934,0.927070225,12.56287705,3.161563425,4.784764046,-9.81,-0.140945213,14.25,1,0,0,0,1071.758414,79.14438634,44.145,0,-2943
3.55,16.16220957,8.294483988,0.9308788781,12.59440129,3.152424239,4.686664046,-9.81,-0.1462930574,13.44,1,0,0,0,1069.416515,79.54424336,44.145,0,-2943
3.56,16.23741442,8.395509355,0.9346001063,12.62583437,3.143308128,4.588564046,-9.81,-0.150116933,12.72,1,0,0,0,1067.081386,79.94394768,44.145,0,-2943
3.57,16.31242957,8.497066712,0.9382343723,12.65717652,3.134215054,4.490464046,-9.81,-0.1555578852,11.91,1,0,0,0,1064.75301,80.34349354,44.145,0,-2943
3.58,16.38726043,8.599148802,0.9417821335,12.68842797,3.125144979,4.392364046,-9.81,-0.1720401528,10.47,1,0,0,0,1062.431369,80.7428752,44.145,0,-2943
3.59,16.46191254,8.701748433,0.9452438421,12.71958895,3.116097866,4.294264046,-9.81,-0.1760012598,9.75,1,0,0,0,1060.116447,81.14208699,44.145,0,-2943
3.6,16.53639148,8.804858476,0.948619945,12.75065969,3.107073676,4.196164046,-9.81,-0.1815778495,8.94,1,0,0,0,1057.808226,81.54112329,44.145,0,-2943
3.61,16.61070298,8.908471863,0.9519108838,12.78164041,3.098072372,4.098064046,-9.81,-0.18719861,8.13,1,0,0,0,1055.50669,81.9399785,44.145,0,-2943
3.62,16.68485281,9.01258159,0.9551170951,12.81253135,3.089093915,3.999964046,-9.81,-0.1912922367,7.41,1,0,0,0,1053.211822,82.3386471,44.145,0,-2943
3.63,16.75884687,9.117180709,0.9582390106,12.84333273,3.080138267,3.901864046,-9.81,-0.2079953956,5.97,1,0,0,0,1050.923604,82.73712362,44.145,0,-2943
3.64,16.83269111,9.222262332,0.961277057,12.87404479,3.071205391,3.803764046,-9.81,-0.2121748519,5.25,1,0,0,0,1048.64202,83.1354026,44.145,0,-2943
3.65,16.90639159,9.327819627,0.964231656,12.90466774,3.062295248,3.705664046,-9.81,-0.2163964896,4.53,1,0,0,0,1046.367053,83.53347868,44.145,0,-2943
3.66,16.97995443,9.433845818,0.9671032248,12.93520182,3.053407799,3.607564046,-9.81,-0.2222306257,3.72,1,0,0,0,1044.098686,83.93134651,44.145,0,-2943
3.67,17.05338584,9.540334182,0.9698921755,12.96564725,3.044543006,3.509464046,-9.81,-0.2281059911,2.91,1,0,0,0,1041.836903,84.32900079,44.145,0,-2943
3.68,17.12669212,9.647278051,0.9725989159,12.99600425,3.035700831,3.411364046,-9.81,-0.2340221199,2.1,1,0,0,0,1039.581686,84.72643628,44.145,0,-2943
3.69,17.19987961,9.754670804,0.9752238489,13.02627307,3.026881235,3.313264046,-9.81,-0.2541157198,0.48,1,0,0,0,1037.333018,85.12364779,44.145,0,-2943
3.7,17.27295476,9.862505872,0.977767373,13.05645391,3.018084179,3.215164046,-9.81,-0.2601120041,-0.33,1,0,0,0,1035.090884,85.52063016,44.145,0,-2943
3.71,17.34592406,9.970776735,0.9802298824,13.086547,3.009309626,3.117064046,-9.81,-0.264576897,-1.05,1,0,0,0,1032.855266,85.91737828,44.145,0,-2943
3.72,17.41879409,10.07947692,0.9826117667,13.11655258,3.000557536,3.018964046,-9.81,-0.2690807548,-1.77,1,0,0,0,1030.626148,86.3138871,44.145,0,-2943
3.73,17.49157149,10.18859999,0.9849134111,13.14647086,2.99182787,2.920864046,-9.81,-0.2736231435,-2.49,1,0,0,0,1028.403513,86.71015159,44.145,0,-2943
3.74,17.56426296,10.29813957,0.9871351968,13.17630206,2.98312059,2.822764046,-9.81,-0.2923408021,-4.02,1,0,0,0,1026.187344,87.1061668,44.145,0,-2943
3.75,17.63687528,10.40808931,0.9892775005,13.20604642,2.974435657,2.724664046,-9.81,-0.296958975,-4.74,1,0,0,0,1023.977625,87.50192779,44.145,0,-2943
3.76,17.70941527,10.51844291,0.9913406949,13.23570415,2.965773032,2.626564046,-9.81,-0.3031852092,-5.55,1,0,0,0,1021.774339,87.89742968,44.145,0,-2943
3.77,17.78188981,10.6291941,0.9933251484,13.26527548,2.957132675,2.528464046,-9.81,-0.3094482982,-6.36,1,0,0,0,1019.57747,88.29266765,44.145,0,-2943
3.78,17.85430587,10.74033666,0.9952312257,13.29476062,2.948514549,2.430364046,-9.81,-0.3157478373,-7.17,1,0,0,0,1017.387002,88.68763689,44.145,0,-2943
3.79,17.92667044,10.85186439,0.9970592873,13.32415981,2.939918614,2.332264046,-9.81,-0.3220834274,-7.98,1,0,0,0,1015.202917,89.08233266,44.145,0,-2943
3.8,17.99899058,10.96377114,0.9988096896,13.35347326,2.93134483,2.234164046,-9.81,-0.3284546749,-8.79,1,0,0,0,1013.025199,89.47675025,44.145,0,-2943
3.81,18.0712734,11.07605078,1.000482785,13.38270119,2.922793159,2.136064046,-9.81,-0.3348611915,-9.6,1,0,0,0,1010.853833,89.87088502,44.145,0,-2943
3.82,18.14352607,11.18869723,1.002078924,13.41184383,2.914263562,2.037964046,-9.81,-0.3538689648,-11.13,1,0,0,0,1008.688801,90.26473233,44.145,0,-2943
3.83,18.2157558,11.3017044,1.003598449,13.44090138,2.905755998,1.939864046,-9.81,-0.3587740795,-11.85,1,0,0,0,1006.530087,90.65828761,44.145,0,-2943
3.84,18.28796984,11.41506628,1.005041704,13.46987409,2.897270429,1.841764046,-9.81,-0.3637133299,-12.57,1,0,0,0,1004.377675,91.05154634,44.145,0,-2943
3.85,18.3601755,11.52877685,1.006409025,13.49876216,2.888806816,1.743664046,-9.81,-0.3686863483,-13.29,1,0,0,0,1002.231549,91.44450402,44.145,0,-2943
3.86,18.43238014,11.64283011,1.007700746,13.52756581,2.880365119,1.645564046,-9.81,-0.3752635683,-14.1,1,0,0,0,1000.091692,91.83715621,44.145,0,-2943
3.87,18.50459116,11.75722012,1.008917198,13.55628526,2.871945299,1.547464046,-9.81,-0.3928694099,-15.54,1,0,0,0,997.9580882,92.2294985,44.145,0,-2943
3.88,18.57681597,11.87194092,1.010058709,13.58492073,2.863547316,1.449364046,-9.81,-0.3979415753,-16.26,1,0,0,0,995.8307214,92.62152653,44.145,0,-2943
3.89,18.64906208,11.9869866,1.011125601,13.61347245,2.855171131,1.351264046,-9.81,-0.4030460864,-16.98,1,0,0,0,993.7095752,93.01323597,44.145,0,-2943
3.9,18.72133698,12.10235124,1.012118194,13.64194061,2.846816704,1.253164046,-9.81,-0.4081825997,-17.7,1,0,0,0,991.5946336,93.40462255,44.145,0,-2943
3.91,18.79364824,12.21802897,1.013036805,13.67032545,2.838483995,1.155064046,-9.81,-0.4259171463,-19.14,1,0,0,0,989.4858805,93.79568202,44.145,0,-2943
3.92,18.86600344,12.3340139,1.013881748,13.69862718,2.830172965,1.056964046,-9.81,-0.4311166504,-19.86,1,0,0,0,987.3832998,94.18641019,44.145,0,-2943
3.93,18.93841021,12.45030018,1.014653332,13.72684602,2.821883575,0.958864046,-9.81,-0.4363471521,-20.58,1,0,0,0,985.2868754,94.57680289,44.145,0,-2943
3.94,19.01087621,12.56688195,1.015351864,13.75498218,2.813615784,0.860764046,-9.81,-0.4416083253,-21.3,1,0,0,0,983.1965912,94.96685601,44.145,0,-2943
3.95,19.08340912,12.68375338,1.015977647,13.78303587,2.805369553,0.762664046,-9.81,-0.4594662188,-22.74,1,0,0,0,981.1124314,95.35656547,44.145,0,-2943
3.96,19.15601666,12.80090863,1.016530982,13.81100732,2.797144842,0.664564046,-9.81,-0.4647877738,-23.46,1,0,0,0,979.0343799,95.74592723,44.145,0,-2943
3.97,19.22870658,12.91834188,1.017012167,13.83889674,2.788941611,0.566464046,-9.81,-0.4717098436,-24.27,1,0,0,0,976.9624207,96.13493729,44.145,0,-2943
3.98,19.30148667,13.0360473,1.017421494,13.86670433,2.780759821,0.468364046,-9.81,-0.4770905261,-24.99,1,0,0,0,974.896538,96.52359169,44.145,0,-2943
3.99,19.37436471,13.15401907,1.017759256,13.89443033,2.772599431,0.370264046,-9.81,-0.4950666829,-26.43,1,0,0,0,972.836716,96.91188651,44.145,0,-2943
4,19.44734854,13.27225139,1.01802574,13.92207493,2.764460402,0.272164046,-9.81,-0.500505271,-27.15,1,0,0,0,970.7829386,97.29981786,44.145,0,-2943
4.01,19.520446,13.39073842,1.018221231,13.94963836,2.756342694,0.174064046,-9.81,-0.5059723633,-27.87,1,0,0,0,968.7351902,97.6873819,44.145,0,-2943
4.02,19.59366498,13.50947436,1.018346011,13.97712082,2.748246267,0.07596404597,-9.81,-0.511467666,-28.59,1,0,0,0,966.6934548,98.07457483,44.145,0,-2943
4.03,19.66701336,13.62845337,1.01840036,14.00452253,2.74017108,-0.02213595403,-9.81,-0.5290336607,-30,1,0,0,0,964.6577168,98.46139287,44.145,0,-2943
4.04,19.74049906,13.74766963,1.018384554,14.0318437,2.732117094,-0.120235954,-9.81,-0.5220181466,-30,1,0,0,0,962.6279605,98.8478323,44.145,0,-2943
4.05,19.81413001,13.86711731,1.018298866,14.05908455,2.724084269,-0.218335954,-9.81,-0.5150299833,-30,1,0,0,0,960.6041701,99.23388942,44.145,0,-2943
4.06,19.88791416,13.98679055,1.018143567,14.08624527,2.716072564,-0.316435954,-9.81,-0.5080688915,-30,1,0,0,0,958.5863299,99.61956058,44.145,0,-2943
4.07,19.96185947,14.10668351,1.017918925,14.11332609,2.70808194,-0.414535954,-9.81,-0.5011345953,-30,1,0,0,0,956.5744243,100.0048422,44.145,0,-2943
4.08,20.03597393,14.22679032,1.017625205,14.14032722,2.700112357,-0.512635954,-9.81,-0.4942268224,-30,1,0,0,0,954.5684376,100.3897306,44.145,0,-2943
4.09,20.11026552,14.34710509,1.017262671,14.16724885,2.692163774,-0.610735954,-9.81,-0.4873453038,-30,1,0,0,0,952.5683544,100.7742223,44.145,0,-2943
4.1,20.18474225,14.46762194,1.016831581,14.19409121,2.684236151,-0.708835954,-9.81,-0.480489774,-30,1,0,0,0,950.574159,101.1583138,44.145,0,-2943
4.11,20.25941213,14.58833495,1.016332193,14.22085451,2.676329448,-0.806935954,-9.81,-0.4736599705,-30,1,0,0,0,948.5858359,101.5420016,44.145,0,-2943
4.12,20.33428319,14.70923819,1.015764761,14.24753895,2.668443625,-0.905035954,-9.81,-0.4668556345,-30,1,0,0,0,946.6033697,101.9252823,44.145,0,-2943
4.13,20.40936347,14.83032572,1.015129539,14.27414473,2.660578641,-1.003135954,-9.81,-0.4600765099,-30,1,0,0,0,944.6267448,102.3081525,44.145,0,-2943
4.14,20.48466099,14.95159156,1.014426774,14.30067208,2.652734457,-1.101235954,-9.81,-0.4533223441,-30,1,0,0,0,942.6559458,102.6906087,44.145,0,-2943
4.15,20.56018381,15.07302971,1.013656715,14.32712119,2.644911032,-1.199335954,-9.81,-0.4465928875,-30,1,0,0,0,940.6909573,103.0726478,44.145,0,-2943
4.16,20.63593998,15.19463417,1.012819607,14.35349227,2.637108325,-1.297435954,-9.81,-0.4398878934,-30,1,0,0,0,938.7317639,103.4542664,44.145,0,-2943
4.17,20.71193754,15.31639888,1.01191569,14.37978553,2.629326297,-1.395535954,-9.81,-0.4332071183,-30,1,0,0,0,936.7783504,103.8354611,44.145,0,-2943
4.18,20.78818455,15.43831777,1.010945205,14.40600118,2.621564908,-1.493635954,-9.81,-0.4265503217,-30,1,0,0,0,934.8307013,104.2162289,44.145,0,-2943
4.19,20.86468907,15.56038474,1.00990839,14.43213942,2.613824116,-1.591735954,-9.81,-0.4199172657,-30,1,0,0,0,932.8888013,104.5965665,44.145,0,-2943
4.2,20.94145915,15.68259366,1.00880548,14.45820046,2.606103882,-1.689835954,-9.81,-0.4133077157,-30,1,0,0,0,930.9526353,104.9764708,44.145,0,-2943
4.21,21.01850283,15.80493837,1.007636706,14.4841845,2.598404165,-1.787935954,-9.81,-0.4067214396,-30,1,0,0,0,929.022188,105.3559385,44.145,0,-2943
4.22,21.09582818,15.92741265,1.006402301,14.51009175,2.590724925,-1.886035954,-9.81,-0.4001582082,-30,1,0,0,0,927.0974442,105.7349668,44.145,0,-2943
4.23,21.17344323,16.05001029,1.005102491,14.53592241,2.583066121,-1.984135954,-9.81,-0.393617795,-30,1,0,0,0,925.1783887,106.1135524,44.145,0,-2943
4.24,21.25135602,16.172725,1.003737503,14.56167669,2.575427713,-2.082235954,-9.81,-0.3870999765,-30,1,0,0,0,923.2650064,106.4916924,44.145,0,-2943
4.25,21.32957458,16.29555049,1.00230756,14.58735479,2.567809661,-2.180335954,-9.81,-0.3806045313,-30,1,0,0,0,921.3572821,106.8693837,44.145,0,-2943
4.26,21.40810694,16.41848039,1.000812885,14.61295691,2.560211925,-2.278435954,-9.81,-0.3741312412,-30,1,0,0,0,919.4552009,107.2466235,44.145,0,-2943
4.27,21.4869611,16.54150832,0.9992536963,14.63848325,2.552634463,-2.376535954,-9.81,-0.3676798902,-30,1,0,0,0,917.5587476,107.6234088,44.145,0,-2943
4.28,21.56614507,16.66462785,0.9976302111,14.66393402,2.545077235,-2.474635954,-9.81,-0.361250265,-30,1,0,0,0,915.6679073,107.9997367,44.145,0,-2943
4.29,21.64566683,16.7878325,0.9959426449,14.68930943,2.537540202,-2.572735954,-9.81,-0.3548421548,-30,1,0,0,0,913.7826649,108.3756044,44.145,0,-2943
4.3,21.72553437,16.91111574,0.9941912107,14.71460966,2.530023322,-2.670835954,-9.81,-0.3484553513,-30,1,0,0,0,911.9030055,108.751009,44.145,0,-2943
4.31,21.80575564,17.03447101,0.9923761194,14.73983492,2.522526555,-2.768935954,-9.81,-0.3420896486,-30,1,0,0,0,910.0289141,109.1259477,44.145,0,-2943
4.32,21.88633858,17.15789168,0.9904975801,14.76498542,2.515049861,-2.867035954,-9.81,-0.3357448432,-30,1,0,0,0,908.1603759,109.5004177,44.145,0,-2943
4.33,21.96729113,17.28137109,0.9885557997,14.79006136,2.507593199,-2.965135954,-9.81,-0.329420734,-30,1,0,0,0,906.297376,109.8744165,44.145,0,-2943
4.34,22.04862119,17.40490251,0.9865509832,14.81506292,2.500156528,-3.063235954,-9.81,-0.3231171222,-30,1,0,0,0,904.4398996,110.2479411,44.145,0,-2943
4.35,22.13033664,17.52847919,0.9844833335,14.83999032,2.492739809,-3.161335954,-9.81,-0.3168338114,-30,1,0,0,0,902.5879318,110.620989,44.145,0,-2943
4.36,22.21244535,17.65209428,0.9823530518,14.86484375,2.485343001,-3.259435954,-9.81,-0.3105706074,-30,1,0,0,0,900.7414579,110.9935576,44.145,0,-2943
4.37,22.29495516,17.77574091,0.9801603373,14.88962341,2.477966063,-3.357535954,-9.81,-0.3043273181,-30,1,0,0,0,898.900463,111.3656442,44.145,0,-2943
4.38,22.37787389,17.89941213,0.977905387,14.9143295,2.470608955,-3.455635954,-9.81,-0.2981037539,-30,1,0,0,0,897.0649326,111.7372462,44.145,0,-2943
4.39,22.46120934,18.02310096,0.9755883965,14.93896222,2.463271636,-3.553735954,-9.81,-0.2918997271,-30,1,0,0,0,895.2348519,112.1083611,44.145,0,-2943
4.4,22.54496925,18.14680034,0.9732095593,14.96352176,2.455954066,-3.651835954,-9.81,-0.2857150523,-30,1,0,0,0,893.4102063,112.4789864,44.145,0,-2943
4.41,22.62916137,18.27050315,0.970769067,14.98800832,2.448656205,-3.749935954,-9.81,-0.2795495462,-30,1,0,0,0,891.590981,112.8491196,44.145,0,-2943
4.42,22.7137934,18.39420222,0.9682671095,15.01188823,2.387991382,-3.848035954,-9.81,-0.2734030275,-30,0.982,0,0,0,873.7611727,113.2187582,44.145,0,-2943
4.43,22.79887,18.51788589,0.9657037838,15.0352246,2.333637254,-3.946135954,-9.81,-0.2672662014,-30,0.966,0,0,0,857.8159976,113.5798213,44.145,0,-2943
4.44,22.88439609,18.64154302,0.9630791898,15.05802085,2.279624849,-4.044235954,-9.81,-0.2611393806,-30,0.95,0,0,0,841.965676,113.9332214,44.145,0,-2943
4.45,22.97037661,18.76516239,0.9603934213,15.08022135,2.220049616,-4.142335954,-9.81,-0.2550219159,-30,0.932,0,0,0,824.4388567,114.278972,44.145,0,-2943
4.46,23.05681609,18.88873231,0.9576465544,15.10135884,2.113749422,-4.240435954,-9.81,-0.2489120944,-30,0.898,0,0,0,792.8860169,114.6161903,44.145,0,-2943
4.47,23.1437163,19.01223719,0.9548385714,15.12196868,2.060983884,-4.338535954,-9.81,-0.2428004714,-30,0.882,0,0,0,777.3778889,114.9377236,44.145,0,-2943
4.48,23.23108204,19.1356658,0.9519695429,15.14205392,2.008523495,-4.436635954,-9.81,-0.2366959229,-30,0.866,0,0,0,761.9537127,115.2516642,44.145,0,-2943
4.49,23.31891806,19.25900685,0.9490395335,15.16155897,1.950505539,-4.534735954,-9.81,-0.2305978407,-30,0.848,0,0,0,744.8546873,115.5580256,44.145,0,-2943
4.5,23.40722869,19.38224856,0.9460485905,15.1804871,1.89281322,-4.632835954,-9.81,-0.2245044699,-30,0.83,0,0,0,727.8448928,115.8559267,44.145,0,-2943
4.51,23.49601825,19.50537911,0.9429967543,15.19843291,1.794580523,-4.730935954,-9.81,-0.2184151592,-30,0.798,0,0,0,698.66454,116.1453831,44.145,0,-2943
4.52,23.58528857,19.62838336,0.9398839755,15.21580968,1.737677233,-4.829035954,-9.81,-0.212320897,-30,0.78,0,0,0,681.8683208,116.4201509,44.145,0,-2943
4.53,23.67504385,19.75124945,0.9367102792,15.23267856,1.686887887,-4.927135954,-9.81,-0.2062291413,-30,0.764,0,0,0,666.8978817,116.6865156,44.145,0,-2943
4.54,23.76528856,19.87396597,0.9334756964,15.24904211,1.636354623,-5.025235954,-9.81,-0.2001404991,-30,0.748,0,0,0,651.9967731,116.9453861,44.145,0,-2943
4.55,23.8560271,19.99652145,0.9301802527,15.26484479,1.580267973,-5.123335954,-9.81,-0.1940544069,-30,0.73,0,0,0,635.4221675,117.1967757,44.145,0,-2943
4.56,23.94726347,20.11890394,0.9268239553,15.27968366,1.483887276,-5.221435954,-9.81,-0.1879690312,-30,0.698,0,0,0,606.750988,117.4398051,44.145,0,-2943
4.57,24.03899917,20.24109819,0.9234067144,15.29396844,1.428478112,-5.319535954,-9.81,-0.1818746882,-30,0.68,0,0,0,590.3566749,117.6682413,44.145,0,-2943
4.58,24.13123805,20.36309219,0.9199285223,15.30770163,1.373319153,-5.417635954,-9.81,-0.17577957,-30,0.662,0,0,0,574.0291031,117.8883572,44.145,0,-2943
4.59,24.22398389,20.48487388,0.9163893653,15.3209434,1.324176539,-5.515735954,-9.81,-0.1696830746,-30,0.646,0,0,0,559.4981293,118.1001676,44.145,0,-2943
4.6,24.31724077,20.60643163,0.9127892372,15.33363816,1.269476108,-5.613835954,-9.81,-0.1635859611,-30,0.628,0,0,0,543.2924108,118.3045785,44.145,0,-2943
4.61,24.41101229,20.7277533,0.9091281126,15.34578819,1.215003363,-5.711935954,-9.81,-0.1574863178,-30,0.61,0,0,0,527.1467202,118.5007114,44.145,0,-2943
4.62,24.50530201,20.84882671,0.9054059604,15.35699284,1.120464466,-5.810035954,-9.81,-0.1513835539,-30,0.578,0,0,0,498.9729203,118.6885805,44.145,0,-2943
4.63,24.6001109,20.96963646,0.9016226442,15.36771574,1.072290375,-5.908135954,-9.81,-0.1452671572,-30,0.562,0,0,0,484.694076,118.8619634,44.145,0,-2943
4.64,24.6954427,21.09017076,0.8977781327,15.37795868,1.024294214,-6.006235954,-9.81,-0.1391476279,-30,0.546,0,0,0,470.4612745,119.0280103,44.145,0,-2943
4.65,24.79130103,21.21041776,0.8938723894,15.38772338,0.9764700003,-6.104335954,-9.81,-0.1330244427,-30,0.53,0,0,0,456.2727332,119.1867331,44.145,0,-2943
4.66,24.88768945,21.33036557,0.8899053725,15.39655274,0.8829361276,-6.202435954,-9.81,-0.1268970802,-30,0.498,0,0,0,428.3639819,119.3381436,44.145,0,-2943
4.67,24.98460853,21.44999866,0.8858769149,15.40490827,0.8355530307,-6.300535954,-9.81,-0.120753018,-30,0.482,0,0,0,414.2860428,119.4751336,44.145,0,-2943
4.68,25.08206161,21.56930506,0.8817869613,15.41279146,0.7883184805,-6.398635954,-9.81,-0.1146034189,-30,0.466,0,0,0,400.2453884,119.6048443,44.145,0,-2943
4.69,25.18005195,21.68827273,0.8776354512,15.42020373,0.7412266594,-6.496735954,-9.81,-0.1084477648,-30,0.45,0,0,0,386.2402847,119.7272869,44.145,0,-2943
4.7,25.27858271,21.80688958,0.8734223188,15.42668897,0.6485244364,-6.594835954,-9.81,-0.1022855381,-30,0.418,0,0,0,358.5448031,119.8424722,44.145,0,-2943
4.71,25.37765398,21.92513998,0.8691473665,15.43264979,0.5960820739,-6.692935954,-9.81,-0.09610354531,-30,0.4,0,0,0,342.9129194,119.9432972,44.145,0,-2943
4.72,25.47726834,22.04301129,0.8648104989,15.43808753,0.5437738745,-6.791035954,-9.81,-0.0899120112,-30,0.382,0,0,0,327.3131689,120.0360065,44.145,0,-2943
4.73,25.57742824,22.16049087,0.8604116147,15.44306055,0.4973022738,-6.889135954,-9.81,-0.08371035413,-30,0.366,0,0,0,313.4562936,120.1206115,44.145,0,-2943
4.74,25.67813637,22.27756642,0.8559506233,15.44756993,0.4509378131,-6.982135523,-9.299956874,-0.07749964062,-30,0.35,0,0,0,299.624356,120.1980121,44.145,0,-2789.987062
4.75,25.77939533,22.3942256,0.8514307308,15.45110324,0.3533307304,-7.068066955,-8.593143263,-0.07160952719,-30,0.316,0,0,0,270.4124372,120.2682181,44.145,0,-2577.942979
4.76,25.88120382,22.51045249,0.8468562569,15.4541757,0.3072463609,-7.14744861,-7.938165445,-0.06615137871,-30,0.3,0,0,0,256.6421503,120.323242,44.145,0,-2381.449634
4.77,25.98356327,22.62623546,0.8422313265,15.45678816,0.2612461129,-7.2207755,-7.33268898,-0.0611057415,-30,0.284,0,0,0,242.8899334,120.3710995,44.145,0,-2199.806694
4.78,26.08647451,22.74156329,0.8375597379,15.4588844,0.2096240882,-7.288503401,-6.772790166,-0.05643991805,-30,0.266,0,0,0,227.4440258,120.4117994,44.145,0,-2031.83705
4.79,26.18993742,22.85642467,0.8328449712,15.46052223,0.1637830032,-7.351049923,-6.254652201,-0.05212210167,-30,0.25,0,0,0,213.7243629,120.4444619,44.145,0,-1876.39566
4.8,26.29395173,22.9708091,0.8280902483,15.46124644,0.07242070552,-7.408801705,-5.775178177,-0.04812648481,-30,0.218,0,0,0,186.3411965,120.4699849,44.145,0,-1732.553453
4.81,26.39851364,23.084703,0.8232983955,15.46151403,0.02675890274,-7.4620979,-5.329619471,-0.04441349559,-30,0.202,0,0,0,172.6539421,120.4812713,44.145,0,-1598.885841
4.82,26.50362192,23.19809652,0.8184721554,15.46132551,-0.01885248709,-7.511267619,-4.916971888,-0.04097476573,-30,0.186,0,0,0,158.9746956,120.4854417,44.145,0,-1475.091566
4.83,26.60927496,23.31098007,0.8136140547,15.46062433,-0.07011703273,-7.556614066,-4.534644728,-0.03778870607,-30,0.168,0,0,0,143.5923937,120.4825035,44.145,0,-1360.393418
4.84,26.71547032,23.42334392,0.8087264034,15.45946794,-0.1156391791,-7.59841444,-4.180037448,-0.0348336454,-30,0.152,0,0,0,129.9248223,120.471576,44.145,0,-1254.011234
4.85,26.82220563,23.53517902,0.8038113478,15.45734375,-0.2124191881,-7.6369263,-3.851185935,-0.03209321613,-30,0.118,0,0,0,100.8727987,120.4535551,44.145,0,-1155.355781
4.86,26.92947458,23.64647286,0.7988707018,15.45476528,-0.2578475843,-7.672367315,-3.54410152,-0.02953417933,-30,0.102,0,0,0,87.21118055,120.4204558,44.145,0,-1063.230456
4.87,27.0372741,23.75721689,0.7939062995,15.45173268,-0.3032595424,-7.704957563,-3.259024795,-0.02715853996,-30,0.086,0,0,0,73.54742121,120.3802839,44.145,0,-977.7074386
4.88,27.14560081,23.86740278,0.7889198312,15.44824608,-0.3486604698,-7.734899894,-2.994233129,-0.02495194274,-30,0.07,0,0,0,59.87990462,120.3330456,44.145,0,-898.2699388
4.89,27.25445103,23.97702239,0.7839128551,15.44384915,-0.4396923285,-7.762381293,-2.748139827,-0.02290116523,-30,0.038,0,0,0,32.51604808,120.2787466,44.145,0,-824.4419482
4.9,27.36381762,24.08606457,0.7788866591,15.43894132,-0.4907835491,-7.787556303,-2.517500999,-0.02097917499,-30,0.02,0,0,0,17.12022348,120.2102882,44.145,0,-755.2502998
4.91,27.47369596,24.1945212,0.7738425591,15.43357954,-0.5361779975,-7.81058284,-2.302653747,-0.01918878123,-30,0.004,0,0,0,3.425498869,120.1338981,44.145,0,-690.7961242
4.92,27.58408162,24.30238474,0.768781787,15.42810635,-0.5473182339,-7.831608721,-2.102588122,-0.01752156768,-30,0,0,0,0,0,120.0504702,44.145,0,-630.7764365
4.93,27.6949724,24.40965022,0.7637055913,15.42263601,-0.5470344623,-7.850783767,-1.917504611,-0.01597920509,-30,0,0,0,0,0,119.9653387,44.145,0,-575.2513833
4.94,27.80636673,24.51631358,0.7586151621,15.4171685,-0.5467509385,-7.868250786,-1.746701902,-0.01455584918,-30,0,0,0,0,0,119.8802815,44.145,0,-524.0105706
4.95,27.9182629,24.6223709,0.7535115979,15.41170382,-0.5464676621,-7.884141624,-1.58908373,-0.01324236441,-30,0,0,0,0,0,119.7952986,44.145,0,-476.7251189
4.96,28.03065903,24.72781839,0.7483959133,15.40624198,-0.5461846328,-7.898578,-1.443637617,-0.01203031348,-30,0,0,0,0,0,119.7103898,44.145,0,-433.0912852
4.97,28.14355309,24.83265235,0.7432690446,15.40078296,-0.5459018503,-7.911672285,-1.3094285,-0.01091190417,-30,0,0,0,0,0,119.6255551,44.145,0,-392.82855
4.98,28.25694295,24.9368692,0.7381318563,15.39532677,-0.5456193144,-7.923528213,-1.185592831,-0.009879940261,-30,0,0,0,0,0,119.5407943,44.145,0,-355.6778494
4.99,28.37082633,25.04046546,0.7329851463,15.3898734,-0.5453370248,-7.934241544,-1.071333139,-0.008927776158,-30,0,0,0,0,0,119.4561075,44.145,0,-321.3999417
5,28.48520085,25.14343773,0.7278296513,15.38442285,-0.5450549812,-7.943900674,-0.9659129898,-0.008049274915,-30,0,0,0,0,0,119.3714944,44.145,0,-289.7738969
5.01,28.60006402,25.24578273,0.7226660512,15.37897511,-0.5447731834,-7.952587198,-0.8686523391,-0.007238769493,-30,0,0,0,0,0,119.286955,44.145,0,-260.5957017
5.02,28.71541327,25.34749722,0.7174949737,15.3735302,-0.5444916309,-7.96037643,-0.7789232318,-0.006491026932,-30,0,0,0,0,0,119.2024893,44.145,0,-233.6769696
5.03,28.83124593,25.44857808,0.7123169981,15.36808809,-0.5442103236,-7.967337888,-0.6961458299,-0.005801215249,-30,0,0,0,0,0,119.1180971,44.145,0,-208.843749
5.04,28.94755923,25.54902223,0.7071326591,15.3626488,-0.5439292612,-7.973535736,-0.6197847418,-0.005164872848,-30,0,0,0,0,0,119.0337784,44.145,0,-185.9354225
5.05,29.06435036,25.64882669,0.7019424501,15.35721232,-0.5436484434,-7.979029192,-0.5493456302,-0.004577880251,-30,0,0,0,0,0,118.949533,44.145,0,-164.8036891
5.06,29.1816164,25.74798854,0.6967468267,15.35177864,-0.5433678699,-7.983872913,-0.4843720778,-0.004036433982,-30,0,0,0,0,0,118.865361,44.145,0,-145.3116233
5.07,29.29935439,25.84650492,0.6915462092,15.34634776,-0.5430875404,-7.98811734,-0.4244426915,-0.003537022429,-30,0,0,0,0,0,118.7812621,44.145,0,-127.3328074
5.08,29.4175613,25.94437301,0.6863409855,15.34091969,-0.5428074546,-7.991809024,-0.3691684261,-0.00307640355,-30,0,0,0,0,0,118.6972364,44.145,0,-110.7505278
5.09,29.53623405,26.0415901,0.6811315135,15.33549441,-0.5425276124,-7.994990925,-0.3181901121,-0.002651584268,-30,0,0,0,0,0,118.6132837,44.145,0,-95.45703364
5.1,29.65536948,26.13815348,0.6759181238,15.33007193,-0.5422480133,-7.997702687,-0.2711761719,-0.002259801432,-30,0,0,0,0,0,118.529404,44.145,0,-81.35285157
5.11,29.77496442,26.23406053,0.6707011211,15.32465225,-0.5419686571,-7.999980892,-0.2278205088,-0.00189850424,-30,0,0,0,0,0,118.4455971,44.145,0,-68.34615264
5.12,29.89501561,26.32930867,0.6654807867,15.31923535,-0.5416895436,-8.001859298,-0.1878405578,-0.001565337982,-30,0,0,0,0,0,118.3618631,44.145,0,-56.35216735
5.13,30.01551978,26.42389536,0.6602573802,15.31382124,-0.5414106725,-8.003369052,-0.1509754845,-0.001258129037,-30,0,0,0,0,0,118.2782017,44.145,0,-45.29264535
5.14,30.13647361,26.51781811,0.6550311412,15.30840992,-0.5411320434,-8.004538898,-0.1169845208,-0.0009748710065,-30,0,0,0,0,0,118.194613,44.145,0,-35.09535623
5.15,30.25787373,26.61107449,0.6498022906,15.30300139,-0.5408536561,-8.005395352,-0.08564542828,-0.0007137119023,-30,0,0,0,0,0,118.1110968,44.145,0,-25.69362848
5.16,30.37971676,26.70366208,0.6445710322,15.29759563,-0.5405755104,-8.005962883,-0.05675307828,-0.000472942319,-30,0,0,0,0,0,118.0276531,44.145,0,-17.02592348
5.17,30.50199925,26.79557854,0.6393375543,15.29219266,-0.5402976059,-8.006264064,-0.03011814028,-0.0002509845024,-30,0,0,0,0,0,117.9442818,44.145,0,-9.035442085
5.18,30.62471775,26.88682155,0.6341020304,15.28679246,-0.5400199424,-8.006319723,-0.005565870564,-4.63822547e-05,-30,0,0,0,0,0,117.8609827,44.145,0,-1.669761169
5.19,30.74786876,26.97738881,0.6288646205,15.28139503,-0.5397425196,-8.006149073,0.01706500675,0.0001422083896,-30,0,0,0,0,0,117.7777559,44.145,0,5.119502026
5.2,30.87144878,27.0672781,0.6236254725,15.27600038,-0.5394653373,-8.005769839,0.03792333319,0.0003160277765,-30,0,0,0,0,0,117.6946012,44.145,0,11.37699996
5.21,30.99545424,27.1564872,0.6183847226,15.27060849,-0.539188395,-8.005198375,0.05714647041,0.0004762205868,-30,0,0,0,0,0,117.6115185,44.145,0,17.14394112
5.22,31.11988159,27.24501393,0.6131424964,15.26521938,-0.5389116927,-8.004449763,0.07486118184,0.000623843182,-30,0,0,0,0,0,117.5285078,44.145,0,22.45835455
5.23,31.24472723,27.33285617,0.6078989099,15.25983302,-0.53863523,-8.003537918,0.09118444679,0.0007598703899,-30,0,0,0,0,0,117.445569,44.145,0,27.35533404
5.24,31.36998755,27.42001179,0.6026540701,15.25444943,-0.5383590066,-8.002475676,0.1062242124,0.0008852017699,-30,0,0,0,0,0,117.362702,44.145,0,31.86726372
5.25,31.49565891,27.50647874,0.5974080757,15.2490686,-0.5380830223,-8.001274875,0.1200800879,0.001000667399,-30,0,0,0,0,0,117.2799067,44.145,0,36.02402638
5.26,31.62173765,27.59225496,0.5921610176,15.24369053,-0.5378072767,-7.999946436,0.1328439861,0.001107033218,-30,0,0,0,0,0,117.197183,44.145,0,39.85319583
5.27,31.74822011,27.67733844,0.5869129798,15.23831521,-0.5375317697,-7.998500428,0.1446007151,0.00120500596,-30,0,0,0,0,0,117.1145309,44.145,0,43.38021454
5.28,31.87510258,27.7617272,0.5816640397,15.23294265,-0.5372565009,-7.996946143,0.1554285256,0.001295237713,-30,0,0,0,0,0,117.0319503,44.145,0,46.62855767
5.29,32.00238136,27.84541928,0.5764142686,15.22757283,-0.5369814701,-7.995292147,0.1653996151,0.001378330126,-30,0,0,0,0,0,116.949441,44.145,0,49.61988452
5.3,32.13005274,27.92841277,0.5711637325,15.22220577,-0.536706677,-7.993546341,0.1745805947,0.001454838289,-30,0,0,0,0,0,116.8670031,44.145,0,52.3741784
5.31,32.25811296,28.01070575,0.565912492,15.21684145,-0.5364321213,-7.991716012,0.1830329192,0.001525274326,-30,0,0,0,0,0,116.7846364,44.145,0,54.90987575
5.32,32.38655827,28.09229637,0.5606606031,15.21147987,-0.5361578028,-7.989807879,0.1908132846,0.001590110705,-30,0,0,0,0,0,116.7023408,44.145,0,57.24398537
5.33,32.5153849,28.17318277,0.5554081175,15.20612103,-0.5358837212,-7.987828139,0.1979739949,0.001649783291,-30,0,0,0,0,0,116.6201164,44.145,0,59.39219848
5.34,32.64458908,28.25336314,0.5501550828,15.20076493,-0.5356098762,-7.985782506,0.2045633012,0.001704694177,-30,0,0,0,0,0,116.5379629,44.145,0,61.36899037
5.35,32.774167,28.3328357,0.5449015429,15.19541157,-0.5353362676,-7.983676249,0.2106257139,0.001755214283,-30,0,0,0,0,0,116.4558803,44.145,0,63.18771418
5.36,32.90411487,28.41159867,0.5396475383,15.19006094,-0.535062895,-7.981514226,0.2162022918,0.001801685765,-30,0,0,0,0,0,116.3738685,44.145,0,64.86068754
5.37,33.03442886,28.48965031,0.5343931063,15.18471304,-0.5347897583,-7.979300917,0.2213309085,0.001844424238,-30,0,0,0,0,0,116.2919275,44.145,0,66.39927255
5.38,33.16510514,28.56698892,0.5291382813,15.17936787,-0.5345168571,-7.977040452,0.2260464984,0.00188372082,-30,0,0,0,0,0,116.2100571,44.145,0,67.81394953
5.39,33.29613988,28.6436128,0.5238830951,15.17402543,-0.5342441912,-7.974736639,0.230381284,0.001919844033,-30,0,0,0,0,0,116.1282574,44.145,0,69.1143852
5.4,33.42752922,28.71952028,0.518627577,15.16868571,-0.5339717603,-7.972392989,0.2343649852,0.001953041543,-30,0,0,0,0,0,116.0465281,44.145,0,70.30949556
5.41,33.5592693,28.79470974,0.5133717538,15.16334872,-0.5336995642,-7.970012739,0.2380250131,0.001983541776,-30,0,0,0,0,0,115.9648693,44.145,0,71.40750392
5.42,33.69135625,28.86917954,0.5081156505,15.15801444,-0.5334276025,-7.967598873,0.2413866484,0.002011555403,-30,0,0,0,0,0,115.8832808,44.145,0,72.41599452
5.43,33.82378619,28.94292811,0.50285929,15.15268288,-0.5331558751,-7.965154141,0.2444732065,0.002037276721,-30,0,0,0,0,0,115.8017625,44.145,0,73.34196195
5.44,33.95655523,29.01595386,0.4976026934,15.14735404,-0.5328843816,-7.962681079,0.2473061894,0.002060884912,-30,0,0,0,0,0,115.7203145,44.145,0,74.19185682
5.45,34.08965948,29.08825526,0.4923458802,15.14202791,-0.5326131218,-7.960182024,0.2499054262,0.002082545219,-30,0,0,0,0,0,115.6389365,44.145,0,74.97162787
5.46,34.22309503,29.15983078,0.4870888683,15.13670449,-0.5323420954,-7.957659132,0.2522892028,0.002102410024,-30,0,0,0,0,0,115.5576286,44.145,0,75.68676085
5.47,34.35685796,29.23067893,0.4818316743,15.13138377,-0.5320713022,-7.955114389,0.2544743814,0.002120619845,-30,0,0,0,0,0,115.4763907,44.145,0,76.34231441
5.48,34.49094436,29.30079823,0.4765743135,15.12606577,-0.5318007419,-7.952549623,0.2564765106,0.002137304255,-30,0,0,0,0,0,115.3952226,44.145,0,76.94295319
5.49,34.62535029,29.37018723,0.4713168,15.12075046,-0.5315304142,-7.949966524,0.258309928,0.002152582733,-30,0,0,0,0,0,115.3141243,44.145,0,77.4929784
5.5,34.76007181,29.4388445,0.4660591466,15.11543786,-0.5312603189,-7.947366646,0.2599878534,0.002166565445,-30,0,0,0,0,0,115.2330957,44.145,0,77.99635602
5.51,34.89510499,29.50676862,0.4608013653,15.11012796,-0.5309904557,-7.944751421,0.2615224759,0.002179353966,-30,0,0,0,0,0,115.1521367,44.145,0,78.45674277
5.52,35.03044587,29.57395823,0.4555434671,15.10482075,-0.5307208243,-7.942122171,0.2629250339,0.002191041949,-30,0,0,0,0,0,115.0712473,44.145,0,78.87751018
5.53,35.16609049,29.64041195,0.4502854622,15.09949625,-0.5324494245,-7.939480112,0.264205889,0.002201715741,-30,0,0.018,0.018,0.018,0,114.9904273,44.145,0.5994,79.26176669
5.54,35.30203471,29.70612837,0.4450273529,15.09411452,-0.5381732423,-7.936825531,0.2654580855,0.002212150712,-30,0,0.036,0.036,0.036,0,114.9093727,44.145,2.3976,79.63742564
5.55,35.43827402,29.7711059,0.4397691276,15.08864869,-0.5465829192,-7.934157022,0.2668508894,0.002223757412,-30,0,0.052,0.052,0.052,0,114.8274758,44.145,5.0024,80.05526683
5.56,35.57480366,29.83534289,0.434510766,15.08305021,-0.5598477631,-7.931472166,0.2684856064,0.002237380054,-30,0,0.07,0.07,0.07,0,114.7443289,44.145,9.065,80.54568193
5.57,35.7116184,29.89883751,0.4292522327,15.07730065,-0.574955985,-7.928766702,0.2705464036,0.002254553363,-30,0,0.086,0.086,0.086,0,114.6591955,44.145,13.6826,81.16392108
5.58,35.84871286,29.96158787,0.4239934886,15.07115145,-0.6149206583,-7.926035931,0.2730770514,0.002275642095,-30,0,0.118,0.118,0.118,0,114.5717975,44.145,25.7594,81.92311543
5.59,35.98607936,30.02359113,0.4187344107,15.06475672,-0.6394732047,-7.923265116,0.2770815756,0.00230901313,-30,0,0.134,0.134,0.134,0,114.4783614,44.145,33.2186,83.12447267
5.6,36.12371162,30.08484512,0.4134749397,15.05804776,-0.6708954501,-7.920447126,0.281798999,0.002348324992,-30,0,0.152,0.152,0.152,0,114.381235,44.145,42.7424,84.5396997
5.61,36.26160271,30.14534743,0.4082149968,15.05102647,-0.702129268,-7.917572509,0.287461607,0.002395513391,-30,0,0.168,0.168,0.168,0,114.2793804,44.145,52.2144,86.23848209
5.62,36.39974568,30.20509573,0.40295451,15.04366142,-0.7365047749,-7.914632632,0.2939877568,0.002449897973,-30,0,0.184,0.184,0.184,0,114.1728325,44.145,62.6336,88.19632704
5.63,36.53813328,30.26408763,0.3976934021,15.03551076,-0.8150657382,-7.911618212,0.3014420274,0.002512016895,-30,0,0.216,0.216,0.216,0,114.0611215,44.145,86.3136,90.43260823
5.64,36.67675419,30.32231908,0.392431447,15.0269222,-0.8588565276,-7.908502134,0.3116077895,0.002596731579,-30,0,0.232,0.232,0.232,0,113.9375583,44.145,99.5744,93.48233685
5.65,36.81560024,30.37978747,0.3871685582,15.01786437,-0.9057827631,-7.905274002,0.3228131705,0.002690109754,-30,0,0.248,0.248,0.248,0,113.8074289,44.145,113.7824,96.84395114
5.66,36.95466293,30.43649013,0.3819046446,15.00830594,-0.9558429004,-7.901922905,0.3351097442,0.002792581202,-30,0,0.264,0.264,0.264,0,113.6702701,44.145,128.9376,100.5329233
5.67,37.09393348,30.49242437,0.3766396114,14.99757401,-1.073193402,-7.898437451,0.3485453203,0.002904544336,-30,0,0.298,0.298,0.298,0,113.5256206,44.145,164.2874,104.5635961
5.68,37.2333968,30.5475851,0.3713731347,14.98616594,-1.140806407,-7.894778775,0.3658676874,0.003048897395,-30,0,0.316,0.316,0.316,0,113.363322,44.145,184.7336,109.7603062
5.69,37.37304237,30.60196919,0.3661050903,14.97412427,-1.204167752,-7.890931976,0.3846798654,0.003205665545,-30,0,0.332,0.332,0.332,0,113.1909255,44.145,203.9144,115.4039596
5.7,37.51286007,30.65557377,0.3608353784,14.96141772,-1.270654988,-7.886885087,0.4046888663,0.003372407219,-30,0,0.348,0.348,0.348,0,113.0090963,44.145,224.0424,121.4066599
5.71,37.65283943,30.70839594,0.355563896,14.94792502,-1.349269954,-7.882625724,0.4259362935,0.003549469113,-30,0,0.366,0.366,0.366,0,112.8173861,44.145,247.8186,127.7808881
5.72,37.7929688,30.76043251,0.3502905047,14.9336066,-1.431841977,-7.878137303,0.4488421345,0.003740351121,-30,0,0.384,0.384,0.384,0,112.613993,44.145,272.7936,134.6526404
5.73,37.93323615,30.81168027,0.3450150629,14.91761384,-1.599275845,-7.873402813,0.473448983,0.003945408192,-30,0,0.418,0.418,0.418,0,112.3983534,44.145,323.2394,142.0346949
5.74,38.07362139,30.86213326,0.3397371392,14.90068116,-1.693267807,-7.868370496,0.5032317371,0.004193597809,-30,0,0.436,0.436,0.436,0,112.1577421,44.145,351.6776,150.9695211
5.75,38.21411131,30.91178818,0.334456595,14.8828808,-1.780035569,-7.863023727,0.5346769115,0.004455640929,-30,0,0.452,0.452,0.452,0,111.9032707,44.145,377.9624,160.4030734
5.76,38.35469334,30.96064212,0.3291733277,14.86418162,-1.869918237,-7.857350183,0.5673543538,0.004727952948,-30,0,0.468,0.468,0.468,0,111.6360711,44.145,405.1944,170.2063061
5.77,38.49535456,31.0086922,0.323887231,14.84443284,-1.974877744,-7.851337106,0.6013076605,0.005010897171,-30,0,0.486,0.486,0.486,0,111.3557232,44.145,436.9626,180.3922981
5.78,38.6360806,31.05593521,0.3185981524,14.8227127,-2.17201474,-7.844966213,0.6370893024,0.00530907752,-30,0,0.518,0.518,0.518,0,111.060022,44.145,496.3994,191.1267907
5.79,38.77684826,31.10236522,0.3133056217,14.7999654,-2.274729524,-7.838181059,0.6785154323,0.005654295269,-30,0,0.534,0.534,0.534,0,110.7352571,44.145,527.5386,203.5546297
5.8,38.91764329,31.14797946,0.3080095411,14.77615988,-2.380552146,-7.83096991,0.7211148957,0.006009290797,-30,0,0.55,0.55,0.55,0,110.3956438,44.145,559.625,216.3344687
5.81,39.05845106,31.19277523,0.3027098083,14.75126507,-2.4894813,-7.823320505,0.7649404683,0.006374503902,-30,0,0.566,0.566,0.566,0,110.04079,44.145,592.6586,229.4821405
5.82,39.19925663,31.23674991,0.297406317,14.7251061,-2.615896366,-7.815220087,0.8100418015,0.006750348346,-30,0,0.584,0.584,0.584,0,109.6703098,44.145,630.9536,243.0125404
5.83,39.34004334,31.27990057,0.2920989053,14.69659209,-2.851400966,-7.80664921,0.8570877004,0.007142397503,-30,0,0.616,0.616,0.616,0,109.2816899,44.145,701.9936,257.1263101
5.84,39.48078401,31.32222129,0.2867870281,14.66670468,-2.988741563,-7.79754248,0.9106730369,0.007588941974,-30,0,0.634,0.634,0.634,0,108.8588689,44.145,743.6186,273.2019111
5.85,39.62146084,31.36370929,0.2814705357,14.63556513,-3.113955207,-7.787881916,0.9660564201,0.008050470168,-30,0,0.65,0.65,0.65,0,108.416562,44.145,781.625,289.816926
5.86,39.7620571,31.40436229,0.2761493323,14.60297792,-3.258720274,-7.777656037,1.022587932,0.008521566098,-30,0,0.668,0.668,0.668,0,107.9566823,44.145,825.5144,306.7763795
5.87,39.90255417,31.44417774,0.2708232569,14.56907275,-3.3905169,-7.766845528,1.081050808,0.009008756737,-30,0,0.684,0.684,0.684,0,107.47647,44.145,865.5336,324.3152425
5.88,40.04293462,31.48315362,0.2654922069,14.53224468,-3.682807907,-7.755438059,1.140746909,0.009506224244,-30,0,0.718,0.718,0.718,0,106.977972,44.145,953.7194,342.2240728
5.89,40.18316547,31.52128394,0.2601554966,14.49400196,-3.824271374,-7.743351348,1.20867115,0.01007225958,-30,0,0.734,0.734,0.734,0,106.4378122,44.145,996.6986,362.6013449
5.9,40.32322826,31.55856698,0.2548130443,14.45412844,-3.987352503,-7.730575608,1.277574,0.01064645,-30,0,0.752,0.752,0.752,0,105.8783508,44.145,1046.1824,383.2722001
5.91,40.46310237,31.5950007,0.2494646931,14.41258488,-4.154355339,-7.717091987,1.348362084,0.0112363507,-30,0,0.77,0.77,0.77,0,105.2966017,44.145,1096.865,404.5086251
5.92,40.60276676,31.63058325,0.2441102809,14.3693321,-4.32527864,-7.702881058,1.421092944,0.0118424412,-30,0,0.788,0.788,0.788,0,104.6921919,44.145,1148.7464,426.3278831
5.93,40.74219997,31.66531293,0.2387496413,14.32433088,-4.500121211,-7.687922837,1.495822055,0.01246518379,-30,0,0.806,0.806,0.806,0,104.0647633,44.145,1201.8266,448.7466165
5.94,40.8813801,31.69918825,0.2333826033,14.27754207,-4.678881912,-7.672196806,1.572603085,0.01310502571,-30,0,0.824,0.824,0.824,0,103.4139735,44.145,1256.1056,471.7809256
5.95,41.02028483,31.73220788,0.2280089915,14.22746053,-5.008153655,-7.655681925,1.651488144,0.0137624012,-30,0,0.856,0.856,0.856,0,102.7394965,44.145,1355.5616,495.4464433
5.96,41.15887714,31.76436742,0.2226280721,14.17569802,-5.17625133,-7.63829012,1.739180465,0.01449317055,-30,0,0.872,0.872,0.872,0,102.0199991,44.145,1406.7104,521.7541396
5.97,41.29713563,31.79566645,0.2172397729,14.12222367,-5.347434696,-7.620012756,1.827736417,0.01523113681,-30,0,0.888,0.888,0.888,0,101.2790088,44.145,1458.8064,548.320925
5.98,41.4350386,31.8261048,0.2118440131,14.0667834,-5.544026498,-7.600840104,1.917265209,0.01597721007,-30,0,0.906,0.906,0.906,0,100.5163495,44.145,1518.5466,575.1795626
5.99,41.57256178,31.85568205,0.2064406171,14.00933809,-5.744530984,-7.580751116,2.00889881,0.01674082342,-30,0,0.924,0.924,0.924,0,99.72869525,44.145,1579.4856,602.669643
6,41.70968052,31.88439802,0.2010294042,13.9477374,-6.16006941,-7.559724097,2.102701851,0.01752251542,-30,0,0.96,0.96,0.96,0,98.91582313,44.145,1704.96,630.8105552
6.01,41.84634903,31.9122486,0.195609368,13.88425545,-6.348194823,-7.537638289,2.208580775,0.01840483979,-30,0,0.976,0.976,0.976,0,98.0478468,44.145,1762.2656,662.5742325
6.02,41.98254378,31.93923464,0.1901804573,13.81861649,-6.56389655,-7.514487537,2.315075252,0.01929229377,-30,0,0.994,0.994,0.994,0,97.15736492,44.145,1827.8666,694.5225756
6.03,42.11823847,31.96535681,0.1847425124,13.75227029,-6.634619658,-7.490252677,2.423486009,0.02019571675,-30,0,1,1,1,0,96.24089744,44.145,1850,727.0458028
6.04,42.25342102,31.99061883,0.1792959552,13.68595482,-6.631546563,-7.464984344,2.526833334,0.02105694445,-30,0,1,1,1,0,95.31896881,44.145,1850,758.0500002
6.05,42.38808664,32.01502593,0.1738414696,13.61966993,-6.628489671,-7.438764603,2.621974063,0.02184978386,-30,0,1,1,1,0,94.40190116,44.145,1850,786.592219
6.06,42.52223053,32.03858349,0.1683796892,13.55341544,-6.625448954,-7.411669488,2.709511522,0.02257926268,-30,0,1,1,1,0,93.4896861,44.145,1850,812.8534566
6.07,42.65584791,32.06129701,0.1629112009,13.48719119,-6.622424384,-7.383769412,2.790007529,0.02325006274,-30,0,1,1,1,0,92.58231529,44.145,1850,837.0022588
6.08,42.78893402,32.08317209,0.1574365477,13.42099703,-6.619415935,-7.355129562,2.863985057,0.02386654214,-30,0,1,1,1,0,91.67978045,44.145,1850,859.1955172
6.09,42.92148414,32.10421447,0.1519562324,13.3548328,-6.616423578,-7.325810254,2.931930733,0.02443275611,-30,0,1,1,1,0,90.78207335,44.145,1850,879.5792198
6.1,43.05349357,32.12442996,0.1464707198,13.28869833,-6.613447286,-7.295867283,2.994297191,0.02495247659,-30,0,1,1,1,0,89.88918578,44.145,1850,898.2891572
6.11,43.18495764,32.14382449,0.14098044,13.22259346,-6.610487032,-7.26535223,3.051505286,0.02542921072,-30,0,1,1,1,0,89.00110961,44.145,1850,915.4515858
6.12,43.31587173,32.16240407,0.13548579,13.15651803,-6.607542789,-7.234312768,3.103946172,0.0258662181,-30,0,1,1,1,0,88.11783676,44.145,1850,931.1838516
6.13,43.44623122,32.1801748,0.129987137,13.09047188,-6.604614531,-7.202792935,3.151983255,0.02626652712,-30,0,1,1,1,0,87.23935917,44.145,1850,945.5949764
6.14,43.57603157,32.19714285,0.1244848197,13.02445486,-6.60170223,-7.170833395,3.195954025,0.02663295021,-30,0,1,1,1,0,86.36566887,44.145,1850,958.7862075
6.15,43.70526826,32.21331448,0.118979151,12.9584668,-6.59880586,-7.138471677,3.236171784,0.0269680982,-30,0,1,1,1,0,85.4967579,44.145,1850,970.8515352
6.16,43.8339368,32.228696,0.1134704193,12.89250755,-6.595925395,-7.105742405,3.272927255,0.02727439379,-30,0,1,1,1,0,84.63261837,44.145,1850,981.8781766
6.17,43.96203278,32.24329381,0.1079588907,12.82657694,-6.593060808,-7.072677504,3.306490104,0.0275540842,-30,0,1,1,1,0,83.77324243,44.145,1850,991.9470313
6.18,44.0895518,32.25711436,0.1024448104,12.76067482,-6.590212074,-7.0393064,3.337110359,0.027809253,-30,0,1,1,1,0,82.9186223,44.145,1850,1001.133108
6.19,44.21648952,32.27016415,0.09692840437,12.69480103,-6.587379167,-7.005656203,3.365019744,0.0280418312,-30,0,1,1,1,0,82.0687502,44.145,1850,1009.505923
6.2,44.34284165,32.28244976,0.09140988053,12.62895541,-6.584562062,-6.971751873,3.390432929,0.02825360774,-30,0,1,1,1,0,81.22361845,44.145,1850,1017.129879
6.21,44.46860395,32.2939778,0.08588943038,12.5631378,-6.581760731,-6.937616386,3.413548697,0.02844623914,-30,0,1,1,1,0,80.38321939,44.145,1850,1024.064609
6.22,44.59377222,32.30475495,0.08036723004,12.49734805,-6.578975151,-6.903270876,3.434551046,0.02862125871,-30,0,1,1,1,0,79.5475454,44.145,1850,1030.365314
6.23,44.71834232,32.31478791,0.07484344143,12.43158599,-6.576205296,-6.868734774,3.45361021,0.02878008508,-30,0,1,1,1,0,78.71658894,44.145,1850,1036.083063
6.24,44.84231017,32.32408346,0.06931821338,12.36585148,-6.573451142,-6.834025938,3.470883621,0.02892403017,-30,0,1,1,1,0,77.89034249,44.145,1850,1041.265086
6.25,44.96567171,32.33264838,0.06379168255,12.30014436,-6.570712662,-6.79916077,3.486516807,0.02905430672,-30,0,1,1,1,0,77.06879858,44.145,1850,1045.955042
6.26,45.08842297,32.34048953,0.05826397445,12.23446446,-6.567989833,-6.764154327,3.500644231,0.02917203526,-30,0,1,1,1,0,76.2519498,44.145,1850,1050.193269
6.27,45.21056001,32.34761378,0.05273520418,12.16881163,-6.565282629,-6.729020427,3.513390077,0.02927825064,-30,0,1,1,1,0,75.43978877,44.145,1850,1054.017023
6.28,45.33207896,32.35402806,0.04720547735,12.10318572,-6.562591027,-6.693771737,3.524868982,0.02937390818,-30,0,1,1,1,0,74.63230817,44.145,1850,1057.460695
6.29,45.45297599,32.3597393,0.0416748907,12.03758657,-6.559915002,-6.65841987,3.535186721,0.02945988934,-30,0,1,1,1,0,73.82950073,44.145,1850,1060.556016
6.3,45.57324734,32.3647545,0.03614353287,11.97201403,-6.557254531,-6.622975461,3.544440846,0.02953700705,-30,0,1,1,1,0,73.0313592,44.145,1850,1063.332254
6.31,45.69288929,32.36908067,0.03061148501,11.90646793,-6.554609588,-6.587448248,3.552721285,0.02960601071,-30,0,1,1,1,0,72.2378764,44.145,1850,1065.816385
6.32,45.81189818,32.37272484,0.02507882134,11.84094813,-6.551980151,-6.551847139,3.560110893,0.02966759077,-30,0,1,1,1,0,71.4490452,44.145,1850,1068.033268
6.33,45.93027043,32.3756941,0.01954560975,11.77545447,-6.549366195,-6.51618028,3.566685977,0.02972238314,-30,0,1,1,1,0,70.66485851,44.145,1850,1070.005793
6.34,46.04800248,32.37799554,0.01401191227,11.70998679,-6.546767698,-6.480455112,3.572516775,0.02977097313,-30,0,1,1,1,0,69.88530926,44.145,1850,1071.755033
6.35,46.16509086,32.37963628,0.008477785519,11.64454494,-6.544184635,-6.444678433,3.577667909,0.02981389924,-30,0,1,1,1,0,69.11039047,44.145,1850,1073.300373
6.36,46.28153212,32.38062347,0.002943281197,11.57912877,-6.541616984,-6.408856445,3.582198801,0.02985165667,-30,0,1,1,1,0,68.34009518,44.145,1850,1074.65964
6.37,46.39732291,32.38096427,-0.002591553565,11.51373813,-6.539064722,-6.372994804,3.586164068,0.02988470056,-30,0,1,1,1,0,67.57441647,44.145,1850,1075.84922
6.38,46.5124599,32.38066589,-0.008126675811,11.44837285,-6.536527825,-6.337098665,3.589613881,0.02991344901,-30,0,1,1,1,0,66.81334749,44.145,1850,1076.884164
6.39,46.62693985,32.37973553,-0.01366204643,11.38303279,-6.534006271,-6.301172722,3.592594306,0.02993828588,-30,0,1,1,1,0,66.0568814,44.145,1850,1077.778292
6.4,46.74075955,32.37818042,-0.01919762982,11.31771779,-6.531500038,-6.265221246,3.595147614,0.02995956345,-30,0,1,1,1,0,65.30501144,44.145,1850,1078.544284
6.41,46.85391588,32.37600782,-0.02473339362,11.25242769,-6.529009103,-6.22924812,3.597312577,0.0299776048,-30,0,1,1,1,0,64.55773088,44.145,1850,1079.193773
6.42,46.96640574,32.373225,-0.03026930844,11.18716236,-6.526533443,-6.193256873,3.599124735,0.02999270612,-30,0,1,1,1,0,63.81503302,44.145,1850,1079.73742
6.43,47.07822612,32.36983924,-0.03580534758,11.12192163,-6.524073037,-6.157250706,3.60061665,0.03000513875,-30,0,1,1,1,0,63.07691124,44.145,1850,1080.184995
6.44,47.18937405,32.36585785,-0.04134148685,11.05670535,-6.521627863,-6.121232525,3.601818139,0.03001515116,-30,0,1,1,1,0,62.34335893,44.145,1850,1080.545442
6.45,47.29984663,32.36128814,-0.04687770431,10.99151337,-6.519197898,-6.08520496,3.602756488,0.03002297073,-30,0,1,1,1,0,61.61436954,44.145,1850,1080.826946
6.46,47.40964101,32.35613746,-0.05241398012,10.93022906,-6.128431122,-6.049170394,3.603456654,0.03002880545,-30,0,0.968,0.968,0.968,0,60.88993657,44.145,1733.4944,1081.036996
6.47,47.5187932,32.35041111,-0.05794832927,10.8710963,-5.913276111,-6.013367026,3.580336755,0.02983613963,-30,0,0.95,0.95,0.95,0,60.21283329,44.145,1669.625,1074.101027
6.48,47.62732169,32.34411502,-0.06347984777,10.81384408,-5.725222301,-5.977903337,3.546368889,0.02955307407,-30,0,0.934,0.934,0.934,0,59.56309032,44.145,1613.8586,1063.910667
6.49,47.73524232,32.33725502,-0.06900785733,10.75844002,-5.540405896,-5.942860721,3.504261577,0.02920217981,-30,0,0.918,0.918,0.918,0,58.93736875,44.145,1559.0394,1051.278473
6.5,47.84257066,32.32983674,-0.07453176294,10.70507402,-5.336599973,-5.908310578,3.455014299,0.02879178583,-30,0,0.9,0.9,0.9,0,58.33499193,44.145,1498.5,1036.50429
6.51,47.9493242,32.32186544,-0.0800509313,10.65542997,-4.964404331,-5.874328906,3.398167218,0.02831806015,-30,0,0.866,0.866,0.866,0,57.7576993,44.145,1387.4186,1019.450165
6.52,48.05553728,32.31334478,-0.08556392225,10.60770629,-4.772368822,-5.841088522,3.324038378,0.02770031982,-30,0,0.848,0.848,0.848,0,57.22324672,44.145,1330.3424,997.2115134
6.53,48.16122627,32.30427948,-0.09107037988,10.56186223,-4.584406034,-5.808632137,3.245638496,0.02704698747,-30,0,0.83,0.83,0.83,0,56.71181006,44.145,1274.465,973.6915489
6.54,48.26640721,32.29467404,-0.09657000865,10.51765655,-4.420567595,-5.776995216,3.163692182,0.02636410151,-30,0,0.814,0.814,0.814,0,56.22267857,44.145,1225.8026,949.1076545
6.55,48.37109373,32.28453292,-0.1020626725,10.47525363,-4.240292113,-5.746194082,3.080113399,0.02566761166,-30,0,0.796,0.796,0.796,0,55.75303405,44.145,1172.1896,924.0340197
6.56,48.47530114,32.27386015,-0.1075481665,10.43442065,-4.083297977,-5.716253334,2.994074799,0.02495062332,-30,0,0.78,0.78,0.78,0,55.30439305,44.145,1125.54,898.2224396
6.57,48.57904248,32.26265974,-0.1130264327,10.39661727,-3.780338252,-5.687179928,2.907340613,0.02422783844,-30,0,0.748,0.748,0.748,0,54.87407568,44.145,1035.0824,872.2021839
6.58,48.68234527,32.25093382,-0.1184966542,10.36046769,-3.61495728,-5.659071879,2.810804901,0.02342337417,-30,0,0.73,0.73,0.73,0,54.4771839,44.145,985.865,843.2414703
6.59,48.78522342,32.23868572,-0.1239588322,10.32593135,-3.453634675,-5.631929048,2.714283019,0.02261902516,-30,0,0.712,0.712,0.712,0,54.09900258,44.145,937.8464,814.2849057
6.6,48.88769042,32.22591858,-0.129412993,10.29279623,-3.313511762,-5.605748277,2.618077117,0.02181730931,-30,0,0.696,0.696,0.696,0,53.73892852,44.145,896.1696,785.4231352
6.61,48.98975768,32.21263551,-0.1348592762,10.26103024,-3.176598646,-5.580512829,2.523544846,0.02102954038,-30,0,0.68,0.68,0.68,0,53.39459373,44.145,855.44,757.0634538
6.62,49.09143631,32.19883947,-0.1402978264,10.23189581,-2.913443086,-5.556205333,2.43074957,0.02025624642,-30,0,0.648,0.648,0.648,0,53.06552579,44.145,776.8224,729.2248711
6.63,49.19274992,32.18453138,-0.1457281058,10.20403434,-2.786146709,-5.532890332,2.331500055,0.01942916712,-30,0,0.632,0.632,0.632,0,52.76461272,44.145,738.9344,699.4500165
6.64,49.29370868,32.16971381,-0.1511503635,10.1774138,-2.662054159,-5.510537945,2.235238771,0.01862698976,-30,0,0.616,0.616,0.616,0,52.47764772,44.145,701.9936,670.5716313
6.65,49.39432244,32.15438913,-0.1565648411,10.15200216,-2.541163983,-5.489119159,2.14187858,0.01784898816,-30,0,0.6,0.6,0.6,0,52.20419487,44.145,666,642.5635739
6.66,49.49460075,32.13855952,-0.1619717737,10.12890406,-2.309810755,-5.468605776,2.051338289,0.01709448574,-30,0,0.568,0.568,0.568,0,51.94382656,44.145,596.8544,615.4014866
6.67,49.59456404,32.12222519,-0.1673707841,10.1070548,-2.184925758,-5.449043066,1.956271043,0.01630225869,-30,0,0.55,0.55,0.55,0,51.70772748,44.145,559.625,586.8813128
6.68,49.69422224,32.1053878,-0.1727621104,10.08628252,-2.077228295,-5.430402437,1.864062891,0.01553385743,-30,0,0.534,0.534,0.534,0,51.48488858,44.145,527.5386,559.2188674
6.69,49.79358359,32.08804908,-0.1781460588,10.06668278,-1.9599736,-5.412647162,1.775527438,0.01479606198,-30,0,0.516,0.516,0.516,0,51.27347987,44.145,492.5736,532.6582313
6.7,49.89265726,32.07021039,-0.183522852,10.04821522,-1.846756012,-5.395750508,1.689665457,0.01408054547,-30,0,0.498,0.498,0.498,0,51.0744035,44.145,458.8074,506.8996371
6.71,49.991452,32.05187296,-0.1888927116,10.03165619,-1.655902604,-5.379685885,1.60646227,0.01338718559,-30,0,0.466,0.466,0.466,0,50.88718106,44.145,401.7386,481.9386811
6.72,50.08998421,32.03303637,-0.1942554212,10.01611729,-1.553889998,-5.364479265,1.520661983,0.01267218319,-30,0,0.448,0.448,0.448,0,50.71959949,44.145,371.3024,456.1985949
6.73,50.18826152,32.01370166,-0.1996112683,10.00155821,-1.455908644,-5.350096145,1.438312,0.01198593334,-30,0,0.43,0.43,0.43,0,50.56259324,44.145,342.065,431.4936001
6.74,50.28629117,31.99386974,-0.2049605309,9.987836763,-1.37214436,-5.336503162,1.359298361,0.01132748634,-30,0,0.414,0.414,0.414,0,50.41570795,44.145,317.0826,407.7895084
6.75,50.38407898,31.97354164,-0.2103035329,9.974921101,-1.29156623,-5.323661455,1.284170705,0.01070142254,-30,0,0.398,0.398,0.398,0,50.27746914,44.145,293.0474,385.2512114
6.76,50.48163048,31.95271832,-0.215640579,9.963517397,-1.140370406,-5.311534444,1.212701073,0.01010584228,-30,0,0.366,0.366,0.366,0,50.14752169,44.145,247.8186,363.810322
6.77,50.57895805,31.93139906,-0.2209715623,9.952823966,-1.069343087,-5.300134984,1.139946029,0.009499550245,-30,0,0.35,0.35,0.35,0,50.03292618,44.145,226.625,341.9838088
6.78,50.67606626,31.90958469,-0.2262968197,9.942891133,-0.9932832909,-5.289422622,1.071236161,0.008926968009,-30,0,0.332,0.332,0.332,0,49.92558727,44.145,203.9144,321.3708483
6.79,50.77296013,31.8872758,-0.2316166232,9.93360098,-0.9290152879,-5.279364743,1.005787925,0.008381566042,-30,0,0.316,0.316,0.316,0,49.82598638,44.145,184.7336,301.7363775
6.8,50.86964353,31.86447309,-0.2369312767,9.92499547,-0.8605510664,-5.269924851,0.9439891809,0.007866576508,-30,0,0.298,0.298,0.298,0,49.73291993,44.145,164.2874,283.1967543
6.81,50.96612072,31.84117707,-0.2422410271,9.91703441,-0.7961059656,-5.261073335,0.8851515393,0.007376262827,-30,0,0.28,0.28,0.28,0,49.64678968,44.145,145.04,265.5454618
6.82,51.06239557,31.8173882,-0.2475461144,9.910117924,-0.6916485868,-5.25278139,0.8291945919,0.006909954933,-30,0,0.248,0.248,0.248,0,49.56717603,44.145,113.7824,248.7583776
6.83,51.15847581,31.79310587,-0.2528465371,9.903677342,-0.6440582013,-5.245049198,0.7732191961,0.006443493301,-30,0,0.232,0.232,0.232,0,49.49806038,44.145,99.5744,231.9657588
6.84,51.25436363,31.76833074,-0.2581425993,9.897680931,-0.5996411458,-5.237840255,0.7208942532,0.00600745211,-30,0,0.216,0.216,0.216,0,49.43374375,44.145,86.3136,216.268276
6.85,51.35006093,31.74306343,-0.2634345867,9.892096967,-0.5583963342,-5.2311203,0.6719954571,0.005599962143,-30,0,0.2,0.2,0.2,0,49.37390025,44.145,74,201.5986371
6.86,51.44556925,31.71730459,-0.2687227681,9.88728224,-0.4814726851,-5.224857065,0.6263235043,0.005219362536,-30,0,0.166,0.166,0.166,0,49.31820553,44.145,50.9786,187.8970513
6.87,51.54089361,31.69105383,-0.27400719,9.8827809,-0.4501340282,-5.21904497,0.581209548,0.0048434129,-30,0,0.15,0.15,0.15,0,49.27020845,44.145,41.625,174.3628644
6.88,51.63603458,31.66431188,-0.2792881377,9.878594075,-0.418682522,-5.213649769,0.5395200996,0.00449600083,-30,0,0.132,0.132,0.132,0,49.22535659,44.145,32.2344,161.8560299
6.89,51.73099275,31.63707942,-0.2845658622,9.8746817,-0.3912375231,-5.208641363,0.5008405817,0.004173671515,-30,0,0.114,0.114,0.114,0,49.18365693,44.145,24.0426,150.2521745
6.9,51.82576833,31.60935716,-0.2898406058,9.870979796,-0.3701903556,-5.203990668,0.4650695618,0.003875579682,-30,0,0.098,0.098,0.098,0,49.14470669,44.145,17.7674,139.5208685
6.91,51.92036089,31.58114595,-0.295112616,9.867602747,-0.3377048868,-5.199667968,0.4322699433,0.003602249528,-30,0,0.066,0.066,0.066,0,49.10786604,44.145,8.0586,129.680983
6.92,52.01477109,31.55244626,-0.3003820498,9.864353358,-0.3249389011,-5.19565444,0.4013528194,0.003344606828,-30,0,0.048,0.048,0.048,0,49.07427032,44.145,4.2624,120.4058458
6.93,52.10899772,31.52325911,-0.3056491507,9.861191626,-0.3161731849,-5.191920863,0.3733576646,0.003111313872,-30,0,0.03,0.03,0.03,0,49.04195546,44.145,1.665,112.0072994
6.94,52.20303915,31.49358557,-0.3109141543,9.858074356,-0.3117270752,-5.188438971,0.348189178,0.002901576483,-30,0,0.014,0.014,0.014,0,49.01052255,44.145,0.3626,104.4567534
6.95,52.29689337,31.46342685,-0.3161772906,9.854970204,-0.3104151384,-5.185181137,0.3257834111,0.002714861759,-30,0,0,0,0,0,48.97954152,44.145,0,97.73502334
6.96,52.39055806,31.43278424,-0.321438779,9.851867081,-0.3103123354,-5.182121061,0.3060076812,0.00255006401,-30,0,0,0,0,0,48.94870061,44.145,0,91.80230437
6.97,52.48403078,31.40165904,-0.3266988186,9.848764985,-0.3102095988,-5.179234844,0.2886216725,0.002405180604,-30,0,0,0,0,0,48.91787963,44.145,0,86.58650175
6.98,52.57730912,31.37005256,-0.3319575844,9.845663916,-0.3101069285,-5.176501479,0.2733364834,0.002277804028,-30,0,0,0,0,0,48.88707855,44.145,0,82.00094501
6.99,52.67039063,31.3379661,-0.3372152303,9.842563872,-0.3100043245,-5.173902498,0.2598980585,0.002165817154,-30,0,0,0,0,0,48.85629736,44.145,0,77.96941754
7,52.76327291,31.30540094,-0.3424718917,9.839464855,-0.3099017868,-5.171421668,0.2480829954,0.002067358295,-30,0,0,0,0,0,48.82553605,44.145,0,74.42489861
7.01,52.85595353,31.2723584,-0.3477276873,9.836366861,-0.3097993153,-5.16904472,0.2376948547,0.001980790455,-30,0,0,0,0,0,48.79479459,44.145,0,71.3084564
7.02,52.94843008,31.23883976,-0.3529827218,9.833269892,-0.3096969099,-5.166759111,0.2285609133,0.001904674278,-30,0,0,0,0,0,48.76407297,44.145,0,68.56827399
7.03,53.04070015,31.20484633,-0.358237087,9.830173947,-0.3095945706,-5.164553818,0.220529308,0.001837744234,-30,0,0,0,0,0,48.73337117,44.145,0,66.15879241
7.04,53.13276134,31.1703794,-0.3634908636,9.827079024,-0.3094922973,-5.162419152,0.2134665218,0.001778887682,-30,0,0,0,0,0,48.70268919,44.145,0,64.03995654
7.05,53.22461126,31.13544029,-0.3687441227,9.823985123,-0.30939009,-5.160346601,0.2072551727,0.001727126439,-30,0,0,0,0,0,48.672027,44.145,0,62.17655182
7.06,53.3162475,31.1000303,-0.3739969264,9.820892243,-0.3092879486,-5.15832868,0.2017920686,0.001681600572,-30,0,0,0,0,0,48.64138458,44.145,0,60.53762058
7.07,53.40766769,31.06415075,-0.3792493297,9.817800384,-0.3091858731,-5.156358815,0.1969864956,0.00164155413,-30,0,0,0,0,0,48.61076192,44.145,0,59.09594869
7.08,53.49886944,31.02780297,-0.3845013807,9.814709546,-0.3090838634,-5.154431228,0.1927587129,0.001606322608,-30,0,0,0,0,0,48.58015901,44.145,0,57.82761387
7.09,53.58985038,30.99098829,-0.3897531217,9.811619727,-0.3089819194,-5.152540842,0.1890386282,0.001575321902,-30,0,0,0,0,0,48.54957583,44.145,0,56.71158847
7.1,53.68060814,30.95370806,-0.3950045898,9.808530926,-0.3088800412,-5.150683195,0.1857646333,0.001548038611,-30,0,0,0,0,0,48.51901236,44.145,0,55.72939
7.11,53.77114038,30.91596361,-0.4002558178,9.805443144,-0.3087782286,-5.14885437,0.1828825793,0.001524021494,-30,0,0,0,0,0,48.48846858,44.145,0,54.86477378
7.12,53.86144472,30.87775631,-0.4055068343,9.802356379,-0.3086764816,-5.147050921,0.1803448754,0.001502873962,-30,0,0,0,0,0,48.45794449,44.145,0,54.10346263
7.13,53.95151882,30.83908753,-0.4107576645,9.799270631,-0.3085748002,-5.145269824,0.1781096971,0.001484247476,-30,0,0,0,0,0,48.42744005,44.145,0,53.43290912
7.14,54.04136035,30.79995865,-0.4160083306,9.796185899,-0.3084731842,-5.143508421,0.1761402883,0.001467835736,-30,0,0,0,0,0,48.39695527,44.145,0,52.84208648
7.15,54.13096698,30.76037104,-0.4212588521,9.793102183,-0.3083716337,-5.141764377,0.1744043491,0.001453369576,-30,0,0,0,0,0,48.36649012,44.145,0,52.32130474
7.16,54.22033637,30.72032611,-0.426509246,9.790019481,-0.3082701486,-5.140035642,0.1728734968,0.001440612473,-30,0,0,0,0,0,48.33604458,44.145,0,51.86204903
7.17,54.30946621,30.67982526,-0.4317595273,9.786937794,-0.3081687288,-5.138320415,0.1715227914,0.001429356595,-30,0,0,0,0,0,48.30561865,44.145,0,51.45683742
7.18,54.3983542,30.63886991,-0.4370097092,9.78385712,-0.3080673743,-5.136617111,0.1703303196,0.00141941933,-30,0,0,0,0,0,48.2752123,44.145,0,51.09909589
7.19,54.48699803,30.59746148,-0.4422598034,9.78077746,-0.3079660851,-5.134924343,0.169276828,0.001410640233,-30,0,0,0,0,0,48.24482552,44.145,0,50.7830484
7.2,54.57539541,30.55560142,-0.4475098199,9.777698811,-0.307864861,-5.133240889,0.168345401,0.001402878342,-30,0,0,0,0,0,48.21445829,44.145,0,50.5036203
7.21,54.66354405,30.51329118,-0.4527597678,9.775301561,-0.2397249812,-5.131565677,0.1675211776,0.001396009814,-30,0.016,0,0,0,20.41161622,48.1841106,44.145,0,50.25635329
7.22,54.75144779,30.47052923,-0.4580092894,9.773585675,-0.1715885719,-5.129941615,0.162406228,0.001353385233,-30,0.032,0,0,0,40.82891482,48.16048639,44.145,0,48.7218684
7.23,54.83911045,30.42731401,-0.4632580709,9.772551039,-0.1034636908,-5.12840636,0.1535255033,0.001279379194,-30,0.048,0,0,0,61.24947315,48.14358039,44.145,0,46.05765099
7.24,54.92653582,30.38364388,-0.4685058372,9.772197455,-0.03535839588,-5.12699294,0.1413420308,0.001177850257,-30,0.064,0,0,0,81.67086915,48.13338792,44.145,0,42.40260925
7.25,55.01372767,30.33951717,-0.473752347,9.773205252,0.1007797106,-5.125730298,0.1262641401,0.001052201168,-30,0.096,0,0,0,122.5088181,48.12990492,44.145,0,37.87924203
7.26,55.10069577,30.29492901,-0.4789970238,9.774978114,0.177286262,-5.124687611,0.1042686974,0.0008689058114,-30,0.114,0,0,0,145.4707112,48.13983261,44.145,0,31.28060921
7.27,55.18744456,30.24987719,-0.4842396827,9.77743039,0.2452276059,-5.123887073,0.08005385701,0.0006671154751,-30,0.13,0,0,0,165.8705811,48.15729936,44.145,0,24.0161571
7.28,55.27397767,30.20435977,-0.4894802079,9.780561472,0.3131081195,-5.123342575,0.05444978911,0.0004537482426,-30,0.146,0,0,0,186.258901,48.1814651,44.145,0,16.33493673
7.29,55.36029869,30.15837478,-0.4947184988,9.785135978,0.4574506161,-5.123066203,0.02763723157,0.000230310263,-30,0.18,0,0,0,229.5925137,48.21232888,44.145,0,8.29116947
7.3,55.4464179,30.11191652,-0.4999540583,9.790387041,0.5251062784,-5.123117588,-0.005138583128,-4.282152607e-05,-30,0.196,0,0,0,249.9343221,48.2574386,44.145,0,-1.541574938
7.31,55.53233879,30.06498285,-0.5051868623,9.796313721,0.5926680562,-5.123499646,-0.03820578682,-0.0003183815568,-30,0.212,0,0,0,270.2546628,48.30924592,44.145,0,-11.46173605
7.32,55.61806477,30.01757154,-0.5104168904,9.802915001,0.6601279791,-5.1242148,-0.07151535141,-0.0005959612617,-30,0.228,0,0,0,290.551146,48.36775231,44.145,0,-21.45460542
7.33,55.70359921,29.96968028,-0.5156441262,9.810189782,0.7274780944,-5.125265037,-0.1050237647,-0.0008751980392,-30,0.244,0,0,0,310.8213881,48.43295983,44.145,0,-31.50712941
7.34,55.78894544,29.92130669,-0.5208685563,9.81881599,0.8626208298,-5.126651961,-0.1386923718,-0.001155769765,-30,0.276,0,0,0,351.43612,48.50487107,44.145,0,-41.60771153
7.35,55.8741126,29.87244495,-0.526089809,9.828197083,0.9381093234,-5.128420166,-0.1768205348,-0.001473504457,-30,0.294,0,0,0,374.1680073,48.59021031,44.145,0,-53.04616044
7.36,55.95910461,29.8230921,-0.5313078771,9.838331461,1.013437808,-5.130570525,-0.2150358918,-0.001791965765,-30,0.312,0,0,0,396.8594452,48.68310279,44.145,0,-64.51076753
7.37,56.04392531,29.77324507,-0.5365227558,9.849132676,1.080121432,-5.133103611,-0.2533085837,-0.002110904864,-30,0.328,0,0,0,416.9649838,48.78355404,44.145,0,-75.99257512
7.38,56.12857774,29.72290119,-0.5417344874,9.860599135,1.146645931,-5.136014349,-0.2910737335,-0.002425614446,-30,0.344,0,0,0,437.0295081,48.89072889,44.145,0,-87.32212005
7.39,56.2130649,29.67205768,-0.5469431104,9.873406282,1.280714735,-5.139298119,-0.3283770268,-0.002736475223,-30,0.376,0,0,0,477.3640537,49.00463331,44.145,0,-98.51310803
7.4,56.29739547,29.6207082,-0.552148303,9.8868739,1.346761746,-5.142993539,-0.3695420294,-0.003079516911,-30,0.392,0,0,0,497.3055361,49.13201242,44.145,0,-110.8626088
7.41,56.38157228,29.56884981,-0.5573501429,9.901000085,1.412618537,-5.147091279,-0.4097739651,-0.003414783042,-30,0.408,0,0,0,517.1966999,49.26613886,44.145,0,-122.9321895
7.42,56.46559808,29.51647954,-0.5625486998,9.91578286,1.478277453,-5.151582976,-0.4491696927,-0.003743080772,-30,0.424,0,0,0,537.0352566,49.40702055,44.145,0,-134.7509078
7.43,56.54947554,29.46359432,-0.5677440365,9.932063834,1.628097382,-5.156461113,-0.4878136926,-0.004065114105,-30,0.46,0,0,0,582.1288803,49.55466586,44.145,0,-146.3441078
7.44,56.63321438,29.4101865,-0.5729357682,9.948995175,1.693134189,-5.161771834,-0.5310720978,-0.004425600815,-30,0.476,0,0,0,601.8027863,49.71752957,44.145,0,-159.3216293
7.45,56.71681709,29.35625286,-0.5781240025,9.966574583,1.757940718,-5.167502245,-0.5730410904,-0.00477534242,-30,0.492,0,0,0,621.414398,49.88718252,44.145,0,-171.9123271
7.46,56.80028609,29.30179014,-0.5833088353,9.984799678,1.822509516,-5.173640843,-0.6138598988,-0.005115499157,-30,0.508,0,0,0,640.9614898,50.06363489,44.145,0,-184.1579696
7.47,56.88362369,29.24679499,-0.5884903522,10.00375204,1.895235743,-5.180177344,-0.653650078,-0.005447083983,-30,0.526,0,0,0,662.96262,50.2468972,44.145,0,-196.0950234
7.48,56.96683287,29.19126357,-0.5936685867,10.02401633,2.026429183,-5.187107741,-0.6930396422,-0.005775330352,-30,0.558,0,0,0,702.5115825,50.43782761,44.145,0,-207.9118927
7.49,57.04992134,29.13518866,-0.5988432667,10.04491654,2.090021003,-5.194464664,-0.7356923539,-0.006130769616,-30,0.574,0,0,0,721.7936762,50.64237528,44.145,0,-220.7077062
7.5,57.13289116,29.07856673,-0.604014504,10.06644991,2.153337228,-5.202234724,-0.7770059851,-0.006475049875,-30,0.59,0,0,0,740.9999439,50.85377551,44.145,0,-233.1017955
7.51,57.21574431,29.0213942,-0.6091823981,10.08861362,2.216370693,-5.210405961,-0.8171236974,-0.006809364145,-30,0.606,0,0,0,760.1282485,51.07204054,44.145,0,-245.1371092
7.52,57.29848266,28.96366744,-0.6143470383,10.11207286,2.345924702,-5.218967666,-0.8561704749,-0.007134753957,-30,0.638,0,0,0,799.2195935,51.29718285,44.145,0,-256.8511425
7.53,57.38111346,28.90537892,-0.6195081638,10.13615437,2.408150744,-5.227951142,-0.8983476114,-0.007486230095,-30,0.654,0,0,0,818.126248,51.53602487,44.145,0,-269.5042834
7.54,57.46363839,28.84652488,-0.6246658902,10.1609383,2.47839327,-5.2373425,-0.9391357667,-0.007826131389,-30,0.672,0,0,0,839.4447602,51.78177922,44.145,0,-281.74073
7.55,57.54605971,28.78710104,-0.6298202789,10.18633791,2.539960551,-5.247134393,-0.9791893531,-0.008159911276,-30,0.688,0,0,0,858.1684776,52.03531227,44.145,0,-293.7568059
7.56,57.62837891,28.72710356,-0.6349714278,10.21234993,2.601201852,-5.257315049,-1.018065546,-0.008483879547,-30,0.704,0,0,0,876.8013416,52.29578592,44.145,0,-305.4196637
7.57,57.71059738,28.66652855,-0.6401194252,10.23971715,2.736722189,-5.267873896,-1.055884729,-0.008799039406,-30,0.738,0,0,0,917.7248706,52.56321389,44.145,0,-316.7654186
7.58,57.79272241,28.60536761,-0.6452639754,10.26768723,2.797008413,-5.278846402,-1.097250613,-0.009143755112,-30,0.754,0,0,0,936.0928348,52.84531088,44.145,0,-329.175184
7.59,57.87475518,28.54361678,-0.6504051978,10.29633927,2.86520334,-5.29021824,-1.137183782,-0.009476531519,-30,0.772,0,0,0,956.8404041,53.13440217,44.145,0,-341.1551347
7.6,57.95669741,28.48127153,-0.6555431581,10.32558668,2.92474168,-5.301981534,-1.176329461,-0.009802745506,-30,0.788,0,0,0,974.9988635,53.43135956,44.145,0,-352.8988382
7.61,58.03855009,28.41832779,-0.6606779574,10.35550815,2.992146303,-5.314124148,-1.214261392,-0.01011884493,-30,0.806,0,0,0,995.5242321,53.73534114,44.145,0,-364.2784176
7.62,58.12031474,28.35478098,-0.6658096459,10.38609942,3.059127483,-5.326640066,-1.251591749,-0.01042993125,-30,0.824,0,0,0,1015.930466,54.04722068,44.145,0,-375.4775248
7.63,58.20199278,28.29062645,-0.6709382701,10.41801254,3.191312221,-5.339523695,-1.288362878,-0.01073635732,-30,0.858,0,0,0,1055.905681,54.36701484,44.145,0,-386.5088635
7.64,58.28359068,28.22585547,-0.6760635506,10.45050199,3.248945061,-5.352808561,-1.328486603,-0.01107072169,-30,0.874,0,0,0,1073.530151,54.70163262,44.145,0,-398.545981
7.65,58.36510898,28.16046382,-0.6811856094,10.48364547,3.314348031,-5.366480037,-1.367147585,-0.01139289654,-30,0.892,0,0,0,1093.492757,55.04334794,44.145,0,-410.1442754
7.66,58.44654873,28.09444679,-0.6863045158,10.5173568,3.371132442,-5.380529794,-1.404975758,-0.01170813131,-30,0.908,0,0,0,1110.877771,55.39303851,44.145,0,-421.4927273
7.67,58.52791027,28.02780012,-0.6914203733,10.55163182,3.427501669,-5.394945433,-1.441563893,-0.01201303245,-30,0.924,0,0,0,1128.145357,55.7498562,44.145,0,-432.469168
7.68,58.60919383,27.96051954,-0.6965332748,10.58719735,3.556553758,-5.409715782,-1.477034854,-0.01230862378,-30,0.958,0,0,0,1167.224942,56.11381472,44.145,0,-443.1104562
7.69,58.69040514,27.89259607,-0.7016429517,10.62339559,3.619823714,-5.424873084,-1.5157302,-0.012631085,-30,0.976,0,0,0,1186.584843,56.49272889,44.145,0,-454.7190601
7.7,58.7715448,27.82402487,-0.7067494857,10.66014067,3.674508202,-5.440407534,-1.553445007,-0.01294537506,-30,0.992,0,0,0,1203.377154,56.87969307,44.145,0,-466.0335022
7.71,58.85261269,27.75480162,-0.7118529901,10.69710538,3.696470321,-5.456305531,-1.589799699,-0.01324833082,-30,1,0,0,0,1210.35995,57.27385398,44.145,0,-476.9399096
7.72,58.93360611,27.68492408,-0.716953721,10.73396555,3.686016934,-5.47253636,-1.623082972,-0.01352569144,-30,1,0,0,0,1207.621824,57.67174396,44.145,0,-486.9248917
7.73,59.01451991,27.61439211,-0.722052057,10.77072143,3.675588536,-5.489054564,-1.651820354,-0.01376516962,-30,1,0,0,0,1204.891441,58.06988023,44.145,0,-495.5461062
7.74,59.09534891,27.54320561,-0.7271483309,10.80737328,3.665185097,-5.505820236,-1.676567243,-0.01397139369,-30,1,0,0,0,1202.168783,58.46825383,44.145,0,-502.9701728
7.75,59.17608788,27.47136447,-0.7322428345,10.84392135,3.654806584,-5.522798332,-1.697809567,-0.01414841306,-30,1,0,0,0,1199.453831,58.86685589,44.145,0,-509.3428702
7.76,59.25673161,27.3988686,-0.7373358245,10.88036588,3.644452964,-5.539958059,-1.715972698,-0.01429977249,-30,1,0,0,0,1196.746567,59.26567761,44.145,0,-514.7918095
7.77,59.33727487,27.32571793,-0.7424275265,10.91670712,3.634124206,-5.557272351,-1.731429189,-0.01442857658,-30,1,0,0,0,1194.046972,59.66471025,44.145,0,-519.4287568
7.78,59.41771239,27.25191241,-0.7475181388,10.95294532,3.623820277,-5.574717406,-1.744505501,-0.01453754584,-30,1,0,0,0,1191.355028,60.06394514,44.145,0,-523.3516504
7.79,59.49803892,27.17745202,-0.7526078359,10.98908073,3.613541144,-5.592272284,-1.755487852,-0.01462906543,-30,1,0,0,0,1188.670717,60.46337366,44.145,0,-526.6463556
7.8,59.57824918,27.10233675,-0.7576967714,11.0251136,3.603286775,-5.609918557,-1.764627303,-0.01470522752,-30,1,0,0,0,1185.99402,60.86298726,44.145,0,-529.3881909
7.81,59.6583379,27.02656664,-0.7627850805,11.06104417,3.593057137,-5.627639999,-1.772144187,-0.01476786823,-30,1,0,0,0,1183.324918,61.26277748,44.145,0,-531.6432562
7.82,59.7382998,26.95014174,-0.7678728822,11.09687269,3.582852196,-5.645422319,-1.778231967,-0.01481859973,-30,1,0,0,0,1180.663395,61.66273588,44.145,0,-533.4695902
7.83,59.81812957,26.87306213,-0.7729602816,11.13259941,3.57267192,-5.663252925,-1.783060593,-0.01485883827,-30,1,0,0,0,1178.00943,62.06285413,44.145,0,-534.9181779
7.84,59.89782192,26.79532793,-0.7780473711,11.16822458,3.562516275,-5.681120719,-1.786779433,-0.01488982861,-30,1,0,0,0,1175.363006,62.46312393,44.145,0,-536.0338299
7.85,59.97737156,26.71693929,-0.7831342322,11.20374843,3.552385228,-5.699015918,-1.789519829,-0.01491266524,-30,1,0,0,0,1172.724105,62.86353705,44.145,0,-536.8559488
7.86,60.05677317,26.63789638,-0.7882209368,11.23917122,3.542278746,-5.716929891,-1.791397329,-0.01492831108,-30,1,0,0,0,1170.092709,63.26408534,44.145,0,-537.4191987
7.87,60.13602146,26.55819942,-0.7933075484,11.27449318,3.532196794,-5.734855027,-1.79251363,-0.01493761358,-30,1,0,0,0,1167.468799,63.66476069,44.145,0,-537.7540889
7.88,60.21511113,26.47784866,-0.798394123,11.30971458,3.522139339,-5.75278461,-1.792958283,-0.01494131902,-30,1,0,0,0,1164.852357,64.06555506,44.145,0,-537.8874848
7.89,60.29403685,26.39684437,-0.8034807099,11.34483564,3.512106347,-5.770712712,-1.792810179,-0.01494008482,-30,1,0,0,0,1162.243365,64.46646048,44.145,0,-537.8430536
7.9,60.37279333,26.31518688,-0.8085673528,11.37985662,3.502097784,-5.7886341,-1.79213885,-0.01493449042,-30,1,0,0,0,1159.641804,64.86746904,44.145,0,-537.6416549
7.91,60.45137527,26.23287654,-0.8136540901,11.41477775,3.492113617,-5.806544156,-1.791005607,-0.01492504673,-30,1,0,0,0,1157.047658,65.26857288,44.145,0,-537.3016821
7.92,60.52977735,26.14991372,-0.8187409558,11.44959929,3.48215381,-5.824438802,-1.789464536,-0.01491220447,-30,1,0,0,0,1154.460907,65.6697642,44.145,0,-536.8393608
7.93,60.60799428,26.06629887,-0.8238279799,11.48432148,3.472218329,-5.842314435,-1.78756337,-0.01489636142,-30,1,0,0,0,1151.881534,66.07103528,44.145,0,-536.2690111
7.94,60.68602076,25.98203243,-0.828915189,11.51894455,3.462307139,-5.860167878,-1.785344255,-0.0148778688,-30,1,0,0,0,1149.30952,66.47237844,44.145,0,-535.6032766
7.95,60.76385149,25.89711491,-0.8340026064,11.55346875,3.452420208,-5.877996322,-1.782844419,-0.01485703683,-30,1,0,0,0,1146.744848,66.87378608,44.145,0,-534.8533258
7.96,60.84148118,25.81154683,-0.8390902527,11.58789432,3.442557498,-5.89579729,-1.78009676,-0.01483413967,-30,1,0,0,0,1144.1875,67.27525063,44.145,0,-534.0290281
7.97,60.91890454,25.72532877,-0.8441781463,11.62222151,3.432718976,-5.913568593,-1.777130363,-0.01480941969,-30,1,0,0,0,1141.637457,67.67676462,44.145,0,-533.1391089
7.98,60.99611627,25.63846134,-0.8492663031,11.65645056,3.422904607,-5.931308303,-1.773970951,-0.01478309126,-30,1,0,0,0,1139.094703,68.0783206,44.145,0,-532.1912854
7.99,61.07311111,25.55094518,-0.8543547374,11.6905817,3.413114355,-5.949014716,-1.770641286,-0.01475534405,-30,1,0,0,0,1136.559218,68.47991119,44.145,0,-531.1923858
8,61.14988378,25.46278097,-0.8594434617,11.72461519,3.403348186,-5.966686331,-1.767161514,-0.01472634595,-30,1,0,0,0,1134.030985,68.88152909,44.145,0,-530.1484542
8.01,61.226429,25.37396943,-0.864532487,11.75855125,3.393606064,-5.984321826,-1.763549477,-0.01469624564,-30,1,0,0,0,1131.509986,69.28316703,44.145,0,-529.0648431
8.02,61.30274151,25.28451132,-0.869621823,11.79239013,3.383887954,-6.001920035,-1.75982098,-0.01466517484,-30,1,0,0,0,1128.996204,69.68481782,44.145,0,-527.9462941
8.03,61.37881606,25.19440744,-0.8747114783,11.82613206,3.37419382,-6.019479936,-1.755990032,-0.01463325026,-30,1,0,0,0,1126.48962,70.0864743,44.145,0,-526.7970095
8.04,61.45464738,25.1036586,-0.8798014603,11.8597773,3.364523627,-6.037000626,-1.752069051,-0.01460057542,-30,1,0,0,0,1123.990217,70.4881294,44.145,0,-525.6207152
8.05,61.53023023,25.01226569,-0.8848917756,11.89332607,3.354877339,-6.054481317,-1.748069052,-0.0145672421,-30,1,0,0,0,1121.497978,70.88977608,44.145,0,-524.4207155
8.06,61.60555938,24.92022961,-0.8899824301,11.92677862,3.34525492,-6.071921315,-1.743999809,-0.01453333174,-30,1,0,0,0,1119.012883,71.29140737,44.145,0,-523.1999426
8.07,61.68062958,24.8275513,-0.8950734287,11.96013519,3.335656335,-6.089320015,-1.739869997,-0.01449891664,-30,1,0,0,0,1116.534917,71.69301636,44.145,0,-521.960999
8.08,61.75543563,24.73423175,-0.9001647758,11.993396,3.326081547,-6.106676888,-1.735687319,-0.01446406099,-30,1,0,0,0,1114.06406,72.09459617,44.145,0,-520.7061956
8.09,61.82997229,24.64027197,-0.9052564753,12.02656131,3.31653052,-6.123991474,-1.731458618,-0.01442882181,-30,1,0,0,0,1111.600296,72.49614002,44.145,0,-519.4375853
8.1,61.90423437,24.54567301,-0.9103485306,12.05963134,3.307003219,-6.141263374,-1.727189973,-0.01439324978,-30,1,0,0,0,1109.143607,72.89764114,44.145,0,-518.156992
8.11,61.97821665,24.45043598,-0.9154409445,12.09260634,3.297499607,-6.158492242,-1.722886791,-0.01435738993,-30,1,0,0,0,1106.693975,73.29909285,44.145,0,-516.8660373
8.12,62.05191396,24.354562,-0.9205337194,12.12548653,3.288019647,-6.175677781,-1.718553877,-0.01432128231,-30,1,0,0,0,1104.251383,73.7004885,44.145,0,-515.5661631
8.13,62.1253211,24.25805224,-0.9256268575,12.15827216,3.278563303,-6.192819736,-1.714195506,-0.01428496255,-30,1,0,0,0,1101.815812,74.10182151,44.145,0,-514.2586518
8.14,62.19843291,24.16090791,-0.9307203607,12.19096347,3.269130539,-6.20991789,-1.709815483,-0.01424846236,-30,1,0,0,0,1099.387247,74.50308535,44.145,0,-512.9446448
8.15,62.27124421,24.06313024,-0.9358142303,12.22356068,3.259721318,-6.226972062,-1.705417194,-0.01421180995,-30,1,0,0,0,1096.965669,74.90427353,44.145,0,-511.6251581
8.16,62.34374987,23.96472051,-0.9409084678,12.25606404,3.250335603,-6.243982099,-1.701003654,-0.01417503045,-30,1,0,0,0,1094.55106,75.30537963,44.145,0,-510.3010961
8.17,62.41594472,23.86568005,-0.9460030741,12.28847377,3.240973357,-6.260947874,-1.696577549,-0.01413814624,-30,1,0,0,0,1092.143404,75.70639729,44.145,0,-508.9732648
8.18,62.48782364,23.76601019,-0.95109805,12.32079012,3.231634544,-6.277869287,-1.692141273,-0.01410117727,-30,1,0,0,0,1089.742683,76.10732019,44.145,0,-507.6423818
8.19,62.5593815,23.66571234,-0.9561933964,12.35301331,3.222319127,-6.294746257,-1.687696957,-0.01406414131,-30,1,0,0,0,1087.34888,76.50814205,44.145,0,-506.3090871
8.2,62.6306132,23.56478792,-0.9612891136,12.38514358,3.213027068,-6.311578722,-1.683246504,-0.0140270542,-30,1,0,0,0,1084.961977,76.90885667,44.145,0,-504.9739511
8.21,62.70151362,23.46323838,-0.9663852021,12.41718116,3.20375833,-6.328366638,-1.678791608,-0.01398993007,-30,1,0,0,0,1082.581957,77.30945788,44.145,0,-503.6374823
8.22,62.77207768,23.36106524,-0.971481662,12.44912629,3.194512877,-6.345109976,-1.674333782,-0.01395278152,-30,1,0,0,0,1080.208803,77.70993958,44.145,0,-502.3001347
8.23,62.84230031,23.25827001,-0.9765784935,12.4809792,3.18529067,-6.361808719,-1.669874376,-0.0139156198,-30,1,0,0,0,1077.842497,78.1102957,44.145,0,-500.9623128
8.24,62.91217642,23.15485429,-0.9816756968,12.51274012,3.176091673,-6.378462865,-1.665414594,-0.01387845495,-30,1,0,0,0,1075.483022,78.51052025,44.145,0,-499.6243781
8.25,62.98170097,23.05081966,-0.9867732716,12.54440927,3.166915848,-6.39507242,-1.66095551,-0.01384129592,-30,1,0,0,0,1073.130362,78.91060727,44.145,0,-498.2866531
8.26,63.05086892,22.94616778,-0.9918712178,12.57598691,3.157763158,-6.411637401,-1.656498085,-0.01380415071,-30,1,0,0,0,1070.784498,79.31055084,44.145,0,-496.9494256
8.27,63.11967522,22.84090033,-0.9969695353,12.60747324,3.148633564,-6.428157833,-1.652043176,-0.01376702647,-30,1,0,0,0,1068.445414,79.71034512,44.145,0,-495.6129528
8.28,63.18811487,22.73501901,-1.002068224,12.63886851,3.13952703,-6.444633749,-1.647591548,-0.01372992957,-30,1,0,0,0,1066.113093,80.1099843,44.145,0,-494.2774644
8.29,63.25618287,22.6285256,-1.007167283,12.67017295,3.130443517,-6.461065187,-1.643143885,-0.01369286571,-30,1,0,0,0,1063.787518,80.50946262,44.145,0,-492.9431654
8.3,63.3238742,22.52142186,-1.012266712,12.70138678,3.121382987,-6.477452195,-1.638700798,-0.01365583998,-30,1,0,0,0,1061.468671,80.90877438,44.145,0,-491.6102393
8.31,63.39118391,22.41370962,-1.017366511,12.73251023,3.112345404,-6.493794824,-1.634262833,-0.01361885694,-30,1,0,0,0,1059.156535,81.30791393,44.145,0,-490.2788498
8.32,63.45810702,22.30539075,-1.02246668,12.76354354,3.103330728,-6.510093128,-1.629830477,-0.01358192064,-30,1,0,0,0,1056.851094,81.70687566,44.145,0,-488.9491431
8.33,63.52463859,22.19646712,-1.027567217,12.79448693,3.094338922,-6.52634717,-1.625404167,-0.01354503473,-30,1,0,0,0,1054.55233,82.105654,44.145,0,-487.6212501
8.34,63.59077367,22.08694068,-1.032668123,12.82534063,3.085369947,-6.542557013,-1.620984292,-0.01350820244,-30,1,0,0,0,1052.260228,82.50424345,44.145,0,-486.2952877
8.35,63.65650734,21.97681339,-1.037769397,12.85610486,3.076423766,-6.558722725,-1.616571201,-0.01347142667,-30,1,0,0,0,1049.974768,82.90263855,44.145,0,-484.9713603
8.36,63.72183469,21.86608724,-1.042871037,12.88677987,3.06750034,-6.574844377,-1.612165204,-0.01343471003,-30,1,0,0,0,1047.695936,83.30083387,44.145,0,-483.6495611
8.37,63.78675084,21.75476427,-1.047973044,12.91736586,3.058599631,-6.590922043,-1.607766579,-0.01339805482,-30,1,0,0,0,1045.423713,83.69882407,44.145,0,-482.3299737
8.38,63.8512509,21.64284655,-1.053075418,12.94730673,2.994086503,-6.606955799,-1.603375574,-0.01336146312,-30,0.984,0,0,0,1026.467555,84.0966038,44.145,0,-481.0126723
8.39,63.91532725,21.53034101,-1.058178375,12.97660667,2.929994159,-6.622919411,-1.596361211,-0.0133030101,-30,0.968,0,0,0,1007.630155,84.48690678,44.145,0,-478.9083634
8.4,63.97897236,21.41725462,-1.063282113,13.00526981,2.866313975,-6.638789441,-1.587003055,-0.01322502546,-30,0.952,0,0,0,988.9089222,84.86972963,44.145,0,-476.1009164
8.41,64.04217879,21.30359438,-1.068386805,13.03330018,2.803037412,-6.654544954,-1.575551238,-0.01312959365,-30,0.936,0,0,0,970.3012931,85.2450696,44.145,0,-472.6653713
8.42,64.10493918,21.1893673,-1.073492606,13.060081,2.678081791,-6.67016725,-1.562229636,-0.0130185803,-30,0.902,0,0,0,933.1824617,85.61292451,44.145,0,-468.6688909
8.43,64.16724328,21.0745859,-1.0785999,13.08623972,2.615872,-6.685610509,-1.544325847,-0.01286938206,-30,0.886,0,0,0,914.8717209,85.96512076,44.145,0,-463.2977542
8.44,64.22908398,20.95925725,-1.083708786,13.11178005,2.554032392,-6.700862736,-1.525222747,-0.01271018956,-30,0.87,0,0,0,896.6645512,86.30983372,44.145,0,-457.5668241
8.45,64.2904542,20.84338848,-1.088819353,13.13670559,2.492554812,-6.715913255,-1.50505187,-0.01254209892,-30,0.854,0,0,0,878.5585067,86.6470631,44.145,0,-451.515561
8.46,64.35134702,20.72698673,-1.09393168,13.16095145,2.424585111,-6.730752565,-1.483931041,-0.01236609201,-30,0.836,0,0,0,858.4973424,86.97680908,44.145,0,-445.1793124
8.47,64.41175524,20.61005978,-1.099045864,13.18397474,2.302329438,-6.745369031,-1.461646584,-0.0121803882,-30,0.802,0,0,0,822.1419956,87.29816405,44.145,0,-438.4939751
8.48,64.47166932,20.49262034,-1.104162203,13.20632821,2.235346702,-6.759726826,-1.435779455,-0.01196482879,-30,0.784,0,0,0,802.3528743,87.60386374,44.145,0,-430.7338365
8.49,64.53108232,20.37467626,-1.109280755,13.22808356,2.175534937,-6.773819202,-1.409237616,-0.0117436468,-30,0.768,0,0,0,784.706662,87.90118078,44.145,0,-422.7712848
8.5,64.58998772,20.25623483,-1.114401541,13.2491759,2.10923481,-6.787643349,-1.382414783,-0.01152012319,-30,0.75,0,0,0,765.1064691,88.19102607,44.145,0,-414.7244348
8.51,64.6483788,20.13730397,-1.119524609,13.26967657,2.050066351,-6.80119368,-1.355033095,-0.01129194246,-30,0.734,0,0,0,747.637399,88.47249373,44.145,0,-406.5099285
8.52,64.70624922,20.01789105,-1.124649974,13.28897827,1.93017067,-6.814468402,-1.327472204,-0.01106226836,-30,0.7,0,0,0,711.9426965,88.74649538,44.145,0,-398.2416611
8.53,64.76359014,19.89800897,-1.129777884,13.30769634,1.871806359,-6.827437738,-1.296933579,-0.01080777982,-30,0.684,0,0,0,694.6917674,89.00485957,44.145,0,-389.0800736
8.54,64.82039546,19.77766515,-1.134908327,13.32576588,1.806954035,-6.84010311,-1.266537201,-0.01055447668,-30,0.666,0,0,0,675.4869806,89.25577005,44.145,0,-379.9611604
8.55,64.87665892,19.65686769,-1.140041318,13.3432574,1.749152427,-6.852462768,-1.235965774,-0.01029971478,-30,0.65,0,0,0,658.3890503,89.49832228,44.145,0,-370.7897322
8.56,64.93237462,19.53562408,-1.145176843,13.36017349,1.691608892,-6.864518337,-1.205556935,-0.01004630779,-30,0.634,0,0,0,641.3610968,89.73342914,44.145,0,-361.6670804
8.57,64.98753678,19.41394188,-1.150314888,13.37591044,1.573694722,-6.876271371,-1.175303404,-0.009794195035,-30,0.6,0,0,0,606.2145115,89.96109481,44.145,0,-352.5910213
8.58,65.04213725,19.29183419,-1.155455676,13.39101149,1.510104963,-6.887695397,-1.142402599,-0.009520021662,-30,0.582,0,0,0,587.3496388,90.17314996,44.145,0,-342.7207798
8.59,65.0961702,19.16930926,-1.160599197,13.4054792,1.446771422,-6.898791362,-1.109596439,-0.009246636995,-30,0.564,0,0,0,568.5532978,90.3768711,44.145,0,-332.8789318
8.6,65.14962992,19.04637535,-1.165745445,13.41938319,1.390398601,-6.909560194,-1.076883267,-0.008974027222,-30,0.548,0,0,0,551.8368442,90.57226382,44.145,0,-323.06498
8.61,65.20251109,18.92304017,-1.170894385,13.43272558,1.334238858,-6.920005898,-1.04457033,-0.008704752747,-30,0.532,0,0,0,535.1768995,90.76024197,44.145,0,-313.3710989
8.62,65.25480845,18.79931145,-1.176045987,13.44550843,1.278285224,-6.930132161,-1.012626369,-0.008438553074,-30,0.516,0,0,0,518.5713779,90.94081069,44.145,0,-303.7879107
8.63,65.30651688,18.67519695,-1.181200223,13.45706438,1.155595009,-6.93994239,-0.9810228334,-0.008175190278,-30,0.48,0,0,0,481.937478,91.11397526,44.145,0,-294.30685
8.64,65.35762881,18.55071069,-1.186357323,13.4679995,1.093512304,-6.949408946,-0.9466555836,-0.00788879653,-30,0.462,0,0,0,463.4693523,91.27066119,44.145,0,-283.9966751
8.65,65.40813908,18.42586113,-1.191517264,13.47831578,1.031628025,-6.958534497,-0.9125551628,-0.007604626356,-30,0.444,0,0,0,445.0524608,91.41905335,44.145,0,-273.7665488
8.66,65.45804266,18.30065676,-1.196680027,13.48801512,0.9699336645,-6.967321513,-0.8787015736,-0.007322513113,-30,0.426,0,0,0,426.6842575,91.55915816,44.145,0,-263.6104721
8.67,65.50733462,18.17510615,-1.201845592,13.49715027,0.913514677,-6.975772277,-0.845076358,-0.007042302984,-30,0.41,0.016,0.016,0.016,410.3639852,91.69098215,44.145,0.4736,-253.5229074
8.68,65.55601034,18.04921738,-1.207013922,13.5056164,0.8466130763,-6.983891242,-0.811896515,-0.006765804292,-30,0.392,0.034,0.034,0.034,392.0827478,91.81522492,44.145,2.1386,-243.5689545
8.69,65.60406489,17.9229996,-1.212185023,13.5134545,0.7838104303,-6.991677599,-0.778635778,-0.006488631483,-30,0.376,0.05,0.05,0.05,375.8435729,91.93044384,44.145,4.625,-233.5907334
8.7,65.65149364,17.79646163,-1.217358887,13.51995569,0.6501185975,-6.999132448,-0.7454848658,-0.006212373881,-30,0.344,0.082,0.082,0.082,343.6571594,92.0371801,44.145,12.4394,-223.6454597
8.71,65.69828956,17.66961896,-1.222535777,13.52564727,0.5691578313,-7.006224169,-0.7091721127,-0.005909767606,-30,0.326,0.1,0.1,0.1,325.5181071,92.12575771,44.145,18.5,-212.7516338
8.72,65.74444763,17.54248224,-1.227715732,13.53049084,0.4843570762,-7.012948122,-0.6723952826,-0.005603294021,-30,0.308,0.118,0.118,0.118,307.4148624,92.20333952,44.145,25.7594,-201.7185848
8.73,65.78996281,17.41506251,-1.232898802,13.53444794,0.3957100793,-7.019298252,-0.6350130018,-0.005291775015,-30,0.29,0.136,0.136,0.136,289.3450117,92.26938787,44.145,34.2176,-190.5039006
8.74,65.83483008,17.28737126,-1.238085048,13.53758427,0.3136335628,-7.025267209,-0.5968957148,-0.004974130957,-30,0.274,0.152,0.152,0.152,273.3008344,92.32336561,44.145,42.7424,-179.0687144
8.75,65.87904475,17.15941939,-1.243274502,13.53976131,0.2177037736,-7.030851249,-0.558403977,-0.004653366475,-30,0.256,0.17,0.17,0.17,255.2872908,92.36615873,44.145,53.465,-167.5211931
8.76,65.92260184,17.03121918,-1.248467246,13.54013838,0.03770662679,-7.036040516,-0.5189266841,-0.004324389034,-30,0.224,0.202,0.202,0.202,223.3402568,92.39586873,44.145,75.4874,-155.6780052
8.77,65.96549382,16.90279094,-1.253663678,13.53956892,-0.05694614454,-7.040787235,-0.4746718987,-0.003955599156,-30,0.208,0.218,0.218,0.218,207.3815717,92.40101503,44.145,87.9194,-142.4015696
8.78,66.00771608,16.77414696,-1.258863834,13.53802226,-0.1546653361,-7.04508703,-0.4299794648,-0.003583162206,-30,0.192,0.234,0.234,0.234,191.4372421,92.39324292,44.145,101.2986,-128.9938394
8.79,66.04926406,16.64529988,-1.264067761,13.53546767,-0.2554594441,-7.048934403,-0.3847373006,-0.003206144172,-30,0.176,0.25,0.25,0.25,175.5043024,92.37213558,44.145,115.625,-115.4211902
8.8,66.09013326,16.51626269,-1.269275511,13.53066537,-0.4802298179,-7.052322824,-0.3388421878,-0.002823684899,-30,0.142,0.284,0.284,0.284,141.6269327,92.33727804,44.145,149.2136,-101.6526563
8.81,66.13031565,16.38706026,-1.274487615,13.5247586,-0.5906765947,-7.055188936,-0.2866111498,-0.002388426248,-30,0.126,0.3,0.3,0.3,125.7137899,92.2717683,44.145,166.5,-85.98334493
8.82,66.16980683,16.25770666,-1.279704114,13.51757148,-0.7187123095,-7.05752759,-0.2338654036,-0.001948878363,-30,0.108,0.318,0.318,0.318,107.8019312,92.19122403,44.145,187.0794,-70.15962107
8.83,66.20860208,16.12821765,-1.284925117,13.50906438,-0.8507100384,-7.059325808,-0.1798218257,-0.001498515214,-30,0.09,0.336,0.336,0.336,89.88285679,92.09326833,44.145,208.8576,-53.9465477
8.84,66.24669675,15.99860948,-1.290150738,13.49935123,-0.9713149191,-7.060569752,-0.124394352,-0.0010366196,-30,0.074,0.352,0.352,0.352,73.95031377,91.9773895,44.145,229.2224,-37.31830561
8.85,66.28408672,15.86889734,-1.295381041,13.48824282,-1.110841602,-7.06125192,-0.06821682829,-0.000568473569,-30,0.056,0.37,0.37,0.37,56.00269119,91.84517177,44.145,253.265,-20.46504849
8.86,66.32076754,15.73909832,-1.300616157,13.47421721,-1.402560866,-7.0613565,-0.01045802405,-8.715020043e-05,-30,0.02,0.406,0.406,0.406,20.01741805,91.6940779,44.145,304.9466,-3.137407216
8.87,66.35673091,15.60924421,-1.305856801,13.4586762,-1.554100877,-7.060797845,0.0558655269,0.0004655460575,-30,0.002,0.424,0.424,0.424,2.003819673,91.50348278,44.145,332.5856,16.75965807
8.88,66.39197257,15.4793534,-1.31110308,13.44222295,-1.645325088,-7.059562823,0.1235021905,0.00102918492,-30,0,0.44,0.44,0.44,0,91.29252636,44.145,358.16,37.05065714
8.89,66.42649006,15.34943851,-1.316354862,13.42489308,-1.732986841,-7.057667481,0.189534247,0.001579452058,-30,0,0.456,0.456,0.456,0,91.06945231,44.145,384.6816,56.8602741
8.9,66.46028118,15.21951186,-1.321612012,13.40665541,-1.823767294,-7.055128028,0.2539452816,0.00211621068,-30,0,0.472,0.472,0.472,0,90.8347881,44.145,412.1504,76.18358449
8.91,66.4933438,15.08958609,-1.32687442,13.38637541,-2.027999194,-7.051957691,0.3170336354,0.002641946962,-30,0,0.506,0.506,0.506,0,90.58815822,44.145,473.6666,95.11009062
8.92,66.52567328,14.95968494,-1.332142431,13.36509026,-2.128515678,-7.048114866,0.3842825003,0.003202354169,-30,0,0.522,0.522,0.522,0,90.31430355,44.145,504.0954,115.2847501
8.93,66.55726767,14.8298221,-1.337415957,13.34263585,-2.245441071,-7.043610298,0.4504568649,0.003753807208,-30,0,0.54,0.54,0.54,0,90.02732134,44.145,539.46,135.1370595
8.94,66.58812486,14.7000129,-1.342694981,13.31897273,-2.366311565,-7.038445875,0.5164422332,0.004303685277,-30,0,0.558,0.558,0.558,0,89.72506939,44.145,576.0234,154.93267
8.95,66.61824285,14.57027312,-1.347979507,13.29420331,-2.476942325,-7.032621277,0.5824598891,0.004853832409,-30,0,0.574,0.574,0.574,0,89.40709744,44.145,609.5306,174.7379667
8.96,66.64762007,14.44061757,-1.353269498,13.2681507,-2.605260881,-7.026140915,0.6480361459,0.005400301216,-30,0,0.592,0.592,0.592,0,89.07486415,44.145,648.3584,194.4108438
8.97,66.67625478,14.31106281,-1.358564992,13.2407755,-2.737520289,-7.019000195,0.7140719761,0.0059505998,-30,0,0.61,0.61,0.61,0,88.72608677,44.145,688.385,214.2215928
8.98,66.70414537,14.18162584,-1.363866041,13.21062416,-3.015133135,-7.011192826,0.7807369701,0.006506141418,-30,0,0.646,0.646,0.646,0,88.36034041,44.145,772.0346,234.221091
8.99,66.73128748,14.05233793,-1.369173279,13.17919567,-3.142849259,-7.002642781,0.8550044615,0.007125037179,-30,0,0.662,0.662,0.662,0,87.95837777,44.145,810.7514,256.5013384
9,66.75768011,13.9232157,-1.374486686,13.14645898,-3.273669214,-6.993352497,0.929028446,0.007741903717,-30,0,0.678,0.678,0.678,0,87.54036407,44.145,850.4154,278.7085338
9.01,66.78332243,13.79427614,-1.379806257,13.11221163,-3.424735365,-6.98332248,1.00300169,0.008358347414,-30,0,0.696,0.696,0.696,0,87.10600939,44.145,896.1696,300.9005069
9.02,66.80821348,13.66553825,-1.385132073,13.07659015,-3.562147224,-6.972543106,1.077937394,0.00898281162,-30,0,0.712,0.712,0.712,0,86.65276724,44.145,937.8464,323.3812183
9.03,66.83235279,13.53701971,-1.390464154,13.03938373,-3.72064198,-6.961011979,1.153112646,0.009609272049,-30,0,0.73,0.73,0.73,0,86.18259386,44.145,985.865,345.9337938
9.04,66.85573975,13.40874032,-1.395802605,12.99924942,-4.013430887,-6.94871631,1.229566897,0.01024639081,-30,0,0.762,0.762,0.762,0,85.69286619,44.145,1074.1914,368.8700691
9.05,66.8783717,13.28073312,-1.40114808,12.95761321,-4.163621882,-6.935577838,1.313847189,0.01094872658,-30,0,0.778,0.778,0.778,0,85.16616475,44.145,1119.7754,394.1541568
9.06,66.90024877,13.15301715,-1.406500592,12.9144441,-4.31691023,-6.921594946,1.398289267,0.01165241056,-30,0,0.794,0.794,0.794,0,84.62146896,44.145,1166.3066,419.4867802
9.07,66.92137133,13.0256118,-1.411860168,12.86971115,-4.473295216,-6.906764312,1.483063374,0.01235886145,-30,0,0.81,0.81,0.81,0,84.05856472,44.145,1213.785,444.9190123
9.08,66.94173994,12.89853676,-1.41722685,12.82173763,-4.797352168,-6.891081041,1.56832714,0.01306939283,-30,0,0.842,0.842,0.842,0,83.47725042,44.145,1311.5834,470.4981419
9.09,66.96135291,12.77182832,-1.42260138,12.77210748,-4.963014886,-6.874456001,1.66250399,0.01385419992,-30,0,0.858,0.858,0.858,0,82.85606575,44.145,1361.9034,498.7511971
9.1,66.98021133,12.64550717,-1.427983777,12.72078977,-5.131771572,-6.856886825,1.756917521,0.01464097934,-30,0,0.874,0.874,0.874,0,82.21587167,44.145,1413.1706,527.0752562
9.11,66.99831652,12.5195943,-1.433374077,12.66753377,-5.325599734,-6.838369402,1.851742383,0.01543118653,-30,0,0.892,0.892,0.892,0,81.5565201,44.145,1471.9784,555.522715
9.12,67.01566979,12.39411321,-1.43877242,12.61230027,-5.523350238,-6.818886756,1.948264607,0.01623553839,-30,0,0.91,0.91,0.91,0,80.87507153,44.145,1531.985,584.4793821
9.13,67.03227271,12.26908779,-1.444178957,12.55343561,-5.886465798,-6.798420851,2.046590466,0.01705492055,-30,0,0.942,0.942,0.942,0,80.17133947,44.145,1641.6234,613.9771397
9.14,67.04812511,12.14455837,-1.449594543,12.49272117,-6.071443759,-6.776869077,2.15517738,0.0179598115,-30,0,0.958,0.958,0.958,0,79.42472776,44.145,1697.8634,646.5532139
9.15,67.06322946,12.02054762,-1.455019197,12.43012604,-6.259513045,-6.754229119,2.263995797,0.01886663164,-30,0,0.974,0.974,0.974,0,78.65831345,44.145,1755.0506,679.1987391
9.16,67.07758858,11.89707852,-1.460452955,12.36537486,-6.475118163,-6.730496744,2.373237505,0.01977697921,-30,0,0.992,0.992,0.992,0,77.87204881,44.145,1820.5184,711.9712514
9.17,67.09120528,11.77417679,-1.465895973,12.29966793,-6.570692859,-6.705653023,2.484372159,0.02070310132,-30,0,1,1,1,0,77.06285767,44.145,1850,745.3116477
9.18,67.10408402,11.65185622,-1.471347871,12.23398823,-6.567970143,-6.67974384,2.590918284,0.0215909857,-30,0,1,1,1,0,76.24604291,44.145,1850,777.2754852
9.19,67.11623049,11.53012081,-1.47680786,12.1683356,-6.565263053,-6.652863717,2.688012226,0.02240010189,-30,0,1,1,1,0,75.43391585,44.145,1850,806.4036679
9.2,67.12765049,11.40897452,-1.482275217,12.10270988,-6.562571564,-6.625099385,2.776433262,0.02313694385,-30,0,1,1,1,0,74.62646917,44.145,1850,832.9299786
9.21,67.13834996,11.2884213,-1.48774928,12.03711093,-6.559895652,-6.59653038,2.856900433,0.02380750361,-30,0,1,1,1,0,73.82369559,44.145,1850,857.07013
9.22,67.14833494,11.16846504,-1.493229441,11.97153857,-6.557235293,-6.567229612,2.930076893,0.02441730744,-30,0,1,1,1,0,73.02558787,44.145,1850,879.023068
9.23,67.15761158,11.04910962,-1.498715143,11.90599267,-6.554590463,-6.537263872,2.996573961,0.02497144967,-30,0,1,1,1,0,72.23213884,44.145,1850,898.9721882
9.24,67.16618613,10.93035885,-1.504205877,11.84047306,-6.551961138,-6.506694323,3.056954902,0.02547462419,-30,0,1,1,1,0,71.44334135,44.145,1850,917.0864707
9.25,67.17406493,10.81221655,-1.509701176,11.77497958,-6.549347294,-6.475576938,3.111738458,0.02593115381,-30,0,1,1,1,0,70.65918831,44.145,1850,933.5215373
9.26,67.18125439,10.69468644,-1.515200614,11.70951209,-6.546748909,-6.443962917,3.161402126,0.02634501771,-30,0,1,1,1,0,69.87967267,44.145,1850,948.4206377
9.27,67.18776103,10.57777224,-1.520703801,11.64407043,-6.544165958,-6.411899065,3.206385227,0.02671987689,-30,0,1,1,1,0,69.10478744,44.145,1850,961.915568
9.28,67.1935914,10.46147759,-1.526210379,11.57865445,-6.541598419,-6.379428147,3.247091751,0.02705909793,-30,0,1,1,1,0,68.33452565,44.145,1850,974.1275253
9.29,67.19875214,10.34580611,-1.531720025,11.51326399,-6.539046268,-6.346589217,3.283893014,0.02736577512,-30,0,1,1,1,0,67.5688804,44.145,1850,985.1679042
9.3,67.20324995,10.23076137,-1.53723244,11.44789889,-6.536509483,-6.313417916,3.317130123,0.02764275103,-30,0,1,1,1,0,66.80784482,44.145,1850,995.1390369
9.31,67.20709159,10.11634685,-1.542747354,11.38255901,-6.53398804,-6.279946753,3.347116273,0.02789263561,-30,0,1,1,1,0,66.05141209,44.145,1850,1004.134882
9.32,67.21028386,10.00256604,-1.54826452,11.31724419,-6.531481918,-6.246205364,3.37413888,0.028117824,-30,0,1,1,1,0,65.29957544,44.145,1850,1012.241664
9.33,67.21283363,9.88942232,-1.553783713,11.25195428,-6.528991094,-6.212220749,3.398461562,0.02832051302,-30,0,1,1,1,0,64.55232813,44.145,1850,1019.538469
9.34,67.21474779,9.77691906,-1.559304728,11.18668913,-6.526515545,-6.178017489,3.420325983,0.02850271653,-30,0,1,1,1,0,63.80966349,44.145,1850,1026.097795
9.35,67.21603329,9.665059555,-1.564827379,11.12144857,-6.52405525,-6.143617953,3.439953559,0.02866627966,-30,0,1,1,1,0,63.07157487,44.145,1850,1031.986068
9.36,67.21669712,9.55384705,-1.570351495,11.05623247,-6.521610186,-6.109042483,3.457547041,0.02881289201,-30,0,1,1,1,0,62.33805567,44.145,1850,1037.264112
9.37,67.2167463,9.443284737,-1.575876924,10.99104067,-6.519180331,-6.074309563,3.473291991,0.02894409992,-30,0,1,1,1,0,61.60909935,44.145,1850,1041.987597
9.38,67.21618789,9.333375748,-1.581403525,10.92587301,-6.516765665,-6.039435982,3.487358137,0.02906131781,-30,0,1,1,1,0,60.8846994,44.145,1850,1046.207441
9.39,67.21502898,9.224123165,-1.586931171,10.86072935,-6.514366165,-6.004436975,3.499900642,0.02916583869,-30,0,1,1,1,0,60.16484935,44.145,1850,1049.970193
9.4,67.2132767,9.115530008,-1.592459747,10.79560953,-6.511981809,-5.969326363,3.511061269,0.02925884391,-30,0,1,1,1,0,59.44954279,44.145,1850,1053.318381
9.41,67.21093818,9.007599244,-1.597989149,10.73051341,-6.509612578,-5.934116668,3.520969463,0.02934141219,-30,0,1,1,1,0,58.73877334,44.145,1850,1056.290839
9.42,67.20802061,8.900333781,-1.603519282,10.66544082,-6.507258449,-5.898819234,3.529743351,0.02941452793,-30,0,1,1,1,0,58.03253466,44.145,1850,1058.923005
9.43,67.20453119,8.79373647,-1.609050061,10.60039163,-6.504919402,-5.863444328,3.53749067,0.02947908892,-30,0,1,1,1,0,57.33082048,44.145,1850,1061.247201
9.44,67.20047713,8.687810104,-1.614581408,10.53536567,-6.502595415,-5.828001232,3.544309617,0.02953591348,-30,0,1,1,1,0,56.63362455,44.145,1850,1063.292885
9.45,67.19586569,8.58255742,-1.620113253,10.47036281,-6.500286469,-5.792498335,3.550289644,0.02958574704,-30,0,1,1,1,0,55.94094067,44.145,1850,1065.086893
9.46,67.19070412,8.477981094,-1.625645533,10.40538288,-6.497992542,-5.756943213,3.555512182,0.02962926819,-30,0,1,1,1,0,55.25276268,44.145,1850,1066.653655
9.47,67.18499971,8.374083745,-1.631178192,10.34042575,-6.495713615,-5.7213427,3.560051316,0.0296670943,-30,0,1,1,1,0,54.56908446,44.145,1850,1068.015395
9.48,67.17875976,8.270867935,-1.636711178,10.27549125,-6.493449666,-5.685702956,3.563974403,0.0296997867,-30,0,1,1,1,0,53.88989995,44.145,1850,1069.192321
9.49,67.17199159,8.168336165,-1.642244444,10.21057924,-6.491200677,-5.65002953,3.567342647,0.02972785539,-30,0,1,1,1,0,53.21520311,44.145,1850,1070.202794
9.5,67.16470253,8.066490878,-1.647777949,10.14568958,-6.488966627,-5.614327413,3.570211619,0.02975176349,-30,0,1,1,1,0,52.54498797,44.145,1850,1071.063486
9.51,67.15689992,7.965334459,-1.653311657,10.0808221,-6.486747495,-5.578601096,3.572631747,0.02977193123,-30,0,1,1,1,0,51.87924858,44.145,1850,1071.789524
9.52,67.14859114,7.864869234,-1.658845532,10.01597667,-6.484543263,-5.542854608,3.574648761,0.02978873968,-30,0,1,1,1,0,51.21797904,44.145,1850,1072.394628
9.53,67.13978354,7.765097469,-1.664379545,9.951153132,-6.482353912,-5.507091567,3.576304099,0.02980253416,-30,0,1,1,1,0,50.56117349,44.145,1850,1072.89123
9.54,67.13048452,7.666021372,-1.669913669,9.886351338,-6.48017942,-5.471315214,3.577635287,0.02981362739,-30,0,1,1,1,0,49.90882612,44.145,1850,1073.290586
9.55,67.12070146,7.567643091,-1.67544788,9.82157114,-6.478019771,-5.435528452,3.578676283,0.02982230236,-30,0,1,1,1,0,49.26093116,44.145,1850,1073.602885
9.56,67.11044179,7.469964715,-1.680982155,9.756812391,-6.475874943,-5.399733874,3.579457796,0.02982881497,-30,0,1,1,1,0,48.61748287,44.145,1850,1073.837339
9.57,67.09971291,7.372988275,-1.686516477,9.692074941,-6.473744919,-5.363933798,3.580007574,0.02983339645,-30,0,1,1,1,0,47.97847557,44.145,1850,1074.002272
9.58,67.08852224,7.276715743,-1.692050828,9.627358645,-6.471629679,-5.328130291,3.580350676,0.02983625563,-30,0,1,1,1,0,47.3439036,44.145,1850,1074.105203
9.59,67.07687722,7.181149028,-1.697585191,9.562663353,-6.469529205,-5.292325194,3.58050971,0.02983758091,-30,0,1,1,1,0,46.71376137,44.145,1850,1074.152913
9.6,67.06478528,7.086289984,-1.703119554,9.497988918,-6.467443478,-5.256520143,3.580505062,0.02983754218,-30,0,1,1,1,0,46.08804332,44.145,1850,1074.151519
9.61,67.05225388,6.992140405,-1.708653905,9.433335193,-6.46537248,-5.220716592,3.580355099,0.02983629249,-30,0,1,1,1,0,45.46674392,44.145,1850,1074.10653
9.62,67.03929046,6.898702023,-1.714188232,9.368702031,-6.463316192,-5.184915829,3.580076354,0.02983396962,-30,0,1,1,1,0,44.84985768,44.145,1850,1074.022906
9.63,67.02590249,6.805976514,-1.719722527,9.304089285,-6.461274597,-5.149118992,3.579683703,0.02983069752,-30,0,1,1,1,0,44.23737919,44.145,1850,1073.905111
9.64,67.01209743,6.713965493,-1.725256781,9.239496808,-6.459247677,-5.113327087,3.579190512,0.0298265876,-30,0,1,1,1,0,43.62930302,44.145,1850,1073.757154
9.65,66.99788274,6.622670517,-1.730790986,9.174924454,-6.457235413,-5.077540999,3.578608789,0.02982173991,-30,0,1,1,1,0,43.02562384,44.145,1850,1073.582637
9.66,66.9832659,6.532093081,-1.736325136,9.110372076,-6.455237788,-5.041761506,3.577949309,0.02981624424,-30,0,1,1,1,0,42.42633633,44.145,1850,1073.384793
9.67,66.96825438,6.442234625,-1.741859226,9.045839529,-6.453254784,-5.005989288,3.57722173,0.02981018108,-30,0,1,1,1,0,41.8314352,44.145,1850,1073.166519
9.68,66.95285566,6.353096525,-1.74739325,8.981326665,-6.451286384,-4.970224941,3.576434708,0.02980362256,-30,0,1,1,1,0,41.24091524,44.145,1850,1072.930412
9.69,66.93707723,6.264680102,-1.752927204,8.916833339,-6.449332571,-4.934468982,3.575595987,0.02979663323,-30,0,1,1,1,0,40.65477124,44.145,1850,1072.678796
9.7,66.92092656,6.176986616,-1.758461084,8.852359406,-6.447393327,-4.898721857,3.574712496,0.0297892708,-30,0,1,1,1,0,40.07299807,44.145,1850,1072.413749
9.71,66.90441114,6.090017267,-1.763994888,8.787904719,-6.445468635,-4.862983952,3.573790423,0.02978158686,-30,0,1,1,1,0,39.49559059,44.145,1850,1072.137127
9.72,66.88753846,6.003773197,-1.769528612,8.723469135,-6.443558479,-4.827255599,3.572835294,0.02977362745,-30,0,1,1,1,0,38.92254376,44.145,1850,1071.850588
9.73,66.870316,5.91825549,-1.775062254,8.659052506,-6.441662842,-4.791537079,3.571852036,0.02976543363,-30,0,1,1,1,0,38.35385253,44.145,1850,1071.555611
9.74,66.85275125,5.833465169,-1.780595812,8.594654689,-6.439781706,-4.755828629,3.570845038,0.02975704198,-30,0,1,1,1,0,37.78951191,44.145,1850,1071.253511
9.75,66.8348517,5.749403198,-1.786129285,8.530275539,-6.437915057,-4.720130447,3.569818209,0.02974848508,-30,0,1,1,1,0,37.22951697,44.145,1850,1070.945463
9.76,66.81662483,5.666070484,-1.79166267,8.467872456,-6.240308209,-4.684442696,3.568775024,0.02973979187,-30,0,0.984,0.984,0.984,0,36.67386278,44.145,1791.2736,1070.632507
9.77,66.79807383,5.583448773,-1.797194689,8.407413168,-6.045928838,-4.648919009,3.552368756,0.02960307297,-30,0,0.968,0.968,0.968,0,36.13925143,44.145,1733.4944,1065.710627
9.78,66.77920178,5.501520115,-1.802724236,8.3491,-5.831316788,-4.613691845,3.52271639,0.02935596991,-30,0,0.95,0.95,0.95,0,35.62503647,44.145,1669.625,1056.814917
9.79,66.76001102,5.420264581,-1.808250211,8.294489435,-5.461056551,-4.578893367,3.479847755,0.02899873129,-30,0,0.918,0.918,0.918,0,35.13256529,44.145,1559.0394,1043.954326
9.8,66.74049999,5.339647116,-1.813770616,8.241689872,-5.279956239,-4.544763403,3.412996404,0.0284416367,-30,0,0.902,0.902,0.902,0,34.67447171,44.145,1505.1674,1023.898921
9.81,66.72067126,5.259651075,-1.819284974,8.190887438,-5.080243426,-4.511358893,3.340451012,0.02783709177,-30,0,0.884,0.884,0.884,0,34.23442778,44.145,1445.6936,1002.135304
9.82,66.70052665,5.180258013,-1.824792752,8.142041529,-4.884590937,-4.478744074,3.261481903,0.02717901586,-30,0,0.866,0.866,0.866,0,33.81368106,44.145,1387.4186,978.4445708
9.83,66.6800678,5.101449894,-1.830293515,8.094902142,-4.713938638,-4.446971046,3.177302863,0.02647752386,-30,0,0.85,0.85,0.85,0,33.41159149,44.145,1336.625,953.190859
9.84,66.65929672,5.023211117,-1.83578706,8.051268661,-4.3633481,-4.416064157,3.090688805,0.02575574004,-30,0,0.816,0.816,0.816,0,33.02583011,44.145,1231.8336,927.2066414
9.85,66.63821042,4.945508732,-1.84127199,8.009241469,-4.202719184,-4.38619114,2.987301796,0.02489418163,-30,0,0.8,0.8,0.8,0,32.67075524,44.145,1184,896.1905387
9.86,66.61681054,4.868328164,-1.846748403,7.968788497,-4.045297221,-4.357340151,2.88509887,0.02404249059,-30,0,0.784,0.784,0.784,0,32.33056625,44.145,1137.1136,865.5296611
9.87,66.59509853,4.791655172,-1.852216411,7.930066884,-3.872161338,-4.329497688,2.784246324,0.0232020527,-30,0,0.766,0.766,0.766,0,32.00480142,44.145,1085.4986,835.2738971
9.88,66.57307514,4.715474031,-1.857676009,7.8928514,-3.721548414,-4.302664465,2.683322288,0.02236101906,-30,0,0.75,0.75,0.75,0,31.69452423,44.145,1040.625,804.9966863
9.89,66.55074146,4.63977121,-1.863127352,7.858542662,-3.4308738,-4.276821768,2.584269647,0.02153558039,-30,0,0.718,0.718,0.718,0,31.39774002,44.145,953.7194,775.280894
9.9,66.52809431,4.564519792,-1.86856961,7.825644069,-3.289859244,-4.252069323,2.475244475,0.02062703729,-30,0,0.702,0.702,0.702,0,31.12537315,44.145,911.6874,742.5733426
9.91,66.50513448,4.489707249,-1.874003118,7.794123639,-3.152043051,-4.228366993,2.370233082,0.01975194235,-30,0,0.686,0.686,0.686,0,30.86531537,44.145,870.6026,711.0699247
9.92,66.48186261,4.415321387,-1.879428188,7.76411442,-3.000921917,-4.205677068,2.268992467,0.01890827056,-30,0,0.668,0.668,0.668,0,30.6171751,44.145,825.5144,680.6977401
9.93,66.45827869,4.341348784,-1.884845003,7.735576024,-2.853839541,-4.183977811,2.169925738,0.01808271448,-30,0,0.65,0.65,0.65,0,30.38186225,44.145,781.625,650.9777214
9.94,66.43438258,4.267776441,-1.890253751,7.709547247,-2.602877749,-4.163246632,2.073117896,0.01727598247,-30,0,0.618,0.618,0.618,0,30.15892476,44.145,706.5594,621.9353689
9.95,66.41017064,4.19458154,-1.895653869,7.684728956,-2.481829026,-4.14355098,1.969565197,0.01641304331,-30,0,0.602,0.602,0.602,0,29.95630785,44.145,670.4474,590.8695591
9.96,66.385643,4.121753655,-1.901045797,7.661089245,-2.363971166,-4.124838079,1.871290055,0.01559408379,-30,0,0.586,0.586,0.586,0,29.7637498,44.145,635.2826,561.3870165
9.97,66.36079969,4.049282703,-1.906429938,7.638736568,-2.235267711,-4.107059751,1.777832794,0.01481527328,-30,0,0.568,0.568,0.568,0,29.58091336,44.145,596.8544,533.3498382
9.98,66.33564018,3.977157614,-1.91180656,7.618700163,-2.003640498,-4.090183667,1.687608462,0.01406340385,-30,0,0.534,0.534,0.534,0,29.40854936,44.145,527.5386,506.2825385
9.99,66.31016025,3.905357667,-1.917175171,7.599706867,-1.899329582,-4.07426889,1.591477615,0.01326231346,-30,0,0.518,0.518,0.518,0,29.25447445,44.145,496.3994,477.4432846
10,66.2843597,3.833874198,-1.922536257,7.581724827,-1.798203981,-4.059256993,1.501189691,0.01250991409,-30,0,0.502,0.502,0.502,0,29.10879441,44.145,466.2074,450.3569072
10.01,66.25823825,3.762698885,-1.927890259,7.564841834,-1.688299353,-4.045095283,1.416171003,0.01180142503,-30,0,0.484,0.484,0.484,0,28.97120588,44.145,433.3736,424.851301
10.02,66.23179512,3.691822626,-1.93323749,7.548902443,-1.593939078,-4.031746156,1.334912698,0.01112427248,-30,0,0.468,0.468,0.468,0,28.84232331,44.145,405.1944,400.4738093
10.03,66.2050299,3.621237816,-1.938578327,7.533986079,-1.491636359,-4.019164182,1.258197429,0.01048497857,-30,0,0.45,0.45,0.45,0,28.72090776,44.145,374.625,377.4592286
10.04,66.1779417,3.550936149,-1.943913039,7.520786349,-1.319973056,-4.007317339,1.184684362,0.009872369686,-30,0,0.418,0.418,0.418,0,28.60751691,44.145,323.2394,355.4053087
10.05,66.15052697,3.480902905,-1.949241361,7.508399023,-1.238732542,-3.996237197,1.108014163,0.009233451357,-30,0,0.402,0.402,0.402,0,28.50736256,44.145,298.9674,332.4042489
10.06,66.12278524,3.411131837,-1.954563717,7.496792319,-1.160670441,-3.985873018,1.036417934,0.008636816119,-30,0,0.386,0.386,0.386,0,28.41353217,44.145,275.6426,310.9253803
10.07,66.09471602,3.341617032,-1.959880488,7.48593446,-1.08578585,-3.976178993,0.9694024219,0.008078353516,-30,0,0.37,0.37,0.37,0,28.32575512,44.145,253.265,290.8207266
10.08,66.06631878,3.272352909,-1.965192022,7.476559581,-0.9374878808,-3.967113532,0.906546154,0.007554551283,-30,0,0.336,0.336,0.336,0,28.24376423,44.145,208.8576,271.9638462
10.09,66.03759008,3.203327148,-1.97049809,7.467834313,-0.8725268912,-3.958703874,0.8409657742,0.007008048119,-30,0,0.32,0.32,0.32,0,28.17306736,44.145,189.44,252.2897323
10.1,66.00852948,3.134535169,-1.975799096,7.459801654,-0.8032658295,-3.950901617,0.7802257466,0.006501881222,-30,0,0.302,0.302,0.302,0,28.10734886,44.145,168.7274,234.067724
10.11,65.97913627,3.065972034,-1.981095352,7.45235117,-0.7450483831,-3.943669477,0.7232139355,0.006026782795,-30,0,0.286,0.286,0.286,0,28.04691492,44.145,151.3226,216.9641806
10.12,65.94941007,2.997633856,-1.986387198,7.445517493,-0.6833677305,-3.936966487,0.6702989943,0.005585824953,-30,0,0.268,0.268,0.268,0,27.99091914,44.145,132.8744,201.0896983
10.13,65.91935024,2.92951646,-1.991674898,7.439738053,-0.5779440276,-3.930760985,0.620550192,0.0051712516,-30,0,0.234,0.234,0.234,0,27.93960829,44.145,101.2986,186.1650576
10.14,65.88895426,2.861611713,-1.996958365,7.434406031,-0.5332021665,-3.925063486,0.5697499014,0.004747915845,-30,0,0.218,0.218,0.218,0,27.89624996,44.145,87.9194,170.9249704
10.15,65.85822197,2.793917061,-2.002237958,7.429539322,-0.486670927,-3.919830908,0.5232577997,0.004360481664,-30,0,0.2,0.2,0.2,0,27.85627809,44.145,74,156.9773399
10.16,65.82715307,2.726429813,-2.007513966,7.425052708,-0.4486613983,-3.915028476,0.4802432277,0.004002026897,-30,0,0.184,0.184,0.184,0,27.81981949,44.145,62.6336,144.0729683
10.17,65.79574751,2.659148079,-2.012786694,7.42091452,-0.413818765,-3.910619623,0.4408852664,0.003674043887,-30,0,0.168,0.168,0.168,0,27.78622949,44.145,52.2144,132.2655799
10.18,65.76400533,2.592070277,-2.018056421,7.417130345,-0.3784175535,-3.906570872,0.404875169,0.003373959741,-30,0,0.15,0.15,0.15,0,27.75526605,44.145,41.625,121.4625507
10.19,65.73192648,2.525194797,-2.023323379,7.413933193,-0.3197152219,-3.902854528,0.3716343721,0.003096953101,-30,0,0.114,0.114,0.114,0,27.72696657,44.145,24.0426,111.4903116
10.2,65.69950983,2.458517956,-2.028587595,7.41094601,-0.2987182277,-3.899467146,0.3387381927,0.002822818273,-30,0,0.098,0.098,0.098,0,27.70306831,44.145,17.7674,101.6214578
10.21,65.66675583,2.392039483,-2.033849362,7.408157152,-0.2788858296,-3.896373632,0.3093514234,0.002577928529,-30,0,0.08,0.08,0.08,0,27.68074887,44.145,11.84,92.80542703
10.22,65.63366495,2.325759224,-2.039108934,7.405526608,-0.2630543979,-3.893543516,0.2830115615,0.00235842968,-30,0,0.062,0.062,0.062,0,27.65991936,44.145,7.1114,84.90346846
10.23,65.60023779,2.259677398,-2.044366552,7.403003279,-0.2523329316,-3.890947803,0.2595713046,0.002163094205,-30,0,0.046,0.046,0.046,0,27.64027947,44.145,3.9146,77.87139137
10.24,65.56647517,2.193794689,-2.049622457,7.400555564,-0.2447714887,-3.888557797,0.2390005823,0.001991671519,-30,0,0.03,0.03,0.03,0,27.6214466,44.145,1.665,71.70017468
10.25,65.53237803,2.128112066,-2.05487687,7.398163958,-0.2391606141,-3.886346726,0.2211071646,0.001842559705,-30,0,0,0,0,0,27.60318422,44.145,0,66.33214939
10.26,65.49794736,2.062630678,-2.060129993,7.395772946,-0.2391011543,-3.884290464,0.2056261951,0.001713551626,-30,0,0,0,0,0,27.58534629,44.145,0,61.68785854
10.27,65.46318443,1.997352164,-2.065382035,7.393382529,-0.2390417285,-3.882364044,0.1926420088,0.001605350074,-30,0,0,0,0,0,27.56751856,44.145,0,57.79260265
10.28,65.42809048,1.932278167,-2.070633168,7.390992705,-0.2389823368,-3.880546526,0.1817517881,0.001514598234,-30,0,0,0,0,0,27.54970103,44.145,0,54.52553642
10.29,65.39266676,1.867410323,-2.075883541,7.388603476,-0.2389229789,-3.87882035,0.1726175942,0.001438479951,-30,0,0,0,0,0,27.53189368,44.145,0,51.78527825
10.3,65.3569145,1.802750269,-2.081133275,7.386214839,-0.238863655,-3.877170791,0.1649559359,0.001374632799,-30,0,0,0,0,0,27.51409651,44.145,0,49.48678078
10.31,65.32083496,1.738299638,-2.086382474,7.383826795,-0.238804365,-3.8755855,0.1585290118,0.001321075098,-30,0,0,0,0,0,27.4963095,44.145,0,47.55870353
10.32,65.28442938,1.674060059,-2.091631223,7.381439344,-0.2387451089,-3.874054127,0.1531373587,0.001276144656,-30,0,0,0,0,0,27.47853267,44.145,0,45.94120762
10.33,65.24769901,1.610033157,-2.096879595,7.379052485,-0.2386858866,-3.87256799,0.1486136818,0.001238447349,-30,0,0,0,0,0,27.46076598,44.145,0,44.58410455
10.34,65.21064509,1.546220551,-2.102127651,7.376666218,-0.2386266982,-3.871119813,0.1448176751,0.001206813959,-30,0,0,0,0,0,27.44300945,44.145,0,43.44530254
10.35,65.17326888,1.482623856,-2.107375441,7.374280543,-0.2385675436,-3.869703497,0.1416316749,0.001180263958,-30,0,0,0,0,0,27.42526307,44.145,0,42.48950248
10.36,65.13557164,1.419244683,-2.112623009,7.371895459,-0.2385084227,-3.868313926,0.1389570121,0.001157975101,-30,0,0,0,0,0,27.40752682,44.145,0,41.68710362
10.37,65.09755464,1.356084636,-2.117870389,7.369510965,-0.2384493357,-3.866946817,0.1367109508,0.001139257924,-30,0,0,0,0,0,27.3898007,44.145,0,41.01328525
10.38,65.05921914,1.293145311,-2.123117612,7.367127063,-0.2383902823,-3.865598576,0.1348241203,0.001123534336,-30,0,0,0,0,0,27.3720847,44.145,0,40.44723609
10.39,65.02056642,1.230428301,-2.128364703,7.36474375,-0.2383312627,-3.864266192,0.133238359,0.001110319658,-30,0,0,0,0,0,27.35437882,44.145,0,39.9715077
10.4,64.98159776,1.167935192,-2.133611683,7.362361027,-0.2382722768,-3.862947143,0.1319049069,0.001099207557,-30,0,0,0,0,0,27.33668305,44.145,0,39.57147206
10.41,64.94231445,1.105667561,-2.138858569,7.359978894,-0.2382133246,-3.861639314,0.1307828879,0.001089857399,-30,0,0,0,0,0,27.31899739,44.145,0,39.23486638
10.42,64.90271779,1.043626982,-2.144105377,7.35759735,-0.2381544061,-3.860340934,0.1298380378,0.001081983648,-30,0,0,0,0,0,27.30132182,44.145,0,38.95141134
10.43,64.86280908,0.9818150192,-2.149352118,7.355216395,-0.2380955211,-3.859050517,0.129041636,0.001075346966,-30,0,0,0,0,0,27.28365634,44.145,0,38.71249079
10.44,64.82258963,0.9202332318,-2.154598803,7.352836028,-0.2380366698,-3.857766821,0.1283696105,0.001069746754,-30,0,0,0,0,0,27.26600094,44.145,0,38.51088315
10.45,64.78206076,0.8588831709,-2.159845441,7.35045625,-0.2379778521,-3.856488803,0.1278017867,0.001065014889,-30,0,0,0,0,0,27.24835562,44.145,0,38.34053601
10.46,64.74122378,0.7977663809,-2.165092039,7.348077059,-0.2379190679,-3.855215591,0.1273212574,0.001061010478,-30,0,0,0,0,0,27.23072037,44.145,0,38.19637722
10.47,64.70008003,0.7368843989,-2.170338603,7.345698456,-0.2378603173,-3.853946452,0.1269138545,0.001057615454,-30,0,0,0,0,0,27.21309518,44.145,0,38.07415634
10.48,64.65863085,0.6762387548,-2.175585138,7.34332044,-0.2378016001,-3.852680775,0.1265677059,0.001054730883,-30,0,0,0,0,0,27.19548004,44.145,0,37.97031178
10.49,64.61687759,0.615830971,-2.180831649,7.34094301,-0.2377429165,-3.851418047,0.1262728645,0.001052273871,-30,0,0,0,0,0,27.17787496,44.145,0,37.88185935
10.5,64.57482159,0.5556625626,-2.186078138,7.338566168,-0.2376842664,-3.850157837,0.126020996,0.001050174966,-30,0,0,0,0,0,27.16027992,44.145,0,37.80629879
10.51,64.53246422,0.4957350371,-2.19132461,7.336189911,-0.2376256497,-3.848899785,0.1258051181,0.001048375984,-30,0,0,0,0,0,27.14269491,44.145,0,37.74153543
10.52,64.48980684,0.4360498947,-2.196571066,7.333814241,-0.2375670665,-3.847643592,0.1256193817,0.001046828181,-30,0,0,0,0,0,27.12511994,44.145,0,37.68581451
10.53,64.44685083,0.3766086278,-2.201817508,7.331439156,-0.2375085166,-3.846389003,0.1254588871,0.001045490726,-30,0,0,0,0,0,27.10755498,44.145,0,37.63766613
10.54,64.40359756,0.3174127213,-2.207063939,7.329064656,-0.2374500002,-3.845135807,0.1253195302,0.001044329418,-30,0,0,0,0,0,27.09000005,44.145,0,37.59585906
10.55,64.36004844,0.2584636522,-2.21231036,7.32669074,-0.2373915171,-3.843883829,0.1251978735,0.001043315612,-30,0,0,0,0,0,27.07245512,44.145,0,37.55936205
10.56,64.31620485,0.1997628899,-2.217556772,7.32431741,-0.2373330673,-3.842632918,0.1250910381,0.001042425318,-30,0,0,0,0,0,27.05492019,44.145,0,37.52731143
10.57,64.2720682,0.1413118961,-2.222803177,7.321944663,-0.2372746509,-3.841382952,0.124996613,0.001041638442,-30,0,0,0,0,0,27.03739526,44.145,0,37.49898391
10.58,64.2276399,0.08311212457,-2.228049574,7.3195725,-0.2372162677,-3.840133826,0.1249125793,0.001040938161,-30,0,0,0,0,0,27.01988032,44.145,0,37.47377379
10.59,64.18292137,0.02516502122,-2.233295965,7.317200921,-0.2371579179,-3.838885454,0.1248372463,0.001040310386,-30,0,0,0,0,0,27.00237536,44.145,0,37.45117389
10.6,64.13791402,-0.03252797592,-2.23854235,7.314829925,-0.2370996013,-3.837637762,0.1247691985,0.001039743321,-30,0,0,0,0,0,26.98488038,44.145,0,37.43075954
10.61,64.0926193,-0.08996543678,-2.24378873,7.312459512,-0.2370413179,-3.836390689,0.1247072506,0.001039227089,-30,0,0,0,0,0,26.96739537,44.145,0,37.41217519
10.62,64.04703864,-0.1471459393,-2.249035105,7.310089681,-0.2369830677,-3.835144185,0.1246504106,0.001038753422,-30,0,0,0,0,0,26.94992031,44.145,0,37.39512318
10.63,64.00117349,-0.2040680693,-2.254281476,7.307720433,-0.2369248507,-3.833898207,0.1245978477,0.001038315398,-30,0,0,0,0,0,26.93245522,44.145,0,37.37935431
10.64,63.9550253,-0.2607304208,-2.259527843,7.305351766,-0.2368666669,-3.832652718,0.1245488667,0.001037907222,-30,0,0,0,0,0,26.91500007,44.145,0,37.36466
10.65,63.90859552,-0.317131596,-2.264774206,7.302983681,-0.2368085162,-3.831407689,0.1245028854,0.001037524045,-30,0,0,0,0,0,26.89755487,44.145,0,37.35086562
10.66,63.86188563,-0.373270205,-2.270020565,7.300616177,-0.2367503987,-3.830163095,0.1244594169,0.001037161807,-30,0,0,0,0,0,26.88011961,44.145,0,37.33782506
10.67,63.8148971,-0.4291448662,-2.275266921,7.298249254,-0.2366923142,-3.828918915,0.1244180533,0.001036817111,-30,0,0,0,0,0,26.86269427,44.145,0,37.325416
10.68,63.76763141,-0.4847542061,-2.280513274,7.295882911,-0.2366342629,-3.82767513,0.1243784536,0.001036487113,-30,0,0,0,0,0,26.84527886,44.145,0,37.31353607
10.69,63.72009005,-0.5400968595,-2.285759623,7.293517149,-0.2365762445,-3.826431727,0.1243403321,0.001036169434,-30,0,0,0,0,0,26.82787336,44.145,0,37.30209962
10.7,63.6722745,-0.5951714696,-2.29100597,7.291151966,-0.2365182592,-3.825188692,0.1243034499,0.001035862083,-30,0,0,0,0,0,26.81047777,44.145,0,37.29103498
10.71,63.62418627,-0.6499766877,-2.296252313,7.288787363,-0.236460307,-3.823946016,0.1242676073,0.001035563394,-30,0,0,0,0,0,26.79309209,44.145,0,37.28028218
10.72,63.57582687,-0.7045111734,-2.301498653,7.286423339,-0.2364023877,-3.82270369,0.1242326368,0.001035271973,-30,0,0,0,0,0,26.7757163,44.145,0,37.26979103
10.73,63.5271978,-0.7587735949,-2.306744991,7.284059894,-0.2363445013,-3.821461706,0.1241983985,0.001034986654,-30,0,0,0,0,0,26.7583504,44.145,0,37.25951956
10.74,63.47830059,-0.8127626285,-2.311991326,7.281697028,-0.236286648,-3.820220058,0.1241647755,0.001034706462,-30,0,0,0,0,0,26.74099439,44.145,0,37.24943264
10.75,63.42913676,-0.8664769593,-2.317237658,7.27933474,-0.2362288275,-3.818978741,0.1241316697,0.001034430581,-30,0,0,0,0,0,26.72364825,44.145,0,37.23950091
10.76,63.37970785,-0.9199152804,-2.322483987,7.276973029,-0.2361710399,-3.817737751,0.1240989993,0.001034158327,-30,0,0,0,0,0,26.70631198,44.145,0,37.22969978
10.77,63.3300154,-0.9730762938,-2.327730314,7.274611896,-0.2361132853,-3.816497085,0.1240666957,0.00103388913,-30,0,0,0,0,0,26.68898558,44.145,0,37.2200087
10.78,63.28006094,-1.02595871,-2.332976638,7.272251341,-0.2360555634,-3.815256737,0.1240347016,0.001033622513,-30,0,0,0,0,0,26.67166903,44.145,0,37.21041048
10.79,63.22984603,-1.078561247,-2.338222959,7.269891362,-0.2359978745,-3.814016708,0.1240029692,0.001033358076,-30,0,0,0,0,0,26.65436234,44.145,0,37.20089075
10.8,63.17937223,-1.130882634,-2.343469278,7.26753196,-0.2359402183,-3.812776993,0.1239714582,0.001033095485,-30,0,0,0,0,0,26.63706549,44.145,0,37.19143747
10.81,63.1286411,-1.182921605,-2.348715594,7.265173134,-0.2358825949,-3.811537592,0.1239401354,0.001032834461,-30,0,0,0,0,0,26.61977848,44.145,0,37.18204061
10.82,63.07765421,-1.234676907,-2.353961907,7.262814884,-0.2358250043,-3.810298502,0.1239089725,0.001032574771,-30,0,0,0,0,0,26.60250129,44.145,0,37.17269174
10.83,63.02641314,-1.286147292,-2.359208218,7.260457209,-0.2357674465,-3.809059723,0.1238779462,0.001032316218,-30,0,0,0,0,0,26.58523394,44.145,0,37.16338385
10.84,62.97491946,-1.337331522,-2.364454527,7.25810011,-0.2357099213,-3.807821252,0.1238470368,0.00103205864,-30,0,0,0,0,0,26.5679764,44.145,0,37.15411104
10.85,62.92317478,-1.388228368,-2.369700833,7.255743586,-0.2356524289,-3.80658309,0.1238162281,0.001031801901,-30,0,0,0,0,0,26.55072867,44.145,0,37.14486842
10.86,62.87118067,-1.43883661,-2.374947136,7.253387636,-0.2355949692,-3.805345235,0.1237855062,0.001031545885,-30,0,0,0,0,0,26.53349075,44.145,0,37.13565187
10.87,62.81893874,-1.489155036,-2.380193436,7.251032261,-0.2355375421,-3.804107686,0.1237548598,0.001031290499,-30,0,0,0,0,0,26.51626263,44.145,0,37.12645795
10.88,62.76645059,-1.539182443,-2.385439735,7.248677459,-0.2354801477,-3.802870444,0.1237242793,0.001031035661,-30,0,0,0,0,0,26.4990443,44.145,0,37.1172838
10.89,62.71371784,-1.588917638,-2.39068603,7.246323231,-0.2354227858,-3.801633506,0.1236937567,0.001030781306,-30,0,0,0,0,0,26.48183575,44.145,0,37.10812701
10.9,62.6607421,-1.638359435,-2.395932323,7.243969577,-0.2353654566,-3.800396873,0.1236632853,0.001030527377,-30,0,0,0,0,0,26.46463699,44.145,0,37.09898558
10.91,62.607525,-1.687506659,-2.401178614,7.241616495,-0.23530816,-3.799160545,0.1236328594,0.001030273829,-30,0,0,0,0,0,26.447448,44.145,0,37.08985783
10.92,62.55406816,-1.736358141,-2.406424902,7.239263986,-0.2352508959,-3.79792452,0.1236024745,0.001030020621,-30,0,0,0,0,0,26.43026877,44.145,0,37.08074236
10.93,62.50037322,-1.784912723,-2.411671187,7.23691205,-0.2351936643,-3.796688799,0.1235721267,0.001029767722,-30,0,0,0,0,0,26.4130993,44.145,0,37.071638
10.94,62.44644182,-1.833169257,-2.41691747,7.234560685,-0.2351364653,-3.79545338,0.1235418126,0.001029515105,-30,0,0,0,0,0,26.39593959,44.145,0,37.06254377
10.95,62.39227559,-1.881126602,-2.42216375,7.232209892,-0.2350792988,-3.794218265,0.1235115295,0.001029262746,-30,0,0,0,0,0,26.37878963,44.145,0,37.05345884
10.96,62.3378762,-1.928783625,-2.427410028,7.22985967,-0.2350221647,-3.792983452,0.1234812751,0.001029010626,-30,0,0,0,0,0,26.3616494,44.145,0,37.04438254
10.97,62.28324529,-1.976139207,-2.432656304,7.22751002,-0.234965063,-3.791748942,0.1234510476,0.00102875873,-30,0,0,0,0,0,26.34451891,44.145,0,37.03531429
10.98,62.22838453,-2.023192232,-2.437902576,7.22516094,-0.2349079938,-3.790514733,0.1234208454,0.001028507045,-30,0,0,0,0,0,26.32739815,44.145,0,37.02625361
10.99,62.17329558,-2.069941597,-2.443148847,7.22281243,-0.234850957,-3.789280827,0.123390667,0.001028255558,-30,0,0,0,0,0,26.3102871,44.145,0,37.0172001
11,62.11798012,-2.116386207,-2.448395114,7.220464491,-0.2347939526,-3.788047222,0.1233605114,0.001028004262,-30,0,0,0,0,0,26.29318578,44.145,0,37.00815343
11.01,62.06243983,-2.162524976,-2.45364138,7.218117121,-0.2347369805,-3.786813918,0.1233303777,0.001027753148,-30,0,0,0,0,0,26.27609416,44.145,0,36.99911332
11.02,62.00667637,-2.208356827,-2.458887643,7.21577032,-0.2346800408,-3.785580915,0.1233002651,0.001027502209,-30,0,0,0,0,0,26.25901224,44.145,0,36.99007953
11.03,61.95069145,-2.253880694,-2.464133903,7.213424089,-0.2346231334,-3.784348213,0.1232701729,0.001027251441,-30,0,0,0,0,0,26.24194002,44.145,0,36.98105186
11.04,61.89448675,-2.299095517,-2.469380161,7.211078427,-0.2345662583,-3.783115812,0.1232401005,0.001027000838,-30,0,0,0,0,0,26.22487749,44.145,0,36.97203015
11.05,61.83806396,-2.344000249,-2.474626416,7.208733332,-0.2345094155,-3.781883712,0.1232100476,0.001026750396,-30,0,0,0,0,0,26.20782464,44.145,0,36.96301427
11.06,61.7814248,-2.388593848,-2.479872669,7.206388806,-0.2344526049,-3.780651912,0.1231800136,0.001026500114,-30,0,0,0,0,0,26.19078147,44.145,0,36.95400409
11.07,61.72457097,-2.432875286,-2.485118919,7.204044848,-0.2343958266,-3.779420412,0.1231499984,0.001026249987,-30,0,0,0,0,0,26.17374797,44.145,0,36.94499953
11.08,61.66750418,-2.47684354,-2.490365167,7.201701457,-0.2343390804,-3.778189212,0.1231200016,0.001026000014,-30,0,0,0,0,0,26.15672413,44.145,0,36.93600049
11.09,61.61022614,-2.520497599,-2.495611412,7.199358634,-0.2342823665,-3.776958312,0.123090023,0.001025750192,-30,0,0,0,0,0,26.13970996,44.145,0,36.92700691
11.1,61.55273858,-2.563836461,-2.500857655,7.197896405,-0.1462228342,-3.775727711,0.1230600624,0.00102550052,-30,0.018,0,0,0,26.40085516,26.12270543,44.145,0,36.91801873
11.11,61.49503617,-2.606864393,-2.506103253,7.197314689,-0.05817161865,-3.77457438,0.1153331359,0.0009611094658,-30,0.036,0,0,0,52.80560959,26.11209518,44.145,0,34.59994077
11.12,61.43711353,-2.649585597,-2.511347674,7.198395613,0.1080923859,-3.773562465,0.1011914219,0.0008432618491,-30,0.07,0,0,0,102.6805905,26.10787472,44.145,0,30.35742657
11.13,61.3789589,-2.692008816,-2.516589901,7.200258374,0.1862761219,-3.772813743,0.07487228832,0.000623935736,-30,0.086,0,0,0,126.1435539,26.1157173,44.145,0,22.4616865
11.14,61.32056758,-2.734137492,-2.521829732,7.202902501,0.2644127088,-3.772352547,0.04611957645,0.0003843298038,-30,0.102,0,0,0,149.5980478,26.12923521,44.145,0,13.83587294
11.15,61.26193478,-2.775974989,-2.527066999,7.20632743,0.3424928907,-3.772199006,0.01535408401,0.0001279507001,-30,0.118,0,0,0,173.0412967,26.14842944,44.145,0,4.606225204
11.16,61.2030557,-2.817524585,-2.532301564,7.211412223,0.5084792967,-3.772369725,-0.01707188047,-0.0001422656706,-30,0.152,0,0,0,222.8620912,26.17330214,44.145,0,-5.121564142
11.17,61.14391823,-2.858794506,-2.537532675,7.217275647,0.5863424341,-3.772954945,-0.05852200035,-0.0004876833362,-30,0.168,0,0,0,246.2579812,26.21025099,44.145,0,-17.5566001
11.18,61.08451743,-2.899787813,-2.542760347,7.223916758,0.6641110528,-3.773952842,-0.09978968798,-0.0008315807331,-30,0.184,0,0,0,269.631206,26.25289016,44.145,0,-29.93690639
11.19,61.02484828,-2.940507467,-2.547984595,7.231334517,0.7417759481,-3.775361683,-0.1408841456,-0.001174034547,-30,0.2,0,0,0,292.979011,26.30122656,44.145,0,-42.26524368
11.2,60.96490573,-2.980956333,-2.553205431,7.239527797,0.8193279316,-3.777179807,-0.1818123524,-0.001515102936,-30,0.216,0,0,0,316.2986477,26.35526825,44.145,0,-54.54370571
11.21,60.90468467,-3.021137173,-2.558422871,7.249276036,0.9748238955,-3.779405601,-0.2225794394,-0.001854828662,-30,0.248,0,0,0,363.0071931,26.41502441,44.145,0,-66.77383183
11.22,60.84417342,-3.061056949,-2.563636365,7.259893742,1.061770678,-3.78210487,-0.269926903,-0.002249390858,-30,0.266,0,0,0,389.1624129,26.48620953,44.145,0,-80.97807089
11.23,60.78336593,-3.100718714,-2.568845952,7.271281744,1.138800112,-3.78527295,-0.3168080167,-0.002640066806,-30,0.282,0,0,0,412.3488863,26.5638528,44.145,0,-95.04240501
11.24,60.72225695,-3.140124878,-2.574051737,7.283438441,1.215669776,-3.78889728,-0.3624329552,-0.003020274627,-30,0.298,0,0,0,435.4931882,26.64725525,44.145,0,-108.7298866
11.25,60.66084114,-3.179277738,-2.579253809,7.297238439,1.37999978,-3.792967144,-0.4069864057,-0.003391553381,-30,0.332,0,0,0,484.8813657,26.73643167,44.145,0,-122.0959217
11.26,60.59910574,-3.218184157,-2.584451621,7.311899422,1.466098312,-3.797548269,-0.4581125048,-0.003817604207,-30,0.35,0,0,0,510.8123368,26.83784317,44.145,0,-137.4337514
11.27,60.53704451,-3.256846685,-2.589645276,7.327321939,1.542251634,-3.802628205,-0.5079935728,-0.004233279773,-30,0.366,0,0,0,533.7662823,26.94579207,44.145,0,-152.3980718
11.28,60.474652,-3.295267235,-2.594834932,7.343601066,1.627912721,-3.808187986,-0.5559781512,-0.00463315126,-30,0.384,0,0,0,559.5783982,27.05958198,44.145,0,-166.7934454
11.29,60.41192188,-3.333448113,-2.600020655,7.360637295,1.703622894,-3.814219775,-0.6031788509,-0.005026490424,-30,0.4,0,0,0,582.4118203,27.17995221,44.145,0,-180.9536553
11.3,60.34884862,-3.371390996,-2.60520257,7.378428365,1.779107061,-3.82070849,-0.648871541,-0.005407262842,-30,0.416,0,0,0,605.1833248,27.30620662,44.145,0,-194.6614623
11.31,60.28542667,-3.40909745,-2.610380784,7.397843999,1.941563401,-3.827641278,-0.6932788253,-0.005777323544,-30,0.45,0,0,0,654.0523878,27.43836739,44.145,0,-207.9836476
11.32,60.22164292,-3.446573343,-2.61555478,7.418007647,2.016364749,-3.835080329,-0.7439050923,-0.006199209102,-30,0.466,0,0,0,676.6373849,27.5829603,44.145,0,-223.1715277
11.33,60.15749174,-3.483819963,-2.62072474,7.438916684,2.090903756,-3.843003652,-0.7923322984,-0.006602769153,-30,0.482,0,0,0,699.1496529,27.73352607,44.145,0,-237.6996895
11.34,60.0929675,-3.520838478,-2.62589082,7.460665,2.174831589,-3.851392618,-0.8388965935,-0.006990804946,-30,0.5,0,0,0,724.4845672,27.89009064,44.145,0,-251.6689781
11.35,60.02806368,-3.557630414,-2.631053084,7.483152947,2.248794657,-3.860239407,-0.8846789049,-0.007372324208,-30,0.516,0,0,0,746.8368044,28.05340721,44.145,0,-265.4036715
11.36,59.9627746,-3.594196697,-2.636211658,7.507341427,2.418848038,-3.869529125,-0.9289717397,-0.007741431164,-30,0.552,0,0,0,798.0221906,28.22277933,44.145,0,-278.6915219
11.37,59.8970861,-3.630542803,-2.641365985,7.532357188,2.501576112,-3.879328437,-0.9799312633,-0.008166093861,-30,0.57,0,0,0,823.023362,28.40552835,44.145,0,-293.979379
11.38,59.83099164,-3.66666983,-2.646516203,7.558100514,2.574332516,-3.889620763,-1.029232614,-0.008576938452,-30,0.586,0,0,0,845.0399028,28.59514803,44.145,0,-308.7697843
11.39,59.76448546,-3.702578284,-2.651662497,7.584664148,2.656363477,-3.900384009,-1.076324581,-0.008969371507,-30,0.604,0,0,0,869.8449844,28.79094122,44.145,0,-322.8973742
11.4,59.69756099,-3.738269003,-2.656804958,7.612044313,2.738016495,-3.911607212,-1.122320264,-0.009352668864,-30,0.622,0,0,0,894.5436222,28.99367364,44.145,0,-336.6960791
11.41,59.6302116,-3.773742692,-2.661943666,7.640237124,2.819281106,-3.923280797,-1.167358476,-0.009727987304,-30,0.64,0,0,0,919.132714,29.20338219,44.145,0,-350.2075429
11.42,59.56243071,-3.808999926,-2.667078691,7.66914299,2.890586552,-3.935396338,-1.21155413,-0.01009628442,-30,0.656,0,0,0,940.7410701,29.42010455,44.145,0,-363.466239
11.43,59.49421254,-3.844040713,-2.672210159,7.699617438,3.047444801,-3.947938685,-1.254234664,-0.01045195553,-30,0.69,0,0,0,988.0215805,29.64314012,44.145,0,-376.2703992
11.44,59.42554367,-3.878868828,-2.677337607,7.730889893,3.127245501,-3.960963474,-1.302478923,-0.01085399102,-30,0.708,0,0,0,1012.197841,29.87919078,44.145,0,-390.7436768
11.45,59.35641751,-3.913484415,-2.682461161,7.762955977,3.206608418,-3.974455479,-1.349200566,-0.01124333805,-30,0.726,0,0,0,1036.249921,30.1223959,44.145,0,-404.7601697
11.46,59.28682744,-3.947887484,-2.687580932,7.795716215,3.276023805,-3.988401522,-1.394604305,-0.01162170254,-30,0.742,0,0,0,1057.324938,30.37279669,44.145,0,-418.3812916
11.47,59.21676773,-3.982077497,-2.692697077,7.829166558,3.345034275,-4.002782643,-1.438112011,-0.01198426676,-30,0.758,0,0,0,1078.284971,30.62968842,44.145,0,-431.4336033
11.48,59.14623266,-4.016053794,-2.697809732,7.864060247,3.48936888,-4.01758259,-1.479994792,-0.01233328993,-30,0.79,0,0,0,1121.848772,30.89310789,44.145,0,-443.9984376
11.49,59.07520967,-4.049818845,-2.702918521,7.899632659,3.557241272,-4.03284642,-1.526382903,-0.01271985753,-30,0.806,0,0,0,1142.486477,31.16909556,44.145,0,-457.9148709
11.5,59.00369306,-4.083371706,-2.708023627,7.93587944,3.6246781,-4.048552198,-1.57057787,-0.01308814892,-30,0.822,0,0,0,1163.000145,31.45171486,44.145,0,-471.173361
11.51,58.93167717,-4.116711309,-2.713125207,7.972796161,3.691672093,-4.064681157,-1.612895874,-0.01344079895,-30,0.838,0,0,0,1183.387632,31.74100398,44.145,0,-483.8687623
11.52,58.85915633,-4.149836465,-2.718223395,8.011130014,3.833385265,-4.08121716,-1.653600303,-0.01378000252,-30,0.87,0,0,0,1226.197581,32.03700123,44.145,0,-496.0800908
11.53,58.78611806,-4.182748956,-2.723317829,8.050121404,3.899138965,-4.098203633,-1.698647351,-0.01415539459,-30,0.886,0,0,0,1246.232504,32.34581487,44.145,0,-509.5942054
11.54,58.71255678,-4.21544731,-2.728408688,8.08976561,3.964420614,-4.115619034,-1.741540099,-0.01451283415,-30,0.902,0,0,0,1266.132629,32.66144512,44.145,0,-522.4620296
11.55,58.6384669,-4.247929935,-2.733496127,8.130151227,4.038561746,-4.133444866,-1.782583172,-0.01485485976,-30,0.92,0,0,0,1288.697455,32.98393104,44.145,0,-534.7749515
11.56,58.56384204,-4.280195488,-2.738580221,8.171179575,4.102834793,-4.151672182,-1.822731583,-0.01518942986,-30,0.936,0,0,0,1308.309515,33.31407692,44.145,0,-546.8194749
11.57,58.48867669,-4.312242136,-2.743661093,8.213589575,4.241000001,-4.170286009,-1.861382742,-0.01551152285,-30,0.968,0,0,0,1350.096161,33.65116053,44.145,0,-558.4148227
11.58,58.41295852,-4.34407081,-2.748738394,8.256628715,4.30391401,-4.189328515,-1.904250523,-0.01586875436,-30,0.984,0,0,0,1369.320582,34.00137907,44.145,0,-571.2751569
11.59,58.33668212,-4.375679397,-2.753812291,8.300291856,4.366314088,-4.208779384,-1.945086923,-0.01620905769,-30,1,0,0,0,1388.397873,34.35864654,44.145,0,-583.526077
11.6,58.25984211,-4.407065665,-2.758882931,8.343835042,4.354318548,-4.228621087,-1.984170265,-0.0165347522,-30,1,0,0,0,1385.163566,34.72300183,44.145,0,-595.2510794
11.61,58.18244002,-4.43822451,-2.76395089,8.387258537,4.342349584,-4.248784581,-2.016349427,-0.01680291189,-30,1,0,0,0,1381.938145,35.08826993,44.145,0,-604.904828
11.62,58.10447736,-4.4691508,-2.76901665,8.430562609,4.330407175,-4.269211811,-2.042723057,-0.01702269214,-30,1,0,0,0,1378.72159,35.45443731,44.145,0,-612.8169172
11.63,58.02595572,-4.499839389,-2.774080621,8.473747522,4.318491301,-4.289853914,-2.064210257,-0.01720175214,-30,1,0,0,0,1375.513881,35.8214905,44.145,0,-619.263077
11.64,57.94687666,-4.530285116,-2.779143143,8.516813542,4.306601941,-4.310669721,-2.081580736,-0.01734650614,-30,1,0,0,0,1372.314998,36.18941612,44.145,0,-624.4742209
11.65,57.8672418,-4.560482813,-2.784204508,8.559760932,4.294739073,-4.331624519,-2.095479775,-0.01746233146,-30,1,0,0,0,1369.124923,36.5582009,44.145,0,-628.6439326
11.66,57.78705279,-4.590427305,-2.789264958,8.602589959,4.282902677,-4.352689008,-2.106448893,-0.01755374078,-30,1,0,0,0,1365.943635,36.92783164,44.145,0,-631.9346679
11.67,57.70631129,-4.62011342,-2.794324701,8.645300886,4.27109273,-4.373838438,-2.114942997,-0.01762452497,-30,1,0,0,0,1362.771114,37.29829522,44.145,0,-634.482899
11.68,57.625019,-4.649535982,-2.79938391,8.687893978,4.25930921,-4.395051884,-2.121344617,-0.01767787181,-30,1,0,0,0,1359.607342,37.66957862,44.145,0,-636.4033852
11.69,57.54317767,-4.678689825,-2.804442733,8.730369499,4.247552097,-4.416311642,-2.125975744,-0.01771646453,-30,1,0,0,0,1356.452298,38.0416689,44.145,0,-637.7927232
11.7,57.46078906,-4.707569784,-2.809501295,8.772727713,4.235821366,-4.437602718,-2.12910767,-0.01774256392,-30,1,0,0,0,1353.305963,38.4145532,44.145,0,-638.732301
11.71,57.37785497,-4.736170704,-2.814559702,8.814968883,4.224116996,-4.45891241,-2.130969195,-0.01775807663,-30,1,0,0,0,1350.168318,38.78821877,44.145,0,-639.2907586
11.72,57.29437725,-4.764487438,-2.819618044,8.857093273,4.212438964,-4.480229945,-2.131753466,-0.01776461221,-30,1,0,0,0,1347.039342,39.16265291,44.145,0,-639.5260397
11.73,57.21035776,-4.792514852,-2.824676396,8.899101145,4.200787246,-4.501546182,-2.131623681,-0.01776353068,-30,1,0,0,0,1343.919017,39.53784303,44.145,0,-639.4871044
11.74,57.12579842,-4.820247822,-2.829734824,8.940992763,4.18916182,-4.52285336,-2.130717868,-0.01775598223,-30,1,0,0,0,1340.807323,39.9137766,44.145,0,-639.2153604
11.75,57.04070116,-4.847681236,-2.834793382,8.98276839,4.177562662,-4.544144889,-2.129152867,-0.01774294056,-30,1,0,0,0,1337.70424,40.2904412,44.145,0,-638.7458602
11.76,56.95506797,-4.874809998,-2.839852118,9.024428287,4.165989748,-4.565415166,-2.127027676,-0.01772523063,-30,1,0,0,0,1334.609749,40.66782449,44.145,0,-638.1083028
11.77,56.86890087,-4.901629024,-2.84491107,9.065972718,4.154443055,-4.586659428,-2.124426247,-0.01770355206,-30,1,0,0,0,1331.523831,41.04591418,44.145,0,-637.3278741
11.78,56.78220189,-4.928133249,-2.849970273,9.107401944,4.142922557,-4.607873627,-2.121419838,-0.01767849865,-30,1,0,0,0,1328.446465,41.42469811,44.145,0,-636.4259515
11.79,56.69497314,-4.95431762,-2.855029755,9.148716226,4.131428232,-4.629054317,-2.118068984,-0.01765057487,-30,1,0,0,0,1325.377634,41.80416416,44.145,0,-635.4206953
11.8,56.60721672,-4.980177103,-2.86008954,9.189915826,4.119960054,-4.650198568,-2.114425155,-0.01762020962,-30,1,0,0,0,1322.317317,42.18430033,44.145,0,-634.3275464
11.81,56.51893481,-5.005706681,-2.86514965,9.231001006,4.108517999,-4.67130389,-2.110532147,-0.01758776789,-30,1,0,0,0,1319.265494,42.56509466,44.145,0,-633.1596442
11.82,56.4301296,-5.030901354,-2.870210103,9.271972027,4.097102041,-4.692368162,-2.106427265,-0.01755356054,-30,1,0,0,0,1316.222148,42.94653531,44.145,0,-631.9281794
11.83,56.34080331,-5.05575614,-2.875270912,9.312829148,4.085712156,-4.713389585,-2.102142302,-0.01751785251,-30,1,0,0,0,1313.187257,43.32861049,44.145,0,-630.6426905
11.84,56.25095821,-5.080266076,-2.880332091,9.353572632,4.074348318,-4.734366629,-2.097704382,-0.01748086985,-30,1,0,0,0,1310.160804,43.71130852,44.145,0,-629.3113146
11.85,56.1605966,-5.104426218,-2.885393651,9.394202737,4.063010501,-4.755297996,-2.093136663,-0.01744280552,-30,1,0,0,0,1307.142768,44.09461777,44.145,0,-627.9409988
11.86,56.06972083,-5.12823164,-2.8904556,9.434719723,4.05169868,-4.776182585,-2.08845893,-0.01740382442,-30,1,0,0,0,1304.133131,44.47852671,44.145,0,-626.537679
11.87,55.97833326,-5.151677438,-2.895517947,9.475123852,4.040412828,-4.797019466,-2.083688103,-0.01736406752,-30,1,0,0,0,1301.131872,44.86302387,44.145,0,-625.1064309
11.88,55.8864363,-5.174758726,-2.900580698,9.515415381,4.02915292,-4.817807853,-2.07883866,-0.0173236555,-30,1,0,0,0,1298.138974,45.24809789,44.145,0,-623.651598
11.89,55.79403239,-5.197470638,-2.905643859,9.55559457,4.017918929,-4.838547083,-2.073923001,-0.01728269167,-30,1,0,0,0,1295.154416,45.63373745,44.145,0,-622.1769002
11.9,55.70112401,-5.219808331,-2.910707434,9.595661678,4.006710829,-4.8592366,-2.068951753,-0.01724126461,-30,1,0,0,0,1292.17818,46.01993135,44.145,0,-620.6855259
11.91,55.60771368,-5.24176698,-2.915771428,9.635616964,3.995528592,-4.87987594,-2.063934032,-0.01719945026,-30,1,0,0,0,1289.210246,46.40666842,44.145,0,-619.1802095
11.92,55.51380394,-5.263341783,-2.920835842,9.675460686,3.984372192,-4.900464717,-2.05887766,-0.01715731384,-30,1,0,0,0,1286.250595,46.7939376,44.145,0,-617.6632981
11.93,55.41939738,-5.284527958,-2.925900681,9.715193102,3.973241602,-4.921002611,-2.053789359,-0.01711491132,-30,1,0,0,0,1283.299208,47.1817279,44.145,0,-616.1368077
11.94,55.3244966,-5.305320747,-2.930965946,9.75481447,3.962136794,-4.94148936,-2.048674904,-0.01707229087,-30,1,0,0,0,1280.356066,47.57002842,44.145,0,-614.6024712
11.95,55.22910426,-5.32571541,-2.936031639,9.794325048,3.95105774,-4.961924752,-2.043539264,-0.01702949386,-30,1,0,0,0,1277.42115,47.9588283,44.145,0,-613.0617791
11.96,55.13322304,-5.345707234,-2.941097761,9.833725092,3.940004414,-4.982308619,-2.038386715,-0.01698655596,-30,1,0,0,0,1274.494441,48.34811678,44.145,0,-611.5160144
11.97,55.03685567,-5.365291523,-2.946164313,9.87301486,3.928976786,-5.002640829,-2.033220941,-0.01694350784,-30,1,0,0,0,1271.575919,48.73788319,44.145,0,-609.9662823
11.98,54.94000489,-5.384463609,-2.951231297,9.912194608,3.91797483,-5.02292128,-2.028045117,-0.01690037598,-30,1,0,0,0,1268.665566,49.1281169,44.145,0,-608.4135351
11.99,54.84267349,-5.403218843,-2.956298713,9.951264593,3.906998517,-5.0431499,-2.022861981,-0.01685718318,-30,1,0,0,0,1265.763362,49.51880738,44.145,0,-606.8585944
12,54.74486429,-5.4215526,-2.961366562,9.990225071,3.896047817,-5.063326639,-2.017673897,-0.01681394914,-30,1,0,0,0,1262.869289,49.90994417,44.145,0,-605.3021692
12.01,54.64658014,-5.439460279,-2.966434842,10.0290763,3.885122704,-5.083451468,-2.012482905,-0.01677069088,-30,1,0,0,0,1259.983328,50.30151688,44.145,0,-603.7448716
12.02,54.54782392,-5.456937302,-2.971503556,10.06781853,3.874223147,-5.103524376,-2.00729077,-0.01672742308,-30,1,0,0,0,1257.105459,50.69351518,44.145,0,-602.1872309
12.03,54.44859855,-5.473979115,-2.976572702,10.10645202,3.863349119,-5.123545366,-2.002099014,-0.01668415845,-30,1,0,0,0,1254.235664,51.08592885,44.145,0,-600.6297042
12.04,54.34890698,-5.490581187,-2.981642281,10.14497703,3.852500589,-5.143514455,-1.996908958,-0.01664090799,-30,1,0,0,0,1251.373924,51.47874772,44.145,0,-599.0726875
12.05,54.2487522,-5.506739012,-2.986712292,10.1833938,3.841677529,-5.163431673,-1.991721744,-0.0165976812,-30,1,0,0,0,1248.52022,51.87196167,44.145,0,-597.5165232
12.06,54.14813722,-5.522448108,-2.991782735,10.2217026,3.830879908,-5.183297056,-1.98653836,-0.01655448633,-30,1,0,0,0,1245.674533,52.2655607,44.145,0,-595.961508
12.07,54.04706508,-5.537704018,-2.996853609,10.25990368,3.820107698,-5.203110653,-1.981359664,-0.01651133053,-30,1,0,0,0,1242.836844,52.65953485,44.145,0,-594.4078991
12.08,53.94553886,-5.552502309,-3.001924915,10.29799729,3.809360869,-5.222872517,-1.976186397,-0.01646821998,-30,1,0,0,0,1240.007135,53.05387424,44.145,0,-592.8559192
12.09,53.84356167,-5.566838573,-3.006996651,10.33598368,3.79863939,-5.242582709,-1.971019206,-0.01642516005,-30,1,0,0,0,1237.185386,53.44856905,44.145,0,-591.3057618
12.1,53.74113666,-5.580708427,-3.012068817,10.37386311,3.787943232,-5.262241295,-1.965858648,-0.0163821554,-30,1,0,0,0,1234.371579,53.84360956,44.145,0,-589.7575945
12.11,53.638267,-5.594107514,-3.017141413,10.41163584,3.777272364,-5.281848348,-1.96070521,-0.01633921009,-30,1,0,0,0,1231.565695,54.23898609,44.145,0,-588.2115631
12.12,53.53495588,-5.607031502,-3.022214437,10.4493021,3.766626756,-5.301403941,-1.955559313,-0.01629632761,-30,1,0,0,0,1228.767716,54.63468904,44.145,0,-586.6677939
12.13,53.43120655,-5.619476085,-3.02728789,10.48686217,3.756006377,-5.320908154,-1.950421323,-0.01625351103,-30,1,0,0,0,1225.977622,55.03070889,44.145,0,-585.126397
12.14,53.32702227,-5.631436983,-3.03236177,10.52431628,3.745411196,-5.34036107,-1.945291559,-0.01621076299,-30,1,0,0,0,1223.195395,55.42703618,44.145,0,-583.5874678
12.15,53.22240633,-5.64290994,-3.037436077,10.56166469,3.734841183,-5.359762773,-1.940170297,-0.01616808581,-30,1,0,0,0,1220.421016,55.82366151,44.145,0,-582.0510892
12.16,53.11736206,-5.653890729,-3.04251081,10.59890765,3.724296306,-5.37911335,-1.935057778,-0.01612548149,-30,1,0,0,0,1217.654467,56.22057558,44.145,0,-580.5173335
12.17,53.01189282,-5.664375148,-3.047585968,10.63604542,3.713776534,-5.398412892,-1.929954211,-0.01608295176,-30,1,0,0,0,1214.895729,56.61776911,44.145,0,-578.9862634
12.18,52.90600198,-5.674359021,-3.052661551,10.67307824,3.703281836,-5.41766149,-1.924859778,-0.01604049815,-30,1,0,0,0,1212.144784,57.01523294,44.145,0,-577.4579334
12.19,52.79969297,-5.683838201,-3.057737557,10.71000636,3.69281218,-5.436859237,-1.919774636,-0.01599812197,-30,1,0,0,0,1209.401612,57.41295794,44.145,0,-575.9323909
12.2,52.69296924,-5.692808566,-3.062813987,10.74683004,3.682367535,-5.456006226,-1.914698924,-0.01595582437,-30,1,0,0,0,1206.666196,57.81093507,44.145,0,-574.4096772
12.21,52.58583424,-5.701266021,-3.067890838,10.78354951,3.671947868,-5.475102553,-1.90963276,-0.01591360633,-30,1,0,0,0,1203.938516,58.20915533,44.145,0,-572.889828
12.22,52.47829149,-5.709206499,-3.072968112,10.82016505,3.661553149,-5.494148316,-1.904576249,-0.01587146874,-30,1,0,0,0,1201.218554,58.60760983,44.145,0,-571.3728746
12.23,52.37034452,-5.716625961,-3.078045805,10.85667688,3.651183344,-5.513143611,-1.899529479,-0.01582941233,-30,1,0,0,0,1198.506293,59.0062897,44.145,0,-569.8588438
12.24,52.26199689,-5.723520395,-3.083123919,10.89308526,3.640838422,-5.532088536,-1.894492531,-0.01578743776,-30,1,0,0,0,1195.801713,59.40518616,44.145,0,-568.3477592
12.25,52.15325218,-5.729885816,-3.088202451,10.92939045,3.630518349,-5.550983191,-1.88946547,-0.01574554558,-30,1,0,0,0,1193.104795,59.80429051,44.145,0,-566.839641
12.26,52.04411401,-5.735718268,-3.093281401,10.96559268,3.620223095,-5.569827674,-1.884448356,-0.0157037363,-30,1,0,0,0,1190.415522,60.20359408,44.145,0,-565.3345067
12.27,51.93458602,-5.741013822,-3.098360769,11.0016922,3.609952625,-5.588622087,-1.879441239,-0.01566201032,-30,1,0,0,0,1187.733876,60.60308828,44.145,0,-563.8323716
12.28,51.82467189,-5.74576858,-3.103440553,11.03768927,3.599706907,-5.607366528,-1.874444162,-0.01562036802,-30,1,0,0,0,1185.059837,61.0027646,44.145,0,-562.3332487
12.29,51.71437532,-5.749978669,-3.108520753,11.07358413,3.589485909,-5.6260611,-1.869457164,-0.0155788097,-30,1,0,0,0,1182.393387,61.40261459,44.145,0,-560.8371493
12.3,51.60370004,-5.753640246,-3.113601367,11.10937703,3.579289596,-5.644705903,-1.864480276,-0.01553733564,-30,1,0,0,0,1179.734509,61.80262983,44.145,0,-559.3440829
12.31,51.49264978,-5.756749497,-3.118682395,11.14506821,3.569117937,-5.663301038,-1.859513526,-0.01549594605,-30,1,0,0,0,1177.083183,62.20280201,44.145,0,-557.8540579
12.32,51.38122835,-5.759302638,-3.123763837,11.18065792,3.558970897,-5.681846607,-1.854556937,-0.01545464114,-30,1,0,0,0,1174.439392,62.60312286,44.145,0,-556.3670811
12.33,51.26943954,-5.761295911,-3.12884569,11.2161464,3.548848444,-5.700342713,-1.849610529,-0.01541342107,-30,1,0,0,0,1171.803117,63.00358417,44.145,0,-554.8831586
12.34,51.15728719,-5.762725591,-3.133927955,11.25153391,3.538750543,-5.718789456,-1.844674317,-0.01537228598,-30,1,0,0,0,1169.174341,63.40417781,44.145,0,-553.4022952
12.35,51.04477515,-5.763587978,-3.139010631,11.28682068,3.528677161,-5.737186939,-1.839748317,-0.01533123597,-30,1,0,0,0,1166.553044,63.80489569,44.145,0,-551.924495
12.36,50.93190732,-5.763879406,-3.144093716,11.32200696,3.518628264,-5.755535264,-1.834832538,-0.01529027115,-30,1,0,0,0,1163.939209,64.2057298,44.145,0,-550.4497615
12.37,50.81868761,-5.763596236,-3.149177209,11.357093,3.508603818,-5.739905334,1.562993075,0.01302494229,-28.38,1,0,0,0,1161.332818,64.60667218,44.145,0,468.8979225
12.38,50.70511994,-5.76273486,-3.154231236,11.39207904,3.49860379,-5.712731793,2.717354069,0.02264461725,-27.66,1,0,0,0,1158.733852,65.00771494,44.145,0,815.2062208
12.39,50.59120825,-5.761295101,-3.159245889,11.42696532,3.488628144,-5.673318575,3.941321823,0.03284434852,-26.85,1,0,0,0,1156.142294,65.40885025,44.145,0,1182.396547
12.4,50.4769564,-5.759277976,-3.16421074,11.46175209,3.478676847,-5.622916881,5.04016937,0.04200141142,-26.04,1,0,0,0,1153.558125,65.81007034,44.145,0,1512.050811
12.41,50.3623682,-5.756685768,-3.169116549,11.49643959,3.468749865,-5.564520617,5.839626379,0.04866355316,-25.32,1,0,0,0,1150.981327,66.21136749,44.145,0,1751.887914
12.42,50.24744735,-5.7535219,-3.173956762,11.53102806,3.458847162,-5.498916358,6.560425871,0.0546702156,-24.6,1,0,0,0,1148.411883,66.61273406,44.145,0,1968.127761
12.43,50.13219745,-5.749790637,-3.178725561,11.56551774,3.448968704,-5.40983734,8.90790185,0.07423251542,-23.07,1,0,0,0,1145.849774,67.01416246,44.145,0,2672.370555
12.44,50.016622,-5.745497011,-3.183403119,11.59990889,3.439114456,-5.314742799,9.509454121,0.07924545101,-22.26,1,0,0,0,1143.294982,67.41564515,44.145,0,2852.836236
12.45,49.90072429,-5.740648448,-3.18798483,11.63420173,3.429284384,-5.216642799,9.81,0.08222716043,-21.54,1,0,0,0,1140.74749,67.81717466,44.145,0,2943
12.46,49.78450745,-5.735253024,-3.192468715,11.66839652,3.419478452,-5.118542799,9.81,0.08501099573,-20.82,1,0,0,0,1138.207279,68.21874358,44.145,0,2943
12.47,49.66797446,-5.729319164,-3.196855387,11.70249348,3.409696625,-5.020442799,9.81,0.08785601778,-20.1,1,0,0,0,1135.674332,68.62034455,44.145,0,2943
12.48,49.55112817,-5.722855338,-3.201145449,11.73649287,3.399938869,-4.922342799,9.81,0.1033278076,-18.66,1,0,0,0,1133.148631,69.02197028,44.145,0,2943
12.49,49.4339713,-5.715870059,-3.205339499,11.77039492,3.390205147,-4.824242799,9.81,0.1078636438,-17.85,1,0,0,0,1130.630158,69.42361353,44.145,0,2943
12.5,49.31650643,-5.708371884,-3.209438123,11.80419988,3.380495425,-4.726142799,9.81,0.1108875405,-17.13,1,0,0,0,1128.118895,69.82526711,44.145,0,2943
12.51,49.198736,-5.700369412,-3.213441904,11.83790797,3.370809667,-4.628042799,9.81,0.1139695426,-16.41,1,0,0,0,1125.614824,70.22692392,44.145,0,2943
12.52,49.08066234,-5.69187128,-3.217351414,11.87151945,3.361147837,-4.529942799,9.81,0.1186797075,-15.6,1,0,0,0,1123.117928,70.62857687,44.145,0,2943
12.53,48.96228766,-5.682886164,-3.221167222,11.90503455,3.351509899,-4.431842799,9.81,0.134442086,-14.16,1,0,0,0,1120.628189,71.03021896,44.145,0,2943
12.54,48.84361404,-5.673422779,-3.224889884,11.93845351,3.341895818,-4.333742799,9.81,0.1376940178,-13.44,1,0,0,0,1118.145589,71.43184323,44.145,0,2943
12.55,48.72464343,-5.663489874,-3.228519955,11.97177657,3.332305559,-4.235642799,9.81,0.1410011699,-12.72,1,0,0,0,1115.67011,71.83344279,44.145,0,2943
12.56,48.6053777,-5.653096233,-3.232057978,12.00500396,3.322739084,-4.137542799,9.81,0.1459336458,-11.91,1,0,0,0,1113.201736,72.2350108,44.145,0,2943
12.57,48.48581857,-5.642250674,-3.235504494,12.03813592,3.313196357,-4.039442799,9.81,0.1619155421,-10.47,1,0,0,0,1110.740448,72.63654048,44.145,0,2943
12.58,48.36596766,-5.63096205,-3.238860032,12.07117269,3.303677344,-3.941342799,9.81,0.1653842433,-9.75,1,0,0,0,1108.286228,73.03802508,44.145,0,2943
12.59,48.24582651,-5.619239242,-3.242125119,12.10411451,3.294182006,-3.843242799,9.81,0.1704762562,-8.94,1,0,0,0,1105.83906,73.43945794,44.145,0,2943
12.6,48.12539652,-5.607091164,-3.245300273,12.13696162,3.284710308,-3.745142799,9.81,0.1740493386,-8.22,1,0,0,0,1103.398925,73.84083243,44.145,0,2943
12.61,48.004679,-5.594526761,-3.248386006,12.16971424,3.275262214,-3.647042799,9.81,0.1776736474,-7.5,1,0,0,0,1100.965806,74.24214199,44.145,0,2943
12.62,47.88367516,-5.581555004,-3.251382825,12.20237262,3.265837686,-3.548942799,9.81,0.1954857201,-5.97,1,0,0,0,1098.539686,74.6433801,44.145,0,2943
12.63,47.76238613,-5.568184897,-3.254291229,12.23493698,3.256436689,-3.450842799,9.81,0.1992106033,-5.25,1,0,0,0,1096.120547,75.04454031,44.145,0,2943
12.64,47.64081292,-5.554425466,-3.257111712,12.26740757,3.247059185,-3.352742799,9.81,0.2045556503,-4.44,1,0,0,0,1093.708372,75.44561621,44.145,0,2943
12.65,47.51895645,-5.54028577,-3.259844761,12.29978463,3.237705137,-3.254642799,9.81,0.208378668,-3.72,1,0,0,0,1091.303143,75.84660145,44.145,0,2943
12.66,47.39681758,-5.52577489,-3.262490858,12.33206837,3.228374509,-3.156542799,9.81,0.2185330467,-2.64,1,0,0,0,1088.904843,76.24748973,44.145,0,2943
12.67,47.27439705,-5.510901934,-3.26505048,12.36425904,3.219067264,-3.058442799,9.81,0.2255934263,-1.74,1,0,0,0,1086.513454,76.64827479,44.145,0,2943
12.68,47.15169553,-5.495676036,-3.267524096,12.39635688,3.209783364,-2.960342799,9.81,0.2374132151,-0.57,1,0,0,0,1084.12896,77.04895045,44.145,0,2943
12.69,47.02871362,-5.480106354,-3.269912171,12.4283621,3.200522773,-2.862242799,9.81,0.2388074842,0,1,0,0,0,1081.751342,77.44951057,44.145,0,2943
12.7,46.90545181,-5.46420207,-3.272215163,12.46027496,3.191285453,-2.764142799,9.81,0.2302992763,0,1,0,0,0,1079.380585,77.84994904,44.145,0,2943
12.71,46.78191055,-5.44797239,-3.274433528,12.49209567,3.182071366,-2.666042799,9.81,0.2218364208,0,1,0,0,0,1077.01667,78.25025984,44.145,0,2943
12.72,46.6580902,-5.431426545,-3.276567711,12.52382448,3.172880476,-2.567942799,9.81,0.2134183782,0,1,0,0,0,1074.65958,78.65043697,44.145,0,2943
12.73,46.53399103,-5.414573786,-3.278618157,12.55546161,3.163712745,-2.469842799,9.81,0.2050446174,0,1,0,0,0,1072.309298,79.05047449,44.145,0,2943
12.74,46.40961328,-5.397423388,-3.280585304,12.58700729,3.154568135,-2.371742799,9.81,0.1967146152,0,1,0,0,0,1069.965807,79.45036652,44.145,0,2943
12.75,46.28495709,-5.37998465,-3.282469582,12.61846175,3.145446609,-2.273642799,9.81,0.1884278562,0,1,0,0,0,1067.62909,79.85010723,44.145,0,2943
12.76,46.16002255,-5.36226689,-3.28427142,12.64982523,3.136348129,-2.175542799,9.81,0.1801838325,0,1,0,0,0,1065.299129,80.24969081,44.145,0,2943
12.77,46.03480969,-5.34427945,-3.285991241,12.68109796,3.127272657,-2.077442799,9.81,0.1845484145,0.72,1,0,0,0,1062.975909,80.64911154,44.145,0,2943
12.78,45.90931848,-5.326031692,-3.287629461,12.71228016,3.118220155,-1.979342799,9.81,0.1889547388,1.44,1,0,0,0,1060.65941,81.04836372,44.145,0,2943
12.79,45.78354883,-5.307533001,-3.289186493,12.74337207,3.109190586,-1.881242799,9.81,0.1934023196,2.16,1,0,0,0,1058.349618,81.44744173,44.145,0,2943
12.8,45.6575006,-5.288792781,-3.290662745,12.77437391,3.100183912,-1.783142799,9.81,0.1994614747,2.97,1,0,0,0,1056.046513,81.84633996,44.145,0,2943
12.81,45.53117359,-5.26982046,-3.29205862,12.80528591,3.091200094,-1.685042799,9.81,0.2165565107,4.41,1,0,0,0,1053.750081,82.24505287,44.145,0,2943
12.82,45.40456755,-5.250625483,-3.293374516,12.8361083,3.082239094,-1.586942799,9.81,0.2211250178,5.13,1,0,0,0,1051.460303,82.64357498,44.145,0,2943
12.83,45.27768221,-5.23121732,-3.294610828,12.86684131,3.073300874,-1.488842799,9.81,0.2273037051,5.94,1,0,0,0,1049.177163,83.04190084,44.145,0,2943
12.84,45.15051722,-5.211605458,-3.295767944,12.89748516,3.064385396,-1.390742799,9.81,0.2319505285,6.66,1,0,0,0,1046.900644,83.44002504,44.145,0,2943
12.85,45.0230722,-5.191799406,-3.296846249,12.92804009,3.055492622,-1.292642799,9.81,0.2382066358,7.47,1,0,0,0,1044.630729,83.83794224,44.145,0,2943
12.86,44.89534674,-5.171808693,-3.297846124,12.95850631,3.046622513,-1.194542799,9.81,0.2570671629,9,1,0,0,0,1042.367401,84.23564714,44.145,0,2943
12.87,44.76734038,-5.15164287,-3.298767946,12.98888406,3.03777503,-1.096442799,9.81,0.2618281399,9.72,1,0,0,0,1040.110643,84.63313447,44.145,0,2943
12.88,44.63905263,-5.131311507,-3.299612085,13.01917356,3.028950136,-0.9983427987,9.81,0.268197104,10.53,1,0,0,0,1037.86044,85.03039904,44.145,0,2943
12.89,44.51048297,-5.110824194,-3.30037891,13.04937504,3.020147791,-0.9002427987,9.81,0.2746028389,11.34,1,0,0,0,1035.616773,85.42743567,44.145,0,2943
12.9,44.38163084,-5.090190542,-3.301068784,13.07948872,3.011367957,-0.8021427987,9.81,0.2810449304,12.15,1,0,0,0,1033.379626,85.82423926,44.145,0,2943
12.91,44.25249566,-5.069420182,-3.301682067,13.10951483,3.002610596,-0.7040427987,9.81,0.2875229703,12.96,1,0,0,0,1031.148984,86.22080472,44.145,0,2943
12.92,44.12307682,-5.048522766,-3.302219114,13.13945358,2.993875668,-0.6059427987,9.81,0.2940365561,13.77,1,0,0,0,1028.924828,86.61712703,44.145,0,2943
12.93,43.99337369,-5.027507966,-3.302680277,13.16930522,2.985163136,-0.5078427987,9.81,0.3005852909,14.58,1,0,0,0,1026.707142,87.01320121,44.145,0,2943
12.94,43.86338561,-5.006385475,-3.303065903,13.19906995,2.976472959,-0.4097427987,9.81,0.3197351538,16.11,1,0,0,0,1024.49591,87.40902234,44.145,0,2943
12.95,43.73311191,-4.985165005,-3.303376337,13.228748,2.967805099,-0.3116427987,9.81,0.3247822215,16.83,1,0,0,0,1022.291115,87.8045855,44.145,0,2943
12.96,43.6025519,-4.963856289,-3.303611916,13.25833959,2.959159517,-0.2135427987,9.81,0.3298632802,17.55,1,0,0,0,1020.092741,88.19988587,44.145,0,2943
12.97,43.47170488,-4.942469082,-3.303772979,13.28784495,2.950536174,-0.1154427987,9.81,0.3365487509,18.36,1,0,0,0,1017.900771,88.59491864,44.145,0,2943
12.98,43.34057011,-4.921013159,-3.303859858,13.3172643,2.941935032,-0.01734279869,9.81,0.3432674672,19.17,1,0,0,0,1015.715189,88.98967905,44.145,0,2943
12.99,43.20914689,-4.899498314,-3.303872881,13.34659786,2.93335605,0.08075720131,9.81,0.3610146382,20.61,1,0,0,0,1013.535977,89.38416238,44.145,0,2943
13,43.07743446,-4.877934363,-3.303812373,13.37530646,2.870859824,0.1788572013,9.81,0.3662279589,21.33,0.984,0,0,0,995.1813112,89.77836397,44.145,0,2943
13.01,42.94543741,-4.856332016,-3.303678651,13.40339416,2.808769939,0.2769572013,9.81,0.3714729054,22.05,0.968,0,0,0,976.9409885,90.16500678,44.145,0,2943
13.02,42.81316028,-4.834701992,-3.303472019,13.43086494,2.74707803,0.3750572013,9.81,0.3767482567,22.77,0.952,0,0,0,958.8125006,90.54409143,44.145,0,2943
13.03,42.68060757,-4.813055025,-3.303192769,13.45718664,2.632169357,0.4731572013,9.81,0.3946191897,24.21,0.92,0,0,0,924.7114262,90.91561908,44.145,0,2943
13.04,42.54778902,-4.791402724,-3.302841167,13.48283474,2.564810825,0.5712572013,9.81,0.4015211916,25.02,0.902,0,0,0,904.860567,91.27231957,44.145,0,2943
13.05,42.41470972,-4.769755946,-3.302417475,13.50788011,2.504536619,0.6693572013,9.81,0.4068785287,25.74,0.886,0,0,0,887.1265494,91.6205637,44.145,0,2943
13.06,42.28137404,-4.748125448,-3.301921944,13.53232631,2.444619689,0.7674572013,9.81,0.4122610299,26.46,0.87,0,0,0,869.4921707,91.96126384,44.145,0,2943
13.07,42.14778633,-4.726521998,-3.301354815,13.55617683,2.385052129,0.8655572013,9.81,0.4176676104,27.18,0.854,0,0,0,851.9550618,92.29442306,44.145,0,2943
13.08,42.01395092,-4.704956371,-3.300716318,13.57890398,2.272714702,0.9636572013,9.81,0.4356635778,28.62,0.822,0,0,0,818.5794553,92.62004482,44.145,0,2943
13.09,41.87987737,-4.68344019,-3.300006646,13.60104442,2.214044258,1.061757201,9.81,0.4411123726,29.34,0.806,0,0,0,801.2891404,92.93086312,44.145,0,2943
13.1,41.74556995,-4.661984235,-3.299226002,13.62260135,2.155692907,1.159857201,9.81,0.4455343881,30,0.79,0,0,0,784.0870303,93.23415827,44.145,0,2943
13.11,41.61103293,-4.640599293,-3.298374581,13.64351182,2.091046948,1.257957201,9.81,0.4384566525,30,0.772,0,0,0,764.9890193,93.5299348,44.145,0,2943
13.12,41.4762712,-4.619296257,-3.297452562,13.66325156,1.973974661,1.356057201,9.81,0.431396913,30,0.738,0,0,0,730.1546874,93.817289,44.145,0,2943
13.13,41.34129489,-4.59808684,-3.296460077,13.6824194,1.916783684,1.454157201,9.81,0.4243502772,30,0.722,0,0,0,713.2690645,94.08895941,44.145,0,2943
13.14,41.20610821,-4.57698183,-3.295397285,13.70101813,1.859873354,1.552257201,9.81,0.4173195308,30,0.706,0,0,0,696.460141,94.35313472,44.145,0,2943
13.15,41.07071538,-4.555992014,-3.294264335,13.7190505,1.803236398,1.650357201,9.81,0.4103037499,30,0.69,0,0,0,679.7257398,94.60982054,44.145,0,2943
13.16,40.93512064,-4.535128181,-3.293061367,13.73651915,1.746865595,1.748457201,9.81,0.4033020246,30,0.674,0,0,0,663.0637011,94.85902266,44.145,0,2943
13.17,40.7993282,-4.514401121,-3.291788514,13.7528372,1.631804977,1.846557201,9.81,0.3963134581,30,0.64,0,0,0,628.7872401,95.10074706,44.145,0,2943
13.18,40.66334815,-4.493822504,-3.29044584,13.76853317,1.569596441,1.944657201,9.81,0.3893314114,30,0.622,0,0,0,610.35076,95.3268277,44.145,0,2943
13.19,40.52718537,-4.473403205,-3.289033448,13.7836097,1.507653614,2.042757201,9.81,0.3823595326,30,0.604,0,0,0,591.9856272,95.54454282,44.145,0,2943
13.2,40.39084476,-4.453154093,-3.287551429,13.79806938,1.445967794,2.140857201,9.81,0.3753968717,30,0.586,0,0,0,573.689238,95.75389982,44.145,0,2943
13.21,40.25433123,-4.433086033,-3.285999866,13.81197988,1.391049807,2.238957201,9.81,0.3684424894,30,0.57,0,0,0,557.4148483,95.95490621,44.145,0,2943
13.22,40.11764906,-4.413209787,-3.284378841,13.82534334,1.336345976,2.337057201,9.81,0.3614962225,30,0.554,0,0,0,541.1972701,96.14847725,44.145,0,2943
13.23,39.98080259,-4.393536117,-3.282688425,13.83757629,1.223295456,2.435157201,9.81,0.3545572448,30,0.52,0,0,0,507.4682565,96.3346197,44.145,0,2943
13.24,39.84380193,-4.374076599,-3.28092861,13.84926786,1.169156596,2.533257201,9.81,0.3476172923,30,0.504,0,0,0,491.3971517,96.50517292,44.145,0,2943
13.25,39.70665146,-4.354841969,-3.279099447,13.86035496,1.108710127,2.631357201,9.81,0.3406824491,30,0.486,0,0,0,473.426357,96.66831901,44.145,0,2943
13.26,39.56935622,-4.335843044,-3.27720097,13.8709045,1.054953837,2.729457201,9.81,0.3337510258,30,0.47,0,0,0,457.4543087,96.82315759,44.145,0,2943
13.27,39.43192062,-4.317090542,-3.275233212,13.88085337,0.9948865469,2.827557201,9.81,0.3268230569,30,0.452,0,0,0,439.5815679,96.97060379,44.145,0,2943
13.28,39.29434979,-4.298595261,-3.273196193,13.89020342,0.9350050405,2.925657201,9.81,0.3198968038,30,0.434,0,0,0,421.7562696,97.10975743,44.145,0,2943
13.29,39.15664888,-4.280367983,-3.271089919,13.89843851,0.8235093028,3.023757201,9.81,0.3129713921,30,0.4,0,0,0,388.4384173,97.24062647,44.145,0,2943
13.3,39.01882822,-4.262420146,-3.26891431,13.90614403,0.7705522504,3.121857201,9.81,0.306037846,30,0.384,0,0,0,372.666638,97.35596286,44.145,0,2943
13.31,38.8808924,-4.244762411,-3.266669361,13.91332136,0.7177329009,3.219957201,9.81,0.2991039628,30,0.368,0,0,0,356.9288146,97.46394428,44.145,0,2943
13.32,38.74284608,-4.227405426,-3.264355063,13.91997181,0.6650448352,3.318057201,9.81,0.292168974,30,0.352,0,0,0,341.2230282,97.56457768,44.145,0,2943
13.33,38.60469396,-4.210359823,-3.261971397,13.92557988,0.5608074755,3.416157201,9.81,0.2852321146,30,0.32,0,0,0,310.0451127,97.65787004,44.145,0,2943
13.34,38.46644593,-4.193636842,-3.259518244,13.93059982,0.5019934858,3.514257201,9.81,0.2782835191,30,0.302,0,0,0,292.4796204,97.73657464,44.145,0,2943
13.35,38.32810743,-4.177247149,-3.256995555,13.9350328,0.4432980119,3.612357201,9.81,0.2713298678,30,0.284,0,0,0,274.9414557,97.80705209,44.145,0,2943
13.36,38.189684,-4.161201388,-3.254403271,13.93894445,0.3911649441,3.710457201,9.81,0.2643703078,30,0.268,0,0,0,259.3637933,97.8693101,44.145,0,2943
13.37,38.05118056,-4.14551011,-3.251741335,13.94227119,0.3326737876,3.808557201,9.81,0.2574052187,30,0.25,0,0,0,241.8713991,97.92426285,44.145,0,2943
13.38,37.91260279,-4.130183917,-3.249009673,13.94501397,0.2742782572,3.906657201,9.81,0.2504325783,30,0.232,0,0,0,224.3994878,97.97101061,44.145,0,2943
13.39,37.77395639,-4.115233389,-3.246208201,13.94717367,0.2159704785,4.004757201,9.81,0.2434515337,30,0.214,0,0,0,206.9457045,98.00956094,44.145,0,2943
13.4,37.63524718,-4.100669077,-3.243336825,13.94829989,0.1126217169,4.102857201,9.81,0.2364612311,30,0.182,0,0,0,175.9714364,98.03992135,44.145,0,2943
13.41,37.49648551,-4.086501967,-3.24039535,13.948845,0.05451077109,4.200957201,9.81,0.2294513,30,0.164,0,0,0,158.5539865,98.05575519,44.145,0,2943
13.42,37.35767735,-4.072742544,-3.237383662,13.94880958,-0.003541983423,4.299057201,9.81,0.2224299547,30,0.146,0,0,0,141.1458245,98.06341949,44.145,0,2943
13.43,37.21882873,-4.059401263,-3.234301638,13.94819413,-0.06154433727,4.397157201,9.81,0.2153963317,30,0.128,0,0,0,123.7446203,98.06292148,44.145,0,2943
13.44,37.07994578,-4.04648855,-3.231149146,13.94699909,-0.1195040683,4.495257201,9.81,0.2083495642,30,0.11,0,0,0,106.3480478,98.05426829,44.145,0,2943
13.45,36.94103471,-4.034014797,-3.227926046,13.94528926,-0.1709830171,4.593357201,9.81,0.2012887811,30,0.094,0,0,0,90.88756186,98.037467,44.145,0,2943
13.46,36.8021012,-4.021990306,-3.224632204,13.94254915,-0.2740115429,4.691457201,9.81,0.1942146291,30,0.062,0,0,0,59.95496783,98.0134307,44.145,0,2943
13.47,36.66315614,-4.010425777,-3.221267355,13.93923041,-0.3318743316,4.789557201,9.81,0.1871138795,30,0.044,0,0,0,42.55761759,97.97491708,44.145,0,2943
13.48,36.52420604,-3.999331483,-3.217831328,13.9353976,-0.3832809237,4.887657201,9.81,0.1799960757,30,0.028,0,0,0,27.0890036,97.92828072,44.145,0,2943
13.49,36.38525685,-3.98871761,-3.21432396,13.93105071,-0.4346881813,4.985757201,9.81,0.1728619439,30,0.012,0,0,0,11.61297991,97.8744343,44.145,0,2943
13.5,36.24631465,-3.978594305,-3.210745079,13.92631877,-0.4731946123,5.083857201,9.81,0.1657106806,30,0,0,0,0,0,97.81338369,44.145,0,2943
13.51,36.10738431,-3.968971592,-3.20709454,13.92158904,-0.4729731554,5.181957201,9.81,0.1585448596,30,0,0,0,0,0,97.74694663,44.145,0,2943
13.52,35.96846697,-3.959859208,-3.203372294,13.91686152,-0.4727518774,5.280057201,9.81,0.1513742265,30,0,0,0,0,0,97.68056321,44.145,0,2943
13.53,35.82956385,-3.951266889,-3.199578294,13.91213621,-0.472530778,5.378157201,9.81,0.1441987798,30,0,0,0,0,0,97.61423339,44.145,0,2943
13.54,35.69067631,-3.943204367,-3.195712492,13.90741311,-0.472309857,5.476257201,9.81,0.1370185179,30,0,0,0,0,0,97.5479571,44.145,0,2943
13.55,35.5518058,-3.935681372,-3.191774838,13.90269222,-0.4720891143,5.574357201,9.81,0.1298334393,30,0,0,0,0,0,97.48173428,44.145,0,2943
13.56,35.41295389,-3.928707625,-3.187765286,13.89797353,-0.4718685496,5.672457201,9.81,0.1226435424,30,0,0,0,0,0,97.41556489,44.145,0,2943
13.57,35.27412228,-3.922292844,-3.183683787,13.89325705,-0.4716481629,5.770557201,9.81,0.1154488257,30,0,0,0,0,0,97.34944886,44.145,0,2943
13.58,35.13531276,-3.916446742,-3.179530292,13.88854277,-0.4714279538,5.868657201,9.81,0.1082492878,30,0,0,0,0,0,97.28338614,44.145,0,2943
13.59,34.99652727,-3.91117902,-3.175304753,13.88383069,-0.4712079222,5.966757201,9.81,0.1010449269,30,0,0,0,0,0,97.21737667,44.145,0,2943
13.6,34.85776785,-3.906499376,-3.171007123,13.87912081,-0.470988068,6.064857201,9.81,0.0938357417,30,0,0,0,0,0,97.15142039,44.145,0,2943
13.61,34.71903668,-3.902417495,-3.166637352,13.87441313,-0.4707683909,6.162957201,9.81,0.08662173052,30,0,0,0,0,0,97.08551726,44.145,0,2943
13.62,34.58033606,-3.898943053,-3.162195394,13.86970764,-0.4705488907,6.258240672,9.528347024,0.07940289187,30,0,0,0,0,0,97.0196672,44.145,0,2858.504107
13.63,34.44166841,-3.896085716,-3.157683229,13.86500435,-0.4703295673,6.345099425,8.685875374,0.07238229478,30,0,0,0,0,0,96.95387018,44.145,0,2605.762612
13.64,34.30303632,-3.893854853,-3.153106887,13.86030324,-0.4701104204,6.424256981,7.91575553,0.06596462941,30,0,0,0,0,0,96.88812613,44.145,0,2374.726659
13.65,34.16444248,-3.892258981,-3.148471883,13.85560433,-0.46989145,6.496374955,7.211797415,0.06009831179,30,0,0,0,0,0,96.82243499,44.145,0,2163.539225
13.66,34.02588971,-3.891305829,-3.143783256,13.8509076,-0.4696726557,6.562058341,6.568338597,0.05473615498,30,0,0,0,0,0,96.75679671,44.145,0,1970.501579
13.67,33.88738097,-3.891002411,-3.139045619,13.84621306,-0.4694540374,6.621860335,5.980199473,0.04983499561,30,0,0,0,0,0,96.69121123,44.145,0,1794.059842
13.68,33.74891929,-3.891355079,-3.134263184,13.8415207,-0.469235595,6.676286758,5.442642257,0.04535535214,30,0,0,0,0,0,96.62567851,44.145,0,1632.792677
13.69,33.6105078,-3.89236958,-3.129439808,13.83683053,-0.4690173282,6.725800092,4.951333429,0.04126111191,30,0,0,0,0,0,96.56019847,44.145,0,1485.400029
13.7,33.47214971,-3.894051107,-3.124579013,13.83214254,-0.4687992369,6.770823186,4.502309372,0.03751924477,30,0,0,0,0,0,96.49477108,44.145,0,1350.692812
13.71,33.3338483,-3.896404344,-3.11968402,13.82745672,-0.4685813209,6.811742635,4.091944912,0.03409954093,30,0,0,0,0,0,96.42939626,44.145,0,1227.583474
13.72,33.19560692,-3.899433509,-3.114757776,13.82277309,-0.4683635799,6.84891188,3.716924528,0.03097437107,30,0,0,0,0,0,96.36407397,44.145,0,1115.077358
13.73,33.05742895,-3.903142388,-3.109802973,13.81809163,-0.4681460139,6.88265404,3.374215999,0.02811846666,30,0,0,0,0,0,96.29880416,44.145,0,1012.2648
13.74,32.91931785,-3.907534375,-3.104822072,13.81341234,-0.4679286225,6.913264503,3.061046288,0.02550871907,30,0,0,0,0,0,96.23358675,44.145,0,918.3138865
13.75,32.7812771,-3.912612503,-3.099817325,13.80873523,-0.4677114057,6.941013298,2.77487947,0.02312399559,30,0,0,0,0,0,96.16842171,44.145,0,832.4638411
13.76,32.64331023,-3.91837947,-3.094790787,13.80406028,-0.4674943633,6.966147263,2.513396531,0.02094497109,30,0,0,0,0,0,96.10330898,44.145,0,754.0189592
13.77,32.50542078,-3.924837669,-3.089744339,13.79938751,-0.467277495,6.988892032,2.274476883,0.01895397402,30,0,0,0,0,0,96.03824849,44.145,0,682.3430649
13.78,32.36761234,-3.931989214,-3.084679699,13.7947169,-0.4670608007,7.009453847,2.056181451,0.01713484543,30,0,0,0,0,0,95.9732402,44.145,0,616.8544354
13.79,32.22988853,-3.939835957,-3.07959844,13.79004846,-0.4668442802,7.028021219,1.856737193,0.01547280994,30,0,0,0,0,0,95.90828406,44.145,0,557.021158
13.8,32.09225295,-3.948379514,-3.074501995,13.78538218,-0.4666279333,7.044766448,1.674522933,0.01395435778,30,0,0,0,0,0,95.84338,44.145,0,502.35688
13.81,31.95470926,-3.957621281,-3.069391679,13.78071806,-0.4664117599,7.059847012,1.508056406,0.01256713671,30,0,0,0,0,0,95.77852797,44.145,0,452.4169217
13.82,31.81726112,-3.967562451,-3.06426869,13.7760561,-0.4661957597,7.073406836,1.355982393,0.01129985328,30,0,0,0,0,0,95.71372791,44.145,0,406.794718
13.83,31.67991219,-3.978204032,-3.059134124,13.77139631,-0.4659799326,7.085577455,1.217061881,0.01014218234,30,0,0,0,0,0,95.64897978,44.145,0,365.1185643
13.84,31.54266615,-3.989546859,-3.053988983,13.76673866,-0.4657642784,7.096479076,1.090162126,0.009084684381,30,0,0,0,0,0,95.58428352,44.145,0,327.0486377
13.85,31.40552668,-4.001591608,-3.048834183,13.76208317,-0.4655487969,7.106221552,0.9742475775,0.008118729813,30,0,0,0,0,0,95.51963907,44.145,0,292.2742733
13.86,31.26849748,-4.014338807,-3.043670559,13.75742984,-0.4653334879,7.114905267,0.8683715693,0.007236429744,30,0,0,0,0,0,95.45504638,44.145,0,260.5114708
13.87,31.13158224,-4.027788852,-3.038498877,13.75277866,-0.4651183513,7.122621955,0.7716687165,0.006430572638,30,0,0,0,0,0,95.3905054,44.145,0,231.500615
13.88,30.99478465,-4.041942009,-3.033319835,13.74812962,-0.4649033869,7.129455434,0.6833479636,0.005694566363,30,0,0,0,0,0,95.32601606,44.145,0,205.0043891
13.89,30.85810841,-4.05679843,-3.028134071,13.74348274,-0.4646885944,7.135482296,0.6026862232,0.005022385194,30,0,0,0,0,0,95.26157833,44.145,0,180.805867
13.9,30.72155722,-4.072358157,-3.022942169,13.73881802,-0.4664719738,7.140772522,0.5290225582,0.004408521318,30,0,0.018,0.018,0.018,0,95.19719213,44.145,0.5994,158.7067675
13.91,30.58513498,-4.08862111,-3.017744653,13.73410414,-0.4713872691,7.145389144,0.4616621556,0.00384718463,30,0,0.034,0.034,0.034,0,95.13258073,44.145,2.1386,138.4986467
13.92,30.44884589,-4.105587075,-3.012541991,13.72929699,-0.4807157026,7.149388324,0.3999180682,0.003332650568,30,0,0.052,0.052,0.052,0,95.06731078,44.145,5.0024,119.9754205
13.93,30.31269457,-4.123255685,-3.007334596,13.72437365,-0.4923339075,7.152819361,0.3431036663,0.002859197219,30,0,0.068,0.068,0.068,0,95.00077226,44.145,8.5544,102.9310999
13.94,30.1766859,-4.141626457,-3.002122832,13.71930261,-0.5071041658,7.155726237,0.2906875984,0.002422396653,30,0,0.084,0.084,0.084,0,94.93264974,44.145,13.0536,87.20627951
13.95,30.04082504,-4.160698771,-2.996907023,13.71383924,-0.5463370302,7.158147684,0.2421447538,0.002017872949,30,0,0.116,0.116,0.116,0,94.86250905,44.145,24.8936,72.64342615
13.96,29.90511957,-4.18047157,-2.99168737,13.70813369,-0.5705545695,7.160107901,0.1960216772,0.001633513977,30,0,0.132,0.132,0.132,0,94.78697084,44.145,32.2344,58.80650316
13.97,29.76957557,-4.200943911,-2.986464115,13.70211775,-0.6015937212,7.161635822,0.1527920426,0.001273267021,30,0,0.15,0.15,0.15,0,94.70811635,44.145,41.625,45.83761277
13.98,29.63419979,-4.222114655,-2.981237452,13.6957928,-0.6324953586,7.162754737,0.1118915222,0.0009324293514,30,0,0.166,0.166,0.166,0,94.62500758,44.145,50.9786,33.56745665
13.99,29.49899894,-4.243982572,-2.976007557,13.6891274,-0.6665402305,7.163485963,0.07312263306,0.0006093552755,30,0,0.182,0.182,0.182,0,94.53766916,44.145,61.2794,21.93678992
14,29.36398006,-4.266546286,-2.970774583,13.68163059,-0.7496809109,7.16384751,0.0361546561,0.0003012888008,30,0,0.216,0.216,0.216,0,94.44567328,44.145,86.3136,10.84639683
14.01,29.22915497,-4.289803494,-2.965538476,13.67363773,-0.7992861861,7.163833258,-0.001425144636,-1.18762053e-05,30,0,0.234,0.234,0.234,0,94.34225583,44.145,101.2986,-0.4275433908
14.02,29.0945322,-4.313752339,-2.960299319,13.66510908,-0.8528648593,7.163452969,-0.03802897673,-0.0003169081395,30,0,0.252,0.252,0.252,0,94.2320578,44.145,117.4824,-11.40869302
14.03,28.96012064,-4.338390786,-2.955057171,13.65607128,-0.9037798129,7.162713691,-0.07392772853,-0.0006160644044,30,0,0.268,0.268,0.268,0,94.11454387,44.145,132.8744,-22.17831856
14.04,28.8259289,-4.363716734,-2.949812094,13.64649299,-0.9578289817,7.161623056,-0.1090634908,-0.0009088624232,30,0,0.284,0.284,0.284,0,93.99009452,44.145,149.2136,-32.71904724
14.05,28.69196586,-4.38972792,-2.944564136,13.6356569,-1.083608975,7.160186552,-0.14365041,-0.00119708675,30,0,0.318,0.318,0.318,0,93.85829254,44.145,187.0794,-43.09512301
14.06,28.55824744,-4.416420565,-2.93931306,13.62418247,-1.14744298,7.158376008,-0.1810543811,-0.001508786509,30,0,0.334,0.334,0.334,0,93.7092941,44.145,206.3786,-54.31631433
14.07,28.42478343,-4.443791952,-2.934058891,13.61203841,-1.214405491,7.156194234,-0.2181774839,-0.001818145699,30,0,0.35,0.35,0.35,0,93.55164738,44.145,226.625,-65.45324516
14.08,28.29158391,-4.471839177,-2.928801637,13.59910294,-1.293547818,7.153642294,-0.2551939863,-0.002126616552,30,0,0.368,0.368,0.368,0,93.38494526,44.145,250.5344,-76.55819588
14.09,28.15866012,-4.500558958,-2.923541259,13.5854314,-1.367153809,7.150715455,-0.2926838368,-0.002439031974,30,0,0.384,0.384,0.384,0,93.20754274,44.145,272.7936,-87.80515105
14.1,28.02602272,-4.529947991,-2.918277742,13.57018744,-1.524396096,7.147411898,-0.330355729,-0.002752964408,30,0,0.416,0.416,0.416,0,93.02022893,44.145,320.1536,-99.1067187
14.11,27.8936905,-4.560000994,-2.913010746,13.55411374,-1.607369978,7.143690944,-0.3720954156,-0.00310079513,30,0,0.432,0.432,0.432,0,92.81159349,44.145,345.2544,-111.6286247
14.12,27.76167496,-4.590714148,-2.907740249,13.5371791,-1.693464185,7.139549891,-0.4141053032,-0.003450877526,30,0,0.448,0.448,0.448,0,92.59185561,44.145,371.3024,-124.2315909
14.13,27.62998787,-4.622083417,-2.902466219,13.51935232,-1.782677433,7.134984731,-0.4565160067,-0.003804300056,30,0,0.464,0.464,0.464,0,92.36062981,44.145,398.2976,-136.954802
14.14,27.49864124,-4.654104545,-2.89718861,13.49963925,-1.971307117,7.129990254,-0.4994476688,-0.004162063907,30,0,0.496,0.496,0.496,0,92.11753515,44.145,455.1296,-149.8343006
14.15,27.36765671,-4.686770719,-2.891906995,13.47894057,-2.069868303,7.124514937,-0.5475317119,-0.004562764266,30,0,0.512,0.512,0.512,0,91.84909099,44.145,484.9664,-164.2595136
14.16,27.23704711,-4.720077097,-2.886621331,13.45722513,-2.171543489,7.118553802,-0.5961135525,-0.004967612938,30,0,0.528,0.528,0.528,0,91.56764677,44.145,515.7504,-178.8340658
14.17,27.10682551,-4.754018595,-2.881331567,13.43446182,-2.276331473,7.112100715,-0.6453086585,-0.005377572154,30,0,0.544,0.544,0.544,0,91.27284177,44.145,547.4816,-193.5925976
14.18,26.97700524,-4.788589879,-2.876037644,13.40935633,-2.510549071,7.105148479,-0.6952235884,-0.005793529904,30,0,0.578,0.578,0.578,0,90.96432123,44.145,618.0554,-208.5670765
14.19,26.84761206,-4.823782046,-2.870738994,13.38310579,-2.625054206,7.09762902,-0.7519459328,-0.006266216106,30,0,0.594,0.594,0.594,0,90.6246619,44.145,652.7466,-225.5837798
14.2,26.7186601,-4.85958909,-2.86543557,13.3555284,-2.757738634,7.089536619,-0.8092401127,-0.006743667606,30,0,0.612,0.612,0.612,0,90.27019031,44.145,692.9064,-242.7720338
14.21,26.59016518,-4.896004322,-2.860127254,13.32673993,-2.8788465,7.080857219,-0.8679399152,-0.007232832626,30,0,0.628,0.628,0.628,0,89.89854996,44.145,729.6104,-260.3819745
14.22,26.46214192,-4.933021166,-2.854813984,13.29670933,-3.003060022,7.071583308,-0.9273911663,-0.007728259719,30,0,0.644,0.644,0.644,0,89.51140662,44.145,767.2616,-278.2173499
14.23,26.3346052,-4.97063276,-2.849495688,13.26408737,-3.262196832,7.061706345,-0.9876962354,-0.008230801961,30,0,0.676,0.676,0.676,0,89.10844947,44.145,845.4056,-296.3088706
14.24,26.20758271,-5.008828158,-2.844171758,13.23013019,-3.39571717,7.051153359,-1.055298612,-0.008794155102,30,0,0.692,0.692,0.692,0,88.67175087,44.145,885.8984,-316.5895837
14.25,26.08109003,-5.047599758,-2.838842141,13.19463192,-3.549827726,7.039917788,-1.123557097,-0.009362975811,30,0,0.71,0.71,0.71,0,88.21831785,44.145,932.585,-337.0671292
14.26,25.95514463,-5.086939124,-2.8335067,13.15755322,-3.70786983,7.027983419,-1.193436907,-0.009945307557,30,0,0.728,0.728,0.728,0,87.74554895,44.145,980.4704,-358.0310721
14.27,25.82976423,-5.126837466,-2.828165294,13.11903856,-3.851465627,7.015333226,-1.265019374,-0.01054182812,30,0,0.744,0.744,0.744,0,87.25308817,44.145,1024.0416,-379.5058122
14.28,25.70496512,-5.167286194,-2.822817849,13.07886925,-4.01693141,7.001958401,-1.33748244,-0.011145687,30,0,0.762,0.762,0.762,0,86.74302308,44.145,1074.1914,-401.2447321
14.29,25.58076555,-5.208275806,-2.817464207,13.03545101,-4.341824126,6.987839889,-1.411851199,-0.01176542666,30,0,0.796,0.796,0.796,0,86.21263768,44.145,1172.1896,-423.5553596
14.3,25.45719878,-5.249791467,-2.812103564,12.99046525,-4.498575278,6.972881263,-1.495862654,-0.01246552212,30,0,0.812,0.812,0.812,0,85.6411834,44.145,1219.7864,-448.7587963
14.31,25.33428198,-5.29182337,-2.806735873,12.94388104,-4.658421675,6.957076788,-1.580447425,-0.01317039521,30,0,0.828,0.828,0.828,0,85.0511025,44.145,1268.3304,-474.1342276
14.32,25.21203254,-5.334361352,-2.801361073,12.89566741,-4.821362681,6.940419355,-1.6657433,-0.01388119417,30,0,0.844,0.844,0.844,0,84.44220437,44.145,1317.8216,-499.7229901
14.33,25.090468,-5.377394891,-2.795979095,12.84408058,-5.15868304,6.92290057,-1.751878515,-0.01459898763,30,0,0.876,0.876,0.876,0,83.81431193,44.145,1419.6456,-525.5635545
14.34,24.96962218,-5.420907299,-2.790589141,12.79077163,-5.330894949,6.9044246,-1.847596989,-0.01539664157,30,0,0.892,0.892,0.892,0,83.14508459,44.145,1471.9784,-554.2790966
14.35,24.84951324,-5.464887127,-2.785191168,12.73548542,-5.528621116,6.884986314,-1.943828646,-0.01619857205,30,0,0.91,0.91,0.91,0,82.4563348,44.145,1531.985,-583.1485938
14.36,24.73016156,-5.509321761,-2.779785024,12.6784114,-5.707402216,6.864567611,-2.041870268,-0.01701558556,30,0,0.926,0.926,0.926,0,81.74506478,44.145,1586.3306,-612.5610803
14.37,24.61158564,-5.554198952,-2.774370649,12.61951865,-5.889274754,6.843161119,-2.140649205,-0.01783874337,30,0,0.942,0.942,0.942,0,81.01402624,44.145,1641.6234,-642.1947614
14.38,24.4938041,-5.599506058,-2.768947969,12.55662952,-6.288912448,6.820758052,-2.24030674,-0.01866922283,30,0,0.976,0.976,0.976,0,80.26313447,44.145,1762.2656,-672.0920221
14.39,24.37685571,-5.645222219,-2.763515971,12.49182524,-6.480428494,6.797236879,-2.352117244,-0.01960097703,30,0,0.992,0.992,0.992,0,79.46514829,44.145,1820.5184,-705.6351731
14.4,24.26075964,-5.691333751,-2.758074623,12.42606551,-6.575973439,6.772593645,-2.464323416,-0.02053602847,30,0,1,1,1,0,78.6470317,44.145,1850,-739.2970248
14.41,24.14552603,-5.737830254,-2.752624311,12.3603333,-6.573220601,6.746874712,-2.571893356,-0.02143244463,30,0,1,1,1,0,77.82118039,44.145,1850,-771.5680068
14.42,24.03115577,-5.784704843,-2.747165822,12.29462847,-6.570483437,6.720174526,-2.670018583,-0.02225015486,30,0,1,1,1,0,77.00003099,44.145,1850,-801.0055748
14.43,23.91764967,-5.83195053,-2.741699878,12.22895085,-6.56776192,6.692579829,-2.759469625,-0.02299558021,30,0,1,1,1,0,76.1835761,44.145,1850,-827.8408875
14.44,23.80500847,-5.87956023,-2.736227144,12.16330029,-6.565056028,6.664170249,-2.840958084,-0.0236746507,30,0,1,1,1,0,75.37180835,44.145,1850,-852.2874253
14.45,23.69323281,-5.927526773,-2.730748228,12.09767663,-6.562365735,6.63501884,-2.915140841,-0.02429284034,30,0,1,1,1,0,74.56472041,44.145,1850,-874.5422523
14.46,23.58232326,-5.975842913,-2.725263688,12.03207972,-6.559691017,6.6051926,-2.98262398,-0.02485519983,30,0,1,1,1,0,73.76230502,44.145,1850,-894.787194
14.47,23.4722803,-6.024501333,-2.719774037,11.9665094,-6.55703185,6.574752936,-3.043966456,-0.02536638713,30,0,1,1,1,0,72.96455494,44.145,1850,-913.1899368
14.48,23.36310435,-6.073494656,-2.714279742,11.90096552,-6.55438821,6.543756101,-3.099683516,-0.02583069597,30,0,1,1,1,0,72.17146299,44.145,1850,-929.9050548
14.49,23.25479573,-6.12281545,-2.708781233,11.83544792,-6.551760073,6.512253602,-3.150249887,-0.02625208239,30,0,1,1,1,0,71.38302204,44.145,1850,-945.0749662
14.5,23.14735469,-6.172456235,-2.703278904,11.76995644,-6.549147417,6.480292574,-3.196102754,-0.02663418961,30,0,1,1,1,0,70.599225,44.145,1850,-958.8308261
14.51,23.04078143,-6.222409486,-2.697773112,11.70449094,-6.546550216,6.447916129,-3.237644527,-0.02698037106,30,0,1,1,1,0,69.82006483,44.145,1850,-971.293358
14.52,22.93507605,-6.272667644,-2.692264187,11.63905126,-6.543968448,6.415163675,-3.275245428,-0.0272937119,30,0,1,1,1,0,69.04553452,44.145,1850,-982.5736283
14.53,22.83023857,-6.323223115,-2.686752429,11.57363723,-6.54140209,6.382071216,-3.309245893,-0.02757704911,30,0,1,1,1,0,68.27562713,44.145,1850,-992.7737678
14.54,22.72626898,-6.374068278,-2.681238111,11.50824872,-6.538851119,6.348671628,-3.33995881,-0.02783299008,30,0,1,1,1,0,67.51033574,44.145,1850,-1001.987643
14.55,22.62316715,-6.425195487,-2.675721484,11.44288557,-6.536315512,6.314994912,-3.367671601,-0.02806393,30,0,1,1,1,0,66.7496535,44.145,1850,-1010.30148
14.56,22.52093291,-6.476597078,-2.670202776,11.37754762,-6.533795245,6.28106843,-3.392648157,-0.02827206798,30,0,1,1,1,0,65.99357359,44.145,1850,-1017.794447
14.57,22.41956602,-6.528265368,-2.664682194,11.31223471,-6.531290297,6.246917124,-3.41513064,-0.028459422,30,0,1,1,1,0,65.24208924,44.145,1850,-1024.539192
14.58,22.31906616,-6.580192663,-2.659159928,11.24694671,-6.528800646,6.212563712,-3.435341152,-0.02862784293,30,0,1,1,1,0,64.49519372,44.145,1850,-1030.602346
14.59,22.21943295,-6.632371255,-2.65363615,11.18168344,-6.526326268,6.178028879,-3.453483287,-0.02877902739,30,0,1,1,1,0,63.75288035,44.145,1850,-1036.044986
14.6,22.12066595,-6.684793431,-2.648111017,11.11644477,-6.523867142,6.143331444,-3.469743573,-0.02891452978,30,0,1,1,1,0,63.0151425,44.145,1850,-1040.923072
14.61,22.02276465,-6.737451474,-2.642584671,11.05123054,-6.521423245,6.108488516,-3.48429281,-0.02903577342,30,0,1,1,1,0,62.28197357,44.145,1850,-1045.287843
14.62,21.92572847,-6.79033766,-2.637057243,10.98604059,-6.518994557,6.073515642,-3.497287307,-0.02914406089,30,0,1,1,1,0,61.55336701,44.145,1850,-1049.186192
14.63,21.82955676,-6.843444267,-2.631528849,10.92087478,-6.516581054,6.038426942,-3.508870032,-0.0292405836,30,0,1,1,1,0,60.82931633,44.145,1850,-1052.661009
14.64,21.73424883,-6.896763574,-2.625999597,10.85573296,-6.514182717,6.003235225,-3.519171675,-0.02932643062,30,0,1,1,1,0,60.10981505,44.145,1850,-1055.751502
14.65,21.6398039,-6.950287862,-2.620469583,10.79061496,-6.511799523,5.967952109,-3.528311636,-0.02940259697,30,0,1,1,1,0,59.39485677,44.145,1850,-1058.493491
14.66,21.54622115,-7.004009419,-2.614938896,10.72552065,-6.50943145,5.93258812,-3.536398934,-0.02946999112,30,0,1,1,1,0,58.68443511,44.145,1850,-1060.91968
14.67,21.45349968,-7.057920535,-2.609407614,10.66044986,-6.507078479,5.897152789,-3.543533054,-0.02952944212,30,0,1,1,1,0,57.97854375,44.145,1850,-1063.059916
14.68,21.36163854,-7.112013513,-2.603875809,10.59540246,-6.504740588,5.861654742,-3.549804722,-0.02958170602,30,0,1,1,1,0,57.2771764,44.145,1850,-1064.941417
14.69,21.27063672,-7.166280661,-2.598343546,10.53037828,-6.502417756,5.826101776,-3.55529663,-0.02962747191,30,0,1,1,1,0,56.58032682,44.145,1850,-1066.588989
14.7,21.18049313,-7.220714299,-2.592810885,10.46537718,-6.500109963,5.790500935,-3.560084098,-0.02966736748,30,0,1,1,1,0,55.88798882,44.145,1850,-1068.025229
14.71,21.09120665,-7.275306758,-2.587277877,10.40039901,-6.497817187,5.754858578,-3.564235693,-0.02970196411,30,0,1,1,1,0,55.20015623,44.145,1850,-1069.270708
14.72,21.00277608,-7.330050382,-2.581744572,10.33544361,-6.49553941,5.71918044,-3.56781379,-0.02973178158,30,0,1,1,1,0,54.51682296,44.145,1850,-1070.344137
14.73,20.91520017,-7.384937528,-2.576211011,10.27051085,-6.49327661,5.683471689,-3.570875098,-0.02975729249,30,0,1,1,1,0,53.83798292,44.145,1850,-1071.262529
14.74,20.8284776,-7.439960568,-2.570677234,10.20560056,-6.491028767,5.647736977,-3.573471142,-0.02977892619,30,0,1,1,1,0,53.1636301,44.145,1850,-1072.041343
14.75,20.742607,-7.49511189,-2.565143276,10.1407126,-6.488795862,5.61198049,-3.575648704,-0.02979707254,30,0,1,1,1,0,52.49375852,44.145,1850,-1072.694611
14.76,20.65758694,-7.550383898,-2.559609167,10.07584682,-6.486577874,5.576205988,-3.577450233,-0.02981208527,30,0,1,1,1,0,51.82836224,44.145,1850,-1073.23507
14.77,20.57341594,-7.605769011,-2.554074936,10.01100307,-6.484374784,5.540416846,-3.578914218,-0.02982428515,30,0,1,1,1,0,51.16743535,44.145,1850,-1073.674265
14.78,20.49009244,-7.661259669,-2.548540609,9.946181209,-6.482186573,5.50461609,-3.580075539,-0.02983396283,30,0,1,1,1,0,50.51097201,44.145,1850,-1074.022662
14.79,20.40761485,-7.716848328,-2.543006207,9.881381076,-6.480013221,5.468806433,-3.580965778,-0.02984138148,30,0,1,1,1,0,49.8589664,44.145,1850,-1074.289733
14.8,20.3259815,-7.772527465,-2.537471752,9.816602529,-6.477854709,5.432990298,-3.581613512,-0.02984677927,30,0,1,1,1,0,49.21141276,44.145,1850,-1074.484054
14.81,20.24519069,-7.828289576,-2.53193726,9.751845419,-6.475711018,5.397169852,-3.582044583,-0.02985037153,30,0,1,1,1,0,48.56830535,44.145,1850,-1074.613375
14.82,20.16524064,-7.884127177,-2.526402749,9.687109598,-6.473582128,5.361347028,-3.582282342,-0.02985235285,30,0,1,1,1,0,47.9296385,44.145,1850,-1074.684703
14.83,20.08612951,-7.940032806,-2.520868232,9.622394918,-6.471468022,5.32552355,-3.582347872,-0.02985289893,30,0,1,1,1,0,47.29540655,44.145,1850,-1074.704361
14.84,20.00785544,-7.995999022,-2.515333723,9.557701231,-6.46936868,5.289700948,-3.582260194,-0.02985216828,30,0,1,1,1,0,46.66560391,44.145,1850,-1074.678058
14.85,19.93041647,-8.052018406,-2.509799232,9.49302839,-6.467284083,5.253880583,-3.582036459,-0.02985030383,30,0,1,1,1,0,46.04022502,44.145,1850,-1074.610938
14.86,19.85381061,-8.108083562,-2.50426477,9.428376248,-6.465214215,5.218063662,-3.581692118,-0.02984743431,30,0,1,1,1,0,45.41926436,44.145,1850,-1074.507635
14.87,19.77803582,-8.164187116,-2.498730346,9.363744657,-6.463159055,5.182251251,-3.581241077,-0.02984367564,30,0,1,1,1,0,44.80271645,44.145,1850,-1074.372323
14.88,19.70308999,-8.22032172,-2.493195967,9.299133472,-6.461118586,5.146444293,-3.580695848,-0.02983913207,30,0,1,1,1,0,44.19057586,44.145,1850,-1074.208755
14.89,19.62897096,-8.276480048,-2.48766164,9.234542544,-6.459092791,5.110643616,-3.580067674,-0.02983389728,30,0,1,1,1,0,43.58283719,44.145,1850,-1074.020302
14.9,19.55567652,-8.332654799,-2.482127371,9.169971727,-6.45708165,5.074849949,-3.579366651,-0.02982805543,30,0,1,1,1,0,42.9794951,44.145,1850,-1073.809995
14.91,19.4832044,-8.388838697,-2.476593167,9.105420876,-6.455085148,5.039063931,-3.57860184,-0.029821682,30,0,1,1,1,0,42.38054426,44.145,1850,-1073.580552
14.92,19.41155229,-8.445024491,-2.471059031,9.040889843,-6.453103265,5.003286117,-3.577781362,-0.02981484468,30,0,1,1,1,0,41.78597942,44.145,1850,-1073.334409
14.93,19.3407178,-8.501204957,-2.465524967,8.976378483,-6.451135984,4.967516992,-3.576912493,-0.02980760411,30,0,1,1,1,0,41.19579533,44.145,1850,-1073.073748
14.94,19.27069852,-8.557372896,-2.459990979,8.91188665,-6.449183289,4.931756975,-3.576001745,-0.02980001454,30,0,1,1,1,0,40.60998682,44.145,1850,-1072.800524
14.95,19.20149196,-8.613521136,-2.45445707,8.847414199,-6.447245162,4.896006426,-3.57505494,-0.0297921245,30,0,1,1,1,0,40.02854873,44.145,1850,-1072.516482
14.96,19.1330956,-8.669642532,-2.448923242,8.782960983,-6.445321587,4.860265653,-3.57407728,-0.02978397733,30,0,1,1,1,0,39.45147595,44.145,1850,-1072.223184
14.97,19.06550684,-8.725729966,-2.443389499,8.718526857,-6.443412545,4.824534919,-3.573073408,-0.02977561173,30,0,1,1,1,0,38.87876343,44.145,1850,-1071.922022
14.98,18.99872306,-8.781776348,-2.43785584,8.654111677,-6.44151802,4.788814444,-3.572047463,-0.02976706219,30,0,1,1,1,0,38.31040612,44.145,1850,-1071.614239
14.99,18.93274155,-8.837774617,-2.432322269,8.589715297,-6.439637997,4.753104413,-3.571003134,-0.02975835945,30,0,1,1,1,0,37.74639906,44.145,1850,-1071.30094
15,18.86755959,-8.89371774,-2.426788786,8.525337573,-6.437772458,4.717404976,-3.569943704,-0.02974953087,30,0,1,1,1,0,37.18673728,44.145,1850,-1070.983111
15.01,18.80317438,-8.949598711,-2.421255392,8.460978359,-6.435921386,4.681716255,-3.568872092,-0.02974060076,30,0,1,1,1,0,36.63141589,44.145,1850,-1070.661627
15.02,18.73958308,-9.005410555,-2.415722088,8.396637511,-6.434084767,4.646038346,-3.567790888,-0.02973159074,30,0,1,1,1,0,36.08043001,44.145,1850,-1070.337266
15.03,18.6767828,-9.061146327,-2.410188875,8.332314885,-6.432262583,4.610371322,-3.566702394,-0.02972251995,30,0,1,1,1,0,35.53377483,44.145,1850,-1070.010718
15.04,18.61477058,-9.116799111,-2.404655754,8.268010337,-6.430454819,4.574715235,-3.565608649,-0.0297134054,30,0,1,1,1,0,34.99144556,44.145,1850,-1069.682595
15.05,18.55354345,-9.172362022,-2.399122723,8.203723722,-6.428661458,4.539070121,-3.564511456,-0.02970426213,30,0,1,1,1,0,34.45343745,44.145,1850,-1069.353437
15.06,18.49309834,-9.227828203,-2.393589784,8.139454898,-6.426882486,4.503435997,-3.563412412,-0.02969510343,30,0,1,1,1,0,33.91974579,44.145,1850,-1069.023724
15.07,18.43343217,-9.283190832,-2.388056937,8.075203719,-6.425117886,4.467812868,-3.562312927,-0.02968594106,30,0,1,1,1,0,33.39036592,44.145,1850,-1068.693878
15.08,18.37454179,-9.338443115,-2.382524182,8.010970042,-6.423367644,4.432200725,-3.561214246,-0.02967678538,30,0,1,1,1,0,32.86529321,44.145,1850,-1068.364274
15.09,18.31642401,-9.393578291,-2.376991517,7.946753725,-6.421631744,4.39659955,-3.560117463,-0.02966764553,30,0,1,1,1,0,32.34452307,44.145,1850,-1068.035239
15.1,18.25907558,-9.448589631,-2.371458944,7.882554623,-6.41991017,4.361009315,-3.559023545,-0.02965852954,30,0,1,1,1,0,31.82805096,44.145,1850,-1067.707063
15.11,18.20249322,-9.503470438,-2.365926462,7.818372594,-6.418202908,4.325429982,-3.557933338,-0.02964944448,30,0,1,1,1,0,31.31587236,44.145,1850,-1067.380001
15.12,18.14667358,-9.558214046,-2.36039407,7.754207495,-6.416509943,4.289861506,-3.556847587,-0.02964039656,30,0,1,1,1,0,30.80798281,44.145,1850,-1067.054276
15.13,18.09161327,-9.612813825,-2.354861769,7.690059182,-6.41483126,4.254303836,-3.555766945,-0.02963139121,30,0,1,1,1,0,30.30437787,44.145,1850,-1066.730083
15.14,18.03730886,-9.667263176,-2.349329557,7.625927514,-6.413166844,4.218756916,-3.554691981,-0.02962243318,30,0,1,1,1,0,29.80505315,44.145,1850,-1066.407594
15.15,17.98375685,-9.721555534,-2.343797434,7.561812347,-6.411516681,4.183220684,-3.553623196,-0.02961352663,30,0,1,1,1,0,29.3100043,44.145,1850,-1066.086959
15.16,17.93095373,-9.775684368,-2.338265399,7.497713539,-6.409880757,4.147695074,-3.552561023,-0.02960467519,30,0,1,1,1,0,28.81922701,44.145,1850,-1065.768307
15.17,17.8788959,-9.829643181,-2.332733453,7.435588495,-6.21250439,4.112180016,-3.551505842,-0.02959588202,30,0,0.984,0.984,0.984,0,28.33271699,44.145,1791.2736,-1065.451753
15.18,17.82756623,-9.883439673,-2.32720305,7.377533991,-5.805450467,4.076850199,-3.532981697,-0.02944151414,30,0,0.95,0.95,0.95,0,27.86514004,44.145,1669.625,-1059.894509
15.19,17.7769333,-9.93709698,-2.321677016,7.321582953,-5.59510372,4.042044677,-3.480552196,-0.02900460163,30,0,0.932,0.932,0.932,0,27.43171592,44.145,1606.9544,-1044.165659
15.2,17.72697939,-9.990624215,-2.316156291,7.267469093,-5.411386036,4.007876196,-3.416848105,-0.02847373421,30,0,0.916,0.916,0.916,0,27.01721078,44.145,1552.2536,-1025.054432
15.21,17.67768877,-10.04402876,-2.310641474,7.215160283,-5.23088106,3.974416689,-3.345950692,-0.02788292243,30,0,0.9,0.9,0.9,0,26.61931794,44.145,1498.5,-1003.785208
15.22,17.62904607,-10.09731798,-2.305133049,7.164842219,-5.031806344,3.941724259,-3.269242953,-0.02724369128,30,0,0.882,0.882,0.882,0,26.2375031,44.145,1439.1594,-980.772886
15.23,17.58103482,-10.15050084,-2.299631568,7.118163545,-4.667867406,3.909865083,-3.185917685,-0.02654931404,30,0,0.848,0.848,0.848,0,25.87282187,44.145,1330.3424,-955.7753055
15.24,17.53362776,-10.20359883,-2.294138768,7.073358652,-4.48048933,3.879047578,-3.081750478,-0.02568125398,30,0,0.83,0.83,0.83,0,25.53679914,44.145,1274.465,-924.5251433
15.25,17.48680964,-10.25662056,-2.288654743,7.030387061,-4.297159103,3.849283107,-2.976447094,-0.02480372578,30,0,0.812,0.812,0.812,0,25.21633092,44.145,1219.7864,-892.9341282
15.26,17.44056564,-10.30957457,-2.283179535,6.989012211,-4.137484922,3.820576685,-2.870642229,-0.02392201858,30,0,0.796,0.796,0.796,0,24.91087648,44.145,1172.1896,-861.1926688
15.27,17.39488272,-10.36246785,-2.277712988,6.949202094,-3.98101177,3.792909522,-2.766716264,-0.02305596887,30,0,0.78,0.78,0.78,0,24.61853101,44.145,1125.54,-830.0148793
15.28,17.34974818,-10.41530736,-2.272254937,6.911716842,-3.748525206,3.766262005,-2.664751644,-0.0222062637,30,0.016,0.764,0.764,0.764,23.76390863,24.33887051,44.145,1079.8376,-799.4254933
15.29,17.30514461,-10.46810609,-2.26680584,6.878781129,-3.293571318,3.740688817,-2.557318824,-0.0213109902,30,0.048,0.732,0.732,0.732,71.42500679,24.07700217,44.145,991.2744,-767.1956471
15.3,17.26104059,-10.52089432,-2.261367828,6.848356286,-3.042484274,3.716446015,-2.424280199,-0.02020233499,30,0.066,0.714,0.714,0.714,98.37040337,23.84808543,44.145,943.1226,-727.2840598
15.31,17.21741808,-10.57368708,-2.255941058,6.820132705,-2.822358051,3.693552046,-2.289396936,-0.0190783078,30,0.082,0.698,0.698,0.698,122.4025766,23.63759184,44.145,901.3274,-686.8190807
15.32,17.17426129,-10.62649724,-2.250525398,6.794347783,-2.578492211,3.671991367,-2.156067935,-0.01796723279,30,0.1,0.68,0.68,0.68,149.4804985,23.4431619,44.145,855.44,-646.8203804
15.33,17.13155322,-10.6793398,-2.245120918,6.770699453,-2.364832987,3.651772351,-2.021901556,-0.01684917963,30,0.116,0.664,0.664,0.664,173.6189376,23.26623355,44.145,815.6576,-606.5704667
15.34,17.08927902,-10.73222769,-2.239727424,6.751219091,-1.948036275,3.602712372,-4.905997907,-0.04088331589,28.56,0.148,0.632,0.632,0.632,221.7730727,23.10455503,44.145,738.9344,-1471.799372
15.35,17.04741148,-10.78518999,-2.234391037,6.733781584,-1.743750684,3.545425423,-5.72869489,-0.04773912408,27.84,0.164,0.616,0.616,0.616,245.9851903,22.97179544,44.145,701.9936,-1718.608467
15.36,17.00593457,-10.83823759,-2.229125904,6.718355516,-1.54260679,3.48160944,-6.381598326,-0.05317998605,27.12,0.18,0.6,0.6,0.6,270.2162456,22.85328247,44.145,666,-1914.479498
15.37,16.96483192,-10.89138081,-2.223943669,6.704909254,-1.344626215,3.412661595,-6.894784476,-0.0574565373,26.4,0.196,0.584,0.584,0.584,294.459431,22.74869562,44.145,630.9536,-2068.435343
15.38,16.92408692,-10.94462953,-2.218853874,6.695789579,-0.9119674482,3.320877259,-9.178433578,-0.07648694648,24.78,0.232,0.548,0.548,0.548,348.7748928,22.65772728,44.145,555.5624,-2753.530073
15.39,16.88366853,-10.99801224,-2.213894224,6.688544924,-0.7244655598,3.229630724,-9.124653488,-0.07603877907,24.06,0.248,0.532,0.532,0.532,372.9958655,22.59613344,44.145,523.5944,-2737.396046
15.4,16.84355884,-11.05153677,-2.209065624,6.683142788,-0.5402135832,3.139030555,-9.06001692,-0.075500141,23.34,0.264,0.516,0.516,0.516,397.2017882,22.54726313,44.145,492.5736,-2718.005076
15.41,16.80374025,-11.10521097,-2.204368686,6.679550481,-0.3592306275,3.049150199,-8.988035609,-0.07490029674,22.62,0.28,0.5,0.5,0.5,421.3866681,22.51085635,44.145,462.5,-2696.410683
15.42,16.76419547,-11.15904265,-2.199803783,6.677954616,-0.1595865167,2.958149376,-9.100082336,-0.07583401946,21.81,0.298,0.482,0.482,0.482,448.5551079,22.4866629,44.145,429.7994,-2730.024701
15.43,16.72490623,-11.21304139,-2.195374059,6.679805123,0.1850506338,2.860049376,-9.81,-0.08744880025,20.37,0.33,0.45,0.45,0.45,496.7611094,22.47591924,44.145,374.625,-2943
15.44,16.68584575,-11.26722864,-2.191092423,6.683328692,0.3523569709,2.761949376,-9.81,-0.08520639705,19.65,0.346,0.434,0.434,0.434,520.7990687,22.48837742,44.145,348.4586,-2943
15.45,16.64699716,-11.32161131,-2.186959828,6.688694924,0.5366231575,2.663849376,-9.81,-0.0844395141,18.84,0.364,0.416,0.416,0.416,547.797656,22.51210873,44.145,320.1536,-2943
15.46,16.60834262,-11.37619786,-2.182977213,6.695662669,0.6967744997,2.565749376,-9.81,-0.08200779502,18.12,0.38,0.4,0.4,0.4,571.7256244,22.54827445,44.145,296,-2943
15.47,16.56986575,-11.43099494,-2.179145256,6.704392745,0.8730075605,2.468454286,-9.729508941,-0.08107924117,17.31,0.398,0.382,0.382,0.382,598.601945,22.59527688,44.145,269.9594,-2918.852682
15.48,16.53154925,-11.4860107,-2.17546341,6.716160359,1.176761463,2.370354286,-9.81,-0.09120086641,15.87,0.43,0.35,0.35,0.35,646.4526755,22.65423656,44.145,226.625,-2943
15.49,16.49336867,-11.54126398,-2.17193408,6.729389043,1.322868431,2.272254286,-9.81,-0.08851556803,15.15,0.446,0.334,0.334,0.334,670.1179615,22.73383222,44.145,206.3786,-2943
15.5,16.45530851,-11.59676075,-2.168557467,6.744044293,1.465524919,2.174154286,-9.81,-0.08581029394,14.43,0.462,0.318,0.318,0.318,693.7053527,22.82347716,44.145,187.0794,-2943
15.51,16.41735349,-11.65250687,-2.165333653,6.760265751,1.622145877,2.076054286,-9.81,-0.08466753297,13.62,0.48,0.3,0.3,0.3,720.2117585,22.92299524,44.145,166.5,-2943
15.52,16.37948751,-11.70850943,-2.162262688,6.778009868,1.774411688,1.977954286,-9.81,-0.08351987236,12.81,0.498,0.282,0.282,0.282,746.6213078,23.03340129,44.145,147.1194,-2943
15.53,16.34169476,-11.76477532,-2.159344495,6.798375731,2.036586263,1.879854286,-9.81,-0.09337539224,11.37,0.53,0.25,0.25,0.25,793.9003533,23.15447456,44.145,115.625,-2943
15.54,16.3039533,-11.82132064,-2.156579343,6.819985932,2.161020142,1.781754286,-9.81,-0.09063764369,10.65,0.546,0.234,0.234,0.234,817.0434704,23.29382794,44.145,101.2986,-2943
15.55,16.26624887,-11.87815018,-2.153966794,6.842805264,2.281933196,1.683654286,-9.81,-0.08794363834,9.93,0.562,0.218,0.218,0.218,840.0865116,23.44215289,44.145,87.9194,-2943
15.56,16.22856738,-11.93526851,-2.151506321,6.866798427,2.39931624,1.585554286,-9.81,-0.08530255284,9.21,0.578,0.202,0.202,0.202,863.0265598,23.59928788,44.145,75.4874,-2943
15.57,16.19089491,-11.99267998,-2.149197305,6.893076672,2.627824565,1.487454286,-9.81,-0.09528945052,7.77,0.61,0.17,0.17,0.17,909.7224415,23.765072,44.145,53.465,-2943
15.58,16.15321145,-12.05039833,-2.147039409,6.920423291,2.734661902,1.389354286,-9.81,-0.09274389185,7.05,0.626,0.154,0.154,0.154,932.3654817,23.94731103,44.145,43.8746,-2943
15.59,16.11550361,-12.10842716,-2.145031795,6.948935621,2.851232932,1.291254286,-9.81,-0.09185291503,6.24,0.644,0.136,0.136,0.136,957.8701778,24.1376983,44.145,34.2176,-2943
15.6,16.07775748,-12.16677096,-2.14317359,6.978569067,2.963344609,1.193154286,-9.81,-0.0910490633,5.43,0.662,0.118,0.118,0.118,983.2447866,24.33700396,44.145,25.7594,-2943
15.61,16.03995932,-12.22543392,-2.14146385,7.009278963,3.070989589,1.095054286,-9.81,-0.09033984855,4.62,0.68,0.1,0.1,0.1,1008.486891,24.54501481,44.145,18.5,-2943
15.62,16.00209562,-12.28441984,-2.139901557,7.040901383,3.162242044,0.9969542863,-9.81,-0.08816139361,3.9,0.696,0.084,0.084,0.084,1030.632729,24.76151575,44.145,13.0536,-2943
15.63,15.96415372,-12.34373123,-2.13848561,7.074418528,3.351714446,0.8988542863,-9.81,-0.1002303921,2.37,0.73,0.05,0.05,0.05,1079.269777,24.98544331,44.145,4.625,-2943
15.64,15.92611561,-12.40337888,-2.13721504,7.108737374,3.431884614,0.8007542863,-9.81,-0.09825905199,1.65,0.746,0.034,0.034,0.034,1101.072872,25.22388834,44.145,2.1386,-2943
15.65,15.88796917,-12.46336441,-2.136088604,7.143821962,3.50845886,0.7026542863,-9.81,-0.09641211069,0.93,0.762,0.018,0.018,0.018,1122.751268,25.46921011,44.145,0.5994,-2943
15.66,15.84970238,-12.52368914,-2.135105021,7.179636314,3.581435178,0.6045542863,-9.81,-0.09469312293,0.21,0.778,0.002,0.002,0.002,1144.304186,25.72123288,44.145,0.0074,-2943
15.67,15.8113034,-12.58435409,-2.13426298,7.217037427,3.740111313,0.5064542863,-9.81,-0.08420402647,0,0.812,0,0,0,1192.158171,25.97977751,44.145,0,-2943
15.68,15.77275575,-12.64536754,-2.133561232,7.255136057,3.809862936,0.4222445049,-8.420978132,-0.07017481777,0,0.828,0,0,0,1213.355038,26.25115713,44.145,0,-2526.29344
15.69,15.73404766,-12.70673026,-2.132979238,7.293927576,3.879151982,0.3524052349,-6.983927,-0.05819939167,0,0.844,0,0,0,1234.419642,26.5290476,44.145,0,-2095.1781
15.7,15.69516852,-12.76844371,-2.132496089,7.333407287,3.947971012,0.2944273791,-5.79778559,-0.04831487991,0,0.86,0,0,0,1255.349799,26.81349526,44.145,0,-1739.335677
15.71,15.65610892,-12.83051008,-2.132094602,7.373570413,4.016312676,0.2462488392,-4.817853981,-0.04014878317,0,0.876,0,0,0,1276.143349,27.10454666,44.145,0,-1445.356194
15.72,15.61686045,-12.89293213,-2.13176064,7.415284396,4.171398289,0.2061734632,-4.007537604,-0.0333961467,0,0.91,0,0,0,1322.966735,27.40224848,44.145,0,-1202.261281
15.73,15.57741092,-12.95572049,-2.131482602,7.457668005,4.238360838,0.1728088419,-3.336462132,-0.0278038511,0,0.926,0,0,0,1343.366418,27.71316711,44.145,0,-1000.93864
15.74,15.53775346,-13.01887876,-2.131250882,7.500716159,4.30481542,0.1450024807,-2.78063612,-0.02317196767,0,0.942,0,0,0,1363.620499,28.03087328,44.145,0,-834.1908361
15.75,15.49788181,-13.08241085,-2.131057564,7.54442371,4.370755142,0.1218042989,-2.319818177,-0.01933181814,0,0.958,0,0,0,1383.726957,28.35541442,44.145,0,-695.945453
15.76,15.45779018,-13.14632089,-2.130896114,7.588881519,4.445780901,0.102430366,-1.93739329,-0.01614494408,0,0.976,0,0,0,1406.566108,28.68683788,44.145,0,-581.2179869
15.77,15.41747267,-13.21061406,-2.13076114,7.634371176,4.548965675,0.08623345493,-1.619691109,-0.01349742591,0,1,0,0,0,1437.860628,29.02592585,44.145,0,-485.9073327
15.78,15.37692222,-13.27529808,-2.130648186,7.679736879,4.53657026,0.07267894684,-1.35545081,-0.01129542341,0,1,0,0,0,1434.491024,29.37494612,44.145,0,-406.6352429
15.79,15.33613816,-13.34037109,-2.130553548,7.724978895,4.524201696,0.06132247231,-1.135647452,-0.009463728769,0,1,0,0,0,1431.130602,29.7250927,44.145,0,-340.6942357
15.8,15.29512003,-13.40583133,-2.130474166,7.770097495,4.511859968,0.05179662535,-0.9525846966,-0.007938205805,0,1,0,0,0,1427.779341,30.07635066,44.145,0,-285.775409
15.81,15.25386755,-13.47167717,-2.130407505,7.815092946,4.499545058,0.0437972469,-0.7999378445,-0.006666148704,0,1,0,0,0,1424.437223,30.4287052,44.145,0,-239.9813533
15.82,15.21238061,-13.53790708,-2.130351463,7.859965515,4.487256949,0.03707222179,-0.6725025108,-0.00560418759,0,1,0,0,0,1421.104226,30.78214159,44.145,0,-201.7507532
15.83,15.17065918,-13.60451961,-2.130304297,7.904715471,4.474995623,0.03141231577,-0.5659906022,-0.004716588352,0,1,0,0,0,1417.780332,31.13664518,44.145,0,-169.7971807
15.84,15.12870338,-13.67151336,-2.130264558,7.949343082,4.462761064,0.02664367115,-0.4768644623,-0.003973870519,0,1,0,0,0,1414.465521,31.49220145,44.145,0,-143.0593387
15.85,15.08651339,-13.73888702,-2.130231042,7.993848615,4.450553253,0.02262165259,-0.4022018555,-0.00335168213,0,1,0,0,0,1411.159772,31.84879594,44.145,0,-120.6605567
15.86,15.04408946,-13.80663931,-2.130202743,8.038232336,4.438372171,0.004146148813,-1.847550378,-0.01539625315,-0.72,1,0,0,0,1407.863066,32.2064143,44.145,0,-554.2651134
15.87,15.00143192,-13.87476897,-2.130197585,8.082494514,4.426217801,-0.02663210493,-3.077825374,-0.02564854478,-1.44,1,0,0,0,1404.575382,32.56504226,44.145,0,-923.3476122
15.88,14.95853983,-13.94327401,-2.130230535,8.126635416,4.414090123,-0.08488159708,-5.824949215,-0.04854124346,-2.97,1,0,0,0,1401.296703,32.92466566,44.145,0,-1747.484765
15.89,14.91541123,-14.01215176,-2.130334984,8.170655307,4.40198912,-0.1496309402,-6.474934316,-0.05395778597,-3.69,1,0,0,0,1398.027006,33.2852704,44.145,0,-1942.480295
15.9,14.87204178,-14.08139807,-2.130518116,8.214554454,4.38991477,-0.2200179102,-7.038696999,-0.05865580833,-4.41,1,0,0,0,1394.766274,33.6468425,44.145,0,-2111.6091
15.91,14.82842656,-14.15100844,-2.130785955,8.258333125,4.377867056,-0.2972046392,-7.718672898,-0.06432227415,-5.22,1,0,0,0,1391.514485,34.00936806,44.145,0,-2315.601869
15.92,14.78456016,-14.22097805,-2.13114584,8.301991585,4.365845957,-0.3784255639,-8.122092466,-0.06768410388,-5.94,1,0,0,0,1388.27162,34.37283327,44.145,0,-2436.62774
15.93,14.74043655,-14.29130168,-2.131601665,8.345530099,4.353851453,-0.4765255639,-9.81,-0.08479359121,-7.47,1,0,0,0,1385.03766,34.73722439,44.145,0,-2943
15.94,14.69604931,-14.36197388,-2.13217266,8.388948934,4.341883525,-0.5746255639,-9.81,-0.08584296958,-8.19,1,0,0,0,1381.812585,35.10252781,44.145,0,-2943
15.95,14.65139059,-14.43298828,-2.132857639,8.432248356,4.329942151,-0.6727255639,-9.81,-0.08858171138,-9,1,0,0,0,1378.596375,35.46872997,44.145,0,-2943
15.96,14.60645248,-14.50433846,-2.13365544,8.475428629,4.318027311,-0.7708255639,-9.81,-0.0898659096,-9.72,1,0,0,0,1375.389011,35.83581742,44.145,0,-2943
15.97,14.56122705,-14.57601795,-2.134564922,8.518490019,4.306138984,-0.8689255639,-9.81,-0.09283490111,-10.53,1,0,0,0,1372.190472,36.20377678,44.145,0,-2943
15.98,14.51570634,-14.64802025,-2.135584969,8.56143279,4.294277149,-0.9670255639,-9.81,-0.09591569058,-11.34,1,0,0,0,1369.000739,36.57259479,44.145,0,-2943
15.99,14.46988236,-14.72033883,-2.136714483,8.604257208,4.282441784,-1.065125564,-9.81,-0.1101017083,-12.78,1,0,0,0,1365.819793,36.94225824,44.145,0,-2943
16,14.4237471,-14.79296707,-2.137952388,8.646963537,4.270632867,-1.163225564,-9.81,-0.1133997149,-13.59,1,0,0,0,1362.647614,37.31275402,44.145,0,-2943
16.01,14.37729254,-14.86589835,-2.13929763,8.689552041,4.258850378,-1.261325564,-9.81,-0.1152324493,-14.31,1,0,0,0,1359.484182,37.68406912,44.145,0,-2943
16.02,14.33051062,-14.93912597,-2.140749172,8.732022984,4.247094293,-1.359425564,-9.81,-0.1171687188,-15.03,1,0,0,0,1356.329478,38.05619059,44.145,0,-2943
16.03,14.28339329,-15.01264318,-2.142306,8.774376629,4.23536459,-1.457525564,-9.81,-0.1207773792,-15.84,1,0,0,0,1353.183483,38.42910559,44.145,0,-2943
16.04,14.23593248,-15.08644317,-2.143967116,8.816613242,4.223661247,-1.555625564,-9.81,-0.1370521112,-17.37,1,0,0,0,1350.046176,38.80280136,44.145,0,-2943
16.05,14.18812009,-15.1605191,-2.145731541,8.858733084,4.211984241,-1.653725564,-9.81,-0.1392875297,-18.09,1,0,0,0,1346.917538,39.17726521,44.145,0,-2943
16.06,14.13994803,-15.23486402,-2.147598315,8.90073642,4.200333549,-1.751825564,-9.81,-0.1416189979,-18.81,1,0,0,0,1343.797549,39.55248454,44.145,0,-2943
16.07,14.09140821,-15.30947097,-2.149566496,8.942623511,4.188709148,-1.849925564,-9.81,-0.1440447554,-19.53,1,0,0,0,1340.686191,39.92844684,44.145,0,-2943
16.08,14.04249252,-15.38433289,-2.151635157,8.984394621,4.177111013,-1.948025564,-9.81,-0.1607002501,-21.06,1,0,0,0,1337.583444,40.30513969,44.145,0,-2943
16.09,13.99319287,-15.45944267,-2.153803389,9.026050013,4.165539122,-2.046125564,-9.81,-0.1633094697,-21.78,1,0,0,0,1334.489287,40.68255074,44.145,0,-2943
16.1,13.94350115,-15.53479312,-2.156070301,9.067589947,4.15399345,-2.144225564,-9.81,-0.1660079421,-22.5,1,0,0,0,1331.403703,41.06066773,44.145,0,-2943
16.11,13.89340926,-15.61037699,-2.158435014,9.109014687,4.142473974,-2.242325564,-9.81,-0.1687940662,-23.22,1,0,0,0,1328.326671,41.43947847,44.145,0,-2943
16.12,13.84290912,-15.68618696,-2.16089667,9.150324494,4.130980668,-2.340425564,-9.81,-0.171666278,-23.94,1,0,0,0,1325.258171,41.81897088,44.145,0,-2943
16.13,13.79199266,-15.76221562,-2.163454421,9.191519629,4.119513509,-2.438525564,-9.81,-0.1871894203,-25.38,1,0,0,0,1322.198186,42.19913292,44.145,0,-2943
16.14,13.74065179,-15.8384555,-2.166107438,9.232600353,4.108072472,-2.536625564,-9.81,-0.1902292586,-26.1,1,0,0,0,1319.146694,42.57995267,44.145,0,-2943
16.15,13.68887847,-15.91489903,-2.168854904,9.273566929,4.096657531,-2.634725564,-9.81,-0.1933507046,-26.82,1,0,0,0,1316.103678,42.96141828,44.145,0,-2943
16.16,13.63666466,-15.9915386,-2.171696018,9.314419615,4.085268661,-2.732825564,-9.81,-0.196552332,-27.54,1,0,0,0,1313.069116,43.34351796,44.145,0,-2943
16.17,13.58400235,-16.06836647,-2.174629991,9.355158674,4.073905838,-2.830925564,-9.81,-0.2139699138,-29.07,1,0,0,0,1310.042991,43.72624004,44.145,0,-2943
16.18,13.53088354,-16.14537486,-2.177656049,9.395784364,4.062569035,-2.929025564,-9.81,-0.2188985496,-29.88,1,0,0,0,1307.025283,44.10957288,44.145,0,-2943
16.19,13.47730025,-16.22255586,-2.180773432,9.436296946,4.051258227,-3.027125564,-9.81,-0.2118605055,-30,1,0,0,0,1304.015973,44.49350496,44.145,0,-2943
16.2,13.42324455,-16.29990152,-2.183981391,9.47669668,4.039973387,-3.125225564,-9.81,-0.2028028552,-30,1,0,0,0,1301.015041,44.87802483,44.145,0,-2943
16.21,13.36870851,-16.37740377,-2.187279191,9.516983825,4.02871449,-3.223325564,-9.81,-0.1938187194,-30,1,0,0,0,1298.022468,45.2631211,44.145,0,-2943
16.22,13.31368426,-16.45505446,-2.190666111,9.55715864,4.017481509,-3.321425564,-9.81,-0.1849068514,-30,1,0,0,0,1295.038235,45.64878249,44.145,0,-2943
16.23,13.25816393,-16.53284534,-2.194141438,9.597221384,4.006274417,-3.419525564,-9.81,-0.1760660319,-30,1,0,0,0,1292.062323,46.03499776,44.145,0,-2943
16.24,13.20213973,-16.61076809,-2.197704475,9.637172316,3.995093188,-3.517625564,-9.81,-0.1672950678,-30,1,0,0,0,1289.094712,46.42175578,44.145,0,-2943
16.25,13.14560387,-16.68881427,-2.201354535,9.677011694,3.983937795,-3.615725564,-9.81,-0.1585927916,-30,1,0,0,0,1286.135384,46.80904549,44.145,0,-2943
16.26,13.08854862,-16.76697535,-2.205090942,9.716739776,3.97280821,-3.713825564,-9.81,-0.1499580611,-30,1,0,0,0,1283.184319,47.19685589,44.145,0,-2943
16.27,13.0309663,-16.84524271,-2.208913032,9.75635682,3.961704407,-3.811925564,-9.81,-0.141389758,-30,1,0,0,0,1280.241498,47.58517607,44.145,0,-2943
16.28,12.97284927,-16.92360762,-2.212820152,9.795863084,3.950626357,-3.910025564,-9.81,-0.1328867881,-30,1,0,0,0,1277.306902,47.9739952,44.145,0,-2943
16.29,12.91418992,-17.00206127,-2.216811659,9.835258824,3.939574033,-4.008125564,-9.81,-0.12444808,-30,1,0,0,0,1274.380512,48.36330251,44.145,0,-2943
16.3,12.85498073,-17.08059472,-2.220886921,9.874544298,3.928547407,-4.106225564,-9.81,-0.1160725848,-30,1,0,0,0,1271.462309,48.75308733,44.145,0,-2943
16.31,12.79521421,-17.15919895,-2.225045316,9.913719763,3.91754645,-4.204325564,-9.81,-0.1077592756,-30,1,0,0,0,1268.552274,49.14333905,44.145,0,-2943
16.32,12.73488293,-17.23786483,-2.229286232,9.952785474,3.906571136,-4.302425564,-9.81,-0.09950714658,-30,1,0,0,0,1265.650388,49.53404713,44.145,0,-2943
16.33,12.67397953,-17.31658313,-2.233609068,9.991741689,3.895621435,-4.400525564,-9.81,-0.09131521287,-30,1,0,0,0,1262.756632,49.9252011,44.145,0,-2943
16.34,12.6124967,-17.39534449,-2.238013231,10.03058866,3.884697318,-4.498625564,-9.81,-0.08318250974,-30,1,0,0,0,1259.870986,50.31679059,44.145,0,-2943
16.35,12.5504272,-17.47413946,-2.242498137,10.06932665,3.873798757,-4.588755274,-9.012971063,-0.07510809219,-30,1,0,0,0,1256.993432,50.70880529,44.145,0,-2703.891319
16.36,12.48776387,-17.5529585,-2.247055299,10.10795591,3.862925723,-4.670214366,-8.145909104,-0.06788257586,-30,1,0,0,0,1254.123952,51.10123494,44.145,0,-2443.772731
16.37,12.42450022,-17.63179243,-2.251675634,10.14647669,3.852078187,-4.744092682,-7.387831645,-0.06156526371,-30,1,0,0,0,1251.262525,51.49406939,44.145,0,-2216.349493
16.38,12.36063054,-17.71063253,-2.25635124,10.18488925,3.841256119,-4.811338498,-6.72458162,-0.05603818016,-30,1,0,0,0,1248.409134,51.88729855,44.145,0,-2017.374486
16.39,12.29614973,-17.78947049,-2.261075237,10.22319384,3.83045949,-4.872777404,-6.143890578,-0.05119908815,-30,1,0,0,0,1245.563759,52.28091239,44.145,0,-1843.167173
16.4,12.23105332,-17.86829831,-2.265841632,10.26139073,3.81968827,-4.929128605,-5.635120097,-0.04695933414,-30,1,0,0,0,1242.726382,52.67490096,44.145,0,-1690.536029
16.41,12.16533729,-17.94710832,-2.2706452,10.29948015,3.808942429,-4.981019,-5.189039508,-0.0432419959,-30,1,0,0,0,1239.896983,53.06925439,44.145,0,-1556.711852
16.42,12.09899813,-18.02589312,-2.275481384,10.33746237,3.798221938,-5.028995347,-4.797634722,-0.03998028935,-30,1,0,0,0,1237.075544,53.46396286,44.145,0,-1439.290417
16.43,12.03203267,-18.10464552,-2.28034621,10.37533764,3.787526767,-5.073534784,-4.453943676,-0.0371161973,-30,1,0,0,0,1234.262047,53.85901665,44.145,0,-1336.183103
16.44,11.96443814,-18.18335856,-2.285236205,10.41310621,3.776856884,-5.11505393,-4.151914617,-0.03459928847,-30,1,0,0,0,1231.456471,54.25440608,44.145,0,-1245.574385
16.45,11.89621205,-18.26202545,-2.290148336,10.45076833,3.76621226,-5.15391677,-3.88628396,-0.03238569966,-30,1,0,0,0,1228.658799,54.65012157,44.145,0,-1165.885188
16.46,11.82735222,-18.34063956,-2.295079951,10.48832426,3.755592863,-5.190441479,-3.652470959,-0.03043725799,-30,1,0,0,0,1225.869013,55.04615358,44.145,0,-1095.741288
16.47,11.75785668,-18.41919441,-2.300028732,10.52577425,3.744998664,-5.224906347,-3.446486814,-0.02872072345,-30,1,0,0,0,1223.087092,55.44249266,44.145,0,-1033.946044
16.48,11.68772371,-18.49768364,-2.304992648,10.56311854,3.734429631,-5.257554909,-3.264856185,-0.02720713487,-30,1,0,0,0,1220.313019,55.83912942,44.145,0,-979.4568554
16.49,11.6169518,-18.57610101,-2.309969923,10.6003574,3.723885734,-5.288600403,-3.104549375,-0.02587124479,-30,1,0,0,0,1217.546775,56.23605455,44.145,0,-931.3648124
16.5,11.54553958,-18.65444036,-2.314959001,10.63749107,3.71336694,-5.31822964,-2.962923706,-0.02469103088,-30,1,0,0,0,1214.788341,56.6332588,44.145,0,-888.8771117
16.51,11.47348589,-18.73269563,-2.319958516,10.6745198,3.702873219,-5.346606368,-2.837672797,-0.02364727331,-30,1,0,0,0,1212.037699,57.03073298,44.145,0,-851.3018392
16.52,11.40078969,-18.81086083,-2.324967272,10.71144385,3.692404539,-5.373874195,-2.726782664,-0.02272318887,-30,1,0,0,0,1209.29483,57.42846798,44.145,0,-818.0347993
16.53,11.32745008,-18.88893006,-2.329984218,10.74826345,3.681960868,-5.400159132,-2.628493688,-0.02190411407,-30,1,0,0,0,1206.559715,57.82645475,44.145,0,-788.5481064
16.54,11.25346628,-18.96689745,-2.335008434,10.78497888,3.671542175,-5.425571808,-2.541267664,-0.02117723053,-30,1,0,0,0,1203.832337,58.22468431,44.145,0,-762.3802991
16.55,11.17883763,-19.04475721,-2.340039108,10.82159036,3.661148427,-5.4502094,-2.46375922,-0.02053132683,-30,1,0,0,0,1201.112676,58.62314776,44.145,0,-739.127766
16.56,11.10356358,-19.12250358,-2.34507553,10.85809816,3.650779593,-5.474157311,-2.394791026,-0.01995659188,-30,1,0,0,0,1198.400714,59.02183624,44.145,0,-718.4373077
16.57,11.02764365,-19.20013086,-2.350117073,10.89450251,3.64043564,-5.497490633,-2.333332261,-0.01944443551,-30,1,0,0,0,1195.696433,59.42074097,44.145,0,-699.9996782
16.58,10.95107749,-19.27763338,-2.355163188,10.93080368,3.630116535,-5.520275432,-2.278479917,-0.01898733264,-30,1,0,0,0,1192.999814,59.81985324,44.145,0,-683.543975
16.59,10.87386478,-19.35500551,-2.360213389,10.9670019,3.619822247,-5.542569858,-2.229442545,-0.01857868787,-30,1,0,0,0,1190.310839,60.2191644,44.145,0,-668.8327634
16.6,10.79600534,-19.43224164,-2.365267249,11.00309743,3.609552743,-5.564425119,-2.18552612,-0.01821271766,-30,1,0,0,0,1187.629489,60.61866587,44.145,0,-655.6578359
16.61,10.71749901,-19.5093362,-2.370324394,11.03909051,3.59930799,-5.585886337,-2.146121744,-0.01788434787,-30,1,0,0,0,1184.955746,61.01834912,44.145,0,-643.8365232
16.62,10.63834573,-19.58628365,-2.37538449,11.07498139,3.589087954,-5.606993286,-2.110694938,-0.01758912448,-30,1,0,0,0,1182.289592,61.4182057,44.145,0,-633.2084814
16.63,10.55854549,-19.66307846,-2.380447246,11.11077031,3.578892604,-5.627781049,-2.078776315,-0.01732313596,-30,1,0,0,0,1179.631008,61.81822722,44.145,0,-623.6328946
16.64,10.47809835,-19.73971513,-2.385512405,11.14645753,3.568721905,-5.648280584,-2.049953453,-0.01708294544,-30,1,0,0,0,1176.979977,62.21840535,44.145,0,-614.9860358
16.65,10.39700443,-19.81618819,-2.390579737,11.18204329,3.558575824,-5.668519222,-2.023863802,-0.01686553169,-30,1,0,0,0,1174.336479,62.61873183,44.145,0,-607.1591407
16.66,10.31526392,-19.89249217,-2.395649043,11.21752783,3.548454328,-5.688521107,-2.000188509,-0.01666823757,-30,1,0,0,0,1171.700497,63.01919845,44.145,0,-600.0565527
16.67,10.23287703,-19.96862162,-2.400720143,11.25291141,3.538357384,-5.708307577,-1.978647009,-0.01648872507,-30,1,0,0,0,1169.072012,63.41979708,44.145,0,-593.5941026
16.68,10.14984405,-20.04457112,-2.405792881,11.28819426,3.528284957,-5.7278975,-1.958992317,-0.01632493598,-30,1,0,0,0,1166.451007,63.82051964,44.145,0,-587.6976952
16.69,10.06616532,-20.12033524,-2.410867119,11.32337663,3.518237014,-5.747307569,-1.941006908,-0.01617505757,-30,1,0,0,0,1163.837462,64.22135812,44.145,0,-582.3020725
16.7,9.981841223,-20.19590861,-2.415942731,11.35845876,3.508213521,-5.76655256,-1.924499111,-0.0160374926,-30,1,0,0,0,1161.231361,64.62230456,44.145,0,-577.3497334
16.71,9.896872196,-20.27128581,-2.421019611,11.39344091,3.498214444,-5.78564556,-1.909299962,-0.01591083302,-30,1,0,0,0,1158.632684,65.02335108,44.145,0,-572.7899887
16.72,9.81125872,-20.34646149,-2.42609766,11.4283233,3.488239748,-5.804598164,-1.895260446,-0.01579383705,-30,1,0,0,0,1156.041414,65.42448984,44.145,0,-568.5781338
16.73,9.725001321,-20.42143027,-2.431176794,11.4631062,3.4782894,-5.823420655,-1.882249081,-0.015685409,-30,1,0,0,0,1153.457533,65.82571307,44.145,0,-564.6747242
16.74,9.638100575,-20.49618681,-2.436256936,11.49778983,3.468363364,-5.842122153,-1.870149805,-0.01558458171,-30,1,0,0,0,1150.881022,66.22701308,44.145,0,-561.0449415
16.75,9.550557098,-20.57072577,-2.441338019,11.53237445,3.458461607,-5.860710754,-1.858860123,-0.01549050103,-30,1,0,0,0,1148.311864,66.6283822,44.145,0,-557.658037
16.76,9.462371554,-20.64504183,-2.446419982,11.56686029,3.448584093,-5.879193649,-1.848289482,-0.01540241235,-30,1,0,0,0,1145.750041,67.02981285,44.145,0,-554.4868446
16.77,9.373544647,-20.71912966,-2.451502774,11.6012476,3.438730789,-5.897577228,-1.838357841,-0.01531964867,-30,1,0,0,0,1143.195534,67.43129751,44.145,0,-551.5073523
16.78,9.284077125,-20.79298395,-2.456586345,11.63553661,3.428901658,-5.915867172,-1.828994425,-0.01524162021,-30,1,0,0,0,1140.648326,67.83282869,44.145,0,-548.6983274
16.79,9.193969777,-20.86659942,-2.461670655,11.66972758,3.419096667,-5.934068538,-1.820136623,-0.01516780519,-30,1,0,0,0,1138.108399,68.234399,44.145,0,-546.0409868
16.8,9.103223436,-20.93997077,-2.466755665,11.70382074,3.409315779,-5.952185828,-1.811729024,-0.01509774187,-30,1,0,0,0,1135.575735,68.63600107,44.145,0,-543.5187073
16.81,9.011838973,-21.01309274,-2.471841343,11.73781633,3.39955896,-5.970223054,-1.80372257,-0.01503102141,-30,1,0,0,0,1133.050316,69.03762762,44.145,0,-541.1167709
16.82,8.919817301,-21.08596005,-2.476927658,11.77171459,3.389826175,-5.988183792,-1.796073804,-0.0149672817,-30,1,0,0,0,1130.532124,69.4392714,44.145,0,-538.8221412
16.83,8.827159374,-21.15856746,-2.482014583,11.80551576,3.380117387,-6.006071234,-1.788744222,-0.01490620185,-30,1,0,0,0,1128.021141,69.84092525,44.145,0,-536.6232667
16.84,8.733866185,-21.23090971,-2.487102096,11.83922009,3.370432563,-6.023888231,-1.781699691,-0.01484749742,-30,1,0,0,0,1125.517351,70.24258203,44.145,0,-534.5099072
16.85,8.639938767,-21.30298157,-2.492190175,11.87282781,3.360771665,-6.041637331,-1.774909938,-0.01479091615,-30,1,0,0,0,1123.020734,70.64423469,44.145,0,-532.4729813
16.86,8.545378192,-21.37477782,-2.4972788,11.90633915,3.351134658,-6.059320812,-1.768348107,-0.01473623423,-30,1,0,0,0,1120.531274,71.04587621,44.145,0,-530.5044322
16.87,8.450185571,-21.44629324,-2.502367955,11.93975437,3.341521507,-6.076940715,-1.761990364,-0.01468325303,-30,1,0,0,0,1118.048952,71.44749966,44.145,0,-528.5971092
16.88,8.354362055,-21.51752264,-2.507457625,11.97307369,3.331932175,-6.094498871,-1.755815543,-0.01463179619,-30,1,0,0,0,1115.573751,71.84909812,44.145,0,-526.744663
16.89,8.257908832,-21.58846082,-2.512547796,12.00629736,3.322366626,-6.111996919,-1.749804847,-0.01458170706,-30,1,0,0,0,1113.105653,72.25066476,44.145,0,-524.9414542
16.9,8.160827129,-21.6591026,-2.517638455,12.0394256,3.312824825,-6.129436335,-1.743941572,-0.01453284643,-30,1,0,0,0,1110.64464,72.6521928,44.145,0,-523.1824715
16.91,8.063118212,-21.7294428,-2.522729592,12.07245867,3.303306735,-6.146818444,-1.738210867,-0.01448509056,-30,1,0,0,0,1108.190696,73.05367551,44.145,0,-521.4632602
16.92,7.964783385,-21.79947628,-2.527821196,12.10539679,3.29381232,-6.164144439,-1.732599529,-0.01443832941,-30,1,0,0,0,1105.743802,73.45510622,44.145,0,-519.7798588
16.93,7.865823987,-21.86919787,-2.53291326,12.13824021,3.284341543,-6.181415397,-1.727095811,-0.01439246509,-30,1,0,0,0,1103.303941,73.8564783,44.145,0,-518.1287433
16.94,7.766241399,-21.93860245,-2.538005773,12.17098915,3.274894368,-6.19863229,-1.721689258,-0.01434741048,-30,1,0,0,0,1100.871096,74.2577852,44.145,0,-516.5067773
16.95,7.666037036,-22.00768489,-2.54309873,12.20364386,3.265470758,-6.215795995,-1.716370561,-0.01430308801,-30,1,0,0,0,1098.445248,74.65902039,44.145,0,-514.9111683
16.96,7.565212352,-22.07644008,-2.548192124,12.23620457,3.256070677,-6.232907309,-1.711131432,-0.0142594286,-30,1,0,0,0,1096.026381,75.06017744,44.145,0,-513.3394297
16.97,7.463768838,-22.14486291,-2.553285948,12.26867151,3.246694088,-6.249966954,-1.705964485,-0.01421637071,-30,1,0,0,0,1093.614476,75.46124992,44.145,0,-511.7893455
16.98,7.361708021,-22.21294829,-2.558380197,12.30104492,3.237340955,-6.266975586,-1.700863136,-0.01417385947,-30,1,0,0,0,1091.209518,75.8622315,44.145,0,-510.2589409
16.99,7.259031465,-22.28069115,-2.563474866,12.33332503,3.228011239,-6.283933801,-1.695821517,-0.01413184597,-30,1,0,0,0,1088.811488,76.26311586,44.145,0,-508.746455
17,7.155740773,-22.34808643,-2.568569951,12.36551208,3.218704904,-6.300842145,-1.69083439,-0.01409028659,-30,1,0,0,0,1086.420368,76.66389678,44.145,0,-507.2503171
17.01,7.051837581,-22.41512907,-2.573665447,12.3976063,3.209421914,-6.317701116,-1.685897086,-0.01404914238,-30,1,0,0,0,1084.036142,77.06456805,44.145,0,-505.7691257
17.02,6.947323564,-22.48181404,-2.578761351,12.42960792,3.20016223,-6.33451117,-1.681005432,-0.0140083786,-30,1,0,0,0,1081.658793,77.46512354,44.145,0,-504.3016297
17.03,6.842200432,-22.5481363,-2.583857659,12.46151718,3.190925817,-6.351272727,-1.676155707,-0.01396796422,-30,1,0,0,0,1079.288302,77.86555715,44.145,0,-502.846712
17.04,6.736469933,-22.61409085,-2.588954368,12.49333431,3.181712635,-6.367986173,-1.671344582,-0.01392787152,-30,1,0,0,0,1076.924653,78.26586285,44.145,0,-501.4033746
17.05,6.630133847,-22.67967268,-2.594051475,12.52505953,3.172522649,-6.384651864,-1.666569086,-0.01388807571,-30,1,0,0,0,1074.567829,78.66603464,44.145,0,-499.9707257
17.06,6.523193995,-22.74487682,-2.599148978,12.55669309,3.163355819,-6.401270129,-1.66182656,-0.01384855467,-30,1,0,0,0,1072.217812,79.06606661,44.145,0,-498.547968
17.07,6.41565223,-22.80969829,-2.604246872,12.58823521,3.15421211,-6.417841276,-1.657114628,-0.01380928857,-30,1,0,0,0,1069.874586,79.46595285,44.145,0,-497.1343885
17.08,6.307510441,-22.87413213,-2.609345158,12.61968613,3.145091483,-6.434365587,-1.652431164,-0.0137702597,-30,1,0,0,0,1067.538132,79.86568753,44.145,0,-495.7293493
17.09,6.198770555,-22.93817341,-2.614443831,12.65104607,3.135993901,-6.45084333,-1.647774265,-0.01373145221,-30,1,0,0,0,1065.208435,80.26526487,44.145,0,-494.3322795
17.1,6.089434531,-23.00181719,-2.61954289,12.68231526,3.126919325,-6.467274752,-1.643142226,-0.01369285188,-30,1,0,0,0,1062.885477,80.66467914,44.145,0,-492.9426678
17.11,5.979504366,-23.06505856,-2.624642333,12.71349394,3.117867718,-6.483660087,-1.638533521,-0.01365444601,-30,1,0,0,0,1060.56924,81.06392464,44.145,0,-491.5600564
17.12,5.868982089,-23.12789262,-2.629742159,12.74458233,3.108839042,-6.499999555,-1.633946783,-0.01361622319,-30,1,0,0,0,1058.259708,81.46299574,44.145,0,-490.1840349
17.13,5.757869768,-23.19031449,-2.634842365,12.77558066,3.09983326,-6.516293363,-1.629380785,-0.01357817321,-30,1,0,0,0,1055.956865,81.86188685,44.145,0,-488.8142355
17.14,5.646169502,-23.2523193,-2.63994295,12.80648916,3.090850332,-6.532541707,-1.624834428,-0.0135402869,-30,1,0,0,0,1053.660692,82.26059243,44.145,0,-487.4503284
17.15,5.533883427,-23.3139022,-2.645043912,12.83730806,3.081890221,-6.548744775,-1.620306725,-0.01350255605,-30,1,0,0,0,1051.371173,82.65910699,44.145,0,-486.0920176
17.16,5.421013713,-23.37505836,-2.65014525,12.86803759,3.072952888,-6.564902742,-1.615796792,-0.01346497326,-30,1,0,0,0,1049.088292,83.05742508,44.145,0,-484.7390375
17.17,5.307562563,-23.43578295,-2.655246962,12.89867798,3.064038296,-6.581015781,-1.611303831,-0.01342753193,-30,1,0,0,0,1046.81203,83.45554132,44.145,0,-483.3911494
17.18,5.193532216,-23.49607117,-2.660349048,12.92922944,3.055146406,-6.597084052,-1.606827131,-0.01339022609,-30,1,0,0,0,1044.542372,83.85345034,44.145,0,-482.0481392
17.19,5.078924945,-23.55591823,-2.665451505,12.95969221,3.04627718,-6.613107713,-1.602366047,-0.01335305039,-30,1,0,0,0,1042.279301,84.25114685,44.145,0,-480.709814
17.2,4.963743056,-23.61531936,-2.670554333,12.99006652,3.037430578,-6.629086913,-1.597920002,-0.01331600002,-30,1,0,0,0,1040.022799,84.6486256,44.145,0,-479.3760007
17.21,4.847988889,-23.67426981,-2.67565753,13.02035258,3.028606564,-6.645021797,-1.593488478,-0.01327907065,-30,1,0,0,0,1037.772851,85.04588138,44.145,0,-478.0465434
17.22,4.731664819,-23.73276485,-2.680761095,13.05055063,3.019805097,-6.660912507,-1.589071006,-0.01324225838,-30,1,0,0,0,1035.529438,85.44290902,44.145,0,-476.7213018
17.23,4.614773253,-23.79079974,-2.685865027,13.0806609,3.011026141,-6.676759179,-1.584667165,-0.01320555971,-30,1,0,0,0,1033.292546,85.83970342,44.145,0,-475.4001494
17.24,4.497316633,-23.8483698,-2.690969325,13.11068359,3.002269655,-6.692561945,-1.580276575,-0.01316897146,-30,1,0,0,0,1031.062156,86.23625949,44.145,0,-474.0829724
17.25,4.379297432,-23.90547033,-2.696073988,13.14061895,2.993535601,-6.708320934,-1.575898893,-0.01313249078,-30,1,0,0,0,1028.838252,86.63257223,44.145,0,-472.769668
17.26,4.260718158,-23.96209667,-2.701179015,13.17046719,2.98482394,-6.724036272,-1.571533812,-0.0130961151,-30,1,0,0,0,1026.620819,87.02863664,44.145,0,-471.4601435
17.27,4.141581351,-24.01824417,-2.706284404,13.20022853,2.976134634,-6.739708082,-1.56718105,-0.01305984209,-30,1,0,0,0,1024.409838,87.4244478,44.145,0,-470.1543151
17.28,4.021889586,-24.0739082,-2.711390155,13.22990321,2.967467643,-6.755336486,-1.562840357,-0.01302366965,-30,1,0,0,0,1022.205294,87.82000081,44.145,0,-468.8521072
17.29,3.901645468,-24.12908416,-2.716496267,13.25949144,2.958822929,-6.770921601,-1.558511505,-0.01298759587,-30,1,0,0,0,1020.00717,88.21529084,44.145,0,-467.5534514
17.3,3.780851635,-24.18376744,-2.721602739,13.28899344,2.950200453,-6.786463544,-1.554194286,-0.01295161905,-30,1,0,0,0,1017.815449,88.61031307,44.145,0,-466.2582858
17.31,3.659510759,-24.23795347,-2.726709569,13.31840945,2.941600175,-6.801962429,-1.549888514,-0.01291573762,-30,1,0,0,0,1015.630115,89.00506277,44.145,0,-464.9665542
17.32,3.537625543,-24.29163771,-2.731816757,13.34773967,2.933022056,-6.817418369,-1.545594019,-0.01287995016,-30,1,0,0,0,1013.451152,89.39953521,44.145,0,-463.6782058
17.33,3.415198723,-24.34481561,-2.736924302,13.37698433,2.924466058,-6.832831476,-1.541310648,-0.0128442554,-30,1,0,0,0,1011.278543,89.79372572,44.145,0,-462.3931943
17.34,3.292233066,-24.39748266,-2.742032204,13.40614365,2.915932141,-6.848201858,-1.53703826,-0.01280865216,-30,1,0,0,0,1009.112272,90.18762968,44.145,0,-461.1114779
17.35,3.168731371,-24.44963436,-2.74714046,13.43521785,2.907420266,-6.863529626,-1.532776728,-0.0127731394,-30,1,0,0,0,1006.952322,90.58124251,44.145,0,-459.8330184
17.36,3.044696469,-24.50126624,-2.752249071,13.46420716,2.898930393,-6.878814885,-1.528525937,-0.01273771614,-30,1,0,0,0,1004.798678,90.97455967,44.145,0,-458.5577811
17.37,2.920131222,-24.55237384,-2.757358035,13.49311178,2.890462484,-6.894057743,-1.524285781,-0.01270238151,-30,1,0,0,0,1002.651322,91.36757666,44.145,0,-457.2857342
17.38,2.795038525,-24.60295273,-2.762467351,13.52193195,2.882016498,-6.909258304,-1.520056163,-0.01266713469,-30,1,0,0,0,1000.510239,91.76028902,44.145,0,-456.0168489
17.39,2.669421302,-24.65299848,-2.767577019,13.55066787,2.873592397,-6.924416674,-1.515836996,-0.01263197496,-30,1,0,0,0,998.3754115,92.15269234,44.145,0,-454.7510987
17.4,2.543282509,-24.70250671,-2.772687038,13.57931977,2.865190141,-6.939532956,-1.511628198,-0.01259690165,-30,1,0,0,0,996.2468245,92.54478225,44.145,0,-453.4884594
17.41,2.416625134,-24.75147305,-2.777797406,13.60788787,2.85680969,-6.954607253,-1.507429696,-0.01256191413,-30,1,0,0,0,994.1244615,92.93655442,44.145,0,-452.2289088
17.42,2.289452193,-24.79989313,-2.782908124,13.63637238,2.848451005,-6.969639667,-1.503241422,-0.01252701185,-30,1,0,0,0,992.0083061,93.32800455,44.145,0,-450.9724266
17.43,2.161766736,-24.84776263,-2.78801919,13.66477352,2.840114047,-6.984630301,-1.499063313,-0.01249219427,-30,1,0,0,0,989.8983424,93.71912841,44.145,0,-449.7189938
17.44,2.03357184,-24.89507724,-2.793130603,13.69309151,2.831798775,-6.999579254,-1.494895311,-0.01245746093,-30,1,0,0,0,987.7945542,94.10992179,44.145,0,-448.4685934
17.45,1.904870616,-24.94183267,-2.798242363,13.72132656,2.82350515,-7.014486627,-1.490737364,-0.01242281136,-30,1,0,0,0,985.6969255,94.50038051,44.145,0,-447.2212091
17.46,1.7756662,-24.98802465,-2.803354468,13.74947889,2.815233133,-7.029352522,-1.486589421,-0.01238824518,-30,1,0,0,0,983.6054402,94.89050045,44.145,0,-445.9768263
17.47,1.645961764,-25.03364895,-2.808466918,13.77754872,2.806982683,-7.044177036,-1.482451438,-0.01235376198,-30,1,0,0,0,981.5200823,95.28027753,44.145,0,-444.7354313
17.48,1.515760505,-25.07870133,-2.813579712,13.80553625,2.798753761,-7.05896027,-1.47832337,-0.01231936142,-30,1,0,0,0,979.4408359,95.66970769,44.145,0,-443.4970111
17.49,1.385065651,-25.1231776,-2.81869285,13.83344172,2.790546327,-7.073702321,-1.47420518,-0.01228504317,-30,1,0,0,0,977.367685,96.05878694,44.145,0,-442.2615541
17.5,1.253880461,-25.16707357,-2.823806329,13.86126532,2.782360341,-7.08840329,-1.47009683,-0.01225080691,-30,1,0,0,0,975.3006136,96.4475113,44.145,0,-441.0290489
17.51,1.122208221,-25.2103851,-2.82892015,13.88900728,2.774195764,-7.103063273,-1.465998284,-0.01221665237,-30,1,0,0,0,973.239606,96.83587683,44.145,0,-439.7994853
17.52,0.9900522472,-25.25310806,-2.834034312,13.9166678,2.766052555,-7.117682368,-1.461909511,-0.01218257926,-30,1,0,0,0,971.1846461,97.22387966,44.145,0,-438.5728534
17.53,0.8574158849,-25.29523833,-2.839148814,13.94424711,2.757930675,-7.132260672,-1.45783048,-0.01214858733,-30,1,0,0,0,969.1357183,97.61151594,44.145,0,-437.3491441
17.54,0.7243025077,-25.33677183,-2.844263655,13.97174541,2.749830083,-7.146798284,-1.453761162,-0.01211467635,-30,1,0,0,0,967.0928067,97.99878183,44.145,0,-436.1283485
17.55,0.590715518,-25.3777045,-2.849378835,13.99916292,2.74175074,-7.161295299,-1.449701529,-0.01208084607,-30,1,0,0,0,965.0558955,98.38567358,44.145,0,-434.9104587
17.56,0.4566583466,-25.41803229,-2.854494351,14.02649984,2.733692605,-7.175751815,-1.445651555,-0.01204709629,-30,1,0,0,0,963.0249691,98.77218745,44.145,0,-433.6954666
17.57,0.3221344524,-25.4577512,-2.859610205,14.0537564,2.72565564,-7.190167927,-1.441611216,-0.0120134268,-30,1,0,0,0,961.0000116,99.15831972,44.145,0,-432.4833649
17.58,0.1871473227,-25.49685723,-2.864726394,14.0809328,2.717639802,-7.204543732,-1.437580488,-0.0119798374,-30,1,0,0,0,958.9810074,99.54406675,44.145,0,-431.2741464
17.59,0.05170047225,-25.53534642,-2.869842919,14.10802925,2.709645053,-7.218879325,-1.433559348,-0.0119463279,-30,1,0,0,0,956.9679409,99.92942491,44.145,0,-430.0678045
17.6,-0.08420255611,-25.57321482,-2.874959777,14.13504596,2.701671353,-7.233174803,-1.429547775,-0.01191289813,-30,1,0,0,0,954.9607964,100.3143906,44.145,0,-428.8643326
17.61,-0.2205581921,-25.61045852,-2.88007697,14.16198315,2.69371866,-7.247430261,-1.425545748,-0.0118795479,-30,1,0,0,0,952.9595584,100.6989603,44.145,0,-427.6637245
17.62,-0.3573628383,-25.64707362,-2.885194495,14.18884102,2.685786936,-7.261645793,-1.421553247,-0.01184627706,-30,1,0,0,0,950.9642112,101.0831304,44.145,0,-426.465974
17.63,-0.4946128696,-25.68305625,-2.890312352,14.21561978,2.677876139,-7.275821496,-1.417570252,-0.01181308543,-30,1,0,0,0,948.9747394,101.4668976,44.145,0,-425.2710755
17.64,-0.6323046344,-25.71840257,-2.89543054,14.24231964,2.669986231,-7.289957463,-1.413596744,-0.01177997286,-30,1,0,0,0,946.9911274,101.8502582,44.145,0,-424.0790231
17.65,-0.7704344539,-25.75310876,-2.900549058,14.26894081,2.662117169,-7.30405379,-1.409632705,-0.01174693921,-30,1,0,0,0,945.0133599,102.2332091,44.145,0,-422.8898115
17.66,-0.9089986228,-25.78717103,-2.905667906,14.2954835,2.654268915,-7.318110571,-1.405678118,-0.01171398431,-30,1,0,0,0,943.0414212,102.6157467,44.145,0,-421.7034353
17.67,-1.047993409,-25.82058561,-2.910787083,14.32194792,2.646441428,-7.332127901,-1.401732964,-0.01168110804,-30,1,0,0,0,941.0752961,102.9978677,44.145,0,-420.5198893
17.68,-1.187415056,-25.85334876,-2.915906587,14.34833426,2.638634668,-7.346105873,-1.397797228,-0.01164831024,-30,1,0,0,0,939.1149691,103.3795688,44.145,0,-419.3391685
17.69,-1.327259777,-25.88545676,-2.921026419,14.37464275,2.630848594,-7.360044582,-1.393870892,-0.01161559077,-30,1,0,0,0,937.1604249,103.7608469,44.145,0,-418.1612677
17.7,-1.467523764,-25.91690591,-2.926146577,14.40087358,2.623083166,-7.373944122,-1.389953941,-0.01158294951,-30,1,0,0,0,935.2116482,104.1416985,44.145,0,-416.9861822
17.71,-1.60820318,-25.94769256,-2.931267061,14.42702696,2.615338343,-7.387804585,-1.386046357,-0.01155038631,-30,1,0,0,0,933.2686236,104.5221206,44.145,0,-415.8139072
17.72,-1.749294165,-25.97781307,-2.93638787,14.45310311,2.607614087,-7.401626066,-1.382148126,-0.01151790105,-30,1,0,0,0,931.3313359,104.9021099,44.145,0,-414.6444378
17.73,-1.89079283,-26.00726382,-2.941509003,14.47910221,2.599910355,-7.415408659,-1.378259232,-0.0114854936,-30,1,0,0,0,929.39977,105.2816634,44.145,0,-413.4777696
17.74,-2.032695265,-26.03604122,-2.946630459,14.50502448,2.592227108,-7.429152455,-1.374379659,-0.01145316383,-30,1,0,0,0,927.4739104,105.660778,44.145,0,-412.3138978
17.75,-2.174997532,-26.06414173,-2.951752238,14.53087012,2.584564306,-7.442857549,-1.370509393,-0.01142091161,-30,1,0,0,0,925.5537422,106.0394505,44.145,0,-411.1528179
17.76,-2.31769567,-26.0915618,-2.956874338,14.55663934,2.576921907,-7.456524033,-1.366648418,-0.01138873682,-30,1,0,0,0,923.6392501,106.417678,44.145,0,-409.9945255
17.77,-2.460785691,-26.11829792,-2.961996759,14.58233234,2.569299872,-7.470152001,-1.362796721,-0.01135663934,-30,1,0,0,0,921.7304191,106.7954575,44.145,0,-408.8390162
17.78,-2.604263586,-26.14434663,-2.967119501,14.60794932,2.56169816,-7.483741544,-1.358954285,-0.01132461904,-30,1,0,0,0,919.827234,107.1727859,44.145,0,-407.6862854
17.79,-2.74812532,-26.16970447,-2.972242562,14.63349049,2.554116731,-7.497292754,-1.355121096,-0.0112926758,-30,1,0,0,0,917.9296798,107.5496604,44.145,0,-406.5363288
17.8,-2.892366833,-26.19436802,-2.977365942,14.65895605,2.546555544,-7.510805726,-1.35129714,-0.0112608095,-30,1,0,0,0,916.0377415,107.9260781,44.145,0,-405.3891421
17.81,-3.036984041,-26.21833387,-2.982489639,14.68434619,2.53901456,-7.52428055,-1.347482403,-0.01122902003,-30,1,0,0,0,914.151404,108.3020361,44.145,0,-404.244721
17.82,-3.18197284,-26.24159866,-2.987613654,14.70966113,2.531493736,-7.537717319,-1.343676871,-0.01119730725,-30,1,0,0,0,912.2706525,108.6775316,44.145,0,-403.1030612
17.83,-3.327329098,-26.26415906,-2.992737985,14.73490106,2.523993034,-7.551116124,-1.339880528,-0.01116567106,-30,1,0,0,0,910.395472,109.0525618,44.145,0,-401.9641583
17.84,-3.473048662,-26.28601173,-2.997862631,14.76006618,2.516512412,-7.564477058,-1.336093361,-0.01113411134,-30,1,0,0,0,908.5258475,109.4271238,44.145,0,-400.8280083
17.85,-3.619127356,-26.30715341,-3.002987593,14.7851567,2.509051831,-7.577800211,-1.332315356,-0.01110262796,-30,1,0,0,0,906.6617642,109.8012151,44.145,0,-399.6946067
17.86,-3.76556098,-26.32758084,-3.008112869,14.81017281,2.501611249,-7.591085676,-1.328546498,-0.01107122082,-30,1,0,0,0,904.8032073,110.1748328,44.145,0,-398.5639494
17.87,-3.912345313,-26.34729077,-3.013238457,14.83511472,2.494190626,-7.604333544,-1.324786774,-0.01103988978,-30,1,0,0,0,902.950162,110.5479743,44.145,0,-397.4360322
17.88,-4.059476109,-26.36628002,-3.018364359,14.85998262,2.486789922,-7.617543906,-1.32103617,-0.01100863475,-30,1,0,0,0,901.1026133,110.9206369,44.145,0,-396.3108509
17.89,-4.206949102,-26.38454542,-3.023490572,14.88477671,2.479409096,-7.630716852,-1.317294671,-0.01097745559,-30,1,0,0,0,899.2605467,111.2928181,44.145,0,-395.1884012
17.9,-4.354760003,-26.40208381,-3.028617096,14.90949719,2.472048107,-7.643852475,-1.313562263,-0.0109463522,-30,1,0,0,0,897.4239474,111.6645152,44.145,0,-394.068679
17.91,-4.502904502,-26.41889209,-3.033743931,14.93414426,2.464706917,-7.656950864,-1.309838934,-0.01091532445,-30,1,0,0,0,895.5928007,112.0357257,44.145,0,-392.9516802
17.92,-4.651378265,-26.43496717,-3.038871075,14.95871812,2.457385483,-7.670012111,-1.306124668,-0.01088437223,-30,1,0,0,0,893.7670918,112.4064471,44.145,0,-391.8374004
17.93,-4.800176938,-26.45030599,-3.043998528,14.98321895,2.450083765,-7.683036305,-1.302419452,-0.01085349543,-30,1,0,0,0,891.9468063,112.7766768,44.145,0,-390.7258355
17.94,-4.949296147,-26.46490553,-3.049126288,15.00764697,2.442801723,-7.696023538,-1.298723272,-0.01082269393,-30,1,0,0,0,890.1319294,113.1464125,44.145,0,-389.6169815
17.95,-5.098731495,-26.47876279,-3.054254356,15.03200236,2.435539317,-7.708973899,-1.295036113,-0.01079196761,-30,1,0,0,0,888.3224467,113.5156517,44.145,0,-388.510834
17.96,-5.248478564,-26.4918748,-3.059382731,15.05628533,2.428296505,-7.721887479,-1.291357963,-0.01076131636,-30,1,0,0,0,886.5183435,113.8843919,44.145,0,-387.4073889
17.97,-5.398532916,-26.50423862,-3.064511411,15.08049606,2.421073248,-7.734764367,-1.287688807,-0.01073074006,-30,1,0,0,0,884.7196053,114.2526309,44.145,0,-386.306642
17.98,-5.548890094,-26.51585135,-3.069640397,15.10463476,2.413869505,-7.747604653,-1.284028631,-0.01070023859,-30,1,0,0,0,882.9262177,114.6203662,44.145,0,-385.2085892
17.99,-5.699545617,-26.5267101,-3.074769686,15.12870161,2.406685236,-7.760408427,-1.280377421,-0.01066981184,-30,1,0,0,0,881.1381662,114.9875955,44.145,0,-384.1132262
18,-5.850494987,-26.53681203,-3.07989928,15.15269681,2.399520399,-7.773175779,-1.276735163,-0.01063945969,-30,1,0,0,0,879.3554364,115.3543166,44.145,0,-383.0205489
18.01,-6.001733685,-26.54615431,-3.085029176,15.17662056,2.392374956,-7.785906798,-1.273101844,-0.01060918203,-30,1,0,0,0,877.5780139,115.7205272,44.145,0,-381.9305532
18.02,-6.153257173,-26.55473415,-3.090159373,15.20047305,2.385248864,-7.798601572,-1.269477449,-0.01057897874,-30,1,0,0,0,875.8058843,116.0862251,44.145,0,-380.8432347
18.03,-6.305060893,-26.56254881,-3.095289873,15.22425447,2.378142084,-7.811260192,-1.265861965,-0.01054884971,-30,1,0,0,0,874.0390333,116.451408,44.145,0,-379.7585894
18.04,-6.457140266,-26.56959554,-3.100420673,15.24796502,2.371054576,-7.823882745,-1.262255377,-0.01051879481,-30,1,0,0,0,872.2774466,116.8160738,44.145,0,-378.676613
18.05,-6.609490698,-26.57587166,-3.105551772,15.27160488,2.363986298,-7.836469322,-1.258657671,-0.01048881393,-30,1,0,0,0,870.5211099,117.1802203,44.145,0,-377.5973013
18.06,-6.762107573,-26.58137449,-3.110683171,15.29517425,2.356937211,-7.84902001,-1.255068834,-0.01045890695,-30,1,0,0,0,868.7700089,117.5438455,44.145,0,-376.5206502
18.07,-6.914986256,-26.5861014,-3.115814868,15.31867332,2.349907275,-7.861534899,-1.251488851,-0.01042907376,-30,1,0,0,0,867.0241295,117.9069471,44.145,0,-375.4466554
18.08,-7.068122097,-26.59004977,-3.120946862,15.34210229,2.342896447,-7.874014076,-1.247917709,-0.01039931424,-30,1,0,0,0,865.2834574,118.2695232,44.145,0,-374.3753127
18.09,-7.221510423,-26.59321705,-3.126079154,15.36546134,2.335904689,-7.88645763,-1.244355393,-0.01036962827,-30,1,0,0,0,863.5479786,118.6315717,44.145,0,-373.3066179
18.1,-7.375146547,-26.59560067,-3.131211742,15.38875066,2.328931961,-7.898865649,-1.240801889,-0.01034001574,-30,1,0,0,0,861.8176788,118.9930906,44.145,0,-372.2405667
18.11,-7.529025762,-26.59719814,-3.136344625,15.41197044,2.32197822,-7.911238221,-1.237257183,-0.01031047653,-30,1,0,0,0,860.092544,119.354078,44.145,0,-371.177155
18.12,-7.683143344,-26.59800696,-3.141477802,15.43512087,2.315043428,-7.923575433,-1.233721262,-0.01028101052,-30,1,0,0,0,858.3725602,119.7145317,44.145,0,-370.1163786
18.13,-7.837494551,-26.59802468,-3.146611274,15.45820215,2.308127544,-7.935877374,-1.23019411,-0.01025161759,-30,1,0,0,0,856.6577132,120.07445,44.145,0,-369.0582331
18.14,-7.992074626,-26.5972489,-3.151745039,15.48121445,2.301230527,-7.948144132,-1.226675714,-0.01022229762,-30,1,0,0,0,854.9479891,120.4338309,44.145,0,-368.0027143
18.15,-8.146878792,-26.59567721,-3.156879096,15.50415798,2.294352338,-7.960375792,-1.22316606,-0.0101930505,-30,1,0,0,0,853.2433739,120.7926725,44.145,0,-366.949818
18.16,-8.301902258,-26.59330727,-3.162013445,15.52703291,2.287492936,-7.972572444,-1.219665133,-0.01016387611,-30,1,0,0,0,851.5438536,121.1509729,44.145,0,-365.89954
18.17,-8.457140214,-26.59013675,-3.167148085,15.54983943,2.28065228,-7.984734173,-1.21617292,-0.01013477433,-30,1,0,0,0,849.8494144,121.5087304,44.145,0,-364.851876
18.18,-8.612587834,-26.58616335,-3.172283015,15.57257773,2.273830331,-7.996861067,-1.212689406,-0.01010574505,-30,1,0,0,0,848.1600423,121.8659432,44.145,0,-363.8068217
18.19,-8.768240278,-26.58138482,-3.177418235,15.595248,2.267027048,-8.008953213,-1.209214576,-0.01007678813,-30,1,0,0,0,846.4757236,122.2226093,44.145,0,-362.7643728
18.2,-8.924092689,-26.57579893,-3.182553744,15.61785043,2.26024239,-8.021010697,-1.205748417,-0.01004790347,-30,1,0,0,0,844.7964443,122.5787272,44.145,0,-361.7245251
18.21,-9.080140192,-26.56940348,-3.187689541,15.64038519,2.253476319,-8.033033606,-1.202290914,-0.01001909095,-30,1,0,0,0,843.1221907,122.934295,44.145,0,-360.6872743
18.22,-9.236377901,-26.5621963,-3.192825625,15.66285248,2.246728793,-8.045022026,-1.198842054,-0.009990350447,-30,1,0,0,0,841.4529489,123.289311,44.145,0,-359.6526161
18.23,-9.39280091,-26.55417526,-3.197961996,15.68525247,2.239999772,-8.056976045,-1.195401821,-0.00996168184,-30,1,0,0,0,839.7887054,123.6437737,44.145,0,-358.6205462
18.24,-9.549404301,-26.54533827,-3.203098653,15.70758537,2.233289217,-8.068895747,-1.191970201,-0.009933085012,-30,1,0,0,0,838.1294463,123.9976812,44.145,0,-357.5910604
18.25,-9.70618314,-26.53568326,-3.208235595,15.72985134,2.226597087,-8.080781218,-1.188547181,-0.009904559842,-30,1,0,0,0,836.475158,124.351032,44.145,0,-356.5641543
18.26,-9.863132479,-26.52520818,-3.213372822,15.75205057,2.219923341,-8.092632546,-1.185132745,-0.009876106212,-30,1,0,0,0,834.8258268,124.7038245,44.145,0,-355.5398236
18.27,-10.02024736,-26.51391104,-3.218510332,15.77418325,2.213267941,-8.104449815,-1.18172688,-0.009847724002,-30,1,0,0,0,833.1814392,125.056057,44.145,0,-354.5180641
18.28,-10.17752279,-26.50178986,-3.223648126,15.79624956,2.206630845,-8.11623311,-1.178329571,-0.009819413092,-30,1,0,0,0,831.5419814,125.407728,44.145,0,-353.4988713
18.29,-10.3349538,-26.48884271,-3.228786202,15.81824968,2.200012013,-8.127982518,-1.174940803,-0.009791173362,-30,1,0,0,0,829.9074401,125.7588361,44.145,0,-352.482241
18.3,-10.49253537,-26.47506769,-3.233924559,15.84018379,2.193411407,-8.139698124,-1.171560563,-0.009763004692,-30,1,0,0,0,828.2778015,126.1093796,44.145,0,-351.4681689
18.31,-10.65026248,-26.46046292,-3.239063198,15.86205208,2.186828984,-8.151380012,-1.168188835,-0.009734906961,-30,1,0,0,0,826.6530523,126.459357,44.145,0,-350.4566506
18.32,-10.80813011,-26.44502656,-3.244202117,15.88385473,2.180264707,-8.163028268,-1.164825606,-0.009706880049,-30,1,0,0,0,825.033179,126.8087669,44.145,0,-349.4476818
18.33,-10.96613321,-26.42875681,-3.249341316,15.90559192,2.173718534,-8.174642977,-1.16147086,-0.009678923836,-30,1,0,0,0,823.4181681,127.1576079,44.145,0,-348.4412581
18.34,-11.12426672,-26.41165189,-3.254480793,15.92726382,2.167190426,-8.186224223,-1.158124584,-0.009651038201,-30,1,0,0,0,821.8080062,127.5058785,44.145,0,-347.4373752
18.35,-11.28252557,-26.39371006,-3.259620548,15.94843318,2.116936199,-8.197772091,-1.154786763,-0.009623223022,-30,0.984,0,0,0,807.0794371,127.8535773,44.145,0,-346.4360288
18.36,-11.44090034,-26.37493013,-3.264760722,15.96910317,2.066998673,-8.209269746,-1.149765582,-0.009581379846,-30,0.968,0,0,0,792.4382726,128.1936706,44.145,0,-344.9296745
18.37,-11.59938161,-26.35531099,-3.269901443,15.98927688,2.017371085,-8.220701806,-1.143205992,-0.009526716597,-30,0.952,0,0,0,777.8825025,128.526177,44.145,0,-342.9617975
18.38,-11.75796002,-26.33485159,-3.275042827,16.00846798,1.919110189,-8.232054214,-1.135240762,-0.009460339684,-30,0.918,0,0,0,748.7291722,128.8511155,44.145,0,-340.5722286
18.39,-11.91662134,-26.31355161,-3.28018514,16.02717103,1.870305229,-8.243295266,-1.124105222,-0.009367543514,-30,0.902,0,0,0,734.3971764,129.1606077,44.145,0,-337.2315665
18.4,-12.07535628,-26.2914102,-3.285328465,16.04538887,1.821783715,-8.254414773,-1.111950673,-0.009266255608,-30,0.886,0,0,0,720.142701,129.4625865,44.145,0,-333.5852019
18.41,-12.23415553,-26.26842656,-3.29047288,16.06312426,1.773539194,-8.26540344,-1.098866685,-0.009157222374,-30,0.87,0,0,0,705.9638283,129.75707,44.145,0,-329.6600055
18.42,-12.39300984,-26.24459999,-3.295618457,16.08032591,1.720164345,-8.276252793,-1.084935316,-0.009041127632,-30,0.852,0,0,0,690.2383799,130.0440764,44.145,0,-325.4805948
18.43,-12.55190942,-26.21992996,-3.300765276,16.09699675,1.667084838,-8.286953036,-1.070024305,-0.008916869207,-30,0.834,0,0,0,674.5931996,130.3227482,44.145,0,-321.0072915
18.44,-12.71084453,-26.194416,-3.305913412,16.11276279,1.576603501,-8.297495233,-1.054219675,-0.008785163955,-30,0.802,0,0,0,647.7191558,130.5931055,44.145,0,-316.2659024
18.45,-12.86980172,-26.16805838,-3.311063054,16.1280052,1.524240578,-8.30785678,-1.036154785,-0.008634623209,-30,0.784,0,0,0,632.2662202,130.8490469,44.145,0,-310.8464355
18.46,-13.02877131,-26.14085683,-3.316214253,16.14272664,1.472144375,-8.318031405,-1.017462416,-0.008478853463,-30,0.766,0,0,0,616.8850385,131.096726,44.145,0,-305.2387247
18.47,-13.18774364,-26.11281118,-3.321367057,16.15698333,1.425668971,-8.328013398,-0.9981993858,-0.008318328215,-30,0.75,0,0,0,603.1818534,131.3361622,44.145,0,-299.4598157
18.48,-13.34670963,-26.08392126,-3.326521493,16.17072397,1.37406404,-8.337799628,-0.9786229561,-0.008155191301,-30,0.732,0,0,0,587.9324595,131.5682476,44.145,0,-293.5868868
18.49,-13.50565965,-26.05418709,-3.331677601,16.18352319,1.279921844,-8.347385221,-0.958559256,-0.0079879938,-30,0.698,0,0,0,559.9136792,131.7921261,44.145,0,-287.5677768
18.5,-13.66457994,-26.02360956,-3.336835554,16.19586607,1.23428849,-8.35674939,-0.9364169017,-0.007803474181,-30,0.682,0,0,0,546.4323841,132.0008371,44.145,0,-280.9250705
18.51,-13.82346148,-25.9921888,-3.341995358,16.20770127,1.183520216,-8.365891445,-0.9142055525,-0.007618379604,-30,0.664,0,0,0,531.403328,132.2022632,44.145,0,-274.2616658
18.52,-13.98229476,-25.95992511,-3.347157035,16.21908427,1.138299301,-8.374808769,-0.8917323602,-0.007431103002,-30,0.648,0,0,0,518.0303388,132.3955486,44.145,0,-267.5197081
18.53,-14.14107083,-25.92681876,-3.352320587,16.23001693,1.093266638,-8.38350104,-0.8692270902,-0.007243559085,-30,0.632,0,0,0,504.7065735,132.581582,44.145,0,-260.768127
18.54,-14.29978074,-25.89287014,-3.357486016,16.24002243,1.000549941,-8.391968015,-0.8466974901,-0.007055812418,-30,0.598,0,0,0,477.070361,132.7603786,44.145,0,-254.009247
18.55,-14.45841091,-25.85808075,-3.362653477,16.24952948,0.9507046668,-8.400191243,-0.8223228594,-0.006852690495,-30,0.58,0,0,0,462.2805177,132.9241176,44.145,0,-246.6968578
18.56,-14.61695194,-25.82245126,-3.367822975,16.25859301,0.9063532513,-8.408169997,-0.7978753863,-0.006648961553,-30,0.564,0,0,0,449.1307684,133.079793,44.145,0,-239.3626159
18.57,-14.775395,-25.78598234,-3.372994499,16.26721462,0.8621608898,-8.415905677,-0.7735680253,-0.006446400211,-30,0.548,0,0,0,436.0215577,133.2282908,44.145,0,-232.0704076
18.58,-14.93373126,-25.74867474,-3.378168037,16.27534284,0.8128219296,-8.42339962,-0.7493942883,-0.006244952403,-30,0.53,0,0,0,421.3612037,133.3696249,44.145,0,-224.8182865
18.59,-15.09195141,-25.71052944,-3.383343596,16.28297933,0.7636487119,-8.430651078,-0.725145748,-0.006042881234,-30,0.512,0,0,0,406.742553,133.5029394,44.145,0,-217.5437244
18.6,-15.25004616,-25.6715475,-3.388521181,16.28975521,0.6775879144,-8.437659399,-0.7008321492,-0.00584026791,-30,0.48,0,0,0,381.0496239,133.6282496,44.145,0,-210.2496448
18.61,-15.40800266,-25.63173097,-3.393700915,16.29599045,0.6235239586,-8.444409886,-0.6750486869,-0.005625405724,-30,0.46,0,0,0,364.9416744,133.7394869,44.145,0,-202.5146061
18.62,-15.56581118,-25.59108125,-3.398882809,16.30179232,0.5801869711,-8.450901109,-0.6491223181,-0.005409352651,-30,0.444,0,0,0,352.0429809,133.8418895,44.145,0,-194.7366954
18.63,-15.72346306,-25.54959958,-3.404066841,16.307162,0.5369686549,-8.457135814,-0.6234704958,-0.005195587465,-30,0.428,0,0,0,339.1728066,133.9372101,44.145,0,-187.0411487
18.64,-15.88094963,-25.50728725,-3.409252989,16.31204784,0.4885832995,-8.463116566,-0.5980752076,-0.004983960063,-30,0.41,0,0,0,324.7454503,134.0254604,44.145,0,-179.4225623
18.65,-16.03826177,-25.46414583,-3.414441251,16.31650381,0.4455969308,-8.468843747,-0.5727180968,-0.004772650807,-30,0.394,0,0,0,311.9298632,134.1057839,44.145,0,-171.815429
18.66,-16.19539087,-25.42017681,-3.419631605,16.32010887,0.3605063688,-8.474319749,-0.5476001594,-0.004563334661,-30,0.362,0,0,0,286.475972,134.1790614,44.145,0,-164.2800478
18.67,-16.35232431,-25.37538294,-3.424824168,16.32328681,0.317794312,-8.47953069,-0.5210941173,-0.004342450977,-30,0.346,0,0,0,273.7216542,134.2383606,44.145,0,-156.3282352
18.68,-16.50905355,-25.3297659,-3.430018913,16.3260385,0.2751689247,-8.484479862,-0.4949172267,-0.004124310222,-30,0.33,0,0,0,260.9863224,134.2906449,44.145,0,-148.475168
18.69,-16.66557009,-25.28332749,-3.435215814,16.32836475,0.2326250437,-8.489170326,-0.4690463581,-0.003908719651,-30,0.314,0,0,0,248.2684378,134.3359247,44.145,0,-140.7139074
18.7,-16.82186545,-25.23606958,-3.440414846,16.32984473,0.1479979775,-8.493604925,-0.443459955,-0.003695499625,-30,0.282,0,0,0,222.918603,134.3742097,44.145,0,-133.0379865
18.71,-16.97792715,-25.18799536,-3.445616123,16.33084864,0.1003908145,-8.497770191,-0.416526546,-0.00347105455,-30,0.264,0,0,0,208.6608141,134.3985698,44.145,0,-124.9579638
18.72,-17.13374626,-25.13910708,-3.450819632,16.33137716,0.05285183964,-8.501667759,-0.3897568043,-0.003247973369,-30,0.246,0,0,0,194.415647,134.4150951,44.145,0,-116.9270413
18.73,-17.28931392,-25.08940704,-3.456025358,16.33148359,0.0106430901,-8.505299148,-0.3631389408,-0.00302615784,-30,0.23,0,0,0,181.7617225,134.4237955,44.145,0,-108.9416822
18.74,-17.44462175,-25.03889752,-3.461233273,16.33116843,-0.0315160197,-8.508667783,-0.3368634267,-0.002807195222,-30,0.214,0,0,0,169.1157416,134.4255475,44.145,0,-101.059028
18.75,-17.59966144,-24.98758084,-3.466443353,16.33001064,-0.1157790137,-8.511776832,-0.3109049628,-0.00259087469,-30,0.182,0,0,0,143.8316553,134.4203594,44.145,0,-93.27148884
18.76,-17.75442068,-24.93546078,-3.471655705,16.32843247,-0.1578165002,-8.514613088,-0.2836256118,-0.002363546765,-30,0.166,0,0,0,131.2013507,134.4013007,44.145,0,-85.08768354
18.77,-17.90889123,-24.88253989,-3.476870298,16.32643423,-0.1998245061,-8.51718045,-0.256736187,-0.002139468225,-30,0.15,0,0,0,118.5729725,134.3753244,44.145,0,-77.02085609
18.78,-18.06306485,-24.8288208,-3.482087102,16.32401615,-0.2418080464,-8.519482522,-0.230207195,-0.001918393291,-30,0.134,0,0,0,105.9450232,134.3424371,44.145,0,-69.06215849
18.79,-18.21693334,-24.77430623,-3.487306089,16.32075666,-0.325948855,-8.521522634,-0.2040111629,-0.001700093024,-30,0.102,0,0,0,80.6629891,134.3026456,44.145,0,-61.20334887
18.8,-18.37048456,-24.71900041,-3.492527368,16.31707788,-0.3678776067,-8.523287667,-0.1765033617,-0.001470861348,-30,0.086,0,0,0,68.03073535,134.2490174,44.145,0,-52.95100852
18.81,-18.52371037,-24.66290626,-3.497750906,16.31297986,-0.4098019132,-8.524781636,-0.1493968517,-0.001244973764,-30,0.07,0,0,0,55.39292949,134.1885035,44.145,0,-44.81905551
18.82,-18.67660267,-24.60602679,-3.502976672,16.3084626,-0.4517267625,-8.526008241,-0.1226604657,-0.001022170547,-30,0.054,0,0,0,42.74808054,134.1211093,44.145,0,-36.7981397
18.83,-18.8291534,-24.54836509,-3.508204637,16.30310364,-0.5358953127,-8.526970892,-0.09626516558,-0.0008022097132,-30,0.022,0,0,0,17.42324614,134.0468399,44.145,0,-28.87954968
18.84,-18.98135056,-24.48992586,-3.513434912,16.29732532,-0.5778319427,-8.527656471,-0.06855784779,-0.0005713153983,-30,0.006,0,0,0,4.754176158,133.958759,44.145,0,-20.56735434
18.85,-19.13318615,-24.4307124,-3.518667462,16.2913917,-0.5933627254,-8.528069038,-0.04125669398,-0.0003438057831,-30,0,0,0,0,0,133.8638176,44.145,0,-12.37700819
18.86,-19.28465466,-24.37072711,-3.52390217,16.28546132,-0.593037865,-8.52822252,-0.01534828575,-0.0001279023812,-30,0,0,0,0,0,133.7663595,44.145,0,-4.604485724
18.87,-19.43575207,-24.30997188,-3.52913888,16.27953419,-0.5927133006,-8.528135946,0.008657396012,7.214496677e-05,-30,0,0,0,0,0,133.6689902,44.145,0,2.597218804
18.88,-19.58647437,-24.24844863,-3.534377442,16.2736103,-0.5923890319,-8.527826961,0.03089852308,0.0002574876924,-30,0,0,0,0,0,133.5717096,44.145,0,9.269556925
18.89,-19.73681759,-24.18615933,-3.539617722,16.26768964,-0.5920650586,-8.527311928,0.05150328207,0.0004291940172,-30,0,0,0,0,0,133.4745176,44.145,0,15.45098462
18.9,-19.88677775,-24.123106,-3.544859592,16.26177223,-0.5917413803,-8.526606022,0.07059059249,0.0005882549375,-30,0,0,0,0,0,133.3774141,44.145,0,21.17717775
18.91,-20.03635091,-24.05929069,-3.550102936,16.25585805,-0.5914179966,-8.525723315,0.08827077355,0.0007355897796,-30,0,0,0,0,0,133.280399,44.145,0,26.48123207
18.92,-20.18553313,-23.99471549,-3.555347644,16.2499471,-0.5910949072,-8.524676853,0.1046461631,0.000872051359,-30,0,0,0,0,0,133.1834722,44.145,0,31.39384892
18.93,-20.33432051,-23.92938253,-3.560593616,16.24403938,-0.5907721118,-8.523478736,0.1198116922,0.0009984307684,-30,0,0,0,0,0,133.0866335,44.145,0,35.94350766
18.94,-20.48270913,-23.86329398,-3.565840759,16.23813488,-0.5904496099,-8.522140182,0.1338554189,0.001115461824,-30,0,0,0,0,0,132.989883,44.145,0,40.15662566
18.95,-20.63069513,-23.79645202,-3.571088985,16.23223361,-0.5901274012,-8.520671592,0.146859023,0.001223825191,-30,0,0,0,0,0,132.8932204,44.145,0,44.05770689
18.96,-20.77827464,-23.7288589,-3.576338214,16.22633556,-0.5898054854,-8.519082609,0.1588982662,0.001324152219,-30,0,0,0,0,0,132.7966456,44.145,0,47.66947987
18.97,-20.92544381,-23.66051688,-3.581588372,16.22044072,-0.5894838621,-8.517382175,0.1700434189,0.001417028491,-30,0,0,0,0,0,132.7001586,44.145,0,51.01302568
18.98,-21.07219881,-23.59142825,-3.58683939,16.21454909,-0.589162531,-8.515578578,0.1803596559,0.001502997132,-30,0,0,0,0,0,132.6037593,44.145,0,54.10789676
18.99,-21.21853583,-23.52159534,-3.592091203,16.20866068,-0.5888414918,-8.513679504,0.1899074243,0.001582561869,-30,0,0,0,0,0,132.5074475,44.145,0,56.9722273
19,-21.36445108,-23.45102049,-3.597343753,16.20277547,-0.588520744,-8.511692076,0.1987427851,0.001656189876,-30,0,0,0,0,0,132.4112232,44.145,0,59.62283554
19.01,-21.50994078,-23.37970611,-3.602596984,16.19689347,-0.5882002873,-8.509622899,0.2069177296,0.001724314413,-30,0,0,0,0,0,132.3150862,44.145,0,62.07531888
19.02,-21.65500115,-23.30765458,-3.607850845,16.19101467,-0.5878801214,-8.507478094,0.2144804734,0.001787337278,-30,0,0,0,0,0,132.2190364,44.145,0,64.34414202
19.03,-21.79962847,-23.23486835,-3.613105289,16.18513906,-0.5875602459,-8.505263337,0.2214757295,0.001845631079,-30,0,0,0,0,0,132.1230738,44.145,0,66.44271885
19.04,-21.943819,-23.16134988,-3.618360272,16.17926666,-0.5872406605,-8.502983887,0.2279449614,0.001899541345,-30,0,0,0,0,0,132.0271981,44.145,0,68.38348843
19.05,-22.08756902,-23.08710167,-3.623615754,16.17339744,-0.5869213648,-8.500644621,0.2339266182,0.001949388485,-30,0,0,0,0,0,131.9314094,44.145,0,70.17798547
19.06,-22.23087484,-23.01212621,-3.628871696,16.16753142,-0.5866023585,-8.498250058,0.2394563527,0.001995469606,-30,0,0,0,0,0,131.8357076,44.145,0,71.83690581
19.07,-22.37373279,-22.93642605,-3.634128064,16.16166858,-0.5862836413,-8.495804385,0.2445672236,0.002038060196,-30,0,0,0,0,0,131.7400924,44.145,0,73.37016707
19.08,-22.5161392,-22.86000375,-3.639384826,16.15580893,-0.5859652127,-8.493311487,0.2492898835,0.002077415696,-30,0,0,0,0,0,131.6445638,44.145,0,74.78696506
19.09,-22.65809042,-22.78286189,-3.644641952,16.14995246,-0.5856470725,-8.490774959,0.2536527535,0.002113772946,-30,0,0,0,0,0,131.5491217,44.145,0,76.09582605
19.1,-22.79958283,-22.70500308,-3.649899413,16.14409917,-0.5853292203,-8.488198137,0.2576821842,0.002147351535,-30,0,0,0,0,0,131.4537661,44.145,0,77.30465525
19.11,-22.94061282,-22.62642995,-3.655157184,16.13824905,-0.5850116557,-8.485584111,0.2614026063,0.002178355052,-30,0,0,0,0,0,131.3584967,44.145,0,78.42078189
19.12,-23.08117678,-22.54714514,-3.660415242,16.13331396,-0.4935093088,-8.482935744,0.2648366698,0.002206972248,-30,0.034,0,0,0,27.35552091,131.2633135,44.145,0,79.45100094
19.13,-23.22127906,-22.46714681,-3.665673266,16.12886492,-0.4449039338,-8.480291355,0.2644389855,0.002203658212,-30,0.052,0,0,0,41.85686476,131.1830449,44.145,0,79.33169564
19.14,-23.36092026,-22.38643519,-3.670931101,16.12484834,-0.4016579762,-8.477669662,0.2621692103,0.002184743419,-30,0.068,0,0,0,54.75831004,131.1107029,44.145,0,78.65076309
19.15,-23.50010048,-22.30501076,-3.67618862,16.12126425,-0.3584093319,-8.475085912,0.2583750115,0.002153125096,-30,0.084,0,0,0,67.66761034,131.0454099,44.145,0,77.51250346
19.16,-23.63881986,-22.22287398,-3.681445706,16.11811261,-0.3151631109,-8.472554223,0.2531689218,0.002109741015,-30,0.1,0,0,0,80.58322781,130.9871611,44.145,0,75.95067653
19.17,-23.77707849,-22.14002528,-3.686702248,16.11582327,-0.2289342489,-8.470087667,0.2466556289,0.002055463574,-30,0.132,0,0,0,106.4006767,130.9359513,44.145,0,73.99668866
19.18,-23.91488013,-22.05646284,-3.691958007,16.11396591,-0.1857364418,-8.467715166,0.2372500626,0.001977083855,-30,0.148,0,0,0,119.3228264,130.8987589,44.145,0,71.17501877
19.19,-24.05222486,-21.97218701,-3.697212899,16.11254029,-0.1425614444,-8.465446649,0.2268517678,0.001890431398,-30,0.164,0,0,0,132.2451549,130.8685882,44.145,0,68.05553035
19.2,-24.18911273,-21.88719814,-3.702466848,16.11154615,-0.09941434579,-8.463291288,0.2155360648,0.001796133873,-30,0.18,0,0,0,145.1661294,130.8454332,44.145,0,64.66081944
19.21,-24.32554376,-21.80149653,-3.707719783,16.11146708,-0.007907100018,-8.461257557,0.2033730404,0.001694775337,-30,0.214,0,0,0,172.6021573,130.8292873,44.145,0,61.01191213
19.22,-24.46152205,-21.71507986,-3.712971482,16.11181826,0.03511778489,-8.459372208,0.188534951,0.001571124591,-30,0.23,0,0,0,185.5083387,130.8280032,44.145,0,56.56048529
19.23,-24.5970476,-21.62794838,-3.718221897,16.11259919,0.07809386939,-8.457641014,0.1731193534,0.001442661279,-30,0.246,0,0,0,198.4068673,130.8337065,44.145,0,51.93580603
19.24,-24.73212035,-21.54010228,-3.723470982,16.11386312,0.1263926049,-8.45606929,0.1571724387,0.001309770323,-30,0.264,0,0,0,212.9091713,130.8463898,44.145,0,47.15173162
19.25,-24.86674069,-21.45154143,-3.72871868,16.11555561,0.1692487466,-8.454664019,0.1405271194,0.001171059329,-30,0.28,0,0,0,225.7865427,130.8669187,44.145,0,42.15813583
19.26,-25.00090852,-21.36226599,-3.733964956,16.11810601,0.255040643,-8.453429522,0.1234496749,0.001028747291,-30,0.312,0,0,0,251.5516037,130.8944108,44.145,0,37.03490246
19.27,-25.13462731,-21.27227366,-3.739209635,16.12113672,0.3030700295,-8.45238655,0.1042972249,0.0008691435411,-30,0.33,0,0,0,266.001853,130.9358441,44.145,0,31.28916748
19.28,-25.26789733,-21.1815642,-3.744452681,16.12464681,0.3510094385,-8.45153953,0.08470200129,0.0007058500108,-30,0.348,0,0,0,280.4329202,130.9850887,44.145,0,25.41060039
19.29,-25.40071885,-21.09013735,-3.749694061,16.12858163,0.3934820366,-8.450892505,0.06470246568,0.000539187214,-30,0.364,0,0,0,293.2317453,131.0421343,44.145,0,19.4107397
19.3,-25.53309163,-20.99799311,-3.75493376,16.13294027,0.4358639919,-8.450447067,0.04454386686,0.0003711988905,-30,0.38,0,0,0,306.0102949,131.1060973,44.145,0,13.36316006
19.31,-25.66501543,-20.90513145,-3.760171768,16.13820475,0.5264484349,-8.450204634,0.02424327637,0.0002020273031,-30,0.414,0,0,0,333.2564984,131.1769679,44.145,0,7.27298291
19.32,-25.7964939,-20.81154953,-3.765407918,16.14389011,0.5685356669,-8.450185272,0.00193615655,1.613463792e-05,-30,0.43,0,0,0,345.968293,131.262593,44.145,0,0.5808469649
19.33,-25.92752671,-20.71724724,-3.770642211,16.14999523,0.6105120326,-8.45038863,-0.02033579203,-0.0001694649336,-30,0.446,0,0,0,358.6537045,131.3550947,44.145,0,-6.10073761
19.34,-26.05811349,-20.62222446,-3.775874651,16.15657254,0.6577307335,-8.450814322,-0.04256916828,-0.000354743069,-30,0.464,0,0,0,372.9186824,131.4544624,44.145,0,-12.77075048
19.35,-26.18825426,-20.52648072,-3.781105225,16.16362067,0.7048132126,-8.45146401,-0.06496880872,-0.0005414067394,-30,0.482,0,0,0,387.1505212,131.5615574,44.145,0,-19.49064262
19.36,-26.31794901,-20.43001552,-3.78633392,16.1711382,0.7517533848,-8.452339159,-0.08751491583,-0.0007292909653,-30,0.5,0,0,0,401.3473826,131.6763671,44.145,0,-26.25447475
19.37,-26.44719769,-20.33282833,-3.791560725,16.17960494,0.8466734731,-8.453441048,-0.1101889405,-0.000918241171,-30,0.536,0,0,0,429.9459202,131.7988783,44.145,0,-33.05668216
19.38,-26.57600403,-20.23491567,-3.796785476,16.18848334,0.8878400164,-8.454789434,-0.1348385512,-0.001123654594,-30,0.552,0,0,0,442.4339314,131.9369265,44.145,0,-40.45156537
19.39,-26.70436744,-20.13627728,-3.802008195,16.19782532,0.9341983154,-8.456381723,-0.1592289104,-0.001326907587,-30,0.57,0,0,0,456.486259,132.0817644,44.145,0,-47.76867311
19.4,-26.83228773,-20.03691252,-3.807228884,16.20762917,0.980384895,-8.458217509,-0.1835785931,-0.001529821609,-30,0.588,0,0,0,470.4947193,132.2342508,44.145,0,-55.07357792
19.41,-26.95976462,-19.93682074,-3.812447549,16.21794641,1.031723447,-8.460296329,-0.2078819569,-0.001732349641,-30,0.608,0,0,0,486.0564047,132.3943707,44.145,0,-62.36458706
19.42,-27.08679826,-19.83600092,-3.817664175,16.22872173,1.077532795,-8.462619722,-0.2323392978,-0.001936160815,-30,0.626,0,0,0,499.9678185,132.56298,44.145,0,-69.70178935
19.43,-27.21338828,-19.73445238,-3.822878769,16.23990007,1.117833106,-8.465186956,-0.25672342,-0.002139361833,-30,0.642,0,0,0,512.234122,132.7391902,44.145,0,-77.017026
19.44,-27.33953387,-19.63217469,-3.828091355,16.2519579,1.205783089,-8.467995212,-0.2808256257,-0.002340213547,-30,0.676,0,0,0,538.8020412,132.9221145,44.145,0,-84.2476877
19.45,-27.46523789,-19.52916444,-3.833301801,16.26441363,1.245573682,-8.4710602,-0.3064987761,-0.002554156468,-30,0.692,0,0,0,550.9366767,133.1195723,44.145,0,-91.94963283
19.46,-27.5904994,-19.42542115,-3.838510141,16.27731842,1.290478733,-8.474377887,-0.3317687204,-0.002764739337,-30,0.71,0,0,0,564.6123201,133.3237,44.145,0,-99.53061611
19.47,-27.71531785,-19.32094405,-3.84371639,16.29067009,1.335167269,-8.477946493,-0.3568605581,-0.002973837984,-30,0.728,0,0,0,578.2305326,133.5353519,44.145,0,-107.0581674
19.48,-27.8396926,-19.21573229,-3.848920563,16.30446643,1.37963376,-8.481764267,-0.3817774571,-0.003181478809,-30,0.746,0,0,0,591.7896378,133.7545098,44.145,0,-114.5332371
19.49,-27.963623,-19.10978505,-3.854122674,16.31875798,1.429154474,-8.485829489,-0.4065221723,-0.003387684769,-30,0.766,0,0,0,606.8724974,133.9811553,44.145,0,-121.9566517
19.5,-28.08710872,-19.00310111,-3.85932272,16.33343663,1.467865653,-8.490142479,-0.4312990458,-0.003594158715,-30,0.782,0,0,0,618.7208343,134.2161384,44.145,0,-129.3897138
19.51,-28.21014859,-18.89567995,-3.864520734,16.34897436,1.553772654,-8.494699385,-0.4556905719,-0.003797421432,-30,0.816,0,0,0,644.7344969,134.4577007,44.145,0,-136.7071716
19.52,-28.33274494,-18.78751788,-3.869716595,16.36494563,1.59712686,-8.499514628,-0.4815243068,-0.004012702556,-30,0.834,0,0,0,657.9966952,134.7136371,44.145,0,-144.457292
19.53,-28.45489685,-18.678614,-3.874910327,16.3813479,1.640227099,-8.504585286,-0.5070657714,-0.004225548095,-30,0.852,0,0,0,671.1900982,134.9769685,44.145,0,-152.1197314
19.54,-28.57660336,-18.56896738,-3.880101954,16.39812614,1.677824427,-8.509908541,-0.5323255442,-0.004436046201,-30,0.868,0,0,0,682.7400018,135.2476737,44.145,0,-159.6976632
19.55,-28.69786306,-18.45857744,-3.885291516,16.41527803,1.715188474,-8.515479682,-0.5571141105,-0.004642617587,-30,0.884,0,0,0,694.2264067,135.5248646,44.145,0,-167.1342331
19.56,-28.81867448,-18.34744358,-3.890479049,16.43295799,1.767996436,-8.52129425,-0.5814568119,-0.004845473433,-30,0.906,0,0,0,710.3524524,135.8085218,44.145,0,-174.4370436
19.57,-28.93903727,-18.23556413,-3.895664539,16.45111048,1.815248616,-8.527353958,-0.605970756,-0.0050497563,-30,0.926,0,0,0,724.8208074,136.1012226,44.145,0,-181.7912268
19.58,-29.05895061,-18.12293778,-3.900847991,16.46973236,1.862188639,-8.533658263,-0.6304304762,-0.005253587302,-30,0.946,0,0,0,739.2036658,136.4020741,44.145,0,-189.1291429
19.59,-29.17841362,-18.00956319,-3.90602941,16.48876847,1.903610203,-8.540206525,-0.6548262129,-0.005456885107,-30,0.964,0,0,0,751.9391112,136.7110504,44.145,0,-196.4478639
19.6,-29.29742498,-17.89543938,-3.911208818,16.50816398,1.939550959,-8.546996052,-0.6789527432,-0.005657939526,-30,0.98,0,0,0,763.0375484,137.0272607,44.145,0,-203.6858229
19.61,-29.41598296,-17.78056574,-3.916386254,16.52801992,1.985594073,-8.554022277,-0.7026224791,-0.005855187326,-30,1,0,0,0,777.1730389,137.3498168,44.145,0,-210.7867437
19.62,-29.53408647,-17.6649409,-3.921561721,16.54781581,1.979589352,-8.56128476,-0.7262482581,-0.006052068818,-30,1,0,0,0,775.7022284,137.6804229,44.145,0,-217.8744774
19.63,-29.65173074,-17.54856715,-3.926735386,16.56755182,1.97360147,-8.568763548,-0.7478787883,-0.006232323236,-30,1,0,0,0,774.235866,138.0104249,44.145,0,-224.3636365
19.64,-29.76891094,-17.4314468,-3.931907401,16.58722813,1.96763039,-8.576440214,-0.7676666053,-0.006397221711,-30,1,0,0,0,772.7739389,138.3398218,44.145,0,-230.2999816
19.65,-29.88562228,-17.31358214,-3.93707791,16.60684489,1.961676073,-8.584297738,-0.7857524401,-0.006547937001,-30,1,0,0,0,771.316435,138.668613,44.145,0,-235.725732
19.66,-30.00185994,-17.1949755,-3.942247042,16.62640227,1.955738479,-8.5923204,-0.8022661478,-0.006685551232,-30,1,0,0,0,769.8633416,138.9967978,44.145,0,-240.6798443
19.67,-30.11761913,-17.07562921,-3.947414919,16.64590045,1.94981757,-8.600493675,-0.8173275615,-0.006811063013,-30,1,0,0,0,768.4146464,139.3243753,44.145,0,-245.1982685
19.68,-30.23289503,-16.95554564,-3.952581653,16.66533958,1.943913307,-8.608804148,-0.8310472784,-0.006925393986,-30,1,0,0,0,766.9703371,139.6513449,44.145,0,-249.3141835
19.69,-30.34768285,-16.83472713,-3.957747347,16.68471984,1.938025651,-8.617239422,-0.8435273829,-0.007029394858,-30,1,0,0,0,765.5304013,139.9777059,44.145,0,-253.0582149
19.7,-30.46197779,-16.7131761,-3.962912096,16.70404138,1.932154564,-8.625788043,-0.8548621128,-0.00712385094,-30,1,0,0,0,764.0948267,140.3034576,44.145,0,-256.4586338
19.71,-30.57577506,-16.59089494,-3.968075989,16.72330438,1.926300006,-8.634439428,-0.8651384717,-0.007209487264,-30,1,0,0,0,762.6636011,140.6285993,44.145,0,-259.5415415
19.72,-30.68906987,-16.46788609,-3.973239107,16.742509,1.920461939,-8.643183796,-0.8744367932,-0.007286973277,-30,1,0,0,0,761.2367122,140.9531304,44.145,0,-262.331038
19.73,-30.80185744,-16.344152,-3.978401525,16.76165541,1.914640325,-8.652012108,-0.8828312607,-0.007356927172,-30,1,0,0,0,759.8141478,141.2770503,44.145,0,-264.8493782
19.74,-30.91413298,-16.21969514,-3.983563314,16.78074376,1.908835125,-8.660916012,-0.8903903851,-0.007419919876,-30,1,0,0,0,758.3958958,141.6003584,44.145,0,-267.1171155
19.75,-31.02589175,-16.094518,-3.988724537,16.79977422,1.903046299,-8.669887786,-0.8971774463,-0.007476478719,-30,1,0,0,0,756.9819438,141.923054,44.145,0,-269.1532339
19.76,-31.13712896,-15.96862311,-3.993885254,16.81874696,1.897273811,-8.678920295,-0.903250898,-0.007527090817,-30,1,0,0,0,755.5722799,142.2451366,44.145,0,-270.9752694
19.77,-31.24783988,-15.84201301,-3.999045519,16.83766214,1.891517621,-8.688006943,-0.908664742,-0.007572206184,-30,1,0,0,0,754.1668919,142.5666056,44.145,0,-272.5994226
19.78,-31.35801976,-15.71469027,-4.004205385,16.85651991,1.88577769,-8.697141632,-0.9134688726,-0.007612240605,-30,1,0,0,0,752.7657677,142.8874606,44.145,0,-274.0406618
19.79,-31.46766388,-15.58665748,-4.009364897,16.87532045,1.880053982,-8.706318726,-0.9177093937,-0.007647578281,-30,1,0,0,0,751.3688953,143.2077008,44.145,0,-275.3128181
19.8,-31.57676749,-15.45791726,-4.014524099,16.89361393,1.82934788,-8.715533015,-0.9214289113,-0.007678574261,-30,0.982,0,0,0,736.47669,143.527326,44.145,0,-276.4286734
19.81,-31.68532302,-15.3284757,-4.019683168,16.91145341,1.783947991,-8.724763193,-0.9230178158,-0.007691815131,-30,0.966,0,0,0,723.1680698,143.8386726,44.145,0,-276.9053447
19.82,-31.79332323,-15.19833854,-4.024842254,16.92879183,1.733841811,-8.733991479,-0.9228285975,-0.007690238312,-30,0.948,0,0,0,708.4401605,144.1426173,44.145,0,-276.8485792
19.83,-31.90076065,-15.06751194,-4.030001506,16.94568193,1.68901013,-8.743199687,-0.9208207893,-0.007673506578,-30,0.932,0,0,0,695.2863715,144.4383324,44.145,0,-276.2462368
19.84,-32.0076282,-14.93600171,-4.035161051,16.96202704,1.634511168,-8.7523729,-0.9173212937,-0.007644344114,-30,0.912,0,0,0,679.2250429,144.7266926,44.145,0,-275.1963881
19.85,-32.11391822,-14.80381447,-4.040321031,16.97792947,1.590243203,-8.761493769,-0.9120869184,-0.00760072432,-30,0.896,0,0,0,666.223983,145.0060221,44.145,0,-273.6260755
19.86,-32.21962375,-14.67095609,-4.045481551,16.99334223,1.541275757,-8.770549948,-0.9056179652,-0.007546816377,-30,0.878,0,0,0,651.805772,145.278045,44.145,0,-271.6853896
19.87,-32.3247376,-14.53743288,-4.050642719,17.00792213,1.45798984,-8.779528281,-0.8978332983,-0.007481944152,-30,0.846,0,0,0,627.0838868,145.5419348,44.145,0,-269.3499895
19.88,-32.42925051,-14.40325392,-4.055804742,17.0220685,1.414636551,-8.788404069,-0.8875787686,-0.007396489739,-30,0.83,0,0,0,614.3277505,145.7917853,44.145,0,-266.2736306
19.89,-32.53315574,-14.2684252,-4.060967689,17.03573432,1.366582304,-8.797168937,-0.8764868043,-0.007304056702,-30,0.812,0,0,0,600.1541023,146.0344112,44.145,0,-262.9460413
19.9,-32.63644634,-14.13295315,-4.06613164,17.04897127,1.323695471,-8.805813404,-0.8644466368,-0.007203721974,-30,0.796,0,0,0,587.5226283,146.2689869,44.145,0,-259.3339911
19.91,-32.73911571,-13.99684384,-4.071296651,17.06158494,1.2613668,-8.814330545,-0.851714126,-0.007097617717,-30,0.772,0,0,0,569.0514205,146.4963804,44.145,0,-255.5142378
19.92,-32.84115614,-13.86010497,-4.076462836,17.07372563,1.214068848,-8.822706867,-0.8376321954,-0.006980268295,-30,0.754,0,0,0,555.0788855,146.7132311,44.145,0,-251.2896586
19.93,-32.9425609,-13.72274309,-4.081630254,17.08534657,1.162093707,-8.830935297,-0.8228430324,-0.00685702527,-30,0.734,0,0,0,539.6952139,146.9221019,44.145,0,-246.8529097
19.94,-33.04332304,-13.5847652,-4.086798973,17.0964012,1.105463321,-8.839007565,-0.8072267945,-0.006726889954,-30,0.712,0,0,0,522.9061662,147.1221699,44.145,0,-242.1680384
19.95,-33.1434354,-13.44617874,-4.091969071,17.1070388,1.063759745,-8.846914294,-0.7906728627,-0.006588940523,-30,0.696,0,0,0,510.5855381,147.3126147,44.145,0,-237.2018588
19.96,-33.24289177,-13.30698999,-4.097140576,17.11687034,0.9831537915,-8.85465218,-0.773788682,-0.006448239016,-30,0.664,0,0,0,486.5871288,147.4959913,44.145,0,-232.1366046
19.97,-33.34168374,-13.16720847,-4.102313632,17.12624085,0.9370516083,-8.86220404,-0.7551859702,-0.006293216418,-30,0.646,0,0,0,472.9260565,147.665574,44.145,0,-226.5557911
19.98,-33.43980497,-13.02684097,-4.107488267,17.13520096,0.8960104385,-8.869566405,-0.7362365253,-0.006135304378,-30,0.63,0,0,0,460.7754269,147.8272954,44.145,0,-220.8709576
19.99,-33.5372495,-12.88589391,-4.112664492,17.14375224,0.8551288623,-8.876737877,-0.71714713,-0.005976226084,-30,0.614,0,0,0,448.665675,147.9820164,44.145,0,-215.144139
20,-33.63401142,-12.74437375,-4.117842319,17.15189626,0.8144017248,-8.883717199,-0.697932213,-0.005816101775,-30,0.598,0,0,0,436.5952709,148.1297535,44.145,0,-209.3796639
20.01,-33.7300849,-12.60228701,-4.123021756,17.15914818,0.7251912943,-8.890503249,-0.6786049661,-0.005655041385,-30,0.562,0,0,0,409.9729112,148.2705229,44.145,0,-203.5814898
20.02,-33.82546147,-12.45964429,-4.128202959,17.16599707,0.6848895214,-8.897077402,-0.6574153353,-0.005478461128,-30,0.546,0,0,0,398.0077849,148.3959285,44.145,0,-197.2246006
20.03,-33.92013548,-12.31645218,-4.133385925,17.17244428,0.6447208568,-8.903440049,-0.6362646738,-0.005302205615,-30,0.53,0,0,0,386.0756706,148.5144135,44.145,0,-190.8794021
20.04,-34.01410133,-12.17271735,-4.13857065,17.17849108,0.6046803062,-8.909591584,-0.6151535453,-0.005126279544,-30,0.514,0,0,0,374.1750845,148.6259926,44.145,0,-184.5460636
20.05,-34.10735353,-12.02844648,-4.143757131,17.18413871,0.5647629035,-8.915532407,-0.5940823043,-0.004950685869,-30,0.498,0,0,0,362.3045512,148.7306801,44.145,0,-178.2246913
20.06,-34.19988663,-11.88364632,-4.148945364,17.18900056,0.4861849986,-8.921262918,-0.5730511121,-0.004775425934,-30,0.466,0,0,0,338.8289897,148.8284901,44.145,0,-171.9153336
20.07,-34.29169319,-11.73832691,-4.154135464,17.19346641,0.4465853251,-8.926769467,-0.5506549072,-0.004588790893,-30,0.45,0,0,0,327.0333146,148.9127171,44.145,0,-165.1964722
20.08,-34.38276796,-11.59249511,-4.159327419,17.19753731,0.4070892991,-8.932053463,-0.5283995232,-0.00440332936,-30,0.434,0,0,0,315.2618945,148.9901048,44.145,0,-158.519857
20.09,-34.47310573,-11.44615777,-4.164521217,17.20121423,0.3676920781,-8.937116235,-0.5062772432,-0.004218977027,-30,0.418,0,0,0,303.5132893,149.0606659,44.145,0,-151.883173
20.1,-34.5627014,-11.29932183,-4.169716848,17.20406261,0.2848386833,-8.941959042,-0.4842807445,-0.004035672871,-30,0.384,0,0,0,278.7210175,149.1244125,44.145,0,-145.2842233
20.11,-34.65154766,-11.15199798,-4.174914434,17.20651965,0.2457039752,-8.946567285,-0.4608242564,-0.003840202137,-30,0.368,0,0,0,267.0299969,149.1738043,44.145,0,-138.2472769
20.12,-34.73963958,-11.00419322,-4.180113955,17.20858614,0.2066483846,-8.950943208,-0.4375923061,-0.00364660255,-30,0.352,0,0,0,255.355932,149.2164166,44.145,0,-131.2776918
20.13,-34.82697228,-10.85591462,-4.185315395,17.21026281,0.1676671716,-8.955088912,-0.4145704243,-0.003454753536,-30,0.336,0,0,0,243.6974117,149.2522602,44.145,0,-124.3711273
20.14,-34.91354098,-10.70716929,-4.190518738,17.21116361,0.09008010874,-8.959006362,-0.3917450194,-0.003264541828,-30,0.304,0,0,0,220.4503782,149.2813456,44.145,0,-117.5235058
20.15,-34.99933903,-10.55796771,-4.195724084,17.2116765,0.05128845531,-8.962683359,-0.3676997012,-0.003064164177,-30,0.288,0,0,0,208.8285096,149.296973,44.145,0,-110.3099104
20.16,-35.0843618,-10.40831709,-4.200931411,17.21175368,0.007718663192,-8.966122609,-0.3439249839,-0.002866041533,-30,0.27,0,0,0,195.7664701,149.3058711,44.145,0,-103.1774952
20.17,-35.16860453,-10.25822508,-4.206140713,17.21144408,-0.03096056147,-8.969324878,-0.3202268323,-0.002668556936,-30,0.254,0,0,0,184.1640418,149.3072103,44.145,0,-96.0680497
20.18,-35.25206274,-10.10769898,-4.21135197,17.2106998,-0.07442793243,-8.972292636,-0.296775799,-0.002473131658,-30,0.236,0,0,0,171.1184591,149.3018388,44.145,0,-89.03273969
20.19,-35.33473181,-9.956746526,-4.216565176,17.20913456,-0.1565233005,-8.975026426,-0.2733790441,-0.002278158701,-30,0.202,0,0,0,146.4769364,149.2889265,44.145,0,-82.01371324
20.2,-35.41660537,-9.805378923,-4.221780445,17.20718422,-0.1950346842,-8.977512689,-0.2486262921,-0.002071885767,-30,0.186,0,0,0,134.8963682,149.2617735,44.145,0,-74.58788762
20.21,-35.49767921,-9.653603591,-4.22699775,17.2047523,-0.2431919289,-8.979754629,-0.2241940233,-0.001868283528,-30,0.166,0,0,0,120.4153644,149.2279431,44.145,0,-67.258207
20.22,-35.57794875,-9.501428849,-4.232217095,17.20193581,-0.2816489308,-8.981751701,-0.1997072074,-0.001664226729,-30,0.15,0,0,0,108.8360856,149.1857648,44.145,0,-59.91216223
20.23,-35.65740993,-9.348862208,-4.237438456,17.19873491,-0.320090216,-8.98350691,-0.1755208936,-0.001462674113,-30,0.134,0,0,0,97.25485938,149.1369242,44.145,0,-52.65626808
20.24,-35.73605879,-9.195911219,-4.24266181,17.1951497,-0.3585203667,-8.985023042,-0.151613213,-0.001263443442,-30,0.118,0,0,0,85.67031711,149.0814271,44.145,0,-45.48396389
20.25,-35.81389143,-9.042583476,-4.247887134,17.19079291,-0.4356791718,-8.986302679,-0.1279636788,-0.00106636399,-30,0.086,0,0,0,62.46052782,149.0192794,44.145,0,-38.38910363
20.26,-35.89090232,-8.88889008,-4.253114527,17.18605204,-0.4740873954,-8.987334076,-0.1031396812,-0.0008594973437,-30,0.07,0,0,0,50.86255527,148.9437739,44.145,0,-30.94190437
20.27,-35.96708772,-8.734838715,-4.258343962,17.18087855,-0.5173492007,-8.988120416,-0.07863396346,-0.0006552830289,-30,0.052,0,0,0,37.80187363,148.8616339,44.145,0,-23.59018904
20.28,-36.04244379,-8.580437544,-4.263575429,17.17532079,-0.5557756676,-8.988662871,-0.05424556956,-0.000452046413,-30,0.036,0,0,0,26.18432388,148.7720241,44.145,0,-16.27367087
20.29,-36.11696697,-8.425694339,-4.268808905,17.16933008,-0.5990707213,-8.988964285,-0.03014137053,-0.0002511780877,-30,0.018,0,0,0,13.09957228,148.6757887,44.145,0,-9.042411159
20.3,-36.19065358,-8.270617349,-4.274044382,17.16290618,-0.6423903044,-8.989025505,-0.006122011011,-5.101675842e-05,-30,0,0,0,0,0,148.5720913,44.145,0,-1.836603303
20.31,-36.26350002,-8.115214867,-4.279281855,17.15648598,-0.6420197855,-8.988847294,0.01782106797,0.0001485088998,-30,0,0,0,0,0,148.4609356,44.145,0,5.346320391
20.32,-36.3355046,-7.95949126,-4.284521184,17.15006948,-0.6416496188,-8.988446356,0.04009381438,0.0003341151198,-30,0,0,0,0,0,148.3498856,44.145,0,12.02814431
20.33,-36.40666568,-7.803450918,-4.28976224,17.14365669,-0.641279804,-8.987838244,0.06081122492,0.0005067602077,-30,0,0,0,0,0,148.2389412,44.145,0,18.24336748
20.34,-36.47698168,-7.647098247,-4.295004901,17.13724758,-0.6409103405,-8.98703744,0.08008042113,0.0006673368427,-30,0,0,0,0,0,148.1281021,44.145,0,24.02412634
20.35,-36.54645102,-7.490437673,-4.300249055,17.13084217,-0.6405412279,-8.986057428,0.09800118584,0.0008166765487,-30,0,0,0,0,0,148.0173684,44.145,0,29.40035575
20.36,-36.6150722,-7.333473637,-4.305494598,17.12444045,-0.6401724658,-8.984910763,0.1146664633,0.000955553861,-30,0,0,0,0,0,147.9067398,44.145,0,34.399939
20.37,-36.68284375,-7.176210597,-4.310741433,17.11804241,-0.6398040538,-8.983609135,0.1301628254,0.001084690212,-30,0,0,0,0,0,147.7962161,44.145,0,39.04884763
20.38,-36.74976422,-7.018653027,-4.315989468,17.11164805,-0.6394359913,-8.982163426,0.1445709063,0.001204757553,-30,0,0,0,0,0,147.6857974,44.145,0,43.3712719
20.39,-36.81583222,-6.860805411,-4.32123862,17.10525736,-0.639068278,-8.980583768,0.1579658074,0.001316381729,-30,0,0,0,0,0,147.5754834,44.145,0,47.38974223
20.4,-36.88104638,-6.702672251,-4.326488809,17.09887035,-0.6387009135,-8.978879593,0.1704174752,0.001420145627,-30,0,0,0,0,0,147.465274,44.145,0,51.12524256
20.41,-36.94540537,-6.544258059,-4.331739963,17.09248701,-0.6383338972,-8.977059683,0.1819910531,0.001516592109,-30,0,0,0,0,0,147.3551692,44.145,0,54.59731592
20.42,-37.00890791,-6.385567357,-4.336992013,17.08610734,-0.6379672287,-8.975132211,0.1927472094,0.001606226745,-30,0,0,0,0,0,147.2451686,44.145,0,57.82416283
20.43,-37.07155274,-6.226604682,-4.342244896,17.07973133,-0.6376009077,-8.973104786,0.2027424437,0.001689520364,-30,0,0,0,0,0,147.1352723,44.145,0,60.8227331
20.44,-37.13333863,-6.067374577,-4.347498553,17.07335898,-0.6372349337,-8.970984492,0.2120293708,0.001766911423,-30,0,0,0,0,0,147.0254801,44.145,0,63.60881124
20.45,-37.19426438,-5.907881597,-4.352752929,17.06699029,-0.6368693062,-8.968777923,0.2206569875,0.001838808229,-30,0,0,0,0,0,146.9157918,44.145,0,66.19709626
20.46,-37.25432886,-5.748130306,-4.358007972,17.06062525,-0.6365040248,-8.966491213,0.2286709195,0.001905590995,-30,0,0,0,0,0,146.8062074,44.145,0,68.60127584
20.47,-37.31353092,-5.588125276,-4.363263636,17.05426386,-0.636139089,-8.964130077,0.2361136519,0.001967613766,-30,0,0,0,0,0,146.6967267,44.145,0,70.83409558
20.48,-37.37186947,-5.427871087,-4.368519876,17.04790611,-0.6357744985,-8.961699829,0.2430247451,0.002025206209,-30,0,0,0,0,0,146.5873496,44.145,0,72.90742354
20.49,-37.42934345,-5.267372328,-4.37377665,17.04155201,-0.6354102529,-8.959205419,0.2494410342,0.002078675285,-30,0,0,0,0,0,146.4780759,44.145,0,74.83231026
20.5,-37.48595183,-5.106633593,-4.379033921,17.03520155,-0.6350463516,-8.956651451,0.2553968163,0.002128306802,-30,0,0,0,0,0,146.3689055,44.145,0,76.61904488
20.51,-37.5416936,-4.945659484,-4.384291653,17.02885472,-0.6346827942,-8.954042211,0.2609240241,0.002174366867,-30,0,0,0,0,0,146.2598383,44.145,0,78.27720722
20.52,-37.5965678,-4.784454608,-4.389549812,17.02251153,-0.6343195804,-8.951381687,0.2660523884,0.002217103237,-30,0,0,0,0,0,146.1508741,44.145,0,79.81571653
20.53,-37.65057347,-4.62302358,-4.394808367,17.01617196,-0.6339567097,-8.948673591,0.2708095891,0.002256746576,-30,0,0,0,0,0,146.0420129,44.145,0,81.24287673
20.54,-37.70370972,-4.461371019,-4.40006729,17.00983602,-0.6335941816,-8.945921377,0.2752213955,0.002293511629,-30,0,0,0,0,0,145.9332545,44.145,0,82.56641866
20.55,-37.75597564,-4.299501549,-4.405326553,17.0035037,-0.6332319958,-8.943128259,0.2793117981,0.002327598318,-30,0,0,0,0,0,145.8245987,44.145,0,83.79353944
20.56,-37.80737039,-4.137419801,-4.410586133,16.99717499,-0.6328701518,-8.940297228,0.2831031303,0.002359192753,-30,0,0,0,0,0,145.7160455,44.145,0,84.9309391
20.57,-37.85789314,-3.975130407,-4.415846005,16.99084991,-0.6325086491,-8.937431066,0.2866161825,0.002388468188,-30,0,0,0,0,0,145.6075947,44.145,0,85.98485475
20.58,-37.9075431,-3.812638006,-4.421106149,16.98452843,-0.6321474874,-8.934532363,0.289870308,0.0024155859,-30,0,0,0,0,0,145.4992462,44.145,0,86.96109241
20.59,-37.95631948,-3.64994724,-4.426366544,16.97821057,-0.6317866663,-8.931603527,0.292883522,0.002440696017,-30,0,0,0,0,0,145.3909999,44.145,0,87.86505661
20.6,-38.00422155,-3.487062756,-4.431627171,16.9718963,-0.6314261852,-8.928646802,0.2956725935,0.002463938279,-30,0,0,0,0,0,145.2828556,44.145,0,88.70177804
20.61,-38.05124859,-3.323989202,-4.436888013,16.96558564,-0.6310660438,-8.92566427,0.298253131,0.002485442758,-30,0,0,0,0,0,145.1748131,44.145,0,89.47593929
20.62,-38.09739991,-3.160731231,-4.442149054,16.95927858,-0.6307062417,-8.922657874,0.3006396626,0.002505330522,-30,0,0,0,0,0,145.0668725,44.145,0,90.19189878
20.63,-38.14267485,-2.997293497,-4.447410279,16.95297511,-0.6303467784,-8.919629417,0.3028457103,0.002523714252,-30,0,0,0,0,0,144.9590335,44.145,0,90.85371308
20.64,-38.18707278,-2.83368066,-4.452671674,16.94667524,-0.6299876536,-8.916580578,0.3048838592,0.002540698826,-30,0,0,0,0,0,144.8512961,44.145,0,91.46515775
20.65,-38.23059308,-2.66989738,-4.457933225,16.94037895,-0.6296288667,-8.91351292,0.3067658222,0.002556381852,-30,0,0,0,0,0,144.74366,44.145,0,92.02974666
20.66,-38.27323519,-2.505948318,-4.463194922,16.93408624,-0.6292704174,-8.910427895,0.3085025002,0.002570854169,-30,0,0,0,0,0,144.6361252,44.145,0,92.55075007
20.67,-38.31499854,-2.341838141,-4.468456751,16.92779712,-0.6289123053,-8.907326854,0.310104038,0.002584200317,-30,0,0,0,0,0,144.5286916,44.145,0,93.03121141
20.68,-38.35588261,-2.177571514,-4.473718704,16.92151158,-0.6285545299,-8.904211056,0.3115798764,0.00259649897,-30,0,0,0,0,0,144.421359,44.145,0,93.47396291
20.69,-38.39588689,-2.013153107,-4.47898077,16.91522961,-0.6281970908,-8.901081668,0.3129388009,0.002607823341,-30,0,0,0,0,0,144.3141272,44.145,0,93.88164026
20.7,-38.43501091,-1.848587587,-4.48424294,16.90895121,-0.6278399876,-8.897939778,0.3141889869,0.002618241558,-30,0,0,0,0,0,144.2069963,44.145,0,94.25669608
20.71,-38.47325422,-1.683879627,-4.489505206,16.90267637,-0.6274832199,-8.894786397,0.3153380421,0.002627817018,-30,0,0,0,0,0,144.099966,44.145,0,94.60141264
20.72,-38.5106164,-1.519033898,-4.49476756,16.89640511,-0.6271267872,-8.891622467,0.3163930453,0.002636608711,-30,0,0,0,0,0,143.9930362,44.145,0,94.9179136
20.73,-38.54709705,-1.354055073,-4.500029995,16.8901374,-0.6267706892,-8.888448861,0.3173605833,0.002644671527,-30,0,0,0,0,0,143.8862068,44.145,0,95.20817498
20.74,-38.5826958,-1.188947825,-4.505292503,16.88387325,-0.6264149255,-8.885266393,0.3182467846,0.002652056538,-30,0,0,0,0,0,143.7794776,44.145,0,95.47403537
20.75,-38.6174123,-1.023716828,-4.510555079,16.87761265,-0.6260594955,-8.88207582,0.3190573515,0.002658811262,-30,0,0,0,0,0,143.6728487,44.145,0,95.71720545
20.76,-38.65124623,-0.8583667575,-4.515817716,16.87135561,-0.625704399,-8.878877844,0.3197975894,0.002664979912,-30,0,0,0,0,0,143.5663197,44.145,0,95.93927683
20.77,-38.6841973,-0.692902287,-4.52108041,16.86510211,-0.6253496354,-8.875673119,0.3204724344,0.00267060362,-30,0,0,0,0,0,143.4598906,44.145,0,96.14173031
20.78,-38.71626524,-0.5273280914,-4.526343155,16.85885216,-0.6249952045,-8.872462255,0.3210864785,0.002675720654,-30,0,0,0,0,0,143.3535613,44.145,0,96.32594354
20.79,-38.7474498,-0.361648845,-4.531605947,16.85260575,-0.6246411057,-8.869245815,0.3216439938,0.002680366615,-30,0,0,0,0,0,143.2473317,44.145,0,96.49319815
20.8,-38.77775077,-0.1958692221,-4.53686878,16.84636288,-0.6242873386,-8.866024325,0.3221489549,0.002684574624,-30,0,0,0,0,0,143.1412016,44.145,0,96.64468647
20.81,-38.80716795,-0.02999389643,-4.542131652,16.84012354,-0.6239339029,-8.862798275,0.3226050589,0.00268837549,-30,0,0,0,0,0,143.0351709,44.145,0,96.78151766
20.82,-38.83570118,0.135972459,-4.547394557,16.83388773,-0.6235807981,-8.859568117,0.323015745,0.002691797875,-30,0,0,0,0,0,142.9292394,44.145,0,96.90472349
20.83,-38.86335031,0.3020251717,-4.552657494,16.82765545,-0.6232280239,-8.856334275,0.3233842125,0.002694868437,-30,0,0,0,0,0,142.8234072,44.145,0,97.01526375
20.84,-38.89011522,0.4681595701,-4.557920458,16.82142669,-0.6228755798,-8.853097141,0.3237134373,0.002697611978,-30,0,0,0,0,0,142.7176739,44.145,0,97.1140312
20.85,-38.91599582,0.634370984,-4.563183446,16.81520146,-0.6225234654,-8.849857079,0.3240061876,0.002700051563,-30,0,0,0,0,0,142.6120396,44.145,0,97.20185627
20.86,-38.94099204,0.8006547438,-4.568446456,16.80897974,-0.6221716802,-8.846614428,0.3242650378,0.002702208648,-30,0,0,0,0,0,142.5065041,44.145,0,97.27951133
20.87,-38.96510385,0.9670061817,-4.573709485,16.80276154,-0.621820224,-8.843369504,0.3244923827,0.002704103189,-30,0,0,0,0,0,142.4010672,44.145,0,97.3477148
20.88,-38.98833121,1.133420631,-4.57897253,16.79654685,-0.6214690963,-8.8401226,0.3246904495,0.002705753746,-30,0,0,0,0,0,142.2957289,44.145,0,97.40713485
20.89,-39.01067415,1.299893427,-4.584235589,16.79033567,-0.6211182966,-8.836873987,0.3248613097,0.002707177581,-30,0,0,0,0,0,142.190489,44.145,0,97.4583929
20.9,-39.03213268,1.466419907,-4.589498661,16.78412799,-0.6207678246,-8.833623918,0.3250068897,0.002708390747,-30,0,0,0,0,0,142.0853474,44.145,0,97.5020669
20.91,-39.05270687,1.632995409,-4.594761743,16.77792381,-0.6204176799,-8.830372628,0.3251289811,0.002709408176,-30,0,0,0,0,0,141.980304,44.145,0,97.53869433
20.92,-39.0723968,1.799615274,-4.600024833,16.77172313,-0.6200678621,-8.827120336,0.3252292501,0.002710243751,-30,0,0,0,0,0,141.8753586,44.145,0,97.56877502
20.93,-39.09120258,1.966274845,-4.60528793,16.76552595,-0.6197183707,-8.823867243,0.325309246,0.002710910384,-30,0,0,0,0,0,141.7705112,44.145,0,97.59277381
20.94,-39.10912432,2.132969467,-4.610551032,16.75933226,-0.6193692054,-8.820613539,0.3253704098,0.002711420081,-30,0,0,0,0,0,141.6657616,44.145,0,97.61112293
20.95,-39.1261622,2.299694488,-4.615814137,16.75314205,-0.6190203658,-8.817359398,0.325414081,0.002711784009,-30,0,0,0,0,0,141.5611097,44.145,0,97.62422431
20.96,-39.14231638,2.466445258,-4.621077245,16.74695534,-0.6186718514,-8.814104983,0.3254415057,0.002712012547,-30,0,0,0,0,0,141.4565554,44.145,0,97.63245171
20.97,-39.15758707,2.63321713,-4.626340354,16.7407721,-0.6183236618,-8.810850445,0.3254538421,0.002712115351,-30,0,0,0,0,0,141.3520986,44.145,0,97.63615262
20.98,-39.17197451,2.800005459,-4.631603463,16.73459234,-0.6179757968,-8.807595923,0.3254521673,0.002712101394,-30,0,0,0,0,0,141.247739,44.145,0,97.63565018
20.99,-39.18547893,2.966805605,-4.636866571,16.72841606,-0.6176282558,-8.804341548,0.3254374827,0.002711979022,-30,0,0,0,0,0,141.1434767,44.145,0,97.6312448
21,-39.19810063,3.133612928,-4.642129676,16.72224325,-0.6172810384,-8.801087441,0.3254107194,0.002711755995,-30,0,0,0,0,0,141.0393115,44.145,0,97.62321582
21.01,-39.2098399,3.300422794,-4.647392778,16.71607391,-0.6169341443,-8.797833714,0.3253727431,0.002711439526,-30,0,0,0,0,0,140.9352433,44.145,0,97.61182292
21.02,-39.22069706,3.467230572,-4.652655876,16.70990803,-0.6165875731,-8.79458047,0.3253243584,0.00271103632,-30,0,0,0,0,0,140.8312719,44.145,0,97.59730753
21.03,-39.23067248,3.634031632,-4.657918969,16.70374562,-0.6162413243,-8.791327807,0.3252663137,0.002710552614,-30,0,0,0,0,0,140.7273973,44.145,0,97.5798941
21.04,-39.23976651,3.800821351,-4.663182057,16.69758666,-0.6158953977,-8.788075814,0.3251993043,0.002709994203,-30,0,0,0,0,0,140.6236193,44.145,0,97.55979129
21.05,-39.24797956,3.967595108,-4.668445139,16.69143117,-0.6155497926,-8.784824574,0.3251239769,0.002709366474,-30,0,0,0,0,0,140.5199378,44.145,0,97.53719306
21.06,-39.25531206,4.134348284,-4.673708213,16.68527912,-0.6152045089,-8.781574165,0.3250409324,0.002708674437,-30,0,0,0,0,0,140.4163527,44.145,0,97.51227972
21.07,-39.26176444,4.301076268,-4.67897128,16.67913052,-0.6148595461,-8.778324658,0.3249507296,0.002707922747,-30,0,0,0,0,0,140.3128638,44.145,0,97.48521888
21.08,-39.26733719,4.467774451,-4.684234339,16.67298538,-0.6145149037,-8.775076119,0.3248538877,0.002707115731,-30,0,0,0,0,0,140.2094711,44.145,0,97.45616631
21.09,-39.27203079,4.634438227,-4.689497389,16.66684367,-0.6141705815,-8.77182861,0.3247508895,0.002706257412,-30,0,0,0,0,0,140.1061744,44.145,0,97.42526684
21.1,-39.27584576,4.801062996,-4.694760431,16.6607054,-0.6138265789,-8.768582188,0.3246421835,0.002705351529,-30,0,0,0,0,0,140.0029737,44.145,0,97.39265504
21.11,-39.27878265,4.967644163,-4.700023462,16.65457058,-0.6134828957,-8.765336906,0.3245281867,0.002704401556,-30,0,0,0,0,0,139.8998687,44.145,0,97.35845602
21.12,-39.28084202,5.134177136,-4.705286484,16.64843918,-0.6131395314,-8.762092813,0.3244092868,0.002703410723,-30,0,0,0,0,0,139.7968594,44.145,0,97.32278604
21.13,-39.28202446,5.300657329,-4.710549496,16.64231122,-0.6127964856,-8.758849955,0.3242858438,0.002702382032,-30,0,0,0,0,0,139.6939457,44.145,0,97.28575314
21.14,-39.2823306,5.467080159,-4.715812497,16.63618668,-0.6124537579,-8.755608373,0.3241581925,0.002701318271,-30,0,0,0,0,0,139.5911274,44.145,0,97.24745775
21.15,-39.28176106,5.633441051,-4.721075487,16.63006556,-0.6121113481,-8.752368106,0.3240266439,0.002700222033,-30,0,0,0,0,0,139.4884044,44.145,0,97.20799318
21.16,-39.2803165,5.799735433,-4.726338465,16.62393208,-0.6133479222,-8.749129192,0.3238914872,0.002699095726,-30,0,0.016,0.016,0.016,0,139.3857767,44.145,0.4736,97.16744615
21.17,-39.27799762,5.96595858,-4.731601438,16.61775467,-0.6177412648,-8.745891062,0.3238129656,0.00269844138,-30,0,0.032,0.032,0.032,0,139.2829795,44.145,1.8944,97.14388967
21.18,-39.27480514,6.132105458,-4.736864418,16.61139127,-0.6363402809,-8.742651992,0.3239070247,0.002699225206,-30,0,0.064,0.064,0.064,0,139.1794843,44.145,7.5776,97.17210741
21.19,-39.27073984,6.298169618,-4.742127464,16.60488934,-0.6501930441,-8.739404977,0.3247014862,0.002705845719,-30,0,0.08,0.08,0.08,0,139.0729132,44.145,11.84,97.41044587
21.2,-39.26580252,6.464145092,-4.747390615,16.59819346,-0.6695882146,-8.736145316,0.3259660379,0.00271638365,-30,0,0.098,0.098,0.098,0,138.9640644,44.145,17.7674,97.78981138
21.21,-39.25999407,6.630025363,-4.752653926,16.59126377,-0.6929687104,-8.732866535,0.3278781778,0.002732318149,-30,0,0.116,0.116,0.116,0,138.8520131,44.145,24.8936,98.36345335
21.22,-39.25331541,6.795803525,-4.757917459,16.58409325,-0.7170516562,-8.729561098,0.3305436385,0.002754530321,-30,0,0.132,0.132,0.132,0,138.7360969,44.145,32.2344,99.16309156
21.23,-39.24576753,6.961472606,-4.763181275,16.57634263,-0.775062677,-8.726221741,0.333935723,0.002782797692,-30,0,0.164,0.164,0.164,0,138.6162031,44.145,49.7576,100.1807169
21.24,-39.23735165,7.127022255,-4.768445537,16.56821226,-0.8130368932,-8.722828782,0.3392958672,0.00282746556,-30,0,0.182,0.182,0.182,0,138.486668,44.145,61.2794,101.7887602
21.25,-39.22806894,7.292444132,-4.773710335,16.55971148,-0.8500775044,-8.719371574,0.3457208033,0.002881006695,-30,0,0.198,0.198,0.198,0,138.3508513,44.145,72.5274,103.716241
21.26,-39.21792067,7.457729996,-4.778975748,16.5507559,-0.8955583946,-8.715840577,0.3530997592,0.002942497993,-30,0,0.216,0.216,0.216,0,138.2089184,44.145,86.3136,105.9299277
21.27,-39.2069082,7.622870777,-4.784241876,16.54136327,-0.9392629016,-8.712223699,0.3616877922,0.003014064935,-30,0,0.232,0.232,0.232,0,138.0594705,44.145,99.5744,108.5063377
21.28,-39.19503297,7.787857591,-4.789508809,16.53099709,-1.036618054,-8.708510379,0.3713319873,0.003094433228,-30,0,0.264,0.264,0.264,0,137.9028162,44.145,128.9376,111.3995962
21.29,-39.18229693,7.952676218,-4.794776797,16.52009992,-1.089716759,-8.704670281,0.3840098216,0.003200081847,-30,0,0.28,0.28,0.28,0,137.7300278,44.145,145.04,115.2029465
21.3,-39.16870177,8.117316862,-4.800045936,16.50856722,-1.153269685,-8.700692131,0.397814948,0.003315124566,-30,0,0.298,0.298,0.298,0,137.5485055,44.145,164.2874,119.3444844
21.31,-39.15424939,8.281768703,-4.805316346,16.49643709,-1.213013757,-8.696561436,0.4130694914,0.003442245762,-30,0,0.314,0.314,0.314,0,137.3565271,44.145,182.4026,123.9208474
21.32,-39.13894174,8.446021312,-4.810588128,16.48359662,-1.28404716,-8.692266169,0.4295267555,0.003579389629,-30,0,0.332,0.332,0.332,0,137.154748,44.145,203.9144,128.8580266
21.33,-39.12278099,8.610063154,-4.81586141,16.46929978,-1.429683048,-8.687790799,0.4475370145,0.003729475121,-30,0,0.366,0.366,0.366,0,136.9413145,44.145,247.8186,134.2611043
21.34,-39.1057702,8.773875291,-4.821136553,16.45427284,-1.50269423,-8.683092195,0.4698603859,0.003915503216,-30,0,0.382,0.382,0.382,0,136.703869,44.145,269.9594,140.9581158
21.35,-39.08791182,8.937446034,-4.826413658,16.43838619,-1.588665066,-8.678158151,0.4934043453,0.004111702878,-30,0,0.4,0.4,0.4,0,136.4545198,44.145,296,148.0213036
21.36,-39.06920859,9.100762425,-4.831692861,16.4217032,-1.668299175,-8.672972294,0.5185857119,0.004321547599,-30,0,0.416,0.416,0.416,0,136.1911525,44.145,320.1536,155.5757136
21.37,-39.04966331,9.263812158,-4.83697427,16.40419272,-1.751047524,-8.667521804,0.5450489836,0.004542074863,-30,0,0.432,0.432,0.432,0,135.9148573,44.145,345.2544,163.5146951
21.38,-39.02927893,9.426582643,-4.842257993,16.3848091,-1.938362532,-8.661793519,0.5728285215,0.004773571013,-30,0,0.466,0.466,0.466,0,135.6251596,44.145,401.7386,171.8485565
21.39,-39.0080599,9.589050947,-4.847544471,16.36450079,-2.030830775,-8.655734673,0.6058846507,0.005049038756,-30,0,0.482,0.482,0.482,0,135.3048325,44.145,429.7994,181.7653952
21.4,-38.98600965,9.751203576,-4.852833808,16.34311364,-2.138715435,-8.649332857,0.6401815429,0.005334846191,-30,0,0.5,0.5,0.5,0,134.9696306,44.145,462.5,192.0544629
21.41,-38.96313198,9.913025541,-4.858126149,16.32073578,-2.23778557,-8.642570481,0.6762376068,0.00563531339,-30,0,0.516,0.516,0.516,0,134.6170711,44.145,492.5736,202.871282
21.42,-38.93943071,10.07450276,-4.863421602,16.29733618,-2.339960246,-8.635434537,0.7135943638,0.005946619699,-30,0,0.532,0.532,0.532,0,134.2486739,44.145,523.5944,214.0783092
21.43,-38.91490989,10.23562087,-4.868720281,16.27164726,-2.568891986,-8.627911644,0.7522893361,0.006269077801,-30,0,0.566,0.566,0.566,0,133.8639959,44.145,592.6586,225.6868008
21.44,-38.8895757,10.39635304,-4.874022702,16.2448397,-2.680755728,-8.619939712,0.7971932554,0.006643277129,-30,0,0.582,0.582,0.582,0,133.4423183,44.145,626.6394,239.1579766
21.45,-38.86343274,10.55668403,-4.879328965,16.21688252,-2.795717959,-8.611506643,0.8433068159,0.007027556799,-30,0,0.598,0.598,0.598,0,133.0029877,44.145,661.5674,252.9920448
21.46,-38.83648585,10.71659836,-4.884639176,16.18759305,-2.928947295,-8.602599865,0.890677801,0.007422315009,-30,0,0.616,0.616,0.616,0,132.5455885,44.145,701.9936,267.2033403
21.47,-38.80874037,10.87607878,-4.889953493,16.15693202,-3.06610279,-8.593200373,0.9399492388,0.007832910323,-30,0,0.634,0.634,0.634,0,132.067237,44.145,743.6186,281.9847716
21.48,-38.78020191,11.03510772,-4.895272077,16.12372232,-3.32097004,-8.583288797,0.9911575946,0.008259646621,-30,0,0.666,0.666,0.666,0,131.567412,44.145,820.5786,297.3472784
21.49,-38.75087845,11.19365606,-4.900595468,16.0892006,-3.452171695,-8.572800336,1.048846131,0.008740384428,-30,0,0.682,0.682,0.682,0,131.0271084,44.145,860.4794,314.6538394
21.5,-38.72077598,11.35170693,-4.905923763,16.05316355,-3.603705458,-8.561723495,1.107684111,0.009230700926,-30,0,0.7,0.7,0.7,0,130.4666375,44.145,906.5,332.3052333
21.51,-38.68990111,11.50924153,-4.911257119,16.01574883,-3.741471487,-8.550039314,1.168418038,0.009736816982,-30,0,0.716,0.716,0.716,0,129.8828462,44.145,948.4136,350.5254113
21.52,-38.65826041,11.66624244,-4.916595639,15.97692558,-3.882325074,-8.537735462,1.230385184,0.01025320987,-30,0,0.732,0.732,0.732,0,129.2781222,44.145,991.2744,369.1155552
21.53,-38.62586074,11.82269204,-4.92193943,15.93498239,-4.194319081,-8.524799047,1.293641542,0.01078034618,-30,0,0.766,0.766,0.766,0,128.6521242,44.145,1085.4986,388.0924625
21.54,-38.59271276,11.97855601,-4.927289169,15.89134119,-4.364120422,-8.511148945,1.365010181,0.01137508484,-30,0,0.784,0.784,0.784,0,127.9775266,44.145,1137.1136,409.5030542
21.55,-38.55882449,12.13381405,-4.932645009,15.84616044,-4.518075004,-8.496766611,1.438233466,0.01198527888,-30,0,0.8,0.8,0.8,0,127.2775013,44.145,1184,431.4700397
21.56,-38.52420388,12.28844746,-4.938007044,15.79940933,-4.675111345,-8.481640947,1.512566334,0.01260471945,-30,0,0.816,0.816,0.816,0,126.5548035,44.145,1231.8336,453.7699001
21.57,-38.48885921,12.44243736,-4.943375372,15.75085157,-4.855775843,-8.465760133,1.588081413,0.01323401178,-30,0,0.834,0.834,0.834,0,125.8091529,44.145,1286.7786,476.424424
21.58,-38.45279955,12.59576261,-4.948750167,15.69896488,-5.188668733,-8.44910324,1.665689276,0.01388074396,-30,0,0.866,0.866,0.866,0,125.0370198,44.145,1387.4186,499.7067827
21.59,-38.41603783,12.7483874,-4.954132117,15.64516311,-5.380177264,-8.43158786,1.751538037,0.0145961503,-30,0,0.884,0.884,0.884,0,124.2145791,44.145,1445.6936,525.461411
21.6,-38.37858402,12.90028975,-4.959521378,15.58962945,-5.553365496,-8.413194985,1.839287539,0.01532739616,-30,0,0.9,0.9,0.9,0,123.3646488,44.145,1498.5,551.7862617
21.61,-38.34044797,13.05144959,-4.96491804,15.53233315,-5.729630065,-8.39391416,1.92808245,0.01606735375,-30,0,0.916,0.916,0.916,0,122.4904194,44.145,1552.2536,578.4247351
21.62,-38.30163988,13.20184663,-4.970322195,15.47324345,-5.908970334,-8.373734046,2.018011361,0.01681676134,-30,0,0.932,0.932,0.932,0,121.5917001,44.145,1606.9544,605.4034082
21.63,-38.26217031,13.3514604,-4.975733946,15.41044308,-6.280036388,-8.352642459,2.109158742,0.01757632285,-30,0,0.964,0.964,0.964,0,120.6683165,44.145,1719.1976,632.7476225
21.64,-38.22205513,13.50025202,-4.981154064,15.34551524,-6.492784017,-8.330546794,2.209566541,0.01841305451,-30,0,0.982,0.982,0.982,0,119.6908051,44.145,1783.9994,662.8699624
21.65,-38.18130649,13.64819807,-4.986582717,15.27866735,-6.684789195,-8.307427038,2.311975553,0.01926646294,-30,0,0.998,0.998,0.998,0,118.6843584,44.145,1842.6074,693.5926659
21.66,-38.13993631,13.79527721,-4.992019989,15.21160743,-6.705991962,-8.283272927,2.415411076,0.02012842564,-30,0,1,1,1,0,117.6525887,44.145,1850,724.6233229
21.67,-38.09795212,13.9414847,-4.997465352,15.14458186,-6.702556908,-8.258147859,2.512506863,0.0209375572,-30,0,1,1,1,0,116.6220723,44.145,1850,753.752059
21.68,-38.0553609,14.08681819,-5.002918225,15.07759048,-6.699138711,-8.232121653,2.602620588,0.0216885049,-30,0,1,1,1,0,115.5966134,44.145,1850,780.7861763
21.69,-38.01216973,14.23127544,-5.008378064,15.0106331,-6.695737341,-8.205259503,2.686214943,0.02238512452,-30,0,1,1,1,0,114.5762022,44.145,1850,805.8644828
21.7,-37.96838581,14.37485426,-5.013844362,14.94370958,-6.692352765,-8.177622264,2.763723986,0.02303103322,-30,0,1,1,1,0,113.5608295,44.145,1850,829.1171959
21.71,-37.9240164,14.51755255,-5.019316646,14.87681973,-6.688984953,-8.149266716,2.835554787,0.02362962323,-30,0,1,1,1,0,112.5504858,44.145,1850,850.6664362
21.72,-37.87906887,14.65936826,-5.024794474,14.80996339,-6.685633872,-8.120245826,2.902088986,0.02418407489,-30,0,1,1,1,0,111.5451616,44.145,1850,870.6266959
21.73,-37.83355066,14.80029943,-5.030277436,14.74314039,-6.682299493,-8.090608983,2.963684271,0.02469736893,-30,0,1,1,1,0,110.5448478,44.145,1850,889.1052814
21.74,-37.78746927,14.94034415,-5.035765147,14.67635057,-6.678981784,-8.060402225,3.020675774,0.02517229812,-30,0,1,1,1,0,109.5495351,44.145,1850,906.2027323
21.75,-37.7408323,15.07950061,-5.041257249,14.60959377,-6.675680714,-8.029668451,3.073377396,0.0256114783,-30,0,1,1,1,0,108.5592142,44.145,1850,922.0132188
21.76,-37.69364738,15.21776704,-5.04675341,14.5428698,-6.672396253,-7.998447621,3.122083055,0.02601735879,-30,0,1,1,1,0,107.5738759,44.145,1850,936.6249164
21.77,-37.64592221,15.35514176,-5.052253321,14.47617852,-6.669128371,-7.966776942,3.167067869,0.02639223224,-30,0,1,1,1,0,106.5935113,44.145,1850,950.1203607
21.78,-37.59766454,15.49162316,-5.057756691,14.40951975,-6.665877038,-7.934691049,3.208589277,0.02673824398,-30,0,1,1,1,0,105.6181113,44.145,1850,962.5767831
21.79,-37.54888216,15.62720968,-5.063263253,14.34289333,-6.662642223,-7.902222168,3.246888093,0.02705740078,-30,0,1,1,1,0,104.6476668,44.145,1850,974.066428
21.8,-37.49958292,15.76189986,-5.068772756,14.27629909,-6.659423896,-7.869400273,3.282189506,0.02735157922,-30,0,1,1,1,0,103.6821689,44.145,1850,984.6568518
21.81,-37.4497747,15.89569228,-5.074284969,14.20973687,-6.656222029,-7.836253233,3.314704021,0.02762253351,-30,0,1,1,1,0,102.7216087,44.145,1850,994.4112064
21.82,-37.3994654,16.02858561,-5.079799676,14.1432065,-6.653036591,-7.80280695,3.344628353,0.02787190294,-30,0,1,1,1,0,101.7659774,44.145,1850,1003.388506
21.83,-37.34866298,16.16057858,-5.085316676,14.07670783,-6.649867554,-7.769085487,3.372146264,0.02810121887,-30,0,1,1,1,0,100.8152663,44.145,1850,1011.643879
21.84,-37.29737542,16.29166998,-5.090835783,14.01024068,-6.646714888,-7.735111193,3.39742936,0.02831191133,-30,0,1,1,1,0,99.86946645,44.145,1850,1019.228808
21.85,-37.24561071,16.42185869,-5.096356824,13.94380489,-6.643578564,-7.700904815,3.420637837,0.02850531531,-30,0,1,1,1,0,98.92856932,44.145,1850,1026.191351
21.86,-37.1933769,16.55114364,-5.101879638,13.87740031,-6.640458554,-7.666485603,3.441921187,0.02868267656,-30,0,1,1,1,0,97.99256623,44.145,1850,1032.576356
21.87,-37.14068201,16.67952383,-5.107404078,13.81102676,-6.637354829,-7.631871414,3.461418865,0.02884515721,-30,0,1,1,1,0,97.06144861,44.145,1850,1038.42566
21.88,-37.08753412,16.80699833,-5.112930004,13.74468409,-6.63426736,-7.597078805,3.479260916,0.02899384097,-30,0,1,1,1,0,96.13520792,44.145,1850,1043.778275
21.89,-37.03394132,16.93356628,-5.118457289,13.67837212,-6.631196119,-7.56212312,3.495568566,0.02912973805,-30,0,1,1,1,0,95.21383567,44.145,1850,1048.67057
21.9,-36.97991169,17.05922687,-5.123985814,13.61209071,-6.628141078,-7.527018572,3.510454777,0.02925378981,-30,0,1,1,1,0,94.29732345,44.145,1850,1053.136433
21.91,-36.92545335,17.18397939,-5.129515471,13.54583969,-6.62510221,-7.491778324,3.524024773,0.02936687311,-30,0,1,1,1,0,93.38566286,44.145,1850,1057.207432
21.92,-36.87057441,17.30782316,-5.135046157,13.4796189,-6.622079485,-7.456414559,3.536376536,0.02946980447,-30,0,1,1,1,0,92.47884557,44.145,1850,1060.912961
21.93,-36.815283,17.43075758,-5.140577778,13.41342817,-6.619072878,-7.420938546,3.547601266,0.02956334388,-30,0,1,1,1,0,91.57686331,44.145,1850,1064.28038
21.94,-36.75958726,17.55278213,-5.146110248,13.34726734,-6.616082359,-7.385360708,3.557783819,0.02964819849,-30,0,1,1,1,0,90.67970783,44.145,1850,1067.335146
21.95,-36.70349531,17.67389632,-5.151643486,13.28113627,-6.613107903,-7.349690677,3.567003119,0.02972502599,-30,0,1,1,1,0,89.78737097,44.145,1850,1070.100936
21.96,-36.64701531,17.79409976,-5.157177418,13.21503477,-6.610149482,-7.313937351,3.575332547,0.02979443789,-30,0,1,1,1,0,88.89984457,44.145,1850,1072.599764
21.97,-36.59015538,17.91339211,-5.162711976,13.1489627,-6.607207069,-7.278108948,3.582840297,0.02985700248,-30,0,1,1,1,0,88.01712057,44.145,1850,1074.852089
21.98,-36.53292369,18.03177308,-5.168247096,13.08291989,-6.604280636,-7.242213051,3.589589724,0.0299132477,-30,0,1,1,1,0,87.13919092,44.145,1850,1076.876917
21.99,-36.47532836,18.14924247,-5.17378272,13.01690619,-6.601370159,-7.206256654,3.595639659,0.02996366382,-30,0,1,1,1,0,86.26604764,44.145,1850,1078.691898
22,-36.41737755,18.26580013,-5.179318795,12.95092144,-6.598475609,-7.170246207,3.601044714,0.03000870595,-30,0,1,1,1,0,85.39768279,44.145,1850,1080.313414
22.01,-36.35907938,18.38144597,-5.184855271,12.88496547,-6.595596962,-7.134187652,3.605855561,0.03004879634,-30,0,1,1,1,0,84.53408848,44.145,1850,1081.756668
22.02,-36.30044199,18.49617997,-5.190392102,12.81903812,-6.59273419,-7.09808646,3.610119198,0.03008432665,-30,0,1,1,1,0,83.67525687,44.145,1850,1083.035759
22.03,-36.24147351,18.61000217,-5.195929246,12.75313925,-6.589887267,-7.061947668,3.613879198,0.03011565998,-30,0,1,1,1,0,82.82118017,44.145,1850,1084.163759
22.04,-36.18218207,18.72291266,-5.201466665,12.68726869,-6.587056169,-7.025775908,3.61717594,0.03014313284,-30,0,1,1,1,0,81.97185063,44.145,1850,1085.152782
22.05,-36.12257577,18.83491163,-5.207004324,12.62142628,-6.584240869,-6.98957544,3.620046829,0.03016705691,-30,0,1,1,1,0,81.12726055,44.145,1850,1086.014049
22.06,-36.06266273,18.94599928,-5.212542189,12.55561187,-6.581441341,-6.953350175,3.622526498,0.03018772081,-30,0,1,1,1,0,80.28740229,44.145,1850,1086.757949
22.07,-36.00245104,19.05617592,-5.21808023,12.48982529,-6.578657561,-6.917103705,3.624647001,0.03020539167,-30,0,1,1,1,0,79.45226825,44.145,1850,1087.3941
22.08,-35.94194879,19.16544189,-5.223618421,12.4240664,-6.575889503,-6.880839325,3.626437992,0.0302203166,-30,0,1,1,1,0,78.62185086,44.145,1850,1087.931398
22.09,-35.88116406,19.2737976,-5.229156736,12.35833503,-6.573137142,-6.844560056,3.627926892,0.0302327241,-30,0,1,1,1,0,77.79614263,44.145,1850,1088.378068
22.1,-35.82010492,19.38124352,-5.234695152,12.29263102,-6.570400454,-6.808268666,3.629139046,0.03024282539,-30,0,1,1,1,0,76.97513609,44.145,1850,1088.741714
22.11,-35.75877942,19.48778018,-5.240233648,12.22695423,-6.567679413,-6.771967687,3.630097871,0.03025081559,-30,0,1,1,1,0,76.15882382,44.145,1850,1089.029361
22.12,-35.69719561,19.59340819,-5.245772205,12.16130449,-6.564973995,-6.735659437,3.630824988,0.0302568749,-30,0,1,1,1,0,75.34719848,44.145,1850,1089.247496
22.13,-35.63536152,19.69812818,-5.251310804,12.09568165,-6.562284176,-6.699346034,3.631340355,0.03026116963,-30,0,1,1,1,0,74.54025272,44.145,1850,1089.402107
22.14,-35.57328516,19.80194088,-5.25684943,12.03008555,-6.559609931,-6.66302941,3.631662388,0.03026385323,-30,0,1,1,1,0,73.73797929,44.145,1850,1089.498716
22.15,-35.51097453,19.90484706,-5.262388069,11.96451603,-6.556951237,-6.626711329,3.631808064,0.0302650672,-30,0,1,1,1,0,72.94037096,44.145,1850,1089.542419
22.16,-35.44843763,20.00684755,-5.267926706,11.89897295,-6.554308068,-6.590393399,3.631793034,0.03026494195,-30,0,1,1,1,0,72.14742054,44.145,1850,1089.53791
22.17,-35.38568242,20.10794325,-5.27346533,11.83345615,-6.551680403,-6.554077082,3.631631715,0.03026359763,-30,0,1,1,1,0,71.3591209,44.145,1850,1089.489515
22.18,-35.32271685,20.20813509,-5.279003929,11.76796547,-6.549068217,-6.517763708,3.631337385,0.03026114487,-30,0,1,1,1,0,70.57546495,44.145,1850,1089.401215
22.19,-35.25954888,20.30742411,-5.284542493,11.70250075,-6.546471486,-6.481454485,3.630922259,0.0302576855,-30,0,1,1,1,0,69.79644566,44.145,1850,1089.276678
22.2,-35.19618641,20.40581135,-5.290081014,11.63706185,-6.543890187,-6.445150509,3.630397579,0.03025331316,-30,0,1,1,1,0,69.02205602,44.145,1850,1089.119274
22.21,-35.13263735,20.50329795,-5.295619483,11.57164861,-6.541324297,-6.408852773,3.629773676,0.03024811397,-30,0,1,1,1,0,68.25228909,44.145,1850,1088.932103
22.22,-35.06890959,20.5998851,-5.301157893,11.50626087,-6.538773793,-6.372562172,3.629060046,0.03024216705,-30,0,1,1,1,0,67.48713795,44.145,1850,1088.718014
22.23,-35.00501099,20.69557404,-5.306696236,11.44089848,-6.536238653,-6.336279518,3.62826541,0.03023554509,-30,0,1,1,1,0,66.72659575,44.145,1850,1088.479623
22.24,-34.9409494,20.79036607,-5.312234507,11.37556129,-6.533718852,-6.30000554,3.627397774,0.03022831478,-30,0,1,1,1,0,65.97065568,44.145,1850,1088.219332
22.25,-34.87673266,20.88426255,-5.3177727,11.31024915,-6.53121437,-6.263740896,3.626464481,0.03022053735,-30,0,1,1,1,0,65.21931096,44.145,1850,1087.939344
22.26,-34.81236856,20.9772649,-5.32331081,11.2449619,-6.528725183,-6.227486173,3.625472267,0.03021226889,-30,0,1,1,1,0,64.47255487,44.145,1850,1087.64168
22.27,-34.74786489,21.06937458,-5.328848834,11.17969939,-6.526251269,-6.1912419,3.624427303,0.03020356086,-30,0,1,1,1,0,63.73038073,44.145,1850,1087.328191
22.28,-34.68322943,21.16059314,-5.334386766,11.11446146,-6.523792606,-6.155008547,3.623335241,0.03019446034,-30,0,1,1,1,0,62.9927819,44.145,1850,1087.000572
22.29,-34.61846991,21.25092215,-5.339924604,11.04924797,-6.521349173,-6.118786535,3.622201256,0.03018501047,-30,0,1,1,1,0,62.25975179,44.145,1850,1086.660377
22.3,-34.55359407,21.34036326,-5.345462344,10.98405876,-6.518920946,-6.082576234,3.621030083,0.03017525069,-30,0,1,1,1,0,61.53128386,44.145,1850,1086.309025
22.31,-34.48860959,21.42891818,-5.350999984,10.91889368,-6.516507905,-6.046377974,3.619826049,0.03016521707,-30,0,1,1,1,0,60.8073716,44.145,1850,1085.947815
22.32,-34.42352417,21.51658865,-5.356537521,10.85375258,-6.514110029,-6.010192042,3.618593109,0.03015494258,-30,0,1,1,1,0,60.08800855,44.145,1850,1085.577933
22.33,-34.35834545,21.60337649,-5.362074954,10.78863531,-6.511727294,-5.974018694,3.617334876,0.0301444573,-30,0,1,1,1,0,59.37318831,44.145,1850,1085.200463
22.34,-34.29308107,21.68928357,-5.367612279,10.72354171,-6.509359682,-5.937858147,3.616054645,0.03013378871,-30,0,1,1,1,0,58.6629045,44.145,1850,1084.816394
22.35,-34.22773864,21.7743118,-5.373149497,10.65847164,-6.507007169,-5.901710593,3.614755423,0.03012296186,-30,0,1,1,1,0,57.95715079,44.145,1850,1084.426627
22.36,-34.16232573,21.85846318,-5.378686604,10.59342494,-6.504669736,-5.865576194,3.613439951,0.03011199959,-30,0,1,1,1,0,57.2559209,44.145,1850,1084.031985
22.37,-34.09684992,21.94173972,-5.384223601,10.52840147,-6.502347362,-5.829455086,3.612110723,0.03010092269,-30,0,1,1,1,0,56.5592086,44.145,1850,1083.633217
22.38,-34.03131873,22.02414353,-5.389760487,10.46340107,-6.500040026,-5.793347386,3.610770012,0.0300897501,-30,0,1,1,1,0,55.86700768,44.145,1850,1083.231004
22.39,-33.96573968,22.10567674,-5.395297259,10.39842359,-6.497747707,-5.757253187,3.609419885,0.03007849904,-30,0,1,1,1,0,55.17931199,44.145,1850,1082.825966
22.4,-33.90012025,22.18634154,-5.400833919,10.33346889,-6.495470385,-5.721172565,3.608062221,0.03006718517,-30,0,1,1,1,0,54.49611543,44.145,1850,1082.418666
22.41,-33.83446789,22.2661402,-5.406370465,10.26853681,-6.49320804,-5.685105578,3.606698725,0.0300558227,-30,0,1,1,1,0,53.81741193,44.145,1850,1082.009617
22.42,-33.76879003,22.34507501,-5.411906897,10.2036272,-6.490960652,-5.649052268,3.605330946,0.03004442455,-30,0,1,1,1,0,53.14319546,44.145,1850,1081.599284
22.43,-33.70309409,22.42314834,-5.417443215,10.13873992,-6.4887282,-5.613012666,3.60396029,0.03003300242,-30,0,1,1,1,0,52.47346004,44.145,1850,1081.188087
22.44,-33.63738744,22.50036259,-5.422979418,10.07387481,-6.486510666,-5.576986785,3.60258803,0.03002156691,-30,0,1,1,1,0,51.80819974,44.145,1850,1080.776409
22.45,-33.57167743,22.57672023,-5.428515507,10.00903173,-6.484308029,-5.540974632,3.601215318,0.03001012765,-30,0,1,1,1,0,51.14740866,44.145,1850,1080.364595
22.46,-33.50597137,22.65222378,-5.434051482,9.944210527,-6.48212027,-5.5049762,3.599843198,0.02999869331,-30,0,1,1,1,0,50.49108095,44.145,1850,1079.952959
22.47,-33.44027657,22.72687581,-5.439587342,9.879411054,-6.479947369,-5.468991474,3.598472613,0.02998727177,-30,0,1,1,1,0,49.8392108,44.145,1850,1079.541784
22.48,-33.37460029,22.80067894,-5.445123089,9.814633161,-6.477789308,-5.43302043,3.597104414,0.02997587012,-30,0,1,1,1,0,49.19179243,44.145,1850,1079.131324
22.49,-33.30894977,22.87363585,-5.450658722,9.7498767,-6.475646067,-5.397063036,3.595739372,0.02996449476,-30,0,1,1,1,0,48.54882013,44.145,1850,1078.721812
22.5,-33.2433322,22.94574927,-5.456194241,9.685141524,-6.473517627,-5.361119254,3.594378178,0.02995315149,-30,0,1,1,1,0,47.91028821,44.145,1850,1078.313453
22.51,-33.17775478,23.01702197,-5.461729647,9.620427484,-6.47140397,-5.32518904,3.593021458,0.02994184549,-30,0,1,1,1,0,47.27619103,44.145,1850,1077.906437
22.52,-33.11222464,23.08745679,-5.467264941,9.555734433,-6.469305077,-5.289272342,3.591669774,0.02993058145,-30,0,1,1,1,0,46.64652299,44.145,1850,1077.500932
22.53,-33.04674891,23.15705661,-5.472800122,9.491062224,-6.467220928,-5.253369106,3.59032363,0.02991936358,-30,0,1,1,1,0,46.02127852,44.145,1850,1077.097089
22.54,-32.98133467,23.22582436,-5.478335192,9.426410709,-6.465151507,-5.217479271,3.58898348,0.02990819567,-30,0,1,1,1,0,45.40045212,44.145,1850,1076.695044
22.55,-32.91598897,23.29376302,-5.48387015,9.361779741,-6.463096794,-5.181602774,3.587649732,0.0298970811,-30,0,1,1,1,0,44.7840383,44.145,1850,1076.29492
22.56,-32.85071885,23.36087563,-5.489404998,9.297169173,-6.461056772,-5.145739546,3.586322749,0.02988602291,-30,0,1,1,1,0,44.17203164,44.145,1850,1075.896825
22.57,-32.78553129,23.42716528,-5.494939736,9.232578859,-6.459031422,-5.109889517,3.585002858,0.02987502381,-30,0,1,1,1,0,43.56442674,44.145,1850,1075.500857
22.58,-32.72043325,23.4926351,-5.500474365,9.168008652,-6.457020727,-5.074052614,3.58369035,0.02986408625,-30,0,1,1,1,0,42.96121824,44.145,1850,1075.107105
22.59,-32.65543167,23.55728827,-5.506008885,9.103458405,-6.455024669,-5.038228759,3.582385484,0.02985321237,-30,0,1,1,1,0,42.36240085,44.145,1850,1074.715645
22.6,-32.59053344,23.62112803,-5.511543297,9.038927973,-6.453043231,-5.002417874,3.581088494,0.02984240412,-30,0,1,1,1,0,41.76796929,44.145,1850,1074.326548
22.61,-32.52574541,23.68415766,-5.517077601,8.974417209,-6.451076394,-4.966619878,3.579799584,0.0298316632,-30,0,1,1,1,0,41.17791832,44.145,1850,1073.939875
22.62,-32.46107444,23.74638049,-5.522611799,8.909925967,-6.449124143,-4.930834689,3.578518938,0.02982099115,-30,0,1,1,1,0,40.59224277,44.145,1850,1073.555681
22.63,-32.3965273,23.80779991,-5.52814589,8.845454103,-6.447186458,-4.895062222,3.577246717,0.02981038931,-30,0,1,1,1,0,40.01093749,44.145,1850,1073.174015
22.64,-32.33211076,23.86841935,-5.533679877,8.781001469,-6.445263325,-4.859302391,3.575983066,0.02979985888,-30,0,1,1,1,0,39.43399737,44.145,1850,1072.79492
22.65,-32.26783156,23.92824227,-5.539213758,8.716567922,-6.443354725,-4.82355511,3.57472811,0.02978940091,-30,0,1,1,1,0,38.86141735,44.145,1850,1072.418433
22.66,-32.20369638,23.98727222,-5.544747536,8.652153316,-6.441460641,-4.78782029,3.57348196,0.02977901634,-30,0,1,1,1,0,38.2931924,44.145,1850,1072.044588
22.67,-32.13971188,24.04551275,-5.550281211,8.587757505,-6.439581058,-4.752097843,3.572244715,0.02976870596,-30,0,1,1,1,0,37.72931753,44.145,1850,1071.673415
22.68,-32.0758847,24.1029675,-5.555814784,8.523380346,-6.437715959,-4.716387679,3.571016461,0.0297584705,-30,0,1,1,1,0,37.1697878,44.145,1850,1071.304938
22.69,-32.01222141,24.15964013,-5.561348254,8.459021692,-6.435865328,-4.680689706,3.56979727,0.02974831058,-30,0,1,1,1,0,36.61459831,44.145,1850,1070.939181
22.7,-31.94872857,24.21553436,-5.566881624,8.394681401,-6.434029147,-4.645003834,3.568587209,0.02973822674,-30,0,1,1,1,0,36.06374419,44.145,1850,1070.576163
22.71,-31.88541271,24.27065394,-5.572414894,8.330359327,-6.432207402,-4.609329971,3.567386333,0.02972821944,-30,0,1,1,1,0,35.51722061,44.145,1850,1070.2159
22.72,-31.82228029,24.32500269,-5.577948065,8.266055326,-6.430400076,-4.573668024,3.566194691,0.02971828909,-30,0,1,1,1,0,34.9750228,44.145,1850,1069.858407
22.73,-31.75933777,24.37858446,-5.583481137,8.201769255,-6.428607153,-4.5380179,3.565012324,0.02970843603,-30,0,1,1,1,0,34.43714601,44.145,1850,1069.503697
22.74,-31.69659155,24.43140315,-5.589014112,8.137500968,-6.426828618,-4.502379508,3.563839266,0.02969866055,-30,0,1,1,1,0,33.90358553,44.145,1850,1069.15178
22.75,-31.634048,24.4834627,-5.594546989,8.073250324,-6.425064456,-4.466752752,3.562675547,0.02968896289,-30,0,1,1,1,0,33.37433669,44.145,1850,1068.802664
22.76,-31.57171346,24.53476711,-5.60007977,8.009017177,-6.42331465,-4.43113754,3.561521192,0.02967934327,-30,0,1,1,1,0,32.84939488,44.145,1850,1068.456358
22.77,-31.50959423,24.58532041,-5.605612456,7.944801385,-6.421579185,-4.395533778,3.560376221,0.02966980184,-30,0,1,1,1,0,32.3287555,44.145,1850,1068.112866
22.78,-31.44769655,24.63512668,-5.611145047,7.880602805,-6.419858047,-4.359941372,3.559240649,0.02966033874,-30,0,1,1,1,0,31.812414,44.145,1850,1067.772195
22.79,-31.38602665,24.68419004,-5.616677544,7.816421293,-6.41815122,-4.324360227,3.558114491,0.02965095409,-30,0,1,1,1,0,31.30036589,44.145,1850,1067.434347
22.8,-31.32459071,24.73251467,-5.622209949,7.752256706,-6.416458689,-4.288790249,3.556997755,0.02964164796,-30,0,1,1,1,0,30.79260668,44.145,1850,1067.099327
22.81,-31.26339487,24.78010477,-5.62774226,7.688108902,-6.41478044,-4.253231345,3.55589045,0.02963242041,-30,0,1,1,1,0,30.28913195,44.145,1850,1066.767135
22.82,-31.20244524,24.82696461,-5.633274481,7.623977737,-6.413116458,-4.217683419,3.554792578,0.02962327149,-30,0,1,1,1,0,29.78993731,44.145,1850,1066.437773
22.83,-31.14174787,24.87309847,-5.638806611,7.55986307,-6.411466728,-4.182146377,3.553704144,0.0296142012,-30,0,1,1,1,0,29.29501841,44.145,1850,1066.111243
22.84,-31.0813088,24.91851071,-5.644338651,7.495764757,-6.409831236,-4.146620126,3.552625149,0.02960520957,-30,0,1,1,1,0,28.80437093,44.145,1850,1065.787545
22.85,-31.021134,24.9632057,-5.649870601,7.431682658,-6.408209969,-4.11110457,3.55155559,0.02959629659,-30,0,1,1,1,0,28.31799061,44.145,1850,1065.466677
22.86,-30.96122942,25.00718788,-5.655402464,7.367616629,-6.406602911,-4.075599615,3.550495467,0.02958746223,-30,0,1,1,1,0,27.83587319,44.145,1850,1065.14864
22.87,-30.90160096,25.0504617,-5.660934239,7.303566528,-6.405010048,-4.040105168,3.549444777,0.02957870647,-30,0,1,1,1,0,27.35801449,44.145,1850,1064.833433
22.88,-30.84225448,25.09303169,-5.666465927,7.239532214,-6.403431368,-4.004621133,3.548403513,0.02957002928,-30,0,1,1,1,0,26.88441035,44.145,1850,1064.521054
22.89,-30.78319581,25.1349024,-5.671997529,7.175513546,-6.401866855,-3.969147416,3.547371673,0.02956143061,-30,0,1,1,1,0,26.41505665,44.145,1850,1064.211502
22.9,-30.72443072,25.17607841,-5.677529045,7.111510381,-6.400316498,-3.933683923,3.546349248,0.0295529104,-30,0,1,1,1,0,25.9499493,44.145,1850,1063.904775
22.91,-30.66596495,25.21656436,-5.683060478,7.047522578,-6.398780281,-3.898230561,3.545336234,0.02954446862,-30,0,1,1,1,0,25.48908427,44.145,1850,1063.60087
22.92,-30.60780421,25.25636493,-5.688591827,6.983549996,-6.397258192,-3.862787235,3.544332622,0.02953610518,-30,0,1,1,1,0,25.03245754,44.145,1850,1063.299786
22.93,-30.54995414,25.29548482,-5.694123093,6.919592494,-6.395750217,-3.827353851,3.543338404,0.02952782003,-30,0,1,1,1,0,24.58006516,44.145,1850,1063.001521
22.94,-30.49242035,25.3339288,-5.699654277,6.85564993,-6.394256344,-3.791930315,3.542353572,0.0295196131,-30,0,1,1,1,0,24.13190318,44.145,1850,1062.706072
22.95,-30.43520842,25.37170166,-5.705185379,6.791722165,-6.392776559,-3.756516534,3.541378119,0.02951148432,-30,0,1,1,1,0,23.68796773,44.145,1850,1062.413436
22.96,-30.37832387,25.40880822,-5.710716401,6.727809056,-6.39131085,-3.721112413,3.540412034,0.02950343362,-30,0,1,1,1,0,23.24825494,44.145,1850,1062.12361
22.97,-30.32177219,25.44525337,-5.716247344,6.663910464,-6.389859203,-3.68571786,3.53945531,0.02949546092,-30,0,1,1,1,0,22.81276101,44.145,1850,1061.836593
22.98,-30.26555881,25.481042,-5.721778207,6.600026248,-6.388421607,-3.650332781,3.538507936,0.02948756613,-30,0,1,1,1,0,22.38148215,44.145,1850,1061.552381
22.99,-30.20968914,25.51617908,-5.727308992,6.536156268,-6.386998049,-3.614957082,3.537569903,0.02947974919,-30,0,1,1,1,0,21.95441462,44.145,1850,1061.270971
23,-30.15416852,25.55066959,-5.7328397,6.472300383,-6.385588516,-3.57959067,3.536641203,0.02947201002,-30,0,1,1,1,0,21.53155473,44.145,1850,1060.992361
23.01,-30.09900227,25.58451854,-5.738370331,6.408458453,-6.384192996,-3.544233452,3.535721824,0.02946434853,-30,0,1,1,1,0,21.11289881,44.145,1850,1060.716547
23.02,-30.04419564,25.61773101,-5.743900887,6.344630338,-6.382811477,-3.508885334,3.534811758,0.02945676465,-30,0,1,1,1,0,20.69844323,44.145,1850,1060.443527
23.03,-29.98975387,25.65031209,-5.749431367,6.280815898,-6.381443948,-3.473546224,3.533910995,0.02944925829,-30,0,1,1,1,0,20.2881844,44.145,1850,1060.173298
23.04,-29.93568212,25.68226691,-5.754961773,6.217014994,-6.380090396,-3.438216029,3.533019525,0.02944182937,-30,0,1,1,1,0,19.88211877,44.145,1850,1059.905857
23.05,-29.88198553,25.71360066,-5.760492106,6.153227486,-6.378750809,-3.402894656,3.532137338,0.02943447782,-30,0,1,1,1,0,19.48024282,44.145,1850,1059.641201
23.06,-29.82866918,25.74431852,-5.766022366,6.089453235,-6.377425177,-3.367582011,3.531264425,0.02942720355,-30,0,1,1,1,0,19.08255308,44.145,1850,1059.379328
23.07,-29.7757381,25.77442576,-5.771552553,6.0256921,-6.376113487,-3.332278004,3.530400777,0.02942000647,-30,0,1,1,1,0,18.68904611,44.145,1850,1059.120233
23.08,-29.72319731,25.80392764,-5.77708267,5.961943942,-6.374815728,-3.29698254,3.529546383,0.02941288653,-30,0,1,1,1,0,18.2997185,44.145,1850,1058.863915
23.09,-29.67105173,25.83282949,-5.782612716,5.898208624,-6.37353189,-3.261695527,3.528701234,0.02940584362,-30,0,1,1,1,0,17.91456689,44.145,1850,1058.61037
23.1,-29.61930628,25.86113664,-5.788142693,5.834486004,-6.37226196,-3.226416874,3.527865321,0.02939887768,-30,0,1,1,1,0,17.53358794,44.145,1850,1058.359596
23.11,-29.56796581,25.88885448,-5.7936726,5.770775945,-6.371005928,-3.191146488,3.527038634,0.02939198862,-30,0,1,1,1,0,17.15677837,44.145,1850,1058.11159
23.12,-29.51703513,25.91598843,-5.79920244,5.707078307,-6.369763783,-3.155884276,3.526221164,0.02938517637,-30,0,1,1,1,0,16.78413492,44.145,1850,1057.866349
23.13,-29.466519,25.94254394,-5.804732212,5.643392952,-6.368535515,-3.120630147,3.525412902,0.02937844085,-30,0,1,1,1,0,16.41565437,44.145,1850,1057.62387
23.14,-29.41642214,25.96852649,-5.810261918,5.579719741,-6.367321112,-3.085384009,3.524613838,0.02937178198,-30,0,1,1,1,0,16.05133354,44.145,1850,1057.384151
23.15,-29.36674922,25.9939416,-5.815791557,5.516058535,-6.366120564,-3.050145769,3.523823963,0.02936519969,-30,0,1,1,1,0,15.69116928,44.145,1850,1057.147189
23.16,-29.31750485,26.01879481,-5.821321132,5.452409196,-6.364933862,-3.014915336,3.523043269,0.02935869391,-30,0,1,1,1,0,15.33515849,44.145,1850,1056.912981
23.17,-29.26869361,26.04309171,-5.826850642,5.388771586,-6.363760994,-2.979692619,3.522271746,0.02935226455,-30,0,1,1,1,0,14.98329809,44.145,1850,1056.681524
23.18,-29.22032002,26.06683792,-5.832380089,5.325145567,-6.36260195,-2.944477525,3.521509387,0.02934591156,-30,0,1,1,1,0,14.63558504,44.145,1850,1056.452816
23.19,-29.17238857,26.09003907,-5.837909473,5.261531,-6.361456721,-2.909269963,3.520756181,0.02933963484,-30,0,1,1,1,0,14.29201636,44.145,1850,1056.226854
23.2,-29.12490368,26.11270084,-5.843438796,5.197927747,-6.360325297,-2.874069842,3.520012121,0.02933343434,-30,0,1,1,1,0,13.95258906,44.145,1850,1056.003636
23.21,-29.07786973,26.13482895,-5.848968056,5.13433567,-6.359207667,-2.83887707,3.519277197,0.02932730998,-30,0,1,1,1,0,13.61730024,44.145,1850,1055.783159
23.22,-29.03129105,26.15642912,-5.854497257,5.070754632,-6.358103823,-2.803691556,3.518551403,0.02932126169,-30,0,1,1,1,0,13.286147,44.145,1850,1055.565421
23.23,-28.98517194,26.17750713,-5.860026397,5.007184494,-6.357013755,-2.768513209,3.517834728,0.0293152894,-30,0,1,1,1,0,12.95912648,44.145,1850,1055.350419
23.24,-28.93951662,26.19806877,-5.865555479,4.94362512,-6.355937453,-2.733341937,3.517127166,0.02930939305,-30,0,1,1,1,0,12.63623587,44.145,1850,1055.13815
23.25,-28.89432927,26.21811987,-5.871084503,4.880076371,-6.354874908,-2.69817765,3.516428708,0.02930357257,-30,0,1,1,1,0,12.31747238,44.145,1850,1054.928612
23.26,-28.84961404,26.23766629,-5.876613469,4.81653811,-6.353826111,-2.663020257,3.515739346,0.02929782788,-30,0,1,1,1,0,12.00283327,44.145,1850,1054.721804
23.27,-28.80537501,26.25671391,-5.882142378,4.753010199,-6.352791053,-2.627869666,3.515059072,0.02929215894,-30,0,1,1,1,0,11.69231584,44.145,1850,1054.517722
23.28,-28.76161621,26.27526866,-5.887671231,4.689492502,-6.351769725,-2.592725787,3.514387879,0.02928656566,-30,0,1,1,1,0,11.3859174,44.145,1850,1054.316364
23.29,-28.71834164,26.29333646,-5.89320003,4.625984881,-6.350762118,-2.557588529,3.513725759,0.02928104799,-30,0,1,1,1,0,11.08363532,44.145,1850,1054.117728
23.3,-28.67555523,26.31092328,-5.898728773,4.562487198,-6.349768223,-2.522457802,3.513072704,0.02927560586,-30,0,1,1,1,0,10.785467,44.145,1850,1053.921811
23.31,-28.63326086,26.32803514,-5.904257464,4.498999318,-6.348788033,-2.487333515,3.512428706,0.02927023922,-30,0,1,1,1,0,10.49140988,44.145,1850,1053.728612
23.32,-28.59146238,26.34467804,-5.909786101,4.435521103,-6.347821538,-2.452215578,3.511793759,0.02926494799,-30,0,1,1,1,0,10.20146141,44.145,1850,1053.538128
23.33,-28.55016356,26.36085805,-5.915314686,4.372052415,-6.34686873,-2.417103899,3.511167856,0.02925973213,-30,0,1,1,1,0,9.915619116,44.145,1850,1053.350357
23.34,-28.50936815,26.37658123,-5.92084322,4.308593119,-6.345929602,-2.381998389,3.510550988,0.02925459157,-30,0,1,1,1,0,9.63388053,44.145,1850,1053.165296
23.35,-28.46907982,26.3918537,-5.926371703,4.245143078,-6.345004144,-2.346898958,3.50994315,0.02924952625,-30,0,1,1,1,0,9.356243233,44.145,1850,1052.982945
23.36,-28.42930221,26.40668157,-5.931900136,4.181702154,-6.344092349,-2.311805515,3.509344334,0.02924453611,-30,0,1,1,1,0,9.082704835,44.145,1850,1052.8033
23.37,-28.3900389,26.42107101,-5.93742852,4.118270212,-6.34319421,-2.276717969,3.508754533,0.02923962111,-30,0,1,1,1,0,8.813262986,44.145,1850,1052.62636
23.38,-28.35129343,26.43502818,-5.942956855,4.054847115,-6.342309718,-2.241636232,3.508173741,0.02923478117,-30,0,1,1,1,0,8.547915369,44.145,1850,1052.452122
23.39,-28.31306925,26.44855931,-5.948485143,3.991432726,-6.341438866,-2.206560212,3.507601951,0.02923001626,-30,0,1,1,1,0,8.286659704,44.145,1850,1052.280585
23.4,-28.27536982,26.46167061,-5.954013384,3.92802691,-6.340581646,-2.171489821,3.507039156,0.0292253263,-30,0,1,1,1,0,8.029493746,44.145,1850,1052.111747
23.41,-28.23819849,26.47436833,-5.959541579,3.864629529,-6.339738051,-2.136424967,3.506485351,0.02922071126,-30,0,1,1,1,0,7.776415284,44.145,1850,1051.945605
23.42,-28.2015586,26.48665875,-5.965069728,3.803440469,-6.118906074,-2.101365562,3.505940528,0.02921617107,-30,0,0.982,0.982,0.982,0,7.527422146,44.145,1783.9994,1051.782158
23.43,-28.16543252,26.49855504,-5.970594636,3.746539451,-5.690101814,-2.066695229,3.467033293,0.02889194411,-30,0,0.946,0.946,0.946,0,7.290944337,44.145,1655.5946,1040.109988
23.44,-28.12978269,26.51007658,-5.976110913,3.69172579,-5.481366084,-2.033060427,3.363480182,0.02802900152,-30,0,0.928,0.928,0.928,0,7.074425159,44.145,1593.1904,1009.044055
23.45,-28.09459235,26.5212356,-5.981617987,3.638734445,-5.29913445,-2.00053017,3.253025697,0.02710854747,-30,0,0.912,0.912,0.912,0,6.868935011,44.145,1538.7264,975.907709
23.46,-28.05984709,26.53204327,-5.98711586,3.58753352,-5.120092519,-1.96910388,3.142629001,0.02618857501,-30,0,0.896,0.896,0.896,0,6.673155735,44.145,1485.2096,942.7887003
23.47,-28.02553267,26.54251036,-5.9926046,3.538091131,-4.944238933,-1.938773609,3.03302716,0.02527522633,-30,0,0.88,0.88,0.88,0,6.486679966,44.145,1432.64,909.9081479
23.48,-27.99163501,26.5526473,-5.998084317,3.49206458,-4.602655056,-1.909526168,2.924744041,0.02437286701,-30,0,0.848,0.848,0.848,0,6.30911678,44.145,1330.3424,877.4232124
23.49,-27.95812399,26.56246888,-6.003552503,3.447701066,-4.436351452,-1.881662275,2.786389353,0.02321991127,-30,0,0.832,0.832,0.832,0,6.146035576,44.145,1280.6144,835.9168058
23.5,-27.92498618,26.57198463,-6.009010234,3.40557037,-4.21306956,-1.855053163,2.660911139,0.02217425949,-30,0,0.81,0.81,0.81,0,5.99086789,44.145,1213.785,798.2733416
23.51,-27.89220249,26.58120531,-6.014457348,3.365027138,-4.054323155,-1.829717958,2.533520538,0.02111267115,-30,0,0.794,0.794,0.794,0,5.845346411,44.145,1166.3066,760.0561615
23.52,-27.85975995,26.59013964,-6.019894802,3.326231219,-3.879591992,-1.805542033,2.417592448,0.02014660374,-30,0,0.776,0.776,0.776,0,5.706997452,44.145,1114.0256,725.2777345
23.53,-27.8276439,26.59879646,-6.025322994,3.28895518,-3.727603874,-1.782477573,2.306446033,0.01922038361,-30,0,0.76,0.76,0.76,0,5.576162316,44.145,1068.56,691.93381
23.54,-27.79584176,26.60718376,-6.03074258,3.254619604,-3.433557607,-1.760445773,2.203179963,0.01835983302,-30,0,0.728,0.728,0.728,0,5.451881992,44.145,980.4704,660.9539888
23.55,-27.76432711,26.61531282,-6.036151647,3.221708602,-3.291100149,-1.739676182,2.076959181,0.01730799317,-30,0,0.712,0.712,0.712,0,5.338644578,44.145,937.8464,623.0877542
23.56,-27.73308807,26.62319082,-6.041551503,3.190361842,-3.134676069,-1.720012019,1.966416284,0.01638680237,-30,0,0.694,0.694,0.694,0,5.231220784,44.145,891.0266,589.9248853
23.57,-27.7021113,26.63082502,-6.046942779,3.160372164,-2.998967727,-1.701377469,1.863455017,0.01552879181,-30,0,0.678,0.678,0.678,0,5.129917975,44.145,850.4154,559.0365051
23.58,-27.6713854,26.63822191,-6.052326251,3.131870867,-2.85012976,-1.683679373,1.769809524,0.0147484127,-30,0,0.66,0.66,0.66,0,5.033927917,44.145,805.86,530.9428571
23.59,-27.64089757,26.64538806,-6.057702205,3.105914235,-2.59566314,-1.666883423,1.679595007,0.01399662506,-30,0,0.628,0.628,0.628,0,4.943542023,44.145,729.6104,503.878502
23.6,-27.61062465,26.65233218,-6.063069009,3.081334504,-2.457973128,-1.651185424,1.569799918,0.01308166598,-30,0,0.61,0.61,0.61,0,4.861938432,44.145,688.385,470.9399754
23.61,-27.58055477,26.65906006,-6.068427679,3.057945274,-2.338922966,-1.636463575,1.472184882,0.01226820735,-30,0,0.594,0.594,0.594,0,4.785289652,44.145,652.7466,441.6554647
23.62,-27.55067778,26.66557687,-6.073779193,3.035857157,-2.208811729,-1.622600473,1.386310243,0.01155258536,-30,0,0.576,0.576,0.576,0,4.712918768,44.145,613.7856,415.8930729
23.63,-27.52098241,26.67188778,-6.079123978,3.014892154,-2.096500267,-1.609544767,1.305570618,0.01087975515,-30,0,0.56,0.56,0.56,0,4.645080054,44.145,580.16,391.6711855
23.64,-27.49145903,26.6779974,-6.084462626,2.99607627,-1.881588486,-1.59722555,1.231921721,0.01026601434,-30,0,0.528,0.528,0.528,0,4.58114565,44.145,515.7504,369.5765162
23.65,-27.46208791,26.68391217,-6.089793684,2.978288418,-1.778785141,-1.585817155,1.140839442,0.009506995347,-30,0,0.512,0.512,0.512,0,4.524142399,44.145,484.9664,342.2518325
23.66,-27.43286023,26.6896361,-6.095118276,2.961496912,-1.679150606,-1.575184611,1.063254417,0.008860453473,-30,0,0.496,0.496,0.496,0,4.470581758,44.145,455.1296,318.976325
23.67,-27.40376745,26.69517292,-6.100437156,2.945788222,-1.570869046,-1.565237565,0.9947045511,0.008289204592,-30,0,0.478,0.478,0.478,0,4.420313836,44.145,422.6954,298.4113653
23.68,-27.3748001,26.70052638,-6.105750632,2.93112227,-1.466595149,-1.55593895,0.9298615243,0.007748846036,-30,0,0.46,0.46,0.46,0,4.373544796,44.145,391.46,278.9584573
23.69,-27.34594908,26.70569996,-6.11105897,2.917458987,-1.366328349,-1.547256848,0.8682101843,0.007235084869,-30,0,0.442,0.442,0.442,0,4.330104792,44.145,361.4234,260.4630553
23.7,-27.3172056,26.71069692,-6.11636241,2.905579212,-1.187977432,-1.539162587,0.8094260851,0.006745217376,-30,0,0.408,0.408,0.408,0,4.289829737,44.145,307.9584,242.8278255
23.71,-27.28855319,26.71552164,-6.121659676,2.894489934,-1.108927883,-1.531809202,0.7353385273,0.006127821061,-30,0,0.392,0.392,0.392,0,4.254964842,44.145,284.2784,220.6015582
23.72,-27.25998506,26.72017668,-6.126951832,2.884159495,-1.033043828,-1.525069023,0.6740179061,0.005616815884,-30,0,0.376,0.376,0.376,0,4.222548275,44.145,261.5456,202.2053718
23.73,-27.23149474,26.72466439,-6.132239574,2.874556247,-0.9603248717,-1.518858558,0.621046492,0.005175387433,-30,0,0.36,0.36,0.36,0,4.192461501,44.145,239.76,186.3139476
23.74,-27.20307604,26.72898695,-6.137523376,2.86639224,-0.8164006303,-1.513120868,0.5737689985,0.004781408321,-30,0,0.326,0.326,0.326,0,4.164589102,44.145,196.6106,172.1306996
23.75,-27.17471567,26.73314744,-6.14280221,2.858856541,-0.7535698902,-1.507979325,0.514154373,0.004284619775,-30,0,0.31,0.31,0.31,0,4.140967055,44.145,177.785,154.2463119
23.76,-27.14640834,26.73714763,-6.148076974,2.851989787,-0.6866754087,-1.503326189,0.4653135841,0.003877613201,-30,0,0.292,0.292,0.292,0,4.119222605,44.145,157.7384,139.5940752
23.77,-27.11814835,26.74098919,-6.153348122,2.845751952,-0.6237835275,-1.499106891,0.4219297601,0.003516081334,-30,0,0.274,0.274,0.274,0,4.099458256,44.145,138.8906,126.578928
23.78,-27.08993036,26.74467366,-6.158615998,2.84003962,-0.571233151,-1.495280281,0.3826610409,0.003188842007,-30,0,0.258,0.258,0.258,0,4.081545303,44.145,123.1434,114.7983123
23.79,-27.06175003,26.74820234,-6.163880996,2.834880615,-0.5159005861,-1.491799056,0.3481224424,0.002901020353,-30,0,0.24,0.24,0.24,0,4.065175823,44.145,106.56,104.4367327
23.8,-27.03360274,26.75157645,-6.169143296,2.830289434,-0.4591180675,-1.488641659,0.31573975,0.002631164583,-30,0,0.22,0.22,0.22,0,4.050420242,44.145,89.54,94.721925
23.81,-27.00548369,26.75479718,-6.174402976,2.82616711,-0.412232371,-1.485798595,0.2843063245,0.00236921937,-30,0,0.202,0.202,0.202,0,4.037311293,44.145,75.4874,85.29189734
23.82,-26.97738908,26.75786549,-6.179660268,2.822862138,-0.3304971972,-1.483242077,0.2556518444,0.002130432037,-30,0,0.166,0.166,0.166,0,4.02555915,44.145,50.9786,76.69555333
23.83,-26.94931159,26.76078264,-6.184914659,2.819869267,-0.2992871651,-1.481033715,0.2208361953,0.001840301627,-30,0,0.15,0.15,0.15,0,4.016149528,44.145,41.625,66.25085858
23.84,-26.92124894,26.76354929,-6.190166795,2.817156892,-0.27123746,-1.479095915,0.1937800374,0.001614833645,-30,0,0.134,0.134,0.134,0,4.007637991,44.145,33.2186,58.13401122
23.85,-26.89319916,26.76616599,-6.195417109,2.814693414,-0.2463477732,-1.477376728,0.1719186641,0.001432655534,-30,0,0.118,0.118,0.118,0,3.999931969,44.145,25.7594,51.57559922
23.86,-26.86516057,26.76863322,-6.200665911,2.812447236,-0.2246177983,-1.475839067,0.1537660625,0.001281383854,-30,0,0.102,0.102,0.102,0,3.992939504,44.145,19.2474,46.12981874
23.87,-26.8371318,26.77095141,-6.205913437,2.810540684,-0.1906552306,-1.474454449,0.1384618237,0.001153848531,-30,0,0.07,0.07,0.07,0,3.986569166,44.145,9.065,41.53854712
23.88,-26.80911026,26.773121,-6.211159596,2.808769732,-0.1770952201,-1.473233849,0.1220600012,0.001017166677,-30,0,0.052,0.052,0.052,0,3.981166024,44.145,5.0024,36.61800037
23.89,-26.78109539,26.77514229,-6.216404718,2.807094407,-0.1675325015,-1.472137801,0.1096048575,0.0009133738129,-30,0,0.034,0.034,0.034,0,3.976150453,44.145,2.1386,32.88145726
23.9,-26.75308701,26.77701549,-6.221649065,2.805470546,-0.1623860287,-1.471134654,0.1003146712,0.0008359555934,-30,0,0.018,0.018,0.018,0,3.97140862,44.145,0.5994,30.09440136
23.91,-26.72508541,26.77874078,-6.226892872,2.803866573,-0.1603973838,-1.470196325,0.09383285037,0.0007819404197,-30,0,0.002,0.002,0.002,0,3.966815153,44.145,0.0074,28.14985511
23.92,-26.69709116,26.78031831,-6.232136333,2.802262997,-0.1603576018,-1.469299612,0.08967135903,0.0007472613253,-30,0,0,0,0,0,3.96228055,44.145,0,26.90140771
23.93,-26.66910503,26.78174822,-6.237379593,2.800659572,-0.1603424989,-1.46842683,0.08727822775,0.0007273185646,-30,0,0,0,0,0,3.957749663,44.145,0,26.18346833
23.94,-26.64112781,26.78303063,-6.24262274,2.799056298,-0.160327406,-1.467567786,0.08590434928,0.0007158695773,-30,0,0,0,0,0,3.953221794,44.145,0,25.77130478
23.95,-26.61316027,26.78416569,-6.247865821,2.797453174,-0.1603123231,-1.466716641,0.0851145078,0.000709287565,-30,0,0,0,0,0,3.948696943,44.145,0,25.53435234
23.96,-26.58520319,26.78515353,-6.253108863,2.795850202,-0.1602972504,-1.465870049,0.08465918044,0.0007054931703,-30,0,0,0,0,0,3.944175108,44.145,0,25.39775413
23.97,-26.55725733,26.7859943,-6.258351884,2.79424738,-0.1602821876,-1.465026095,0.08439536896,0.0007032947414,-30,0,0,0,0,0,3.939656289,44.145,0,25.31861069
23.98,-26.52932347,26.78668813,-6.263594892,2.792644709,-0.1602671349,-1.464183684,0.08424115807,0.0007020096506,-30,0,0,0,0,0,3.935140484,44.145,0,25.27234742
23.99,-26.50140238,26.78723519,-6.268837892,2.791042188,-0.1602520923,-1.463342187,0.08414964337,0.0007012470281,-30,0,0,0,0,0,3.930627692,44.145,0,25.24489301
24,-26.47349483,26.78763562,-6.274080888,2.789439817,-0.1602370597,-1.462501248,0.08409397911,0.0007007831593,-30,0,0,0,0,0,3.926117913,44.145,0,25.22819373
24.01,-26.44560159,26.78788958,-6.27932388,2.787837597,-0.1602220371,-1.46166066,0.08405880671,0.0007004900559,-30,0,0,0,0,0,3.921611144,44.145,0,25.21764201
24.02,-26.41772342,26.78799723,-6.284566871,2.786235526,-0.1602070246,-1.460820306,0.08403534324,0.000700294527,-30,0,0,0,0,0,3.917107387,44.145,0,25.21060297
24.03,-26.3898611,26.78795873,-6.28980986,2.784633606,-0.1601920221,-1.45998012,0.08401856826,0.0007001547355,-30,0,0,0,0,0,3.912606638,44.145,0,25.20557048
24.04,-26.36201537,26.78777427,-6.295052848,2.783031836,-0.1601770297,-1.459140064,0.08400561327,0.0007000467773,-30,0,0,0,0,0,3.908108898,44.145,0,25.20168398
24.05,-26.33418701,26.787444,-6.300295836,2.781430215,-0.1601620472,-1.458300116,0.08399484002,0.0006999570002,-30,0,0,0,0,0,3.903614165,44.145,0,25.19845201
24.06,-26.30637678,26.7869681,-6.305538822,2.779828745,-0.1601470748,-1.457460263,0.08398531327,0.0006998776106,-30,0,0,0,0,0,3.899122438,44.145,0,25.19559398
24.07,-26.27858544,26.78634676,-6.310781808,2.778227424,-0.1601321124,-1.456620498,0.08397649936,0.0006998041613,-30,0,0,0,0,0,3.894633716,44.145,0,25.19294981
24.08,-26.25081374,26.78558017,-6.316024793,2.776626252,-0.16011716,-1.455780817,0.08396809389,0.0006997341157,-30,0,0,0,0,0,3.890147999,44.145,0,25.19042817
24.09,-26.22306245,26.7846685,-6.321267778,2.77502523,-0.1601022176,-1.454941218,0.08395992331,0.0006996660276,-30,0,0,0,0,0,3.885665285,44.145,0,25.18797699
24.1,-26.19533232,26.78361196,-6.326510761,2.773424357,-0.1600872852,-1.454101699,0.08395188874,0.0006995990729,-30,0,0,0,0,0,3.881185573,44.145,0,25.18556662
24.11,-26.1676241,26.78241074,-6.331753744,2.771823633,-0.1600723629,-1.453262259,0.08394393383,0.0006995327819,-30,0,0,0,0,0,3.876708863,44.145,0,25.18318015
24.12,-26.13993855,26.78106503,-6.336996727,2.770223059,-0.1600574505,-1.452422899,0.08393602651,0.0006994668876,-30,0,0,0,0,0,3.872235152,44.145,0,25.18080795
24.13,-26.11227642,26.77957506,-6.342239709,2.768622633,-0.1600425481,-1.451583618,0.08392814851,0.0006994012376,-30,0,0,0,0,0,3.867764441,44.145,0,25.17844455
24.14,-26.08463846,26.77794101,-6.34748269,2.767022357,-0.1600276558,-1.450744415,0.08392028945,0.0006993357454,-30,0,0,0,0,0,3.863296728,44.145,0,25.17608684
24.15,-26.05702541,26.77616312,-6.35272567,2.765422229,-0.1600127734,-1.44990529,0.08391244343,0.0006992703619,-30,0,0,0,0,0,3.858832012,44.145,0,25.17373303
24.16,-26.02943803,26.77424158,-6.35796865,2.76382225,-0.159997901,-1.449066244,0.08390460707,0.000699205059,-30,0,0,0,0,0,3.854370293,44.145,0,25.17138212
24.17,-26.00187705,26.77217663,-6.363211629,2.76222242,-0.1599830386,-1.448227276,0.08389677849,0.0006991398207,-30,0,0,0,0,0,3.849911569,44.145,0,25.16903355
24.18,-25.97434323,26.76996848,-6.368454608,2.760622738,-0.1599681861,-1.447388387,0.08388895658,0.0006990746382,-30,0,0,0,0,0,3.845455839,44.145,0,25.16668698
24.19,-25.9468373,26.76761737,-6.373697586,2.759023204,-0.1599533437,-1.446549576,0.08388114074,0.0006990095062,-30,0,0,0,0,0,3.841003102,44.145,0,25.16434222
24.2,-25.91936001,26.76512352,-6.378940563,2.757423819,-0.1599385112,-1.445710842,0.08387333062,0.0006989444218,-30,0,0,0,0,0,3.836553357,44.145,0,25.16199918
24.21,-25.89191209,26.76248718,-6.384183539,2.755824582,-0.1599236887,-1.444872187,0.083865526,0.0006988793834,-30,0,0,0,0,0,3.832106604,44.145,0,25.1596578
24.22,-25.86449428,26.75970857,-6.389426515,2.754225494,-0.1599088761,-1.44403361,0.08385772679,0.0006988143899,-30,0,0,0,0,0,3.827662841,44.145,0,25.15731804
24.23,-25.83710731,26.75678795,-6.39466949,2.752626553,-0.1598940736,-1.44319511,0.08384993291,0.0006987494409,-30,0,0,0,0,0,3.823222067,44.145,0,25.15497987
24.24,-25.80975193,26.75372556,-6.399912465,2.75102776,-0.1598792809,-1.442356689,0.08384214433,0.0006986845361,-30,0,0,0,0,0,3.818784282,44.145,0,25.1526433
24.25,-25.78242886,26.75052165,-6.405155439,2.749429115,-0.1598644983,-1.441518345,0.08383436103,0.0006986196752,-30,0,0,0,0,0,3.814349483,44.145,0,25.15030831
24.26,-25.75513882,26.74717648,-6.410398412,2.747830618,-0.1598497256,-1.440680079,0.08382658298,0.0006985548582,-30,0,0,0,0,0,3.809917671,44.145,0,25.14797489
24.27,-25.72788256,26.7436903,-6.415641385,2.746232268,-0.1598349628,-1.439841891,0.08381881019,0.0006984900849,-30,0,0,0,0,0,3.805488844,44.145,0,25.14564306
24.28,-25.7006608,26.74006338,-6.420884357,2.744634066,-0.15982021,-1.439003781,0.08381104265,0.0006984253554,-30,0,0,0,0,0,3.801063002,44.145,0,25.1433128
24.29,-25.67347425,26.73629597,-6.426127328,2.743036011,-0.1598054671,-1.438165748,0.08380328035,0.0006983606696,-30,0,0,0,0,0,3.796640143,44.145,0,25.14098411
24.3,-25.64632365,26.73238836,-6.431370299,2.741438104,-0.1597907342,-1.437327793,0.0837955233,0.0006982960275,-30,0,0,0,0,0,3.792220266,44.145,0,25.13865699
24.31,-25.61920971,26.72834081,-6.436613269,2.739840344,-0.1597760112,-1.436489915,0.08378777148,0.000698231429,-30,0,0,0,0,0,3.787803371,44.145,0,25.13633144
24.32,-25.59213315,26.7241536,-6.441856239,2.738242731,-0.1597612982,-1.435652115,0.0837800249,0.0006981668742,-30,0,0,0,0,0,3.783389456,44.145,0,25.13400747
24.33,-25.5650947,26.71982702,-6.447099207,2.736645265,-0.1597465951,-1.434814392,0.08377228355,0.000698102363,-30,0,0,0,0,0,3.77897852,44.145,0,25.13168507
24.34,-25.53809506,26.71536133,-6.452342175,2.735047946,-0.1597319019,-1.433976747,0.08376454744,0.0006980378953,-30,0,0,0,0,0,3.774570563,44.145,0,25.12936423
24.35,-25.51113496,26.71075684,-6.457585143,2.733450774,-0.1597172186,-1.433139178,0.08375681656,0.0006979734713,-30,0,0,0,0,0,3.770165583,44.145,0,25.12704497
24.36,-25.48421509,26.70601384,-6.46282811,2.731853748,-0.1597025453,-1.432301688,0.08374909091,0.0006979090909,-30,0,0,0,0,0,3.765763579,44.145,0,25.12472727
24.37,-25.45733617,26.70113261,-6.468071076,2.73025687,-0.1596878818,-1.431464274,0.08374137049,0.000697844754,-30,0,0,0,0,0,3.761364551,44.145,0,25.12241115
24.38,-25.43049891,26.69611347,-6.473314042,2.728660137,-0.1596732283,-1.430626937,0.08373365529,0.0006977804607,-30,0,0,0,0,0,3.756968497,44.145,0,25.12009659
24.39,-25.40370402,26.6909567,-6.478557006,2.727063551,-0.1596585847,-1.429789678,0.08372594531,0.0006977162109,-30,0,0,0,0,0,3.752575417,44.145,0,25.11778359
24.4,-25.37695219,26.68566262,-6.483799971,2.725467112,-0.159643951,-1.428952495,0.08371824056,0.0006976520047,-30,0,0,0,0,0,3.748185309,44.145,0,25.11547217
24.41,-25.35024413,26.68023154,-6.489042934,2.723870819,-0.1596293272,-1.42811539,0.08371054103,0.0006975878419,-30,0,0,0,0,0,3.743798173,44.145,0,25.11316231
24.42,-25.32358054,26.67466376,-6.494285897,2.722274671,-0.1596147134,-1.427278362,0.08370284672,0.0006975237227,-30,0,0,0,0,0,3.739414007,44.145,0,25.11085402
24.43,-25.29696212,26.66895961,-6.49952886,2.72067867,-0.1596001094,-1.42644141,0.08369515763,0.0006974596469,-30,0,0,0,0,0,3.735032811,44.145,0,25.10854729
24.44,-25.27038955,26.6631194,-6.504771821,2.719082815,-0.1595855153,-1.425604535,0.08368747375,0.0006973956146,-30,0,0,0,0,0,3.730654584,44.145,0,25.10624212
24.45,-25.24386354,26.65714347,-6.510014783,2.717487106,-0.1595709311,-1.424767737,0.08367979508,0.0006973316257,-30,0,0,0,0,0,3.726279324,44.145,0,25.10393852
24.46,-25.21738477,26.65103213,-6.515257743,2.715891542,-0.1595563568,-1.423931016,0.08367212163,0.0006972676802,-30,0,0,0,0,0,3.72190703,44.145,0,25.10163649
24.47,-25.19095394,26.64478572,-6.520500703,2.714296124,-0.1595417923,-1.423094372,0.08366445339,0.0006972037782,-30,0,0,0,0,0,3.717537702,44.145,0,25.09933602
24.48,-25.16457172,26.63840457,-6.525743662,2.712700852,-0.1595272378,-1.422257804,0.08365679035,0.0006971399196,-30,0,0,0,0,0,3.713171339,44.145,0,25.09703711
24.49,-25.13823881,26.63188902,-6.53098662,2.711105725,-0.1595126931,-1.421421312,0.08364913253,0.0006970761044,-30,0,0,0,0,0,3.70880794,44.145,0,25.09473976
24.5,-25.11195589,26.6252394,-6.536229578,2.709510744,-0.1594981583,-1.420584898,0.0836414799,0.0006970123325,-30,0,0,0,0,0,3.704447503,44.145,0,25.09244397
24.51,-25.08572363,26.61845608,-6.541472536,2.707915907,-0.1594836334,-1.419748559,0.08363383249,0.0006969486041,-30,0,0,0,0,0,3.700090029,44.145,0,25.09014975
24.52,-25.05954272,26.61153939,-6.546715492,2.706321216,-0.1594691184,-1.418912297,0.08362619027,0.0006968849189,-30,0,0,0,0,0,3.695735515,44.145,0,25.08785708
24.53,-25.03341382,26.60448968,-6.551958448,2.70472667,-0.1594546132,-1.418076112,0.08361855325,0.0006968212771,-30,0,0,0,0,0,3.69138396,44.145,0,25.08556598
24.54,-25.00733762,26.59730731,-6.557201403,2.703132269,-0.1594401179,-1.417240003,0.08361092144,0.0006967576786,-30,0,0,0,0,0,3.687035365,44.145,0,25.08327643
24.55,-24.98131479,26.58999263,-6.562444358,2.701538012,-0.1594256324,-1.41640397,0.08360329481,0.0006966941235,-30,0,0,0,0,0,3.682689727,44.145,0,25.08098844
24.56,-24.95534598,26.58254602,-6.567687312,2.699943901,-0.1594111568,-1.415568013,0.08359567339,0.0006966306116,-30,0,0,0,0,0,3.678347047,44.145,0,25.07870202
24.57,-24.92943188,26.57496783,-6.572930266,2.698349934,-0.1593966911,-1.414732132,0.08358805716,0.000696567143,-30,0,0,0,0,0,3.674007322,44.145,0,25.07641715
24.58,-24.90357314,26.56725843,-6.578173218,2.696756112,-0.1593822352,-1.413896328,0.08358044611,0.0006965037176,-30,0,0,0,0,0,3.669670552,44.145,0,25.07413383
24.59,-24.87777043,26.5594182,-6.583416171,2.695162434,-0.1593677891,-1.413060599,0.08357284026,0.0006964403355,-30,0,0,0,0,0,3.665336737,44.145,0,25.07185208
24.6,-24.8520244,26.55144751,-6.588659122,2.6935689,-0.1593533529,-1.412224947,0.0835652396,0.0006963769967,-30,0,0,0,0,0,3.661005874,44.145,0,25.06957188
24.61,-24.82633571,26.54334673,-6.593902073,2.691975511,-0.1593389265,-1.411389371,0.08355764412,0.000696313701,-30,0,0,0,0,0,3.656677964,44.145,0,25.06729324
24.62,-24.80070501,26.53511625,-6.599145023,2.690382266,-0.15932451,-1.41055387,0.08355005383,0.0006962504486,-30,0,0,0,0,0,3.652353004,44.145,0,25.06501615
24.63,-24.77513297,26.52675646,-6.604387973,2.688789165,-0.1593101033,-1.409718445,0.08354246872,0.0006961872393,-30,0,0,0,0,0,3.648030995,44.145,0,25.06274062
24.64,-24.74962022,26.51826774,-6.609630922,2.687196208,-0.1592957064,-1.408883096,0.08353488879,0.0006961240733,-30,0,0,0,0,0,3.643711935,44.145,0,25.06046664
24.65,-24.72416741,26.50965048,-6.61487387,2.685603394,-0.1592813194,-1.408047823,0.08352731405,0.0006960609504,-30,0,0,0,0,0,3.639395823,44.145,0,25.05819421
24.66,-24.6987752,26.50090508,-6.620116818,2.684010725,-0.1592669422,-1.407212626,0.08351974447,0.0006959978706,-30,0,0,0,0,0,3.635082659,44.145,0,25.05592334
24.67,-24.67344422,26.49203194,-6.625359765,2.682418199,-0.1592525748,-1.406377504,0.08351218008,0.000695934834,-30,0,0,0,0,0,3.63077244,44.145,0,25.05365402
24.68,-24.64817511,26.48303145,-6.630602712,2.680825817,-0.1592382172,-1.405542458,0.08350462086,0.0006958718405,-30,0,0,0,0,0,3.626465168,44.145,0,25.05138626
24.69,-24.6229685,26.47390403,-6.635845657,2.679233578,-0.1592238695,-1.404707487,0.08349706681,0.0006958088901,-30,0,0,0,0,0,3.622160839,44.145,0,25.04912004
24.7,-24.59782504,26.46465007,-6.641088603,2.677641483,-0.1592095315,-1.403872592,0.08348951794,0.0006957459828,-30,0,0,0,0,0,3.617859454,44.145,0,25.04685538
24.71,-24.57274536,26.45527,-6.646331547,2.676049531,-0.1591952034,-1.403037772,0.08348197423,0.0006956831186,-30,0,0,0,0,0,3.613561012,44.145,0,25.04459227
24.72,-24.54773008,26.44576421,-6.651574491,2.674457722,-0.159180885,-1.402203028,0.0834744357,0.0006956202975,-30,0,0,0,0,0,3.609265511,44.145,0,25.04233071
24.73,-24.52277983,26.43613314,-6.656817435,2.672866056,-0.1591665765,-1.401368359,0.08346690232,0.0006955575194,-30,0,0,0,0,0,3.604972951,44.145,0,25.0400707
24.74,-24.49789524,26.42637719,-6.662060377,2.671274534,-0.1591522778,-1.400533765,0.08345937412,0.0006954947843,-30,0,0,0,0,0,3.60068333,44.145,0,25.03781223
24.75,-24.47307693,26.4164968,-6.667303319,2.669683154,-0.1591379888,-1.399699247,0.08345185107,0.0006954320923,-30,0,0,0,0,0,3.596396648,44.145,0,25.03555532
24.76,-24.44832552,26.40649239,-6.672546261,2.668091917,-0.1591237097,-1.398864803,0.08344433319,0.0006953694432,-30,0,0,0,0,0,3.592112903,44.145,0,25.03329996
24.77,-24.42364161,26.39636438,-6.677789202,2.666500822,-0.1591094403,-1.398030435,0.08343682046,0.0006953068372,-30,0,0,0,0,0,3.587832096,44.145,0,25.03104614
24.78,-24.39902584,26.38611322,-6.683032142,2.664909871,-0.1590951807,-1.397196142,0.0834293129,0.0006952442741,-30,0,0,0,0,0,3.583554224,44.145,0,25.02879387
24.79,-24.37447881,26.37573933,-6.688275081,2.663319061,-0.159080931,-1.396361924,0.08342181049,0.000695181754,-30,0,0,0,0,0,3.579279287,44.145,0,25.02654315
24.8,-24.35000112,26.36524316,-6.69351802,2.661728394,-0.1590666909,-1.395527781,0.08341431323,0.0006951192769,-30,0,0,0,0,0,3.575007285,44.145,0,25.02429397
24.81,-24.32559339,26.35462514,-6.698760959,2.66013787,-0.1590524607,-1.394693713,0.08340682113,0.0006950568427,-30,0,0,0,0,0,3.570738215,44.145,0,25.02204634
24.82,-24.30125621,26.34388572,-6.704003896,2.659629259,-0.05086107523,-1.393859719,0.08339933417,0.0006949944514,-30,0.018,0,0,0,32.45314951,3.566472077,44.145,0,25.01980025
24.83,-24.27698031,26.33302093,-6.709244701,2.660082311,0.04530522017,-1.393281701,0.05780184651,0.0004816820542,-30,0.034,0,0,0,61.30167446,3.565108409,44.145,0,17.34055395
24.84,-24.25275757,26.32202719,-6.71448244,2.661617059,0.1534747797,-1.393071545,0.02101557414,0.0001751297845,-30,0.052,0,0,0,93.75375702,3.566323103,44.145,0,6.304672241
24.85,-24.22857879,26.31090031,-6.719716369,2.664233178,0.2616119438,-1.393318562,-0.02470174281,-0.0002058478568,-30,0.07,0,0,0,126.1990227,3.570439506,44.145,0,-7.410522844
24.86,-24.20443488,26.29963598,-6.724946086,2.667810025,0.3576846204,-1.39407105,-0.07524871414,-0.0006270726179,-30,0.086,0,0,0,155.0278479,3.577461768,44.145,0,-22.57461424
24.87,-24.18031787,26.28823024,-6.730171612,2.673308334,0.5498309674,-1.395326467,-0.12554175,-0.00104618125,-30,0.118,0,0,0,212.6813642,3.587074005,44.145,0,-37.66252499
24.88,-24.15621121,26.27667487,-6.735391087,2.679765603,0.6457268815,-1.397308058,-0.1981591191,-0.001651325993,-30,0.134,0,0,0,241.4649395,3.601875035,44.145,0,-59.44773574
24.89,-24.1321071,26.26496561,-6.740605379,2.687301054,0.753545093,-1.399911538,-0.2603480119,-0.002169566766,-30,0.152,0,0,0,273.8278243,3.619296418,44.145,0,-78.10440358
24.9,-24.10799678,26.25309755,-6.745814738,2.695793499,0.849244505,-1.403107014,-0.3195475167,-0.002662895973,-30,0.168,0,0,0,302.5580313,3.639679825,44.145,0,-95.86425502
24.91,-24.0838726,26.24106616,-6.751019539,2.706201986,1.04084866,-1.40684936,-0.3742346802,-0.003118622335,-30,0.2,0,0,0,360.0623185,3.662720505,44.145,0,-112.2704041
24.92,-24.05971848,26.22886242,-6.756218151,2.717564143,1.136215698,-1.411334474,-0.4485113488,-0.003737594573,-30,0.216,0,0,0,388.7007682,3.69105871,44.145,0,-134.5534046
24.93,-24.03552698,26.21648152,-6.761411531,2.729878511,1.231436796,-1.41644734,-0.5112865748,-0.004260721457,-30,0.232,0,0,0,417.298157,3.722118054,44.145,0,-153.3859724
24.94,-24.01129077,26.20391848,-6.766600214,2.743143517,1.326500645,-1.422123947,-0.5676606944,-0.004730505787,-30,0.248,0,0,0,445.8511207,3.755927288,44.145,0,-170.2982083
24.95,-23.98700263,26.1911682,-6.7717845,2.758435559,1.529204208,-1.428328204,-0.6204257354,-0.005170214461,-30,0.282,0,0,0,506.6987799,3.792517523,44.145,0,-186.1277206
24.96,-23.96264588,26.17822039,-6.776962537,2.774673231,1.623767233,-1.435282266,-0.6954062371,-0.005795051976,-30,0.298,0,0,0,535.1100891,3.834919234,44.145,0,-208.6218711
24.97,-23.93821353,26.16506968,-6.782135334,2.792093759,1.742052765,-1.442865101,-0.7582834714,-0.006319028928,-30,0.318,0,0,0,570.6410305,3.880201017,44.145,0,-227.4850414
24.98,-23.91369656,26.15170941,-6.787303016,2.810455341,1.836158184,-1.451061863,-0.8196761698,-0.006830634748,-30,0.334,0,0,0,598.9215322,3.92907693,44.145,0,-245.9028509
24.99,-23.88908818,26.13813392,-6.7924661,2.829994597,1.953925638,-1.459810244,-0.8748381413,-0.007290317845,-30,0.354,0,0,0,634.3036155,3.980924249,44.145,0,-262.4514424
25,-23.86437963,26.1243363,-6.79762445,2.850469788,2.04751905,-1.469126783,-0.9316538786,-0.007763782321,-30,0.37,0,0,0,662.4371851,4.036470188,44.145,0,-279.4961636
25.01,-23.83956433,26.11031066,-6.802778432,2.871878374,2.14085863,-1.478967564,-0.9840781199,-0.008200650999,-30,0.386,0,0,0,690.4976787,4.095089718,44.145,0,-295.223436
25.02,-23.81463581,26.096051,-6.807928258,2.89540922,2.353084586,-1.489306903,-1.033933881,-0.008616115679,-30,0.422,0,0,0,754.2272093,4.156833439,44.145,0,-310.1801644
25.03,-23.78957741,26.08154528,-6.813071942,2.919865548,2.445632752,-1.500383397,-1.107649421,-0.009230411843,-30,0.438,0,0,0,782.0600564,4.225230854,44.145,0,-332.2948264
25.04,-23.76438293,26.06678724,-6.818210478,2.945244351,2.537880311,-1.512077619,-1.169422141,-0.009745184504,-30,0.454,0,0,0,809.8060031,4.296909867,44.145,0,-350.8266422
25.05,-23.7390463,26.05177054,-6.823344441,2.971542515,2.629816444,-1.524320562,-1.22429437,-0.01020245309,-30,0.47,0,0,0,837.4618633,4.37193,44.145,0,-367.2883111
25.06,-23.71356155,26.03648871,-6.828474169,2.998875478,2.733296294,-1.537071701,-1.275113924,-0.01062594937,-30,0.488,0,0,0,868.5842409,4.450352719,44.145,0,-382.5341773
25.07,-23.68792184,26.02093459,-6.833599663,3.028187674,2.931219605,-1.550331002,-1.325930093,-0.01104941744,-30,0.522,0,0,0,928.0434815,4.532600083,44.145,0,-397.7790278
25.08,-23.66211236,26.00509595,-6.838719329,3.058406156,3.021848245,-1.564289591,-1.395858903,-0.01163215752,-30,0.538,0,0,0,955.3211134,4.621639977,44.145,0,-418.7576709
25.09,-23.63612756,25.988966,-6.843834051,3.089645478,3.123932122,-1.578841535,-1.455194328,-0.0121266194,-30,0.556,0,0,0,986.0389761,4.714339502,44.145,0,-436.5582983
25.1,-23.60996104,25.97253725,-6.848944156,3.121783292,3.213781462,-1.593947367,-1.510583195,-0.01258819329,-30,0.572,0,0,0,1013.090577,4.811138226,44.145,0,-453.1749586
25.11,-23.5836075,25.95580273,-6.854050044,3.155169452,3.338615959,-1.609559421,-1.561205469,-0.01301004558,-30,0.594,0,0,0,1050.641535,4.911747586,44.145,0,-468.3616408
25.12,-23.55705883,25.93875346,-6.859151384,3.189445142,3.427569055,-1.625717073,-1.615765156,-0.01346470963,-30,0.61,0,0,0,1077.433084,5.017367512,44.145,0,-484.7295467
25.13,-23.53031002,25.9213823,-6.864248563,3.224841384,3.539624188,-1.642374202,-1.665712871,-0.01388094059,-30,0.63,0,0,0,1111.159227,5.1269704,44.145,0,-499.7138614
25.14,-23.50335424,25.90368072,-6.869341446,3.261235425,3.639404047,-1.659546692,-1.717249064,-0.01431040887,-30,0.648,0,0,0,1141.207614,5.241399385,44.145,0,-515.1747193
25.15,-23.47618576,25.88564078,-6.874430152,3.298622325,3.738690049,-1.677220553,-1.767386044,-0.01472821703,-30,0.666,0,0,0,1171.112386,5.360370874,44.145,0,-530.2158132
25.16,-23.44879903,25.86725442,-6.879514761,3.33793337,3.931104485,-1.695385976,-1.816542293,-0.01513785244,-30,0.7,0,0,0,1228.960324,5.483978259,44.145,0,-544.9626878
25.17,-23.42118089,25.84850828,-6.88459391,3.378223734,4.029036429,-1.714206669,-1.882069325,-0.01568391104,-30,0.718,0,0,0,1258.471396,5.615466789,44.145,0,-564.6207975
25.18,-23.3933261,25.82939414,-6.889668194,3.419487981,4.126424665,-1.733611118,-1.940444914,-0.01617037428,-30,0.736,0,0,0,1287.824247,5.751847382,44.145,0,-582.1334742
25.19,-23.36522961,25.8099037,-6.894737991,3.461604102,4.211612114,-1.753553964,-1.994284609,-0.0166190384,-30,0.752,0,0,0,1313.521855,5.893220619,44.145,0,-598.2853826
25.2,-23.33688746,25.79002927,-6.899803718,3.504567066,4.296296355,-1.773985315,-2.043135045,-0.01702612538,-30,0.768,0,0,0,1339.073189,6.039282292,44.145,0,-612.9405136
25.21,-23.30829585,25.76976307,-6.904865642,3.548603799,4.403673331,-1.794872931,-2.088761629,-0.01740634691,-30,0.788,0,0,0,1371.437122,6.190123121,44.145,0,-626.6284887
25.22,-23.27944922,25.74909593,-6.909923611,3.593707727,4.510392754,-1.816235138,-2.136220679,-0.01780183899,-30,0.808,0,0,0,1403.609491,6.346664817,44.145,0,-640.8662036
25.23,-23.25034217,25.72801862,-6.914977543,3.639756537,4.604881002,-1.838081932,-2.184679431,-0.01820566192,-30,0.826,0,0,0,1432.118327,6.509026553,44.145,0,-655.4038292
25.24,-23.22097041,25.70652251,-6.920027556,3.688013018,4.825648178,-1.860398853,-2.231692152,-0.0185974346,-30,0.866,0,0,0,1498.516358,6.676905134,44.145,0,-669.5076456
25.25,-23.19131962,25.68459138,-6.925072004,3.736160374,4.814735562,-1.883383668,-2.298481498,-0.01915401249,-30,0.866,0,0,0,1495.420795,6.855125772,44.145,0,-689.5444495
25.26,-23.16139418,25.6622227,-6.930112964,3.785347604,4.918722986,-1.906786945,-2.34032766,-0.0195027305,-30,0.886,0,0,0,1526.797178,7.035282748,44.145,0,-702.098298
25.27,-23.1311894,25.63940699,-6.935150248,3.836599179,5.125157475,-1.930631442,-2.38444973,-0.01987041442,-30,0.924,0,0,0,1588.913986,7.221743667,44.145,0,-715.334919
25.28,-23.10069254,25.61612844,-6.94018239,3.888642359,5.204317985,-1.955092853,-2.446141068,-0.0203845089,-30,0.94,0,0,0,1612.85902,7.418624602,44.145,0,-733.8423203
25.29,-23.06990111,25.59237888,-6.945210091,3.941699294,5.305693551,-1.980087342,-2.499448924,-0.02082874104,-30,0.96,0,0,0,1643.474321,7.621255854,44.145,0,-749.8346773
25.3,-23.03881099,25.56814865,-6.950233526,3.995534431,5.383513651,-2.005593575,-2.550623241,-0.02125519367,-30,0.976,0,0,0,1667.02974,7.830644636,44.145,0,-765.1869722
25.31,-23.00742002,25.5434295,-6.955253114,4.050368675,5.483424479,-2.031561573,-2.596799879,-0.02163999899,-30,0.996,0,0,0,1697.218349,8.046004874,44.145,0,-779.0399637
25.32,-22.97572443,25.51821168,-6.960268859,4.10528732,5.491864419,-2.057990725,-2.642915137,-0.02202429281,-30,1,0,0,0,1699.972691,8.268365149,44.145,0,-792.8745411
25.33,-22.94372769,25.49249113,-6.965281884,4.160062837,5.477551792,-2.084746276,-2.675555167,-0.02229629306,-30,1,0,0,0,1695.904643,8.494105524,44.145,0,-802.6665502
25.34,-22.91143509,25.46626518,-6.970293218,4.214695501,5.463266371,-2.111704773,-2.695849614,-0.02246541345,-30,1,0,0,0,1691.847197,8.722285897,44.145,0,-808.7548841
25.35,-22.87885197,25.4395312,-6.975303555,4.269185583,5.449008165,-2.13878278,-2.707800778,-0.02256500648,-30,1,0,0,0,1687.800333,8.952883716,44.145,0,-812.3402334
25.36,-22.84598368,25.41228656,-6.98031337,4.323533355,5.434777181,-2.165923572,-2.714079162,-0.02261732635,-30,1,0,0,0,1683.764031,9.185876552,44.145,0,-814.2237485
25.37,-22.81283562,25.38452868,-6.985322984,4.377739089,5.420573426,-2.193088353,-2.71647814,-0.02263731784,-30,1,0,0,0,1679.73827,9.421242097,44.145,0,-814.9434421
25.38,-22.77941319,25.356255,-6.990332621,4.431803058,5.406396908,-2.220250449,-2.71620957,-0.02263507975,-30,1,0,0,0,1675.72303,9.658958163,44.145,0,-814.8628711
25.39,-22.74572181,25.327463,-6.995342434,4.485725534,5.392247631,-2.247391422,-2.714097294,-0.02261747745,-30,1,0,0,0,1671.718292,9.899002686,44.145,0,-814.2291881
25.4,-22.71176693,25.29815022,-7.00035253,4.53950679,5.378125603,-2.274498469,-2.710704645,-0.02258920538,-30,1,0,0,0,1667.724034,10.14135372,44.145,0,-813.2113935
25.41,-22.677554,25.2683142,-7.005362983,4.593147099,5.364030828,-2.301562659,-2.706419004,-0.0225534917,-30,1,0,0,0,1663.740238,10.38598944,44.145,0,-811.9257011
25.42,-22.64308849,25.23795257,-7.010373845,4.646646732,5.349963312,-2.328577741,-2.701508213,-0.02251256844,-30,1,0,0,0,1659.766882,10.63288814,44.145,0,-810.4524638
25.43,-22.60837589,25.20706296,-7.015385153,4.700005962,5.335923059,-2.355539325,-2.696158448,-0.02246798707,-30,1,0,0,0,1655.803946,10.88202823,44.145,0,-808.8475344
25.44,-22.57342168,25.17564308,-7.020396932,4.753225063,5.321910073,-2.382444323,-2.690499787,-0.02242083156,-30,1,0,0,0,1651.85141,11.13338825,44.145,0,-807.149936
25.45,-22.53823138,25.14369066,-7.025409201,4.806304307,5.307924359,-2.409290559,-2.684623565,-0.02237186304,-30,1,0,0,0,1647.909255,11.38694684,44.145,0,-805.3870694
25.46,-22.50281049,25.11120347,-7.030421973,4.859243966,5.29396592,-2.436076501,-2.678594227,-0.02232161856,-30,1,0,0,0,1643.977459,11.64268279,44.145,0,-803.5782682
25.47,-22.46716455,25.07817936,-7.035435256,4.912044313,5.280034759,-2.462801076,-2.67245746,-0.02227047883,-30,1,0,0,0,1640.056003,11.90057497,44.145,0,-801.737238
25.48,-22.4312991,25.04461618,-7.040449056,4.964705622,5.266130878,-2.489463534,-2.666245799,-0.02221871499,-30,1,0,0,0,1636.144866,12.16060239,44.145,0,-799.8737397
25.49,-22.39521967,25.01051185,-7.045463379,5.017228165,5.252254279,-2.516063359,-2.65998252,-0.022166521,-30,1,0,0,0,1632.244028,12.42274416,44.145,0,-797.994756
25.5,-22.35893183,24.97586434,-7.050478226,5.069612215,5.238404966,-2.542600202,-2.653684346,-0.02211403621,-30,1,0,0,0,1628.353469,12.68697954,44.145,0,-796.1053037
25.51,-22.32244114,24.94067163,-7.055493601,5.121858044,5.224582938,-2.569073836,-2.647363342,-0.02206136119,-30,1,0,0,0,1624.473169,12.95328788,44.145,0,-794.2090027
25.52,-22.28575317,24.90493179,-7.060509503,5.173965926,5.210788197,-2.595484118,-2.641028253,-0.02200856877,-30,1,0,0,0,1620.603108,13.22164863,44.145,0,-792.3084758
25.53,-22.24887351,24.86864291,-7.065525933,5.225936133,5.197020744,-2.621830973,-2.634685438,-0.02195571198,-30,1,0,0,0,1616.743265,13.4920414,44.145,0,-790.4056314
25.54,-22.21180775,24.83180312,-7.070542893,5.277768939,5.18328058,-2.648114368,-2.628339544,-0.02190282953,-30,1,0,0,0,1612.89362,13.76444587,44.145,0,-788.5018632
25.55,-22.17456149,24.7944106,-7.075560381,5.329464616,5.169567703,-2.674334308,-2.621993979,-0.02184994982,-30,1,0,0,0,1609.054153,14.03884187,44.145,0,-786.5981936
25.56,-22.13714032,24.75646359,-7.080578398,5.381023437,5.155882113,-2.70049082,-2.615651251,-0.02179709376,-30,1,0,0,0,1605.224843,14.31520932,44.145,0,-784.6953752
25.57,-22.09954987,24.71796036,-7.085596943,5.432445675,5.14222381,-2.726583952,-2.609313214,-0.02174427679,-30,1,0,0,0,1601.405671,14.59352827,44.145,0,-782.7939643
25.58,-22.06179575,24.67889921,-7.090616015,5.483731603,5.128592793,-2.752613765,-2.602981246,-0.02169151038,-30,1,0,0,0,1597.596617,14.87377887,44.145,0,-780.8943738
25.59,-22.02388358,24.63927853,-7.095635615,5.534881494,5.114989059,-2.778580329,-2.596656371,-0.02163880309,-30,1,0,0,0,1593.797659,15.1559414,44.145,0,-778.9969114
25.6,-21.985819,24.5990967,-7.100655741,5.58589562,5.101412607,-2.804483722,-2.590339357,-0.02158616131,-30,1,0,0,0,1590.008778,15.43999623,44.145,0,-777.1018071
25.61,-21.94760765,24.55835218,-7.105676393,5.636774254,5.087863434,-2.83032403,-2.58403078,-0.02153358983,-30,1,0,0,0,1586.229954,15.72592386,44.145,0,-775.209234
25.62,-21.90925517,24.51704348,-7.11069757,5.68751767,5.074341538,-2.856101341,-2.577731075,-0.02148109229,-30,1,0,0,0,1582.461166,16.01370489,44.145,0,-773.3193224
25.63,-21.8707672,24.47516912,-7.115719271,5.738126139,5.060846916,-2.881815746,-2.571440571,-0.02142867143,-30,1,0,0,0,1578.702395,16.30332005,44.145,0,-771.4321714
25.64,-21.83214939,24.43272769,-7.120741495,5.788599935,5.047379564,-2.907467342,-2.565159521,-0.02137632934,-30,1,0,0,0,1574.953619,16.59475016,44.145,0,-769.5478564
25.65,-21.79340742,24.38971783,-7.125764243,5.838939329,5.033939478,-2.933056223,-2.558888117,-0.02132406764,-30,1,0,0,0,1571.21482,16.88797616,44.145,0,-767.6664351
25.66,-21.75454693,24.34613821,-7.130787511,5.889144596,5.020526655,-2.958582488,-2.552626507,-0.02127188755,-30,1,0,0,0,1567.485976,17.1829791,44.145,0,-765.787952
25.67,-21.71557359,24.30198754,-7.135811301,5.939216007,5.007141089,-2.984046236,-2.546374806,-0.02121979005,-30,1,0,0,0,1563.767067,17.47974013,44.145,0,-763.9124417
25.68,-21.67649307,24.2572646,-7.140835611,5.989153835,4.993782777,-3.009447567,-2.540133104,-0.02116777587,-30,1,0,0,0,1560.058074,17.77824053,44.145,0,-762.0399312
25.69,-21.63731105,24.21196818,-7.145860441,6.038958352,4.980451712,-3.034786582,-2.533901473,-0.02111584561,-30,1,0,0,0,1556.358975,18.07846168,44.145,0,-760.1704419
25.7,-21.59803319,24.16609714,-7.150885788,6.088629831,4.967147889,-3.060063381,-2.527679969,-0.02106399974,-30,1,0,0,0,1552.669752,18.38038506,44.145,0,-758.3039906
25.71,-21.55866518,24.11965039,-7.155911654,6.138168544,4.953871302,-3.085278068,-2.521468637,-0.02101223864,-30,1,0,0,0,1548.990383,18.68399226,44.145,0,-756.440591
25.72,-21.5192127,24.07262686,-7.160938036,6.187574763,4.940621945,-3.110430743,-2.515267514,-0.02096056262,-30,1,0,0,0,1545.320849,18.98926499,44.145,0,-754.5802542
25.73,-21.47968142,24.02502553,-7.165964934,6.236848761,4.927399812,-3.135521509,-2.50907663,-0.02090897192,-30,1,0,0,0,1541.661129,19.29618505,44.145,0,-752.7229891
25.74,-21.44007704,23.97684544,-7.170992347,6.28599081,4.914204895,-3.160550469,-2.502896012,-0.02085746677,-30,1,0,0,0,1538.011203,19.60473436,44.145,0,-750.8688036
25.75,-21.40040523,23.92808566,-7.176020274,6.335001182,4.901037187,-3.185517726,-2.496725679,-0.02080604733,-30,1,0,0,0,1534.371051,19.91489495,44.145,0,-749.0177038
25.76,-21.36067169,23.87874532,-7.181048715,6.383880149,4.887896681,-3.210423383,-2.490565651,-0.02075471376,-30,1,0,0,0,1530.740653,20.22664895,44.145,0,-747.1696954
25.77,-21.3208821,23.82882356,-7.186077668,6.432627982,4.874783368,-3.235267542,-2.484415944,-0.0207034662,-30,1,0,0,0,1527.119989,20.53997858,44.145,0,-745.3247831
25.78,-21.28104215,23.77831962,-7.191107133,6.481244955,4.86169724,-3.260050308,-2.47827657,-0.02065230475,-30,1,0,0,0,1523.509038,20.85486619,44.145,0,-743.4829711
25.79,-21.24115754,23.72723272,-7.196137108,6.529731338,4.84863829,-3.284771783,-2.472147544,-0.02060122953,-30,1,0,0,0,1519.907781,21.17129423,44.145,0,-741.6442632
25.8,-21.20123393,23.67556218,-7.201167593,6.578087403,4.835606507,-3.309432072,-2.466028876,-0.02055024063,-30,1,0,0,0,1516.316197,21.48924524,44.145,0,-739.8086628
25.81,-21.16127704,23.62330732,-7.206198588,6.626313422,4.822601882,-3.334031278,-2.459920576,-0.02049933814,-30,1,0,0,0,1512.734266,21.80870188,44.145,0,-737.9761729
25.82,-21.12129253,23.57046754,-7.21123009,6.674409666,4.809624406,-3.358569504,-2.453822655,-0.02044852212,-30,1,0,0,0,1509.161969,22.1296469,44.145,0,-736.1467965
25.83,-21.08128611,23.51704226,-7.2162621,6.722376406,4.79667407,-3.383046855,-2.44773512,-0.02039779267,-30,1,0,0,0,1505.599284,22.45206317,44.145,0,-734.3205361
25.84,-21.04126345,23.46303095,-7.221294616,6.770213915,4.783750862,-3.407463435,-2.441657981,-0.02034714984,-30,1,0,0,0,1502.046192,22.77593365,44.145,0,-732.4973944
25.85,-21.00123024,23.40843314,-7.226327638,6.817922463,4.770854772,-3.431819348,-2.435591245,-0.02029659371,-30,1,0,0,0,1498.502673,23.10124141,44.145,0,-730.6773736
25.86,-20.96119216,23.35324837,-7.231361165,6.865502321,4.757985789,-3.456114697,-2.42953492,-0.02024612434,-30,1,0,0,0,1494.968706,23.42796962,44.145,0,-728.8604761
25.87,-20.92115489,23.29747625,-7.236395195,6.91295376,4.745143903,-3.480349587,-2.423489013,-0.02019574178,-30,1,0,0,0,1491.444273,23.75610155,44.145,0,-727.0467039
25.88,-20.88112411,23.24111642,-7.241429728,6.960277051,4.732329102,-3.504524122,-2.417453531,-0.02014544609,-30,1,0,0,0,1487.929351,24.08562056,44.145,0,-725.2360592
25.89,-20.8411055,23.18416859,-7.246464764,7.007472464,4.719541373,-3.528638407,-2.411428479,-0.02009523733,-30,1,0,0,0,1484.423922,24.41651014,44.145,0,-723.4285438
25.9,-20.80110471,23.12663248,-7.2515003,7.054540271,4.706780706,-3.552692546,-2.405413866,-0.02004511555,-30,1,0,0,0,1480.927966,24.74875385,44.145,0,-721.6241598
25.91,-20.76112743,23.06850786,-7.256536337,7.101480742,4.694047087,-3.576686643,-2.399409696,-0.0199950808,-30,1,0,0,0,1477.441461,25.08233537,44.145,0,-719.8229088
25.92,-20.72117932,23.00979456,-7.261572874,7.148294147,4.681340503,-3.600620803,-2.393415976,-0.01994513313,-30,1,0,0,0,1473.964389,25.41723848,44.145,0,-718.0247928
25.93,-20.68126604,22.95049245,-7.266609909,7.194980757,4.668660943,-3.62449513,-2.387432711,-0.01989527259,-30,1,0,0,0,1470.49673,25.75344705,44.145,0,-716.2298134
25.94,-20.64139324,22.89060142,-7.271647442,7.241540841,4.656008391,-3.648309729,-2.381459908,-0.01984549923,-30,1,0,0,0,1467.038462,26.09094504,44.145,0,-714.4379723
25.95,-20.60156658,22.83012144,-7.276685471,7.287974669,4.643382836,-3.672064704,-2.37549757,-0.01979581308,-30,1,0,0,0,1463.589567,26.42971653,44.145,0,-712.649271
25.96,-20.56179171,22.76905248,-7.281723997,7.334282512,4.630784263,-3.695760161,-2.369545704,-0.0197462142,-30,1,0,0,0,1460.150025,26.76974569,44.145,0,-710.8637112
25.97,-20.52207427,22.7073946,-7.286763018,7.380464638,4.618212657,-3.719396205,-2.363604314,-0.01969670262,-30,1,0,0,0,1456.719814,27.11101678,44.145,0,-709.0812943
25.98,-20.4824199,22.64514786,-7.291802533,7.426521318,4.605668005,-3.742972939,-2.357673406,-0.01964727838,-30,1,0,0,0,1453.298916,27.45351417,44.145,0,-707.3020218
25.99,-20.44283422,22.58231239,-7.296842541,7.472452821,4.593150291,-3.766490469,-2.351752984,-0.01959794153,-30,1,0,0,0,1449.88731,27.79722232,44.145,0,-705.5258951
26,-20.40332287,22.51888835,-7.301883042,7.518259416,4.580659501,-3.789948899,-2.345843052,-0.0195486921,-30,1,0,0,0,1446.484976,28.14212579,44.145,0,-703.7529155
26.01,-20.36389147,22.45487596,-7.306924034,7.563941372,4.56819562,-3.813348335,-2.339943615,-0.01949953012,-30,1,0,0,0,1443.091895,28.48820922,44.145,0,-701.9830844
26.02,-20.32454562,22.39027545,-7.311965517,7.609498959,4.55575863,-3.836688882,-2.334054677,-0.01945045564,-30,1,0,0,0,1439.708046,28.83545738,44.145,0,-700.2164031
26.03,-20.28529094,22.32508713,-7.31700749,7.654932444,4.543348518,-3.859970644,-2.328176243,-0.01940146869,-30,1,0,0,0,1436.33341,29.1838551,44.145,0,-698.4528728
26.04,-20.24613303,22.25931132,-7.322049952,7.700242097,4.530965266,-3.883193728,-2.322308315,-0.01935256929,-30,1,0,0,0,1432.967967,29.53338732,44.145,0,-696.6924946
26.05,-20.20707747,22.19294841,-7.327092903,7.745428185,4.518608858,-3.906358237,-2.316450899,-0.01930375749,-30,1,0,0,0,1429.611697,29.88403909,44.145,0,-694.9352697
26.06,-20.16812986,22.12599881,-7.33213634,7.790490978,4.506279278,-3.914384632,-0.8026395239,-0.006688662699,-29.28,1,0,0,0,1426.264579,30.23579552,44.145,0,-240.7918572
26.07,-20.12929577,22.05846298,-7.337160907,7.835430743,4.493976508,-3.909595795,0.4788836277,0.003990696897,-28.56,1,0,0,0,1422.926594,30.58864184,44.145,0,143.6650883
26.08,-20.09057945,21.99034217,-7.342150545,7.880247748,4.481700531,-3.892033953,1.75618421,0.01463486841,-27.75,1,0,0,0,1419.597723,30.94256336,44.145,0,526.8552629
26.09,-20.051984,21.9216383,-7.347089519,7.924942262,4.46945133,-3.848507457,4.35264962,0.03627208017,-26.22,1,0,0,0,1416.277945,31.29754551,44.145,0,1305.794886
26.1,-20.01351138,21.8523539,-7.351945715,7.969514551,4.457228887,-3.799834663,4.867279403,0.04056066169,-25.5,1,0,0,0,1412.96724,31.65357376,44.145,0,1460.183821
26.11,-19.97516118,21.78249276,-7.356713678,8.013964882,4.445033184,-3.746670268,5.31643953,0.04430366275,-24.78,1,0,0,0,1409.665589,32.01063373,44.145,0,1594.931859
26.12,-19.93693247,21.7120589,-7.361388854,8.058293524,4.432864202,-3.689560514,5.710975413,0.04759146178,-24.06,1,0,0,0,1406.372972,32.3687111,44.145,0,1713.292624
26.13,-19.89882384,21.64105649,-7.365967442,8.102500744,4.420721923,-3.628961784,6.059872979,0.05049894149,-23.34,1,0,0,0,1403.089369,32.72779164,44.145,0,1817.961894
26.14,-19.86083341,21.56948988,-7.370446259,8.146586807,4.408606328,-3.550176275,7.878550911,0.06565459093,-21.9,1,0,0,0,1399.81476,33.08786122,44.145,0,2363.565273
26.15,-19.82295894,21.49736352,-7.374804129,8.190551981,4.396517399,-3.470824809,7.935146576,0.06612622146,-21.18,1,0,0,0,1396.549125,33.44890581,44.145,0,2380.543973
26.16,-19.78519644,21.42468266,-7.379041725,8.234396532,4.384455115,-3.39082656,7.99982495,0.06666520792,-20.46,1,0,0,0,1393.292446,33.81091144,44.145,0,2399.947485
26.17,-19.74754178,21.35145251,-7.383159606,8.278120727,4.372419457,-3.310114424,8.071213509,0.06726011258,-19.74,1,0,0,0,1390.044701,34.17386427,44.145,0,2421.364053
26.18,-19.70999065,21.27767825,-7.387158236,8.321724831,4.360410405,-3.213553094,9.656133052,0.08046777544,-18.3,1,0,0,0,1386.805872,34.53775051,44.145,0,2896.839916
26.19,-19.67253858,21.20336505,-7.391019879,8.36520911,4.34842794,-3.118350586,9.52025082,0.0793354235,-17.58,1,0,0,0,1383.575938,34.9025565,44.145,0,2856.075246
26.2,-19.63517955,21.1285187,-7.394747641,8.40857383,4.33647204,-3.022249244,9.610134138,0.08008445115,-16.77,1,0,0,0,1380.354881,35.26826862,44.145,0,2883.040241
26.21,-19.59790757,21.05314489,-7.398341888,8.451819257,4.324542686,-2.925205046,9.704419849,0.08087016541,-15.96,1,0,0,0,1377.142679,35.63487339,44.145,0,2911.325955
26.22,-19.56071645,20.97724927,-7.401802924,8.494945656,4.312639856,-2.827181588,9.802345835,0.08168621529,-15.15,1,0,0,0,1373.939314,36.00235737,44.145,0,2940.70375
26.23,-19.5235998,20.90083746,-7.405130999,8.537953291,4.30076353,-2.729081588,9.81,0.09509365131,-13.62,1,0,0,0,1370.744766,36.37070725,44.145,0,2943
26.24,-19.48655103,20.82391508,-7.408327411,8.580842428,4.288913686,-2.630981588,9.81,0.09449372087,-12.9,1,0,0,0,1367.559015,36.73990979,44.145,0,2943
26.25,-19.44956345,20.74648766,-7.411393522,8.623613331,4.277090302,-2.532881588,9.81,0.09403000314,-12.18,1,0,0,0,1364.382042,37.10995181,44.145,0,2943
26.26,-19.41263027,20.6685607,-7.414330668,8.666266265,4.265293357,-2.434781588,9.81,0.09369991961,-11.46,1,0,0,0,1361.213827,37.48082027,44.145,0,2943
26.27,-19.3757446,20.59013963,-7.417140161,8.708801493,4.253522829,-2.336681588,9.81,0.09350095528,-10.74,1,0,0,0,1358.054351,37.85250217,44.145,0,2943
26.28,-19.33889943,20.51122984,-7.419823288,8.75121928,4.241778695,-2.238581588,9.81,0.1059970273,-9.3,1,0,0,0,1354.903593,38.22498462,44.145,0,2943
26.29,-19.30208769,20.43183664,-7.42238131,8.793519889,4.230060933,-2.140481588,9.81,0.1076237971,-8.49,1,0,0,0,1351.761535,38.5982548,44.145,0,2943
26.3,-19.2653022,20.35196532,-7.424815468,8.835703584,4.218369521,-2.042381588,9.81,0.1093745031,-7.68,1,0,0,0,1348.628156,38.97229999,44.145,0,2943
26.31,-19.22853572,20.27162112,-7.427126978,8.877770629,4.206704435,-1.944281588,9.81,0.1096760692,-6.96,1,0,0,0,1345.503438,39.34710755,44.145,0,2943
26.32,-19.19178088,20.19080922,-7.429317034,8.919721285,4.195065653,-1.846181588,9.81,0.1100970664,-6.24,1,0,0,0,1342.387361,39.72266491,44.145,0,2943
26.33,-19.15503027,20.10953477,-7.431386809,8.961555817,4.183453151,-1.748081588,9.81,0.1232016931,-4.8,1,0,0,0,1339.279905,40.09895961,44.145,0,2943
26.34,-19.11827639,20.02780289,-7.433337454,9.003274486,4.171866904,-1.649981588,9.81,0.1238550869,-4.08,1,0,0,0,1336.181051,40.47597926,44.145,0,2943
26.35,-19.08151165,19.94561865,-7.435170101,9.044877555,4.160306891,-1.551881588,9.81,0.1261923435,-3.27,1,0,0,0,1333.090779,40.85371154,44.145,0,2943
26.36,-19.04472839,19.8629871,-7.436885858,9.086365286,4.148773086,-1.453781588,9.81,0.1270698472,-2.55,1,0,0,0,1330.00907,41.23214423,44.145,0,2943
26.37,-19.0079189,19.77991325,-7.438485817,9.12773794,4.137265465,-1.355681588,9.81,0.1406227889,-1.11,1,0,0,0,1326.935905,41.61126519,44.145,0,2943
26.38,-18.97107537,19.69640209,-7.43997105,9.16899578,4.125784004,-1.257581588,9.81,0.141716497,-0.39,1,0,0,0,1323.871264,41.99106235,44.145,0,2943
26.39,-18.93418994,19.61245858,-7.441342609,9.210139067,4.114328679,-1.159481588,9.81,0.1371558694,0,1,0,0,0,1320.815127,42.37152374,44.145,0,2943
26.4,-18.89725468,19.52808765,-7.442601528,9.251168062,4.102899463,-1.061381588,9.81,0.1258918654,0,1,0,0,0,1317.767477,42.75263746,44.145,0,2943
26.41,-18.8602616,19.44329424,-7.443748822,9.292083025,4.091496333,-0.9632815875,9.81,0.1147294677,0,1,0,0,0,1314.728292,43.1343917,44.145,0,2943
26.42,-18.82320265,19.35808324,-7.444785491,9.332884218,4.080119263,-0.8651815875,9.81,0.1036669157,0,1,0,0,0,1311.697554,43.5167747,44.145,0,2943
26.43,-18.78606972,19.27245953,-7.445712516,9.3735719,4.068768228,-0.7670815875,9.81,0.09270248804,0,1,0,0,0,1308.675243,43.89977482,44.145,0,2943
26.44,-18.74885464,19.18642801,-7.446530861,9.414146332,4.057443201,-0.6689815875,9.81,0.08183450191,0,1,0,0,0,1305.661341,44.28338048,44.145,0,2943
26.45,-18.7115492,19.09999353,-7.447241474,9.454607774,4.046144157,-0.5837080134,8.527357412,0.07106131177,0,1,0,0,0,1302.655827,44.66758018,44.145,0,2558.207224
26.46,-18.67414511,19.01316096,-7.447858854,9.494956484,4.03487107,-0.5096224846,7.408552876,0.06173794063,0,1,0,0,0,1299.658683,45.05236251,44.145,0,2222.565863
26.47,-18.63663524,18.92593465,-7.448395583,9.535192723,4.023623913,-0.4452149244,6.440756022,0.05367296685,0,1,0,0,0,1296.66989,45.43771611,44.145,0,1932.226807
26.48,-18.59901344,18.8383185,-7.448862501,9.57531675,4.012402661,-0.3891848132,5.603011127,0.0466917594,0,1,0,0,0,1293.689428,45.82362974,44.145,0,1680.903338
26.49,-18.56127441,18.75031603,-7.449268947,9.615328823,4.001207285,-0.3404113064,4.877350671,0.04064458893,0,1,0,0,0,1290.717278,46.21009219,44.145,0,1463.205201
26.5,-18.5234136,18.66193043,-7.449622977,9.6552292,3.990037761,-0.279078173,6.133313347,0.05111094456,0.9,1,0,0,0,1287.753421,46.59709238,44.145,0,1839.994004
26.51,-18.48542711,18.57316461,-7.44991202,9.695018141,3.978894059,-0.2066938351,7.238433791,0.06032028159,1.8,1,0,0,0,1284.797837,46.98461926,44.145,0,2171.530137
26.52,-18.44730984,18.48402196,-7.450125216,9.733926792,3.890865123,-0.126446612,8.024722305,0.06687268587,2.61,0.982,0,0,0,1258.777199,47.37266188,44.145,0,2407.416691
26.53,-18.40905868,18.3945134,-7.450255119,9.772046286,3.811949326,-0.04111489722,8.533171479,0.07110976232,3.33,0.966,0,0,0,1235.483461,47.75366272,44.145,0,2559.951444
26.54,-18.37066939,18.30464933,-7.450297193,9.808701144,3.665485841,0.05698510278,9.81,0.08745960426,4.77,0.934,0,0,0,1191.919168,48.12841586,44.145,0,2943
26.55,-18.3321399,18.21444656,-7.450239097,9.84458025,3.587910569,0.1550851028,9.81,0.09000892775,5.49,0.918,0,0,0,1169.008322,48.49015154,44.145,0,2943
26.56,-18.29346422,18.12391608,-7.450081563,9.87960372,3.502347023,0.2531851028,9.81,0.09420239445,6.3,0.9,0,0,0,1143.69465,48.84554319,44.145,0,2943
26.57,-18.25463663,18.03306964,-7.449825293,9.913776848,3.41731282,0.3512851028,9.81,0.09846585938,7.11,0.882,0,0,0,1118.532557,49.19371111,44.145,0,2943
26.58,-18.21565137,17.94191896,-7.449470952,9.947020427,3.324357906,0.4493851028,9.81,0.1043668394,8.01,0.862,0,0,0,1090.986989,49.53461758,44.145,0,2943
26.59,-18.17650299,17.85047649,-7.449019174,9.979255824,3.22353968,0.5474851028,9.81,0.111901772,9,0.84,0,0,0,1061.074285,49.86738055,44.145,0,2943
26.6,-18.13718629,17.75875543,-7.448470551,10.01065709,3.140126951,0.6455851028,9.81,0.116354482,9.81,0.822,0,0,0,1036.374201,50.19111559,44.145,0,2943
26.61,-18.0976954,17.66676742,-7.447825653,10.04106121,3.040411317,0.7436851028,9.81,0.1240057763,10.8,0.8,0,0,0,1006.775876,50.50748074,44.145,0,2943
26.62,-18.05802508,17.57452558,-7.447085009,10.07072504,2.96638307,0.8417851028,9.81,0.1269975369,11.52,0.784,0,0,0,984.8746677,50.81474672,44.145,0,2943
26.63,-18.01816906,17.48204073,-7.446249135,10.09948541,2.876037105,0.9398851028,9.81,0.1331825546,12.42,0.764,0,0,0,958.0715609,51.1154294,44.145,0,2943
26.64,-17.9781217,17.3893252,-7.445318509,10.12734719,2.786177788,1.037985103,9.81,0.1394151839,13.32,0.744,0,0,0,931.4061375,51.40780118,44.145,0,2943
26.65,-17.93787735,17.2963913,-7.444293576,10.15439842,2.705123135,1.136085103,9.81,0.1441217362,14.13,0.726,0,0,0,907.3737735,51.69183316,44.145,0,2943
26.66,-17.89743002,17.20325058,-7.443174765,10.18064325,2.624482885,1.234185103,9.81,0.1488711062,14.94,0.708,0,0,0,883.4582163,51.96835084,44.145,0,2943
26.67,-17.85677371,17.10991456,-7.441962479,10.20517206,2.452881198,1.332285103,9.81,0.1709395192,16.74,0.668,0,0,0,832.2466897,52.23733044,44.145,0,2943
26.68,-17.81590604,17.01640313,-7.440656979,10.22965201,2.447995391,1.430385103,9.81,0.1616181275,16.74,0.668,0,0,0,831.0329678,52.48935052,44.145,0,2943
26.69,-17.77481801,16.92272094,-7.439258706,10.25250967,2.285765887,1.528485103,9.81,0.1821858999,18.45,0.63,0,0,0,782.6162394,52.74147327,44.145,0,2943
26.7,-17.73350692,16.8288871,-7.437767866,10.27441417,2.190449697,1.626585103,9.81,0.1902080114,19.44,0.608,0,0,0,754.2573422,52.9774331,44.145,0,2943
26.71,-17.69196742,16.73491461,-7.436184724,10.29627823,2.186405937,1.724685103,9.81,0.1809778608,19.44,0.608,0,0,0,753.2708286,53.2040476,44.145,0,2943
26.72,-17.65019049,16.64080817,-7.434509667,10.31653465,2.025641755,1.822785103,9.81,0.2016314552,21.15,0.57,0,0,0,705.2682526,53.43072605,44.145,0,2943
26.73,-17.60817349,16.54658683,-7.43274281,10.33601405,1.947940647,1.920885103,9.81,0.2065885109,21.96,0.552,0,0,0,682.1683612,53.64116709,44.145,0,2943
26.74,-17.56591043,16.45226211,-7.430884371,10.35455495,1.854089396,2.018985103,9.81,0.214709169,22.95,0.53,0,0,0,654.2157446,53.84392598,44.145,0,2943
26.75,-17.52339602,16.35784704,-7.428934518,10.37224313,1.768818843,2.117085103,9.81,0.2212758135,23.85,0.51,0,0,0,628.8279243,54.03727129,44.145,0,2943
26.76,-17.48062465,16.26335391,-7.426893412,10.38908177,1.683863141,2.215185103,9.81,0.2278583577,24.75,0.49,0,0,0,603.52599,54.22204753,44.145,0,2943
26.77,-17.43759076,16.16879501,-7.424761188,10.40499183,1.591006411,2.313285103,9.81,0.2360253345,25.74,0.468,0,0,0,575.8451655,54.39824204,44.145,0,2943
26.78,-17.39428912,16.07418341,-7.422537943,10.42087795,1.588612112,2.411385103,9.81,0.2269232017,25.74,0.468,0,0,0,575.2936166,54.56498291,44.145,0,2943
26.79,-17.35071082,15.97952401,-7.420223948,10.43592143,1.50434836,2.509485103,9.81,0.2335562938,26.64,0.448,0,0,0,550.1812354,54.73172742,44.145,0,2943
26.8,-17.30685037,15.88482921,-7.417819288,10.45004323,1.412179465,2.607585103,9.81,0.2417683938,27.63,0.426,0,0,0,522.6887014,54.88986191,44.145,0,2943
26.81,-17.26270268,15.79011215,-7.415324001,10.4632462,1.32029755,2.705685103,9.81,0.2499845892,28.62,0.404,0,0,0,495.2727804,55.03851536,44.145,0,2943
26.82,-17.2182627,15.69538601,-7.412738107,10.47561474,1.236853653,2.803785103,9.81,0.2566317431,29.52,0.384,0,0,0,470.3787746,55.17767865,44.145,0,2943
26.83,-17.1735251,15.60066327,-7.410061619,10.48690637,1.129163368,2.901885103,9.81,0.255950034,30,0.358,0,0,0,438.2022165,55.30820612,44.145,0,2943
26.84,-17.12848564,15.50595864,-7.407294468,10.4972055,1.029912216,2.999985103,9.81,0.2468836988,30,0.334,0,0,0,408.5461682,55.42750348,44.145,0,2943
26.85,-17.0831398,15.41128611,-7.404436579,10.50684053,0.9635035528,3.098085103,9.81,0.2378098479,30,0.318,0,0,0,388.7324927,55.53642691,44.145,0,2943
26.86,-17.03748171,15.31665679,-7.401487943,10.51581302,0.8972488736,3.196185103,9.81,0.2287351491,30,0.302,0,0,0,368.9580859,55.63842378,44.145,0,2943
26.87,-16.99150556,15.22208181,-7.398448534,10.52412442,0.8311402091,3.294285103,9.81,0.2196579299,30,0.286,0,0,0,349.2205538,55.73349104,44.145,0,2943
26.88,-16.94520561,15.12757237,-7.395318312,10.53145067,0.7326246783,3.392385103,9.81,0.2105765259,30,0.262,0,0,0,319.7540297,55.82162622,44.145,0,2943
26.89,-16.89857762,15.03314264,-7.392097117,10.53795632,0.6505654099,3.490485103,9.81,0.2014793251,30,0.242,0,0,0,295.2139954,55.89937242,44.145,0,2943
26.9,-16.85161669,14.93880535,-7.388784819,10.54372414,0.5767817604,3.588585103,9.81,0.1923689816,30,0.224,0,0,0,273.147984,55.96845584,44.145,0,2943
26.91,-16.80431768,14.84457257,-7.385381292,10.5488366,0.5112460223,3.686685103,9.81,0.1832460639,30,0.208,0,0,0,253.5485466,56.02973986,44.145,0,2943
26.92,-16.75667513,14.75045572,-7.381886419,10.55223858,0.3401976364,3.784785103,9.81,0.1741114111,30,0.166,0,0,0,202.2883796,56.08408864,44.145,0,2943
26.93,-16.70868848,14.65647564,-7.378299706,10.55563795,0.339937598,3.882885103,9.81,0.1649274781,30,0.166,0,0,0,202.2465479,56.12026846,44.145,0,2943
26.94,-16.66034949,14.56263806,-7.374621212,10.55830387,0.2665916659,3.980985103,9.81,0.1557493742,30,0.148,0,0,0,180.2789321,56.15643228,44.145,0,2943
26.95,-16.61165335,14.46895528,-7.370850734,10.55991235,0.1608480515,4.079085103,9.81,0.1465509892,30,0.122,0,0,0,148.5842169,56.18480144,44.145,0,2943
26.96,-16.56259685,14.37544252,-7.366987932,10.56046436,0.05520122839,4.177185103,9.81,0.1373185711,30,0.096,0,0,0,116.9072899,56.20192143,44.145,0,2943
26.97,-16.51317692,14.28211508,-7.363032438,10.56012304,-0.03413262421,4.275285103,9.81,0.1280493983,30,0.074,0,0,0,90.11301016,56.20779742,44.145,0,2943
26.98,-16.46338983,14.18898686,-7.35898392,10.55905123,-0.1071803963,4.373385103,9.81,0.1187469488,30,0.056,0,0,0,68.19504518,56.20416408,44.145,0,2943
26.99,-16.4132312,14.0960704,-7.354842084,10.55716806,-0.1883174189,4.471485103,9.81,0.1094152466,30,0.036,0,0,0,43.84253004,56.19275573,44.145,0,2943
27,-16.36269718,14.00337902,-7.350606588,10.55455493,-0.2613131266,4.569585103,9.81,0.1000491004,30,0.018,0,0,0,21.92377592,56.1727139,44.145,0,2943
27.01,-16.31178362,13.9109254,-7.346277097,10.55129314,-0.3261784905,4.667685103,9.81,0.09064967125,30,0.002,0,0,0,2.436362233,56.14490938,44.145,0,2943
27.02,-16.26048613,13.81872157,-7.341853293,10.5479513,-0.3341840421,4.765147174,9.7462071,0.0812183925,30,0,0,0,0,0,56.11021264,44.145,0,2923.86213
27.03,-16.20879762,13.72677471,-7.337335688,10.54461065,-0.3340655848,4.851353171,8.620599678,0.07183833065,30,0,0,0,0,0,56.07467545,44.145,0,2586.179903
27.04,-16.15671076,13.63509134,-7.332734899,10.54127117,-0.333947207,4.927576987,7.62238162,0.06351984684,30,0,0,0,0,0,56.0391621,44.145,0,2286.714486
27.05,-16.10421927,13.54367753,-7.328060342,10.53793289,-0.3338289086,4.994948713,6.73717259,0.05614310492,30,0,0,0,0,0,56.00367258,44.145,0,2021.151777
27.06,-16.05131779,13.45253898,-7.323320372,10.53459578,-0.3337106896,5.054470828,5.952211492,0.04960176244,30,0,0,0,0,0,55.96820687,44.145,0,1785.663448
27.07,-15.9980018,13.36168098,-7.318522399,10.53125985,-0.3335925498,5.107032574,5.256174607,0.04380145506,30,0,0,0,0,0,55.93276494,44.145,0,1576.852382
27.08,-15.94426752,13.27110852,-7.313672996,10.52792511,-0.3334744893,5.153422715,4.639014097,0.03865845081,30,0,0,0,0,0,55.89734678,44.145,0,1391.704229
27.09,-15.8901118,13.1808263,-7.308777993,10.52459154,-0.3333565079,5.194340861,4.091814613,0.03409845511,30,0,0,0,0,0,55.86195237,44.145,0,1227.544384
27.1,-15.83553209,13.09083876,-7.30384256,10.52125916,-0.3332386056,5.23040752,3.606665972,0.03005554977,30,0,0,0,0,0,55.82658168,44.145,0,1081.999792
27.11,-15.78052633,13.00115009,-7.298871285,10.51792795,-0.3331207823,5.262173022,3.17655012,0.026471251,30,0,0,0,0,0,55.7912347,44.145,0,952.9650359
27.12,-15.72509295,12.91176429,-7.293868234,10.51459792,-0.333003038,5.290125429,2.795240762,0.02329367301,30,0,0,0,0,0,55.75591141,44.145,0,838.5722285
27.13,-15.66923076,12.82268516,-7.288837014,10.51126907,-0.3328853726,5.314697572,2.457214269,0.02047678557,30,0,0,0,0,0,55.72061178,44.145,0,737.1642807
27.14,-15.61293892,12.73391632,-7.283780824,10.50794139,-0.332767786,5.336273278,2.157570577,0.01797975481,30,0,0,0,0,0,55.68533579,44.145,0,647.2711732
27.15,-15.55621694,12.64546125,-7.2787025,10.50461488,-0.3326502781,5.355192907,1.891962971,0.01576635809,30,0,0,0,0,0,55.65008343,44.145,0,567.5888913
27.16,-15.49906459,12.55732328,-7.273604557,10.50128956,-0.3325328489,5.371758265,1.656535751,0.01380446459,30,0,0,0,0,0,55.61485467,44.145,0,496.9607253
27.17,-15.44148189,12.46950562,-7.268489225,10.4979654,-0.3324154983,5.386236954,1.447868909,0.01206557424,30,0,0,0,0,0,55.5796495,44.145,0,434.3606728
27.18,-15.3834691,12.38201137,-7.263358481,10.49464242,-0.3322982263,5.398866244,1.262929019,0.01052440849,30,0,0,0,0,0,55.54446789,44.145,0,378.8787057
27.19,-15.32502667,12.29484352,-7.258214079,10.49132061,-0.3321810328,5.409856501,1.099025649,0.009158547071,30,0,0,0,0,0,55.50930983,44.145,0,329.7076946
27.2,-15.26615523,12.20800497,-7.253057572,10.48799997,-0.3320639176,5.419394227,0.9537726743,0.007948105619,30,0,0,0,0,0,55.47417529,44.145,0,286.1318023
27.21,-15.20685556,12.12149853,-7.247890339,10.4846805,-0.3319468808,5.427644767,0.825053949,0.006875449575,30,0,0,0,0,0,55.43906425,44.145,0,247.5161847
27.22,-15.1471286,12.03532694,-7.2427136,10.4813622,-0.3318299223,5.434754695,0.7109928315,0.005924940263,30,0,0,0,0,0,55.4039767,44.145,0,213.2978495
27.23,-15.0869754,11.94949287,-7.23752844,10.47804507,-0.331713042,5.440853947,0.6099251478,0.005082709565,30,0,0,0,0,0,55.36891261,44.145,0,182.9775443
27.24,-15.02639712,11.86399892,-7.232335817,10.47472911,-0.3315962399,5.446057699,0.5203751964,0.00433645997,30,0,0,0,0,0,55.33387197,44.145,0,156.1125589
27.25,-14.96539503,11.77884764,-7.227136582,10.47141431,-0.3314795158,5.450468043,0.4410344569,0.003675287141,30,0,0,0,0,0,55.29885475,44.145,0,132.3103371
27.26,-14.9039705,11.69404152,-7.221931489,10.46810068,-0.3313628698,5.45417547,0.3707426978,0.003089522482,30,0,0,0,0,0,55.26386093,44.145,0,111.2228094
27.27,-14.84212495,11.609583,-7.216721207,10.46478822,-0.3312463017,5.457260182,0.3084712137,0.002570593448,30,0,0,0,0,0,55.2288905,44.145,0,92.54136412
27.28,-14.7798599,11.52547448,-7.211506329,10.46147692,-0.3311298114,5.459793262,0.2533079525,0.002110899604,30,0,0,0,0,0,55.19394343,44.145,0,75.99238575
27.29,-14.71717692,11.44171832,-7.206287378,10.45816679,-0.331013399,5.461837705,0.2044443202,0.001703702669,30,0,0,0,0,0,55.15901971,44.145,0,61.33329607
27.3,-14.65407765,11.35831684,-7.20106482,10.45485782,-0.3308970644,5.46344934,0.1611634749,0.001343028958,30,0,0,0,0,0,55.12411931,44.145,0,48.34904248
27.31,-14.59056378,11.27527231,-7.195839068,10.45155001,-0.3307808074,5.464677639,0.1228299415,0.001023582846,30,0,0,0,0,0,55.08924221,44.145,0,36.84898245
27.32,-14.52663704,11.192587,-7.190610487,10.44824336,-0.330664628,5.465566443,0.08888039884,0.0007406699903,30,0,0,0,0,0,55.0543884,44.145,0,26.66411965
27.33,-14.46229921,11.11026311,-7.185379401,10.44493788,-0.3305485262,5.466154598,0.05881550804,0.0004901292337,30,0,0,0,0,0,55.01955786,44.145,0,17.64465241
27.34,-14.3975521,11.02830284,-7.180146096,10.44163355,-0.3304325019,5.466476525,0.03219266323,0.0002682721936,30,0,0,0,0,0,54.98475056,44.145,0,9.65779897
27.35,-14.33239759,10.94670836,-7.174910826,10.43833039,-0.330316555,5.466562721,0.00861956199,7.182968325e-05,30,0,0,0,0,0,54.94996649,44.145,0,2.585868597
27.36,-14.26683754,10.8654818,-7.169673818,10.43502838,-0.3302006854,5.466440206,-0.01225149755,-0.0001020958129,30,0,0,0,0,0,54.91520562,44.145,0,-3.675449265
27.37,-14.20087388,10.78462527,-7.164435269,10.43172753,-0.3300848931,5.466132919,-0.0307286746,-0.0002560722883,30,0,0,0,0,0,54.88046793,44.145,0,-9.21860238
27.38,-14.13450856,10.70414087,-7.159195358,10.42842784,-0.3299691781,5.465662068,-0.04708507154,-0.0003923755961,30,0,0,0,0,0,54.84575342,44.145,0,-14.12552146
27.39,-14.06774355,10.62403068,-7.15395424,10.42512931,-0.3298535402,5.465046441,-0.06156271206,-0.0005130226005,30,0,0,0,0,0,54.81106205,44.145,0,-18.46881362
27.4,-14.00058084,10.54429673,-7.148712054,10.42183193,-0.3297379793,5.46430268,-0.0743760691,-0.0006198005759,30,0,0,0,0,0,54.7763938,44.145,0,-22.31282073
27.41,-13.93302244,10.46494106,-7.143468923,10.4185357,-0.3296224956,5.463445528,-0.08571519324,-0.000714293277,30,0,0,0,0,0,54.74174867,44.145,0,-25.71455797
27.42,-13.86507041,10.38596569,-7.138224957,10.41516071,-0.3374990887,5.462488044,-0.09574848676,-0.0007979040564,30,0,0.036,0.036,0.036,0,54.70712662,44.145,2.3976,-28.72454603
27.43,-13.79672731,10.30737321,-7.13298021,10.411687,-0.347370962,5.461436963,-0.1051081021,-0.0008759008507,30,0,0.054,0.054,0.054,0,54.6716886,44.145,5.3946,-31.53243062
27.44,-13.72799589,10.22916634,-7.127734723,10.40809216,-0.3594840867,5.460297044,-0.1139918694,-0.0009499322452,30,0,0.07,0.07,0.07,0,54.635226,44.145,9.065,-34.19756083
27.45,-13.65887906,10.15134795,-7.122488519,10.40434466,-0.3747503491,5.443991499,-1.630554466,-0.01358795388,29.28,0,0.086,0.086,0.086,0,54.59750473,44.145,13.6826,-489.1663397
27.46,-13.58937996,10.07392112,-7.117256098,10.40041297,-0.3931686514,5.41426018,-2.973131938,-0.02477609948,28.56,0,0.102,0.102,0.102,0,54.55819541,44.145,19.2474,-891.9395814
27.47,-13.5195031,9.996888119,-7.112050285,10.39623624,-0.4176732311,5.370757298,-4.350288165,-0.03625240138,27.75,0,0.12,0.12,0.12,0,54.51696933,44.145,26.64,-1305.08645
27.48,-13.44925439,9.920250715,-7.106884226,10.3917403,-0.4495939695,5.313175266,-5.758203197,-0.04798502664,26.85,0,0.14,0.14,0.14,0,54.47319086,44.145,36.26,-1727.460959
27.49,-13.37864126,9.844010226,-7.101771343,10.38683621,-0.4904082876,5.241239876,-7.193539061,-0.05994615884,25.86,0,0.162,0.162,0.162,0,54.42608627,44.145,48.5514,-2158.061718
27.5,-13.30767275,9.768167577,-7.096725302,10.38150958,-0.5326637625,5.158476004,-8.27638719,-0.06896989325,24.96,0,0.182,0.182,0.182,0,54.37472874,44.145,61.2794,-2482.916157
27.51,-13.23635903,9.692722712,-7.091756395,10.37566112,-0.584845245,5.064233619,-9.424238515,-0.07853532096,23.97,0,0.204,0.204,0.204,0,54.31897351,44.145,76.9896,-2827.271554
27.52,-13.1647117,9.61767543,-7.086875517,10.36934185,-0.6319272975,4.966133619,-9.81,-0.08386954588,23.16,0,0.222,0.222,0.222,0,54.25778926,44.145,91.1754,-2943
27.53,-13.09274279,9.543024237,-7.08208627,10.36208547,-0.7256377274,4.868033619,-9.81,-0.0998391559,21.72,0,0.254,0.254,0.254,0,54.19171822,44.145,119.3546,-2943
27.54,-13.02046779,9.468770574,-7.077388341,10.35424776,-0.7837709965,4.769933619,-9.81,-0.1048444987,20.91,0,0.272,0.272,0.272,0,54.11589895,44.145,136.8704,-2943
27.55,-12.94789969,9.394913178,-7.072781601,10.34586025,-0.8387515506,4.671833619,-9.81,-0.1082921094,20.19,0,0.288,0.288,0.288,0,54.03406517,44.145,153.4464,-2943
27.56,-12.87505117,9.321450425,-7.068265945,10.33674058,-0.9119665315,4.573733619,-9.81,-0.1148914933,19.29,0,0.308,0.308,0.308,0,53.94655944,44.145,175.4984,-2943
27.57,-12.80193617,9.248381843,-7.063841211,10.32692035,-0.9820236526,4.475633619,-9.81,-0.1199366382,18.48,0,0.326,0.326,0.326,0,53.85149577,44.145,196.6106,-2943
27.58,-12.72856835,9.1757066,-7.059507263,10.31601646,-1.090388744,4.377533619,-9.81,-0.1312783104,17.31,0,0.352,0.352,0.352,0,53.74922306,44.145,229.2224,-2943
27.59,-12.65496404,9.10342641,-7.055263828,10.30422342,-1.179303929,4.279433619,-9.81,-0.1379348813,16.41,0,0.372,0.372,0.372,0,53.63577858,44.145,256.0104,-2943
27.6,-12.58113818,9.031541476,-7.051110742,10.29129783,-1.292559394,4.181333619,-9.81,-0.1477497242,15.33,0,0.396,0.396,0.396,0,53.51321823,44.145,290.1096,-2943
27.61,-12.50710739,8.960053553,-7.047047762,10.27716902,-1.412880162,4.083233619,-9.81,-0.1575885713,14.25,0,0.42,0.42,0.42,0,53.37904872,44.145,326.34,-2943
27.62,-12.43288879,8.888964736,-7.04307465,10.26304511,-1.412391941,3.985133619,-9.81,-0.1486017097,14.25,0,0.42,0.42,0.42,0,53.23258239,44.145,326.34,-2943
27.63,-12.35849072,8.81826865,-7.039191657,10.24764734,-1.539776559,3.887033619,-9.81,-0.1584394753,13.17,0,0.444,0.444,0.444,0,53.0863678,44.145,364.7016,-2943
27.64,-12.28393073,8.747967615,-7.035398558,10.23090512,-1.674221984,3.788933619,-9.81,-0.1682995477,12.09,0,0.468,0.468,0.468,0,52.9271951,44.145,405.1944,-2943
27.65,-12.20922687,8.67806429,-7.031695139,10.21286897,-1.803614652,3.690833619,-9.81,-0.176610429,11.1,0,0.49,0.49,0.49,0,52.75439546,44.145,444.185,-2943
27.66,-12.13439679,8.608560849,-7.028081234,10.19373124,-1.91377319,3.592733619,-9.81,-0.1817960998,10.29,0,0.508,0.508,0.508,0,52.5685571,44.145,477.4184,-2943
27.67,-12.05945671,8.539458024,-7.02455678,10.17332234,-2.040890423,3.494633619,-9.81,-0.1885589767,9.39,0,0.528,0.528,0.528,0,52.37172694,44.145,515.7504,-2943
27.68,-11.98442407,8.470757571,-7.021121684,10.15172828,-2.159406099,3.396533619,-9.81,-0.1937603238,8.58,0,0.546,0.546,0.546,0,52.16222964,44.145,551.5146,-2943
27.69,-11.90931565,8.402460544,-7.017775915,10.12890949,-2.281878746,3.298433619,-9.81,-0.1989648016,7.77,0,0.564,0.564,0.564,0,51.94102385,44.145,588.4776,-2943
27.7,-11.83414849,8.334568146,-7.014519461,10.10482642,-2.408307276,3.200333619,-9.81,-0.2041705666,6.96,0,0.582,0.582,0.582,0,51.70778295,44.145,626.6394,-2943
27.71,-11.75893988,8.267081727,-7.011352327,10.07943951,-2.538690628,3.102233619,-9.81,-0.2093756201,6.15,0,0.6,0.6,0.6,0,51.46218852,44.145,666,-2943
27.72,-11.68370739,8.200002792,-7.008274543,10.05116017,-2.827934436,3.004133619,-9.81,-0.2302857667,4.44,0,0.638,0.638,0.638,0,51.20393082,44.145,753.0314,-2943
27.73,-11.60848046,8.133343273,-7.0052857,10.02129198,-2.986818045,2.906033619,-9.81,-0.2370996095,3.54,0,0.658,0.658,0.658,0,50.91701362,44.145,800.9834,-2943
27.74,-11.53327877,8.067106311,-7.002385841,9.989618657,-3.167332839,2.807933619,-9.81,-0.2454800283,2.55,0,0.68,0.68,0.68,0,50.6148517,44.145,855.44,-2943
27.75,-11.45812361,8.00129636,-6.999574989,9.957955976,-3.166268035,2.709833619,-9.81,-0.2365792701,2.55,0,0.68,0.68,0.68,0,50.29541038,44.145,855.44,-2943
27.76,-11.38302256,7.935905836,-6.996853714,9.924601907,-3.335406957,2.611733619,-9.81,-0.2433295627,1.65,0,0.7,0.7,0.7,0,49.97708716,44.145,906.5,-2943
27.77,-11.30799598,7.870938265,-6.994222139,9.889507645,-3.509426175,2.513633619,-9.81,-0.25006755,0.75,0,0.72,0.72,0.72,0,49.6428524,44.145,959.04,-2943
27.78,-11.23306461,7.806397388,-6.991680422,9.852441619,-3.706602634,2.415533619,-9.81,-0.2541717656,0,0,0.742,0.742,0.742,0,49.29239018,44.145,1018.5434,-2943
27.79,-11.15825088,7.74228836,-6.989228711,9.813720666,-3.872095284,2.317433619,-9.81,-0.2451710664,0,0,0.76,0.76,0.76,0,48.92358535,44.145,1068.56,-2943
27.8,-11.08357485,7.678614178,-6.986867289,9.772920526,-4.080013977,2.219333619,-9.81,-0.2361422031,0,0,0.782,0.782,0.782,0,48.53979311,44.145,1131.3194,-2943
27.81,-11.00905975,7.615380505,-6.984596388,9.730377792,-4.254273426,2.121233619,-9.81,-0.2270901122,0,0,0.8,0.8,0.8,0,48.13702771,44.145,1184,-2943
27.82,-10.93472624,7.552590737,-6.982416376,9.683803663,-4.657412823,2.023133619,-9.81,-0.2180011572,0,0,0.84,0.84,0.84,0,47.71884699,44.145,1305.36,-2943
27.83,-10.86061248,7.490262931,-6.980327183,9.637244726,-4.65589377,1.925033619,-9.81,-0.208919314,0,0,0.84,0.84,0.84,0,47.26313091,44.145,1305.36,-2943
27.84,-10.78672562,7.42838902,-6.978329689,9.588604234,-4.864049163,1.826933619,-9.81,-0.1997493758,0,0,0.86,0.86,0.86,0,46.8097489,44.145,1368.26,-2943
27.85,-10.71308886,7.366974363,-6.976424372,9.5363019,-5.230233436,1.728833619,-9.81,-0.1905317577,0,0,0.894,0.894,0.894,0,46.3384309,44.145,1478.5866,-2943
27.86,-10.63973751,7.306034346,-6.974611474,9.48201171,-5.429018971,1.630733619,-9.81,-0.1812897323,0,0,0.912,0.912,0.912,0,45.83429118,44.145,1538.7264,-2943
27.87,-10.56669403,7.245573582,-6.972891656,9.4254646,-5.654711024,1.532633619,-9.81,-0.1719818187,0,0,0.932,0.932,0.932,0,45.31390722,44.145,1606.9544,-2943
27.88,-10.49398289,7.185598345,-6.9712656,9.366846432,-5.86181683,1.434533619,-9.81,-0.162605631,0,0,0.95,0.95,0.95,0,44.77504899,44.145,1669.625,-2943
27.89,-10.42162714,7.126113676,-6.969734099,9.305639256,-6.120717524,1.336433619,-9.81,-0.1531501161,0,0,0.972,0.972,0.972,0,44.21985728,44.145,1747.8504,-2943
27.9,-10.34965377,7.067127866,-6.968297944,9.242029015,-6.361024136,1.238333619,-9.81,-0.1436154553,0,0,0.992,0.992,0.992,0,43.64384067,44.145,1820.5184,-2943
27.91,-10.27808832,7.008647981,-6.966958051,9.177455875,-6.457314035,1.140233619,-9.81,-0.1339893671,0,0,1,1,1,0,43.04921056,44.145,1850,-2943
27.92,-10.20694515,6.950671962,-6.965715622,9.112902716,-6.455315837,1.042133619,-9.81,-0.1242428876,0,0,1,1,1,0,42.44975095,44.145,1850,-2943
27.93,-10.13623092,6.893191552,-6.964572041,9.048369394,-6.45333226,0.9440336186,-9.81,-0.1143580318,0,0,1,1,1,0,41.85467794,44.145,1850,-2943
27.94,-10.06595223,6.836198524,-6.963528722,8.983855761,-6.451363288,0.8459336186,-9.81,-0.1043319053,0,0,1,1,1,0,41.2639863,44.145,1850,-2943
27.95,-9.996115627,6.77968468,-6.962587107,8.919361672,-6.449408903,0.7478336186,-9.81,-0.09416153165,0,0,1,1,1,0,40.67767082,44.145,1850,-2943
27.96,-9.926727566,6.723641854,-6.961748668,8.854886981,-6.447469088,0.6497336186,-9.81,-0.0838438496,0,0,1,1,1,0,40.09572637,44.145,1850,-2943
27.97,-9.857794462,6.668061917,-6.961014911,8.790431543,-6.445543826,0.5616827666,-8.805085191,-0.07337570993,0,0,1,1,1,0,39.51814782,44.145,1850,-2641.525557
27.98,-9.789322659,6.612936777,-6.960375941,8.725995212,-6.4436331,0.4850062899,-7.667647677,-0.06389706397,0,0,1,1,1,0,38.9449301,44.145,1850,-2300.294303
27.99,-9.721317824,6.558259163,-6.959820123,8.661577843,-6.441736894,0.4183081616,-6.669812826,-0.05558177355,0,0,1,1,1,0,38.37606819,44.145,1850,-2000.943848
28,-9.65378486,6.504022719,-6.959337176,8.597179291,-6.43985519,0.3603545413,-5.795362035,-0.04829468363,0,0,1,1,1,0,37.81155709,44.145,1850,-1738.608611
28.01,-9.58672801,6.4502219,-6.958918022,8.532799411,-6.437987973,0.3100560149,-5.02985264,-0.04191543867,0,0,1,1,1,0,37.25139185,44.145,1850,-1508.955792
28.02,-9.520150939,6.396851869,-6.958554652,8.468438059,-6.436135225,0.2664516595,-4.360435537,-0.03633696281,0,0,1,1,1,0,36.69556756,44.145,1850,-1308.130661
28.03,-9.454056805,6.343908411,-6.958240011,8.404095089,-6.434296931,0.2286947568,-3.775690265,-0.03146408554,0,0,1,1,1,0,36.14407935,44.145,1850,-1132.70708
28.04,-9.388448323,6.291387858,-6.957967888,8.339770359,-6.432473075,0.1960399968,-3.265476,-0.0272123,0,0,1,1,1,0,35.59692239,44.145,1850,-979.6428001
28.05,-9.323327827,6.239287014,-6.957732822,8.275463722,-6.43066364,0.1678320263,-2.820797049,-0.02350664208,0,0,1,1,1,0,35.0540919,44.145,1850,-846.2391148
28.06,-9.258697314,6.187603102,-6.957530015,8.211175036,-6.42886861,0.1434952111,-2.433681524,-0.02028067936,0,0,1,1,1,0,34.51558311,44.145,1850,-730.1044571
28.07,-9.194558489,6.136333708,-6.957355259,8.146904156,-6.427087971,0.122524491,-2.097072009,-0.01747560008,0,0,1,1,1,0,33.98139132,44.145,1850,-629.1216028
28.08,-9.130912806,6.085476734,-6.957204865,8.082650939,-6.425321706,0.1044772198,-1.804727126,-0.01503939271,0,0,1,1,1,0,33.45151186,44.145,1850,-541.4181377
28.09,-9.067761499,6.035030357,-6.957075604,8.018415241,-6.4235698,0.08896589004,-1.551132972,-0.0129261081,0,0,1,1,1,0,32.92594009,44.145,1850,-465.3398915
28.1,-9.005105608,5.984992994,-6.956964652,7.954196919,-6.421832238,0.07565165464,-1.33142354,-0.01109519616,0,0,1,1,1,0,32.40467142,44.145,1850,-399.4270619
28.11,-8.942946013,5.935363269,-6.956869543,7.889995829,-6.420109004,0.06423856209,-1.141309255,-0.009510910455,0,0,1,1,1,0,31.88770131,44.145,1850,-342.3927764
28.12,-8.881283447,5.886139988,-6.956788125,7.825811828,-6.418400084,0.05446843342,-0.9770128677,-0.008141773898,0,0,1,1,1,0,31.37502523,44.145,1850,-293.1038603
28.13,-8.820118523,5.837322111,-6.956718524,7.761644774,-6.416705462,0.04611631334,-0.8352120078,-0.006960100065,0,0,1,1,1,0,30.86663871,44.145,1850,-250.5636023
28.14,-8.759451746,5.788908734,-6.956659109,7.697494522,-6.415025124,0.03898643589,-0.7129877445,-0.005941564537,0,0,1,1,1,0,30.36253731,44.145,1850,-213.8963233
28.15,-8.699283529,5.74089907,-6.95660846,7.633360932,-6.413359055,0.03290865007,-0.6077785822,-0.005064821518,0,0,1,1,1,0,29.86271665,44.145,1850,-182.3335747
28.16,-8.639614207,5.693292432,-6.956565349,7.569243859,-6.411707241,0.02773525654,-0.5173393534,-0.004311161278,0,0,1,1,1,0,29.36717235,44.145,1850,-155.201806
28.17,-8.580444048,5.646088221,-6.956528707,7.505143163,-6.410069667,0.02333821128,-0.4397045261,-0.003664204385,0,0,1,1,1,0,28.87590011,44.145,1850,-131.9113578
28.18,-8.52177326,5.599285913,-6.95649761,7.441058699,-6.408446319,0.0196066564,-0.3731554872,-0.00310962906,0,0,1,1,1,0,28.38889564,44.145,1850,-111.9466461
28.19,-8.463602004,5.552885046,-6.956471261,7.376990328,-6.406837182,0.0164447424,-0.3161914001,-0.002634928334,0,0,1,1,1,0,27.9061547,44.145,1850,-94.85742003
28.2,-8.405930397,5.506885216,-6.956448969,7.312937905,-6.405242244,0.01376970963,-0.2675032772,-0.002229193976,0,0,1,1,1,0,27.42767309,44.145,1850,-80.25098315
28.21,-8.348758521,5.461286064,-6.95643014,7.24890129,-6.403661489,0.01151020028,-0.2259509348,-0.001882924457,0,0,1,1,1,0,26.95344665,44.145,1850,-67.78528044
28.22,-8.292086426,5.416087274,-6.956414261,7.184880341,-6.402094904,0.009604774925,-0.1905425358,-0.001587854465,0,0,1,1,1,0,26.48347124,44.145,1850,-57.16276075
28.23,-8.235914137,5.371288563,-6.956400893,7.120874917,-6.400542476,0.008000610434,-0.160416449,-0.001336803742,0,0,1,1,1,0,26.01774278,44.145,1850,-48.1249347
28.24,-8.180241657,5.326889678,-6.956389658,7.056884875,-6.399004191,0.006652358621,-0.1348251814,-0.001123543178,0,0,1,1,1,0,25.55625723,44.145,1850,-40.44755441
28.25,-8.12506897,5.282890394,-6.956380231,6.992910074,-6.397480035,0.005521146976,-0.1131211645,-0.0009426763705,0,0,1,1,1,0,25.09901056,44.145,1850,-33.93634934
28.26,-8.070396045,5.239290504,-6.956372336,6.928950374,-6.395969996,0.004573705024,-0.09474419521,-0.0007895349601,0,0,1,1,1,0,24.64599882,44.145,1850,-28.42325856
28.27,-8.016222837,5.196089823,-6.956365735,6.865005634,-6.39447406,0.003781601497,-0.07921035269,-0.0006600862724,0,0,1,1,1,0,24.19721806,44.145,1850,-23.76310581
28.28,-7.962549292,5.153288179,-6.956360226,6.801075712,-6.392992215,0.0031205792,-0.06610222975,-0.0005508519146,0,0,1,1,1,0,23.75266438,44.145,1850,-19.83066893
28.29,-7.909375344,5.110885415,-6.956355638,6.737160467,-6.391524446,0.002569975854,-0.05506033455,-0.0004588361212,0,0,1,1,1,0,23.31233394,44.145,1850,-16.51810036
28.3,-7.856700922,5.068881386,-6.956351823,6.67325976,-6.390070743,0.002112220537,-0.0457755317,-0.0003814627641,0,0,1,1,1,0,22.8762229,44.145,1850,-13.73265951
28.31,-7.804525949,5.027275957,-6.956348658,6.609373449,-6.388631092,0.001732396473,-0.03798240644,-0.0003165200537,0,0,1,1,1,0,22.44432749,44.145,1850,-11.39472193
28.32,-7.752850341,4.986069,-6.956346037,6.545501394,-6.38720548,0.001417862004,-0.03145344689,-0.0002621120574,0,0,1,1,1,0,22.01664396,44.145,1850,-9.436034067
28.33,-7.701674012,4.945260396,-6.956343871,6.481643455,-6.385793895,0.001157922497,-0.02599395069,-0.0002166162557,0,0,1,1,1,0,21.5931686,44.145,1850,-7.798185207
28.34,-7.650996872,4.90485003,-6.956342085,6.417799492,-6.384396326,0.0009435467749,-0.02143757222,-0.0001786464351,0,0,1,1,1,0,21.17389775,44.145,1850,-6.431271665
28.35,-7.600818829,4.864837794,-6.956340614,6.353969364,-6.383012759,0.0007671224208,-0.01764243541,-0.0001470202951,0,0,1,1,1,0,20.75882776,44.145,1850,-5.292730622
28.36,-7.551139788,4.825223585,-6.956339407,6.290152932,-6.381643183,0.0006222449667,-0.01448774541,-0.0001207312118,0,0,1,1,1,0,20.34795505,44.145,1850,-4.346323623
28.37,-7.501959653,4.786007303,-6.956338418,6.226350056,-6.380287587,0.0005035365715,-0.01187083952,-9.892366265e-05,0,0,1,1,1,0,19.94127605,44.145,1850,-3.561251856
28.38,-7.453278329,4.747188852,-6.956337609,6.162560597,-6.378945958,0.0004064903277,-0.009704624384,-8.087186987e-05,0,0,1,1,1,0,19.53878725,44.145,1850,-2.911387315
28.39,-7.405095718,4.708768137,-6.956336949,6.098784414,-6.377618284,0.0003273368029,-0.007915352483,-6.596127069e-05,0,0,1,1,1,0,19.14048517,44.145,1850,-2.374605745
28.4,-7.357411723,4.670745069,-6.956336413,6.035021368,-6.376304554,0.0002629298429,-0.006440695994,-5.367246661e-05,0,0,1,1,1,0,18.74636635,44.145,1850,-1.932208798
28.41,-7.310226245,4.633119559,-6.956335977,5.971271321,-6.375004758,0.0002106490319,-0.005228081099,-4.356734249e-05,0,0,1,1,1,0,18.35642739,44.145,1850,-1.56842433
28.42,-7.263539188,4.595891521,-6.956335624,5.907534132,-6.373718883,0.0001683165327,-0.004233249918,-3.527708265e-05,0,0,1,1,1,0,17.97066492,44.145,1850,-1.269974975
28.43,-7.217350455,4.55906087,-6.956335339,5.843809663,-6.372446919,0.0001341263216,-0.003419021114,-2.849184262e-05,0,0,1,1,1,0,17.5890756,44.145,1850,-1.025706334
28.44,-7.171659948,4.522627524,-6.95633511,5.780097774,-6.371188854,0.0001065840854,-0.002754223618,-2.295186348e-05,0,0,1,1,1,0,17.21165613,44.145,1850,-0.8262670854
28.45,-7.126467571,4.486591401,-6.956334925,5.716398328,-6.369944678,8.445627591e-05,-0.002212780951,-1.843984126e-05,0,0,1,1,1,0,16.83840326,44.145,1850,-0.6638342853
28.46,-7.08177323,4.450952422,-6.956334778,5.652711184,-6.368714379,6.672701261e-05,-0.00177292633,-1.477438609e-05,0,0,1,1,1,0,16.46931376,44.145,1850,-0.5318778991
28.47,-7.037576829,4.415710508,-6.95633466,5.589036204,-6.367497948,5.256170104e-05,-0.001416531157,-1.180442631e-05,0,0,1,1,1,0,16.10438444,44.145,1850,-0.4249593471
28.48,-6.993878275,4.380865581,-6.956334566,5.525373251,-6.366295374,4.127638476e-05,-0.001128531628,-9.40443023e-06,0,0,1,1,1,0,15.74361215,44.145,1850,-0.3385594883
28.49,-6.950677473,4.346417566,-6.956334491,5.461722184,-6.365106646,3.231198372e-05,-0.000896440104,-7.4703342e-06,0,0,1,1,1,0,15.38699378,44.145,1850,-0.2689320312
28.5,-6.907974333,4.312366388,-6.956334432,5.398082867,-6.363931754,2.521268809e-05,-0.0007099295636,-5.916079697e-06,0,0,1,1,1,0,15.03452625,44.145,1850,-0.2129788691
28.51,-6.865768762,4.278711973,-6.956334385,5.33445516,-6.362770688,1.960787867e-05,-0.0005604809421,-4.670674517e-06,0,0,1,1,1,0,14.68620651,44.145,1850,-0.1681442826
28.52,-6.824060671,4.245454247,-6.956334348,5.270838925,-6.361623439,1.519703375e-05,-0.0004410844912,-3.675704093e-06,0,0,1,1,1,0,14.34203157,44.145,1850,-0.1323253474
28.53,-6.78284997,4.212593139,-6.956334319,5.207234025,-6.360489995,1.173715938e-05,-0.000345987437,-2.883228641e-06,0,0,1,1,1,0,14.00199846,44.145,1850,-0.1037962311
28.54,-6.742136571,4.180128578,-6.956334297,5.143640322,-6.359370347,9.032346965e-06,-0.0002704812419,-2.254010349e-06,0,0,1,1,1,0,13.66610424,44.145,1850,-0.08114437257
28.55,-6.701920386,4.148060493,-6.956334279,5.080057677,-6.358264487,6.925120238e-06,-0.0002107226727,-1.756022272e-06,0,0,1,1,1,0,13.33434602,44.145,1850,-0.0632168018
28.56,-6.66220133,4.116388816,-6.956334266,5.016485953,-6.357172403,5.289283637e-06,-0.0001635836602,-1.363197168e-06,0,0,1,1,1,0,13.00672094,44.145,1850,-0.04907509805
28.57,-6.622979316,4.085113478,-6.956334255,4.952925012,-6.356094087,4.024027355e-06,-0.0001265256282,-1.054380235e-06,0,0,1,1,1,0,12.68322618,44.145,1850,-0.03795768845
28.58,-6.584254261,4.054234411,-6.956334247,4.889374717,-6.35502953,3.049081679e-06,-9.749456764e-05,-8.124547303e-07,0,0,1,1,1,0,12.36385895,44.145,1850,-0.02924837029
28.59,-6.546026082,4.02375155,-6.956334241,4.82583493,-6.353978722,2.300745086e-06,-7.483365924e-05,-6.23613827e-07,0,0,1,1,1,0,12.0486165,44.145,1850,-0.02245009777
28.6,-6.508294696,3.993664829,-6.956334236,4.762305513,-6.352941654,1.728638053e-06,-5.721070331e-05,-4.767558609e-07,0,0,1,1,1,0,11.73749611,44.145,1850,-0.01716321099
28.61,-6.471060022,3.963974183,-6.956334232,4.69878633,-6.351918317,1.293057921e-06,-4.35580132e-05,-3.629834433e-07,0,0,1,1,1,0,11.43049511,44.145,1850,-0.01306740396
28.62,-6.434321981,3.934679548,-6.95633423,4.635277243,-6.350908703,9.628301994e-07,-3.302277219e-05,-2.751897683e-07,0,0,1,1,1,0,11.12761086,44.145,1850,-0.009906831658
28.63,-6.398080494,3.905780861,-6.956334228,4.571778115,-6.349912802,7.135686819e-07,-2.492615174e-05,-2.077179312e-07,0,0,1,1,1,0,10.82884074,44.145,1850,-0.007477845523
28.64,-6.362335482,3.87727806,-6.956334226,4.508288809,-6.348930607,5.262712242e-07,-1.872974578e-05,-1.560812148e-07,0,0,1,1,1,0,10.53418219,44.145,1850,-0.005618923733
28.65,-6.32708687,3.849171084,-6.956334225,4.444809188,-6.347962109,3.861902543e-07,-1.400809699e-05,-1.167341416e-07,0,0,1,1,1,0,10.24363266,44.145,1850,-0.004202429098
28.66,-6.29233458,3.821459873,-6.956334224,4.384022601,-6.078658632,2.819274422e-07,-1.042628121e-05,-8.688567674e-08,0,0,0.978,0.978,0.978,0,9.957189672,44.145,1769.4954,-0.003127884363
28.67,-6.258057558,3.794127636,-6.956334223,4.325632764,-5.838983686,2.047579197e-07,-7.716952246e-06,-6.430793538e-08,0,0,0.958,0.958,0.958,0,9.686705701,44.145,1697.8634,-0.002315085674
28.68,-6.224237064,3.767159431,-6.956334223,4.269358251,-5.627451313,1.479547843e-07,-5.680313541e-06,-4.733594617e-08,0,0,0.94,0.94,0.94,0,9.430393802,44.145,1634.66,-0.001704094062
28.69,-6.190856559,3.74054207,-6.956334223,4.215158684,-5.419956732,1.063687354e-07,-4.158604893e-06,-3.465504078e-08,0,0,0.922,0.922,0.922,0,9.186619619,44.145,1572.6554,-0.001247581468
28.7,-6.15789982,3.714262617,-6.956334222,4.162770469,-5.238821505,7.608696141e-08,-3.028177395e-06,-2.523481163e-08,0,0,0.906,0.906,0.906,0,8.954851617,44.145,1518.5466,-0.0009084532185
28.71,-6.125352685,3.688309779,-6.956334222,4.112380968,-5.038950145,5.415340673e-08,-2.193355468e-06,-1.827796223e-08,0,0,0.888,0.888,0.888,0,8.733643621,44.145,1458.8064,-0.0006580066404
28.72,-6.093199527,3.662671095,-6.956334222,4.063949851,-4.843111618,0.01696463868,1.696458453,0.01413715377,0.81,0,0.87,0.87,0.87,0,8.52348532,44.145,1400.265,508.9375358
28.73,-6.061425033,3.637334356,-6.956292478,4.017436808,-4.651304357,0.04588453382,2.891989514,0.02409991262,1.62,0,0.852,0.852,0.852,0,8.323906951,44.145,1342.9224,867.5968542
28.74,-6.030013162,3.612288913,-6.956178264,3.972801539,-4.463526861,0.0830727202,3.718818638,0.03099015532,2.43,0,0.834,0.834,0.834,0,8.134458446,44.145,1286.7786,1115.645592
28.75,-5.99894746,3.587525283,-6.955969161,3.931400636,-4.140090362,0.1390333757,5.59606555,0.04663387958,3.87,0,0.802,0.802,0.802,0,7.954708643,44.145,1189.9274,1678.819665
28.76,-5.968200372,3.563026146,-6.955615512,3.891572056,-3.98285793,0.1927282964,5.369492071,0.04474576726,4.59,0,0.786,0.786,0.786,0,7.789779122,44.145,1142.9226,1610.847621
28.77,-5.937756206,3.538785972,-6.955120267,3.853473651,-3.80984048,0.24639619,5.366789356,0.04472324463,5.4,0,0.768,0.768,0.768,0,7.632743867,44.145,1091.1744,1610.036807
28.78,-5.907598204,3.514798041,-6.954480854,3.817065184,-3.640846755,0.2997285424,5.333235245,0.04444362704,6.21,0,0.75,0.75,0.75,0,7.484026628,44.145,1040.625,1599.970573
28.79,-5.877709954,3.49105586,-6.953695621,3.782125621,-3.493956244,0.3506421668,5.091362441,0.04242802034,6.93,0,0.734,0.734,0.734,0,7.343273256,44.145,996.6986,1527.408732
28.8,-5.848076823,3.467554264,-6.952768517,3.74880002,-3.332560183,0.4014959351,5.085376831,0.04237814026,7.74,0,0.716,0.716,0.716,0,7.209455005,44.145,948.4136,1525.613049
28.81,-5.818683216,3.44428699,-6.951697519,3.718241301,-3.055871883,0.4652415806,6.374564548,0.05312137124,9.18,0,0.684,0.684,0.684,0,7.0829648,44.145,865.5336,1912.369364
28.82,-5.789504515,3.421240619,-6.950446278,3.689020389,-2.922091202,0.5224377808,5.719620021,0.04766350018,9.9,0,0.668,0.668,0.668,0,6.967960459,44.145,825.5144,1715.886006
28.83,-5.760526536,3.398411605,-6.949030081,3.661105513,-2.791487571,0.5749189592,5.24811784,0.04373431533,10.62,0,0.652,0.652,0.652,0,6.8588712,44.145,786.4424,1574.435352
28.84,-5.731735777,3.37579609,-6.947459739,3.634464911,-2.664060205,0.6239822636,4.906330434,0.04088608695,11.34,0,0.636,0.636,0.636,0,6.755461563,44.145,748.3176,1471.89913
28.85,-5.703119298,3.353390049,-6.945742891,3.610274508,-2.41904035,0.6856242365,6.164197297,0.05136831081,12.78,0,0.604,0.604,0.604,0,6.657504935,44.145,674.9096,1849.259189
28.86,-5.674655116,3.331181976,-6.943843799,3.587263155,-2.301135258,0.7404765709,5.485233437,0.04571027864,13.5,0,0.588,0.588,0.588,0,6.569177338,44.145,639.6264,1645.570031
28.87,-5.646330505,3.309169205,-6.941779617,3.566324066,-2.093908911,0.7905976584,5.012108751,0.04176757293,14.22,0.016,0.572,0.572,0.572,27.74842885,6.485702299,44.145,605.2904,1503.632625
28.88,-5.618126113,3.287343096,-6.939562775,3.547427055,-1.889701057,0.8374792599,4.688160143,0.03906800119,14.94,0.032,0.556,0.556,0.556,55.5464911,6.410208341,44.145,571.9016,1406.448043
28.89,-5.590023109,3.265694884,-6.937201967,3.532762861,-1.466419443,0.8991292264,6.164996657,0.05137497214,16.47,0.066,0.522,0.522,0.522,114.6570233,6.342456311,44.145,504.0954,1849.498997
28.9,-5.561985458,3.244202293,-6.934656851,3.520284649,-1.247821213,0.9556267467,5.64975203,0.04708126692,17.28,0.084,0.504,0.504,0.504,146.0183644,6.290128369,44.145,469.9296,1694.925609
28.91,-5.533992423,3.222856793,-6.931942222,3.509952946,-1.03317026,0.9748181172,1.919137046,0.01599280872,16.47,0.102,0.486,0.486,0.486,177.4022938,6.24577162,44.145,436.9626,575.7411139
28.92,-5.506023873,3.201649786,-6.929164925,3.501496321,-0.8456625088,0.9714097269,-0.3408390336,-0.00284032528,15.75,0.118,0.47,0.47,0.47,205.3204113,6.209163921,44.145,408.665,-102.2517101
28.93,-5.478064059,3.180571444,-6.926390655,3.494883172,-0.6613149109,0.9532848741,-1.812485279,-0.01510404399,15.03,0.134,0.454,0.454,0.454,233.2444069,6.179280149,44.145,381.3146,-543.7455836
28.94,-5.450098793,3.159610416,-6.923662996,3.492078744,-0.2804428017,0.9087091603,-4.457571381,-0.03714642818,13.5,0.168,0.42,0.42,0.42,292.5081205,6.155961026,44.145,326.34,-1337.271414
28.95,-5.422098943,3.138742503,-6.921060795,3.49101753,-0.1061214178,0.8641087067,-4.460045352,-0.0371670446,12.78,0.184,0.404,0.404,0.404,320.4042601,6.146085433,44.145,301.9496,-1338.013606
28.96,-5.39405341,3.117953841,-6.91858556,3.491667112,0.06495823757,0.8196646148,-4.444409195,-0.03703674329,12.06,0.2,0.388,0.388,0.388,348.2812218,6.14235051,44.145,278.5064,-1333.322759
28.97,-5.365951279,3.097230808,-6.916238073,3.493994888,0.2327776321,0.7754704765,-4.419413829,-0.03682844857,11.34,0.216,0.372,0.372,0.372,376.1333262,6.144636568,44.145,256.0104,-1325.824149
28.98,-5.337781811,3.076560029,-6.914018635,3.497968076,0.3973187289,0.7315626854,-4.390779113,-0.03658982594,10.62,0.232,0.356,0.356,0.356,403.9550508,6.152832141,44.145,234.4616,-1317.233734
28.99,-5.309534449,3.055928387,-6.911927241,3.505137338,0.7169261917,0.6728609647,-5.870172069,-0.04891810057,9.18,0.264,0.324,0.324,0.324,459.595291,6.166833452,44.145,194.2056,-1761.051621
29,-5.281186018,3.035313702,-6.910007599,3.514044599,0.890726126,0.6178047674,-5.505619725,-0.04588016437,8.37,0.282,0.306,0.306,0.306,490.7815756,6.192137829,44.145,173.2266,-1651.685917
29.01,-5.252725927,3.014701226,-6.908249497,3.524647768,1.060316904,0.5651688369,-5.263593055,-0.04386327546,7.56,0.3,0.288,0.288,0.288,521.91012,6.223648759,44.145,153.4464,-1579.077916
29.02,-5.224143658,2.994076773,-6.906646021,3.536721784,1.207401567,0.5160083329,-4.916050401,-0.04096708667,6.84,0.316,0.272,0.272,0.272,549.4971337,6.261263511,44.145,136.8704,-1474.81512
29.03,-5.19543033,2.973427684,-6.90518702,3.550232851,1.351106693,0.4691051012,-4.690323168,-0.0390860264,6.12,0.332,0.256,0.256,0.256,577.0228421,6.304234091,44.145,121.2416,-1407.09695
29.04,-5.166577099,2.952741786,-6.903865683,3.566531254,1.629840366,0.4085624538,-6.05426474,-0.05045220617,4.68,0.364,0.224,0.224,0.224,632.2752031,6.35249326,44.145,92.8256,-1816.279422
29.05,-5.137563975,2.93199924,-6.902720138,3.584165067,1.763381322,0.354035016,-5.452743781,-0.04543953151,3.96,0.38,0.208,0.208,0.208,659.6087499,6.410953174,44.145,80.0384,-1635.823134
29.06,-5.108383544,2.911187553,-6.901732362,3.603262701,1.909763331,0.3014754111,-5.255960485,-0.04379967071,3.15,0.398,0.19,0.19,0.19,690.3335039,6.474504572,44.145,66.785,-1576.788145
29.07,-5.079026977,2.890293961,-6.900895689,3.623780935,2.051823474,0.2500834467,-5.139196449,-0.04282663707,2.34,0.416,0.172,0.172,0.172,720.9661271,6.543685054,44.145,54.7304,-1541.758935
29.08,-5.049485673,2.869306103,-6.900205571,3.645522735,2.174179963,0.2011985531,-4.888489361,-0.04073741134,1.62,0.432,0.156,0.156,0.156,748.0390101,6.618421287,44.145,45.0216,-1466.546808
29.09,-5.019752564,2.848212837,-6.899653666,3.669636514,2.411377854,0.1387397554,-6.245879762,-0.05204899802,0.18,0.464,0.124,0.124,0.124,802.7020334,6.69807735,44.145,28.4456,-1873.763929
29.1,-4.989811068,2.826996569,-6.899275591,3.694870302,2.523378847,0.09337076428,-4.536899115,-0.03780749263,0,0.48,0.108,0.108,0.108,829.5240351,6.786981,44.145,21.5784,-1361.069735
29.11,-4.959655609,2.805645809,-6.899022887,3.721463666,2.659336367,0.06304631228,-3.0324452,-0.02527037667,0,0.5,0.088,0.088,0.088,863.1529518,6.880641541,44.145,14.3264,-909.7335601
29.12,-4.929277677,2.784149056,-6.898853474,3.749098397,2.763473152,0.04271679101,-2.032952127,-0.01694126772,0,0.516,0.072,0.072,0.072,889.7573888,6.980043075,44.145,9.5904,-609.885638
29.13,-4.898670496,2.762497857,-6.898739535,3.777739299,2.864090199,0.0290441306,-1.367266041,-0.01139388367,0,0.532,0.056,0.056,0.056,916.257752,7.084092351,44.145,5.8016,-410.1798122
29.14,-4.86782701,2.740684771,-6.898662653,3.808452021,3.071272132,0.01981825397,-0.9225876633,-0.007688230527,0,0.566,0.022,0.022,0.022,973.614782,7.192742363,44.145,0.8954,-276.776299
29.15,-4.836731077,2.718696736,-6.898610615,3.840061742,3.160972104,0.01357374711,-0.6244506859,-0.005203755716,0,0.582,0.006,0.006,0.006,999.8134018,7.310170624,44.145,0.0666,-187.3352058
29.16,-4.805375898,2.696527835,-6.898575268,3.872539157,3.247741553,0.009332019341,-0.4241727772,-0.003534773143,0,0.598,0,0,0,1025.899487,7.432021386,44.145,0,-127.2518332
29.17,-4.773754742,2.674172558,-6.89855117,3.905878088,3.333893053,0.006440267249,-0.2891752092,-0.00240979341,0,0.614,0,0,0,1051.871182,7.558266,44.145,0,-86.75256276
29.18,-4.741860814,2.651625591,-6.898534681,3.940986839,3.510875117,0.004461628765,-0.1978638484,-0.001648865403,0,0.646,0,0,0,1105.0965,7.688965352,44.145,0,-59.35915452
29.19,-4.709679826,2.628876487,-6.89852336,3.976945934,3.595909561,0.003103097327,-0.1358531438,-0.001132109532,0,0.662,0,0,0,1130.745682,7.827814141,44.145,0,-40.75594314
29.2,-4.677204946,2.605920179,-6.898515557,4.013751022,3.680508745,0.0021667716,-0.09363257266,-0.0007802714389,0,0.678,0,0,0,1156.268938,7.971313879,44.145,0,-28.0897718
29.21,-4.644429343,2.582751675,-6.898510159,4.051397653,3.764663089,0.001518967113,-0.06478044866,-0.0005398370721,0,0.694,0,0,0,1181.663466,8.119539422,44.145,0,-19.4341346
29.22,-4.611346198,2.559366043,-6.89850641,4.090787895,3.939024235,0.001069058047,-0.04499090665,-0.0003749242221,0,0.726,0,0,0,1234.124837,8.272566762,44.145,0,-13.497272
29.23,-4.577941309,2.535753166,-6.898503796,4.131007194,4.021929885,0.0007554583959,-0.0313599651,-0.0002613330425,0,0.742,0,0,0,1259.158176,8.434210984,44.145,0,-9.40798953
29.24,-4.544207932,2.511908223,-6.898501968,4.172050718,4.104352417,0.0005360082636,-0.02194501322,-0.0001828751102,0,0.758,0,0,0,1284.051596,8.6008711,44.145,0,-6.583503967
29.25,-4.510139353,2.487826431,-6.898500683,4.213913545,4.18628266,0.0003818370994,-0.01541711642,-0.0001284759702,0,0.774,0,0,0,1308.802425,8.772627626,44.145,0,-4.625134926
29.26,-4.475728896,2.463503044,-6.898499777,4.257490851,4.357730641,0.0002731010007,-0.01087360987,-9.061341562e-05,0,0.806,0,0,0,1360.413754,8.949561951,44.145,0,-3.262082962
29.27,-4.440962567,2.438928154,-6.898499135,4.301873701,4.438284978,0.0001961258028,-0.007697519789,-6.414599825e-05,0,0.822,0,0,0,1384.766113,9.135619087,44.145,0,-2.309255937
29.28,-4.405833796,2.414097101,-6.898498679,4.347168893,4.529519252,0.0001414168597,-0.005470894305,-4.559078588e-05,0,0.84,0,0,0,1412.327859,9.327083139,44.145,0,-1.641268292
29.29,-4.370335137,2.389004614,-6.898498354,4.393258485,4.608959202,0.0001023799058,-0.003903695389,-3.253079491e-05,0,0.856,0,0,0,1436.357291,9.524530204,44.145,0,-1.171108617
29.3,-4.334460104,2.363646103,-6.898498121,4.440137002,4.687851605,7.441526696e-05,-0.002796463887,-2.330386572e-05,0,0.872,0,0,0,1460.228044,9.727562941,44.145,0,-0.838939166
29.31,-4.29820226,2.338017011,-6.898497953,4.488690135,4.855313343,5.430365322e-05,-0.002011161375,-1.675967812e-05,0,0.904,0,0,0,1510.67527,9.936267563,44.145,0,-0.6033484124
29.32,-4.261547929,2.31210767,-6.898497832,4.538128112,4.943797752,3.978619224e-05,-0.001451746097,-1.209788414e-05,0,0.922,0,0,0,1537.439089,10.15476292,44.145,0,-0.4355238292
29.33,-4.224489889,2.28591297,-6.898497745,4.588333428,5.020531513,2.926568037e-05,-0.001052051187,-8.767093228e-06,0,0.938,0,0,0,1560.684136,10.37968181,44.145,0,-0.3156153562
29.34,-4.187021872,2.259428482,-6.898497681,4.639300166,5.09667386,2.161174305e-05,-0.0007653937316,-6.378281097e-06,0,0.954,0,0,0,1583.757771,10.61061304,44.145,0,-0.2296181195
29.35,-4.149137664,2.232649809,-6.898497634,4.69190572,5.260555388,1.602165603e-05,-0.0005590087025,-4.658405854e-06,0,0.986,0,0,0,1633.159262,10.84764544,44.145,0,-0.1677026107
29.36,-4.11082388,2.205567491,-6.8984976,4.7451461,5.324037942,1.192396345e-05,-0.0004097692575,-3.414743813e-06,0,1,0,0,0,1652.451428,11.09504556,44.145,0,-0.1229307773
29.37,-4.072075339,2.178177864,-6.898497575,4.79824658,5.310048083,8.908512327e-06,-0.0003015451125,-2.512875937e-06,0,1,0,0,0,1648.507696,11.3482714,44.145,0,-0.09046353374
29.38,-4.032893181,2.150481735,-6.898497557,4.851207435,5.296085499,6.680570388e-06,-0.000222794194,-1.856618283e-06,0,1,0,0,0,1644.574327,11.6036778,44.145,0,-0.06683825819
29.39,-3.993278549,2.122479909,-6.898497543,4.904028937,5.282150191,5.028057158e-06,-0.0001652513229,-1.377094358e-06,0,1,0,0,0,1640.651301,11.86124364,44.145,0,-0.04957539688
29.4,-3.953232579,2.094173191,-6.898497533,4.956711359,5.268242164,3.797707854e-06,-0.0001230349304,-1.025291087e-06,0,1,0,0,0,1636.738597,12.12094791,44.145,0,-0.03691047912
29.41,-3.912756408,2.065562383,-6.898497525,5.009254973,5.25436142,2.878297968e-06,-9.19409886e-05,-7.66174905e-07,0,1,0,0,0,1632.836196,12.3827697,44.145,0,-0.02758229658
29.42,-3.871851169,2.036648287,-6.898497519,5.061660053,5.240507959,2.188782745e-06,-6.895152234e-05,-5.745960195e-07,0,1,0,0,0,1628.944076,12.64668823,44.145,0,-0.0206854567
29.43,-3.830517993,2.007431702,-6.898497515,5.113926871,5.226681785,1.669874073e-06,-5.189086716e-05,-4.32423893e-07,0,1,0,0,0,1625.062218,12.91268285,44.145,0,-0.01556726015
29.44,-3.78875801,1.977913426,-6.898497512,5.1660557,5.212882897,1.278032551e-06,-3.918415219e-05,-3.265346016e-07,0,1,0,0,0,1621.190602,13.18073301,44.145,0,-0.01175524566
29.45,-3.746572347,1.948094255,-6.898497509,5.218046812,5.199111297,9.811640794e-07,-2.96868472e-05,-2.473903933e-07,0,1,0,0,0,1617.329207,13.45081827,44.145,0,-0.00890605416
29.46,-3.703962127,1.917974985,-6.898497507,5.269900482,5.185366985,7.555246903e-07,-2.256393892e-05,-1.880328243e-07,0,1,0,0,0,1613.478014,13.72291832,44.145,0,-0.006769181675
29.47,-3.660928474,1.887556408,-6.898497506,5.321616982,5.171649961,5.834854589e-07,-1.720392314e-05,-1.433660261e-07,0,1,0,0,0,1609.637001,13.99701295,44.145,0,-0.005161176941
29.48,-3.617472507,1.856839317,-6.898497505,5.373196584,5.157960225,4.519121884e-07,-1.315732705e-05,-1.096443921e-07,0,1,0,0,0,1605.806149,14.27308208,44.145,0,-0.003947198115
29.49,-3.573595345,1.825824502,-6.898497504,5.424639562,5.144297775,3.509863024e-07,-1.00925886e-05,-8.410490503e-08,0,1,0,0,0,1601.985438,14.55110573,44.145,0,-0.003027776581
29.5,-3.529298102,1.794512751,-6.898497503,5.475946188,5.130662611,2.733436207e-07,-7.76426817e-06,-6.470223475e-08,0,1,0,0,0,1598.174847,14.83106405,44.145,0,-0.002329280451
29.51,-3.484581894,1.762904851,-6.898497503,5.527116735,5.117054731,2.134430421e-07,-5.990057856e-06,-4.99171488e-08,0,1,0,0,0,1594.374356,15.11293727,44.145,0,-0.001797017357
29.52,-3.43944783,1.731001587,-6.898497502,5.578151477,5.103474132,1.671021265e-07,-4.634091567e-06,-3.861742973e-08,0,1,0,0,0,1590.583946,15.39670578,44.145,0,-0.00139022747
29.53,-3.393897019,1.698803745,-6.898497502,5.629050685,5.089920814,1.311542766e-07,-3.594784985e-06,-2.995654154e-08,0,1,0,0,0,1586.803594,15.68235004,44.145,0,-0.001078435496
29.54,-3.34793057,1.666312105,-6.898497502,5.679814633,5.076394773,1.031948318e-07,-2.79594448e-06,-2.329953734e-08,0,1,0,0,0,1583.033283,15.96985065,44.145,0,-0.0008387833441
29.55,-3.301549585,1.633527449,-6.898497502,5.730443593,5.062896006,8.139239524e-08,-2.180243655e-06,-1.816869713e-08,0,1,0,0,0,1579.27299,16.25918831,44.145,0,-0.0006540730966
29.56,-3.254755167,1.600450556,-6.898497501,5.780937838,5.04942451,6.434818693e-08,-1.704420831e-06,-1.420350692e-08,0,1,0,0,0,1575.522697,16.55034382,44.145,0,-0.0005113262492
29.57,-3.207548417,1.567082203,-6.898497501,5.831297641,5.035980281,5.099086906e-08,-1.335731788e-06,-1.113109823e-08,0,1,0,0,0,1571.782382,16.84329811,44.145,0,-0.0004007195363
29.58,-3.159930432,1.533423166,-6.898497501,5.881523274,5.022563315,0.01507968523,1.507963424,0.01256636187,0.72,1,0,0,0,1568.052027,17.13803221,44.145,0,452.3890273
29.59,-3.111902308,1.499474221,-6.898471862,5.93161501,5.009173607,0.05724192971,4.216224448,0.03513520373,2.16,1,0,0,0,1564.331609,17.43452727,44.145,0,1264.867334
29.6,-3.063464261,1.465237381,-6.898375359,5.98074079,4.912578027,0.1059801354,4.873820572,0.04061517143,2.88,0.984,0,0,0,1535.651173,17.73276454,44.145,0,1462.146172
29.61,-3.014621717,1.430721704,-6.898198157,6.028906991,4.816620091,0.1601140765,5.413394105,0.04511161754,3.6,0.968,0,0,0,1507.158734,18.02770724,44.145,0,1624.018232
29.62,-2.965379652,1.395936779,-6.897932579,6.076119863,4.7212872,0.2187226704,5.860859393,0.04884049494,4.32,0.952,0,0,0,1478.850411,18.31925063,44.145,0,1758.257818
29.63,-2.91574266,1.360892631,-6.897572608,6.121558909,4.543904634,0.296163313,7.744064262,0.06453386885,5.76,0.92,0,0,0,1425.923683,18.60729322,44.145,0,2323.219279
29.64,-2.865721762,1.325604416,-6.897088805,6.166060597,4.450168806,0.3738236662,7.766035314,0.06471696095,6.48,0.904,0,0,0,1398.082277,18.88663567,44.145,0,2329.810594
29.65,-2.815320038,1.290084048,-6.896482545,6.209630697,4.357010011,0.4518688987,7.80452325,0.06503769375,7.2,0.888,0,0,0,1370.410236,19.16223286,44.145,0,2341.356975
29.66,-2.764540492,1.254343468,-6.895754854,6.252172191,4.254149349,0.5323070918,8.043819312,0.0670318276,8.01,0.87,0,0,0,1339.823799,19.43399475,44.145,0,2413.145794
29.67,-2.713386888,1.218395248,-6.894903459,6.292974058,4.08018671,0.6280599757,9.575288391,0.07979406992,9.45,0.838,0,0,0,1287.9022,19.70118718,44.145,0,2872.586517
29.68,-2.661868667,1.182256278,-6.893905425,6.332864846,3.989078782,0.7212959217,9.323594604,0.0776966217,10.17,0.822,0,0,0,1260.827802,19.95916734,44.145,0,2797.078381
29.69,-2.609987605,1.145939986,-6.892766452,6.371747669,3.888282355,0.8145837981,9.328787634,0.07773989695,10.98,0.804,0,0,0,1230.842716,20.21300929,44.145,0,2798.63629
29.7,-2.557746417,1.109460196,-6.891488022,6.409730061,3.798239159,0.9062163383,9.16325402,0.07636045017,11.7,0.788,0,0,0,1204.078729,20.46198085,44.145,0,2748.976206
29.71,-2.505146944,1.072830161,-6.890074208,6.446816952,3.708689137,0.9966825808,9.046624252,0.07538853543,12.42,0.772,0,0,0,1177.458399,20.70665829,44.145,0,2713.987276
29.72,-2.452191095,1.036063017,-6.888528201,6.482099687,3.528273455,1.094782581,9.81,0.08887270472,13.95,0.738,0,0,0,1123.574007,20.9469702,44.145,0,2943
29.73,-2.398888333,0.9991770133,-6.886839269,6.516499881,3.440019423,1.192882581,9.81,0.08714659788,14.67,0.722,0,0,0,1097.327706,21.17687864,44.145,0,2943
29.74,-2.345240145,0.9621858123,-6.885008712,6.550022013,3.352213157,1.290982581,9.81,0.08555045139,15.39,0.706,0,0,0,1071.211191,21.40224443,44.145,0,2943
29.75,-2.291248008,0.9251030949,-6.883037753,6.582670449,3.264843639,1.389082581,9.81,0.08407662766,16.11,0.69,0,0,0,1045.221097,21.62300534,44.145,0,2943
29.76,-2.2369134,0.8879425586,-6.880927541,6.613642838,3.097238883,1.487182581,9.81,0.09528415005,17.55,0.658,0,0,0,995.1557663,21.83910132,44.145,0,2943
29.77,-2.182244477,0.8507224567,-6.878678882,6.643651979,3.000914142,1.585282581,9.81,0.0955765761,18.36,0.64,0,0,0,966.4643395,22.04509688,44.145,0,2943
29.78,-2.127243559,0.8134570541,-6.876292721,6.672702289,2.905030928,1.683382581,9.81,0.09596347912,19.17,0.622,0,0,0,937.8998866,22.24560826,44.145,0,2943
29.79,-2.07191299,0.7761606247,-6.873769931,6.700798048,2.80957593,1.781482581,9.81,0.09643779652,19.98,0.604,0,0,0,909.4583569,22.44057774,44.145,0,2943
29.8,-2.016255138,0.7388474508,-6.871111319,6.727943407,2.714535931,1.879582581,9.81,0.09699269615,20.79,0.586,0,0,0,881.1357292,22.62995002,44.145,0,2943
29.81,-1.960272406,0.7015318232,-6.868317623,6.754242494,2.629908687,1.977682581,9.81,0.09605076338,21.51,0.57,0,0,0,855.9312784,22.81367214,44.145,0,2943
29.82,-1.903966406,0.6642274874,-6.865389563,6.778898946,2.465645179,2.075782581,9.81,0.1077470851,22.95,0.538,0,0,0,806.8309288,22.992375,44.145,0,2943
29.83,-1.847345474,0.626952601,-6.86232744,6.80271818,2.381923416,2.173882581,9.81,0.1069070833,23.67,0.522,0,0,0,781.8825741,23.16054934,44.145,0,2943
29.84,-1.790411316,0.5897209053,-6.859131831,6.825603622,2.288544198,2.271982581,9.81,0.1076957249,24.48,0.504,0,0,0,754.0318546,23.32359522,44.145,0,2943
29.85,-1.733166537,0.552546698,-6.855803213,6.847558705,2.195508272,2.370082581,9.81,0.1085319864,25.29,0.486,0,0,0,726.2782696,23.48078786,44.145,0,2943
29.86,-1.675613807,0.515444282,-6.852342005,6.868586734,2.102802929,2.468182581,9.81,0.1094101225,26.1,0.468,0,0,0,698.6179649,23.63208635,44.145,0,2943
29.87,-1.617755871,0.4784279653,-6.848748569,6.888790304,2.020356962,2.566282581,9.81,0.1087537204,26.82,0.452,0,0,0,674.0295405,23.7774518,44.145,0,2943
29.88,-1.559594718,0.4415115266,-6.845023267,6.907278307,1.848800344,2.664382581,9.81,0.122270621,28.35,0.418,0,0,0,622.702641,23.91753765,44.145,0,2943
29.89,-1.501139984,0.4047135181,-6.841165912,6.924849934,1.757162711,2.762482581,9.81,0.1232024912,29.16,0.4,0,0,0,595.339902,24.04608878,44.145,0,2943
29.9,-1.442394678,0.3680482261,-6.837176681,6.941607031,1.675709678,2.860582581,9.81,0.1225812837,29.88,0.384,0,0,0,571.0264908,24.16858749,44.145,0,2943
29.91,-1.383361065,0.3315294172,-6.833055758,6.957551906,1.594487455,2.958682581,9.81,0.1115065082,30,0.368,0,0,0,546.7769343,24.28569772,44.145,0,2943
29.92,-1.324041518,0.2951708665,-6.828803282,6.972587793,1.503588768,3.056782581,9.81,0.09835112801,30,0.35,0,0,0,519.6190247,24.39739437,44.145,0,2943
29.93,-1.264439367,0.2589868704,-6.824419282,6.985925855,1.333806129,3.154882581,9.81,0.08519876237,30,0.316,0,0,0,468.7897968,24.50295819,44.145,0,2943
29.94,-1.204564841,0.2229958003,-6.819903227,6.998459702,1.253384702,3.241274504,8.639192345,0.07199326954,30,0.3,0,0,0,444.7572032,24.59679266,44.145,0,2591.757704
29.95,-1.144420673,0.187211405,-6.815271815,7.010092362,1.163266067,3.313823684,7.254917989,0.06045764991,30,0.282,0,0,0,417.8099529,24.68513285,44.145,0,2176.475397
29.96,-1.084011175,0.1516469286,-6.810544597,7.020924461,1.083209847,3.37487602,6.105233571,0.05087694642,30,0.266,0,0,0,393.8752172,24.76726304,44.145,0,1831.570071
29.97,-1.023340626,0.1163139046,-6.805737714,7.030957595,1.003313389,3.426368629,5.149260893,0.04291050744,30,0.25,0,0,0,369.9828804,24.84386366,44.145,0,1544.778268
29.98,-0.9624139958,0.08122284908,-6.800864454,7.040094654,0.9137059063,3.469895927,4.352729862,0.03627274885,30,0.232,0,0,0,343.1716917,24.91491981,44.145,0,1305.818959
29.99,-0.9012376834,0.04638390434,-6.795935691,7.047450105,0.7355451243,3.506762877,3.686694977,0.03072245815,30,0.196,0,0,0,289.7882554,24.9797181,44.145,0,1106.008493
30,-0.8398263065,0.01181082104,-6.790959759,7.053913476,0.6463370753,3.537969631,3.120675412,0.02600562843,30,0.178,0,0,0,263.0780653,25.0319427,44.145,0,936.2026236
30.01,-0.7781871786,-0.02248768379,-6.785944147,7.059485982,0.5572506136,3.564414667,2.644503564,0.0220375297,30,0.16,0,0,0,236.3980625,25.07787844,44.145,0,793.3510692
30.02,-0.7163279691,-0.05650345136,-6.780895033,7.06416872,0.4682738315,3.586839566,2.242489889,0.01868741574,30,0.142,0,0,0,209.744666,25.11751653,44.145,0,672.7469667
30.03,-0.6542566533,-0.09022880855,-6.775817522,7.068061117,0.3892396961,3.605856755,1.901718904,0.01584765753,30,0.126,0,0,0,186.0677586,25.15084977,44.145,0,570.5156712
30.04,-0.5919806019,-0.1236569735,-6.770715901,7.071163944,0.3102827232,3.621980791,1.612403577,0.01343669647,30,0.11,0,0,0,162.4083909,25.17857393,44.145,0,483.721073
30.05,-0.5295074105,-0.1567815311,-6.765593717,7.073379466,0.22155214,3.635637155,1.365636435,0.01138030362,30,0.092,0,0,0,135.8113272,25.2006852,44.145,0,409.6909304
30.06,-0.4668457425,-0.1895959345,-6.76045383,7.073921105,0.05416395559,3.647169239,1.153208413,0.009610070112,30,0.058,0,0,0,85.610666,25.21647932,44.145,0,345.962524
30.07,-0.4040114295,-0.22209032,-6.755298034,7.073675335,-0.0245769863,3.656792279,0.9623040363,0.008019200302,30,0.042,0,0,0,61.99224545,25.22034134,44.145,0,288.6912109
30.08,-0.3410126068,-0.2542591964,-6.750128455,7.072544035,-0.1131300391,3.664761342,0.7969062114,0.006640885095,30,0.024,0,0,0,35.42457718,25.21858891,44.145,0,239.0718634
30.09,-0.277858429,-0.2860968744,-6.744946781,7.070527406,-0.2016629199,3.671279062,0.651772069,0.005431433908,30,0.006,0,0,0,8.856647096,25.21052308,44.145,0,195.5316207
30.1,-0.2145581816,-0.3175978976,-6.739754412,7.068216034,-0.2311371611,3.676513257,0.5234194585,0.004361828821,30,0,0,0,0,0,25.19614833,44.145,0,157.0258376
30.11,-0.1511159695,-0.3487596291,-6.734552939,7.065905212,-0.2310822589,3.680655066,0.4141809617,0.003451508014,30,0,0,0,0,0,25.17967766,44.145,0,124.2542885
30.12,-0.08753332338,-0.3795808679,-6.729343904,7.063594938,-0.2310273877,3.683889344,0.3234277883,0.00269523157,30,0,0,0,0,0,25.1632163,44.145,0,97.0283365
30.13,-0.02381183295,-0.4100605169,-6.724128586,7.061285212,-0.2309725474,3.686369722,0.2480377168,0.002066980973,30,0,0,0,0,0,25.14676422,44.145,0,74.41131503
30.14,0.04004686322,-0.4401975673,-6.718908049,7.058976035,-0.2309177381,3.688223872,0.1854150242,0.001545125202,30,0,0,0,0,0,25.13032142,44.145,0,55.62450727
30.15,0.1040410859,-0.4699910857,-6.713683179,7.056667405,-0.2308629597,3.68955789,0.1334018477,0.001111682064,30,0,0,0,0,0,25.1138879,44.145,0,40.0205543
30.16,0.1681691217,-0.4994402029,-6.708454708,7.054359323,-0.2308082122,3.690459935,0.09020444303,0.0007517036919,30,0,0,0,0,0,25.09746365,44.145,0,27.06133291
30.17,0.2324292292,-0.5285441051,-6.703223248,7.052051788,-0.2307534956,3.691003253,0.05433184319,0.0004527653599,30,0,0,0,0,0,25.08104867,44.145,0,16.29955296
30.18,0.2968196431,-0.5573020265,-6.697989305,7.0497448,-0.2306988098,3.691248701,0.02454483328,0.0002045402773,30,0,0,0,0,0,25.06464295,44.145,0,7.363449984
30.19,0.3613385782,-0.5857132424,-6.692753302,7.047438359,-0.2306441549,3.691246837,-0.0001864892686,-1.554077239e-06,30,0,0,0,0,0,25.04824648,44.145,0,-0.05594678059
30.2,0.4259842326,-0.6137770644,-6.687515588,7.045132463,-0.2305895309,3.691039656,-0.02071801181,-0.0001726500985,30,0,0,0,0,0,25.03185926,44.145,0,-6.215403544
30.21,0.4907547903,-0.6414928361,-6.682276453,7.042827114,-0.2305349376,3.690662047,-0.03776096101,-0.0003146746751,30,0,0,0,0,0,25.01548128,44.145,0,-11.3282883
30.22,0.5556484232,-0.6688599292,-6.67703614,7.04052231,-0.2304803751,3.690142984,-0.05190631353,-0.0004325526127,30,0,0,0,0,0,24.99911253,44.145,0,-15.57189406
30.23,0.6206632932,-0.6958777405,-6.671794848,7.038218052,-0.2304258434,3.689506533,-0.06364509435,-0.0005303757863,30,0,0,0,0,0,24.98275302,44.145,0,-19.09352831
30.24,0.6857975532,-0.7225456895,-6.666552745,7.035914338,-0.2303713424,3.68877268,-0.0733852542,-0.000611543785,30,0,0,0,0,0,24.96640272,44.145,0,-22.01557626
30.25,0.7510493489,-0.7488632161,-6.661309969,7.03361117,-0.2303168722,3.687958023,-0.08146570177,-0.0006788808481,30,0,0,0,0,0,24.95006165,44.145,0,-24.43971053
30.26,0.8164168195,-0.7748297793,-6.656066634,7.031308545,-0.2302624326,3.687076343,-0.0881679696,-0.00073473308,30,0,0,0,0,0,24.93372979,44.145,0,-26.45039088
30.27,0.8818980983,-0.8004448551,-6.650822835,7.029006465,-0.2302080238,3.686139084,-0.09372591195,-0.0007810492663,30,0,0,0,0,0,24.91740713,44.145,0,-28.11777359
30.28,0.947491314,-0.8257079357,-6.645578653,7.026704928,-0.2301536456,3.685155747,-0.09833376622,-0.0008194480519,30,0,0,0,0,0,24.90109367,44.145,0,-29.50012987
30.29,1.013194591,-0.8506185285,-6.640334153,7.024403936,-0.230099298,3.684134218,-0.1021528535,-0.0008512737795,30,0,0,0,0,0,24.8847894,44.145,0,-30.64585606
30.3,1.079006049,-0.875176155,-6.635089388,7.022103486,-0.2300449811,3.683081047,-0.1053171479,-0.000877642899,30,0,0,0,0,0,24.86849433,44.145,0,-31.59514436
30.31,1.144923806,-0.8993803505,-6.629844406,7.019803579,-0.2299906948,3.682001668,-0.1079379045,-0.0008994825371,30,0,0,0,0,0,24.85220843,44.145,0,-32.38137134
30.32,1.210945975,-0.923230663,-6.624599243,7.017504214,-0.229936439,3.680900593,-0.1101075061,-0.0009175625506,30,0,0,0,0,0,24.83593171,44.145,0,-33.03225182
30.33,1.277070668,-0.9467266532,-6.61935393,7.015205392,-0.2298822139,3.679781566,-0.1119026593,-0.0009325221611,30,0,0,0,0,0,24.81966416,44.145,0,-33.5707978
30.34,1.343295993,-0.969867894,-6.614108493,7.012907112,-0.2298280192,3.678647695,-0.1133870504,-0.0009448920863,30,0,0,0,0,0,24.80340577,44.145,0,-34.01611511
30.35,1.409620056,-0.9926539697,-6.608862954,7.010609373,-0.2297738552,3.67750156,-0.1146135514,-0.0009551129287,30,0,0,0,0,0,24.78715655,44.145,0,-34.38406543
30.36,1.476040962,-1.015084476,-6.603617331,7.008312176,-0.2297197216,3.676345299,-0.1156260542,-0.0009635504516,30,0,0,0,0,0,24.77091647,44.145,0,-34.68781626
30.37,1.542556813,-1.037159021,-6.598371638,7.00601552,-0.2296656185,3.67518069,-0.1164609926,-0.0009705082714,30,0,0,0,0,0,24.75468554,44.145,0,-34.93829777
30.38,1.609165709,-1.058877223,-6.593125888,7.003719405,-0.2296115458,3.674009203,-0.1171486079,-0.0009762383992,30,0,0,0,0,0,24.73846375,44.145,0,-35.14458237
30.39,1.675865749,-1.080238711,-6.58788009,7.00142383,-0.2295575036,3.672832063,-0.1177139998,-0.0009809499985,30,0,0,0,0,0,24.72225109,44.145,0,-35.31419995
30.4,1.742655031,-1.101243125,-6.582634255,6.999128795,-0.2295034919,3.671650283,-0.118177999,-0.0009848166584,30,0,0,0,0,0,24.70604756,44.145,0,-35.4533997
30.41,1.80953165,-1.121890115,-6.577388387,6.9968343,-0.2294495105,3.670464705,-0.1185578921,-0.0009879824341,30,0,0,0,0,0,24.68985316,44.145,0,-35.56736763
30.42,1.876493701,-1.142179344,-6.572142494,6.994540344,-0.2293955596,3.669276024,-0.1188680237,-0.000990566864,30,0,0,0,0,0,24.67366787,44.145,0,-35.6604071
30.43,1.943539276,-1.162110482,-6.566896579,6.992246928,-0.229341639,3.668084821,-0.1191202962,-0.0009926691352,30,0,0,0,0,0,24.65749169,44.145,0,-35.73608887
30.44,2.010666468,-1.181683213,-6.561650648,6.98995405,-0.2292877487,3.666891575,-0.1193245851,-0.0009943715429,30,0,0,0,0,0,24.64132462,44.145,0,-35.79737554
30.45,2.077873368,-1.200897229,-6.556404702,6.987661711,-0.2292338888,3.665696685,-0.1194890835,-0.0009957423624,30,0,0,0,0,0,24.62516664,44.145,0,-35.84672505
30.46,2.145158065,-1.219752233,-6.551158746,6.985369911,-0.2291800592,3.664500479,-0.1196205881,-0.0009968382339,30,0,0,0,0,0,24.60901776,44.145,0,-35.88617642
30.47,2.212518648,-1.238247938,-6.545912782,6.983078648,-0.2291262599,3.663303231,-0.119724737,-0.0009977061418,30,0,0,0,0,0,24.59287797,44.145,0,-35.9174211
30.48,2.279953205,-1.256384068,-6.54066681,6.980787923,-0.2290724908,3.662105169,-0.119806207,-0.0009983850584,30,0,0,0,0,0,24.57674725,44.145,0,-35.9418621
30.49,2.347459824,-1.274160358,-6.535420833,6.978497736,-0.229018752,3.660906481,-0.1198688769,-0.0009989073078,30,0,0,0,0,0,24.56062561,44.145,0,-35.96066308
30.5,2.41503659,-1.29157655,-6.530174852,6.976208085,-0.2289650435,3.659707321,-0.1199159638,-0.0009992996985,30,0,0,0,0,0,24.54451305,44.145,0,-35.97478915
30.51,2.482681589,-1.308632401,-6.524928869,6.973918972,-0.2289113651,3.65850782,-0.1199501355,-0.0009995844625,30,0,0,0,0,0,24.52840954,44.145,0,-35.98504065
30.52,2.550392906,-1.325327674,-6.519682883,6.971630394,-0.228857717,3.657308084,-0.1199736043,-0.0009997800358,30,0,0,0,0,0,24.51231509,44.145,0,-35.99208129
30.53,2.618168625,-1.341662143,-6.514436896,6.969342353,-0.228804099,3.656108201,-0.1199882046,-0.0009999017053,30,0,0,0,0,0,24.4962297,44.145,0,-35.99646139
30.54,2.686006831,-1.357635596,-6.509190909,6.967054848,-0.2287505112,3.654908247,-0.1199954575,-0.0009999621458,30,0,0,0,0,0,24.48015335,44.145,0,-35.99863725
30.55,2.753905605,-1.373247825,-6.503944922,6.964767879,-0.2286969535,3.653708281,-0.1199966239,-0.0009999718657,30,0,0,0,0,0,24.46408604,44.145,0,-35.99898717
30.56,2.821863032,-1.388498638,-6.498698934,6.962481444,-0.2286434259,3.652508353,-0.1199927492,-0.0009999395767,30,0,0,0,0,0,24.44802777,44.145,0,-35.99782476
30.57,2.889877194,-1.403387849,-6.493452948,6.960195545,-0.2285899284,3.651308506,-0.1199847001,-0.0009998725004,30,0,0,0,0,0,24.43197852,44.145,0,-35.99541002
30.58,2.957946172,-1.417915284,-6.488206962,6.957910181,-0.228536461,3.650108774,-0.1199731947,-0.0009997766229,30,0,0,0,0,0,24.4159383,44.145,0,-35.99195842
30.59,3.02606805,-1.432080779,-6.482960978,6.95562535,-0.2284830237,3.648909186,-0.1199588287,-0.0009996569057,30,0,0,0,0,0,24.3999071,44.145,0,-35.9876486
30.6,3.094240907,-1.445884181,-6.477714995,6.953341054,-0.2284296163,3.647709765,-0.1199420953,-0.0009995174608,30,0,0,0,0,0,24.3838849,44.145,0,-35.98262859
30.61,3.162462827,-1.459325345,-6.472469014,6.951057292,-0.228376239,3.646510531,-0.1199234035,-0.0009993616961,30,0,0,0,0,0,24.36787171,44.145,0,-35.97702106
30.62,3.230731889,-1.472404137,-6.467223034,6.948774063,-0.2283228918,3.6453115,-0.1199030923,-0.0009991924357,30,0,0,0,0,0,24.35186753,44.145,0,-35.97092768
30.63,3.299046177,-1.485120435,-6.461977056,6.946491367,-0.2282695744,3.644112686,-0.1198814423,-0.0009990120194,30,0,0,0,0,0,24.33587233,44.145,0,-35.9644327
30.64,3.36740377,-1.497474125,-6.45673108,6.944209204,-0.2282162871,3.642914099,-0.1198586863,-0.0009988223861,30,0,0,0,0,0,24.31988613,44.145,0,-35.9576059
30.65,3.435802751,-1.509465104,-6.451485106,6.941927574,-0.2281630297,3.641715749,-0.1198350171,-0.0009986251422,30,0,0,0,0,0,24.3039089,44.145,0,-35.95050512
30.66,3.504241201,-1.521093277,-6.446239134,6.939646476,-0.2281098022,3.640517643,-0.1198105942,-0.0009984216184,30,0,0,0,0,0,24.28794065,44.145,0,-35.94317826
30.67,3.572717201,-1.532358564,-6.440993164,6.93736591,-0.2280566046,3.639319787,-0.11978555,-0.0009982129171,30,0,0,0,0,0,24.27198138,44.145,0,-35.93566501
30.68,3.641228834,-1.54326089,-6.435747197,6.935085875,-0.2280034369,3.638122187,-0.1197599942,-0.0009979999514,30,0,0,0,0,0,24.25603107,44.145,0,-35.92799825
30.69,3.709774182,-1.553800193,-6.430501231,6.932806372,-0.227950299,3.636924847,-0.1197340173,-0.0009977834777,30,0,0,0,0,0,24.24008971,44.145,0,-35.9202052
30.7,3.778351327,-1.56397642,-6.425255268,6.930527401,-0.2278971911,3.63572777,-0.1197076947,-0.0009975641224,30,0,0,0,0,0,24.22415732,44.145,0,-35.91230841
30.71,3.846958352,-1.573789528,-6.420009306,6.928248959,-0.2278441129,3.634530959,-0.1196810885,-0.0009973424042,30,0,0,0,0,0,24.20823387,44.145,0,-35.90432655
30.72,3.915593341,-1.583239486,-6.414763347,6.925971049,-0.2277910645,3.633334417,-0.1196542503,-0.0009971187526,30,0,0,0,0,0,24.19231936,44.145,0,-35.89627509
30.73,3.984254377,-1.59232627,-6.409517391,6.923693668,-0.2277380459,3.632138144,-0.1196272228,-0.0009968935234,30,0,0,0,0,0,24.17641378,44.145,0,-35.88816684
30.74,4.052939544,-1.601049869,-6.404271436,6.921416818,-0.2276850571,3.630942144,-0.1196000413,-0.0009966670111,30,0,0,0,0,0,24.16051714,44.145,0,-35.8800124
30.75,4.121646928,-1.60941028,-6.399025484,6.919140497,-0.2276320981,3.629746417,-0.1195727351,-0.0009964394594,30,0,0,0,0,0,24.14462943,44.145,0,-35.87182054
30.76,4.190374614,-1.61740751,-6.393779534,6.916864705,-0.2275791688,3.628550963,-0.1195453284,-0.0009962110702,30,0,0,0,0,0,24.12875063,44.145,0,-35.86359853
30.77,4.259120689,-1.625041579,-6.388533587,6.914589442,-0.2275262691,3.627355785,-0.1195178413,-0.0009959820106,30,0,0,0,0,0,24.11288074,44.145,0,-35.85535238
30.78,4.327883238,-1.632312514,-6.383287641,6.912314708,-0.2274733992,3.626160882,-0.1194902903,-0.0009957524189,30,0,0,0,0,0,24.09701977,44.145,0,-35.84708708
30.79,4.396660351,-1.639220352,-6.378041699,6.910040503,-0.227420559,3.624966255,-0.1194626891,-0.0009955224094,30,0,0,0,0,0,24.08116769,44.145,0,-35.83880674
30.8,4.465450115,-1.645765142,-6.372795758,6.907766825,-0.2273677484,3.623771905,-0.1194350492,-0.000995292077,30,0,0,0,0,0,24.06532451,44.145,0,-35.83051477
30.81,4.534250621,-1.651946942,-6.367549819,6.905493676,-0.2273149674,3.622577831,-0.11940738,-0.0009950614999,30,0,0,0,0,0,24.04949023,44.145,0,-35.822214
30.82,4.603059959,-1.65776582,-6.362303883,6.903221054,-0.2272622161,3.621384034,-0.1193796892,-0.0009948307431,30,0,0,0,0,0,24.03366482,44.145,0,-35.81390675
30.83,4.67187622,-1.663221853,-6.35705795,6.900948959,-0.2272094943,3.620190514,-0.1193519832,-0.0009945998601,30,0,0,0,0,0,24.0178483,44.145,0,-35.80559496
30.84,4.740697497,-1.668315131,-6.351812018,6.898677391,-0.2271568022,3.618997271,-0.1193242674,-0.0009943688953,30,0,0,0,0,0,24.00204065,44.145,0,-35.79728023
30.85,4.809521884,-1.673045751,-6.346566089,6.896406349,-0.2271041396,3.617804306,-0.1192965462,-0.0009941378853,30,0,0,0,0,0,23.98624187,44.145,0,-35.78896387
30.86,4.878347475,-1.677413822,-6.341320162,6.894135834,-0.2270515065,3.616611618,-0.1192688233,-0.0009939068607,30,0,0,0,0,0,23.97045195,44.145,0,-35.78064698
30.87,4.947172367,-1.68141946,-6.336074238,6.891865845,-0.226998903,3.615419207,-0.1192411016,-0.0009936758463,30,0,0,0,0,0,23.95467089,44.145,0,-35.77233047
30.88,5.015994657,-1.685062796,-6.330828316,6.889596382,-0.2269463289,3.614227073,-0.1192133836,-0.000993444863,30,0,0,0,0,0,23.93889867,44.145,0,-35.76401507
30.89,5.084812444,-1.688343965,-6.325582396,6.887327444,-0.2268937844,3.613035216,-0.1191856714,-0.0009932139279,30,0,0,0,0,0,23.92313531,44.145,0,-35.75570141
30.9,5.153623827,-1.691263116,-6.320336478,6.885059031,-0.2268412693,3.611843637,-0.1191579666,-0.0009929830552,30,0,0,0,0,0,23.90738078,44.145,0,-35.74738999
30.91,5.222426909,-1.693820408,-6.315090563,6.882791143,-0.2267887836,3.610652334,-0.1191302708,-0.0009927522565,30,0,0,0,0,0,23.89163508,44.145,0,-35.73908124
30.92,5.291219791,-1.696016008,-6.30984465,6.88052378,-0.2267363274,3.609461308,-0.119102585,-0.0009925215416,30,0,0,0,0,0,23.87589822,44.145,0,-35.7307755
30.93,5.36000058,-1.697850093,-6.304598739,6.878256941,-0.2266839006,3.608270559,-0.1190749102,-0.0009922909183,30,0,0,0,0,0,23.86017017,44.145,0,-35.72247306
30.94,5.42876738,-1.699322851,-6.299352831,6.875990626,-0.2266315032,3.607080086,-0.1190472472,-0.0009920603933,30,0,0,0,0,0,23.84445095,44.145,0,-35.71417416
30.95,5.4975183,-1.70043448,-6.294106925,6.873724835,-0.2265791351,3.60588989,-0.1190195966,-0.000991829972,30,0,0,0,0,0,23.82874053,44.145,0,-35.70587899
30.96,5.566251449,-1.701185187,-6.288861021,6.871459567,-0.2265267964,3.604699971,-0.1189919591,-0.0009915996588,30,0,0,0,0,0,23.81303892,44.145,0,-35.69758772
30.97,5.634964938,-1.701575189,-6.28361512,6.869194822,-0.2264744871,3.603510328,-0.1189643349,-0.0009913694574,30,0,0,0,0,0,23.79734612,44.145,0,-35.68930047
30.98,5.70365688,-1.701604714,-6.27836922,6.8669306,-0.226422207,3.60232096,-0.1189367245,-0.000991139371,30,0,0,0,0,0,23.7816621,44.145,0,-35.68101736
30.99,5.77232539,-1.701273998,-6.273123324,6.8646669,-0.2263699562,3.601131869,-0.1189091282,-0.0009909094019,30,0,0,0,0,0,23.76598687,44.145,0,-35.67273847
31,5.840968584,-1.700583288,-6.267877429,6.862403723,-0.2263177348,3.599943054,-0.1188815463,-0.0009906795521,30,0,0,0,0,0,23.75032043,44.145,0,-35.66446388
31.01,5.909584581,-1.699532841,-6.262631537,6.860141067,-0.2262655426,3.598754514,-0.1188539788,-0.0009904498235,30,0,0,0,0,0,23.73466277,44.145,0,-35.65619365
31.02,5.978171501,-1.698122922,-6.257385647,6.857878934,-0.2262133796,3.597566249,-0.1188264261,-0.0009902202173,30,0,0,0,0,0,23.71901387,44.145,0,-35.64792782
31.03,6.046727468,-1.696353809,-6.252139759,6.855617321,-0.2261612458,3.596378261,-0.1187988882,-0.0009899907346,30,0,0,0,0,0,23.70337375,44.145,0,-35.63966645
31.04,6.115250606,-1.694225787,-6.246893874,6.85335623,-0.2261091413,3.595190547,-0.1187713652,-0.0009897613764,30,0,0,0,0,0,23.68774238,44.145,0,-35.63140955
31.05,6.183739041,-1.691739152,-6.241647991,6.851095659,-0.2260570659,3.594003108,-0.1187438572,-0.0009895321434,30,0,0,0,0,0,23.67211977,44.145,0,-35.62315716
31.06,6.252190904,-1.688894209,-6.23640211,6.848835609,-0.2260050197,3.592815945,-0.1187163643,-0.0009893030362,30,0,0,0,0,0,23.65650591,44.145,0,-35.6149093
31.07,6.320604324,-1.685691273,-6.231156231,6.846576079,-0.2259530027,3.591629056,-0.1186888866,-0.0009890740552,30,0,0,0,0,0,23.6409008,44.145,0,-35.60666599
31.08,6.388977437,-1.68213067,-6.225910355,6.844317069,-0.2259010147,3.590442442,-0.1186614241,-0.0009888452009,30,0,0,0,0,0,23.62530442,44.145,0,-35.59842723
31.09,6.457308377,-1.678212733,-6.220664481,6.842058578,-0.2258490559,3.589256102,-0.1186339768,-0.0009886164735,30,0,0,0,0,0,23.60971677,44.145,0,-35.59019305
31.1,6.525595283,-1.673937808,-6.21541861,6.839800607,-0.2257971262,3.588070036,-0.1186065448,-0.0009883878734,30,0,0,0,0,0,23.59413786,44.145,0,-35.58196344
31.11,6.593836297,-1.669306248,-6.21017274,6.837543155,-0.2257452255,3.586884245,-0.1185791281,-0.0009881594005,30,0,0,0,0,0,23.57856766,44.145,0,-35.57373842
31.12,6.66202956,-1.664318416,-6.204926873,6.835286221,-0.2256933539,3.585698728,-0.1185517266,-0.0009879310552,30,0,0,0,0,0,23.56300618,44.145,0,-35.56551799
31.13,6.73017322,-1.658974687,-6.199681008,6.833029806,-0.2256415114,3.584513484,-0.1185243405,-0.0009877028374,30,0,0,0,0,0,23.54745341,44.145,0,-35.55730215
31.14,6.798265424,-1.653275442,-6.194435146,6.830773909,-0.2255896978,3.583328515,-0.1184969697,-0.0009874747473,30,0,0,0,0,0,23.53190935,44.145,0,-35.5490909
31.15,6.866304323,-1.647221074,-6.189189286,6.82851853,-0.2255379133,3.582143819,-0.1184696142,-0.0009872467849,30,0,0,0,0,0,23.51637399,44.145,0,-35.54088426
31.16,6.934288072,-1.640811986,-6.183943428,6.826263668,-0.2254861577,3.580959396,-0.118442274,-0.0009870189502,30,0,0,0,0,0,23.50084732,44.145,0,-35.53268221
31.17,7.002214827,-1.634048589,-6.178697572,6.824009324,-0.2254344311,3.579775246,-0.1184149492,-0.0009867912432,30,0,0,0,0,0,23.48532934,44.145,0,-35.52448475
31.18,7.070082747,-1.626931303,-6.173451719,6.821755497,-0.2253827335,3.57859137,-0.1183876397,-0.0009865636639,30,0,0,0,0,0,23.46982004,44.145,0,-35.5162919
31.19,7.137889994,-1.61946056,-6.168205868,6.819502186,-0.2253310647,3.577407767,-0.1183603455,-0.0009863362122,30,0,0,0,0,0,23.45431942,44.145,0,-35.50810364
31.2,7.205634734,-1.6116368,-6.162960019,6.817249392,-0.2252794249,3.576224436,-0.1183330666,-0.0009861088882,30,0,0,0,0,0,23.43882747,44.145,0,-35.49991997
31.21,7.273315135,-1.603460473,-6.157714172,6.814997114,-0.225227814,3.575041378,-0.118305803,-0.0009858816917,30,0,0,0,0,0,23.42334419,44.145,0,-35.4917409
31.22,7.340929366,-1.594932037,-6.152468328,6.812745351,-0.2251762319,3.573858592,-0.1182785547,-0.0009856546228,30,0,0,0,0,0,23.40786957,44.145,0,-35.48356642
31.23,7.408475604,-1.586051961,-6.147222486,6.810494105,-0.2251246787,3.572676079,-0.1182513218,-0.0009854276814,30,0,0,0,0,0,23.39240361,44.145,0,-35.47539653
31.24,7.475952024,-1.576820724,-6.141976646,6.808243373,-0.2250731543,3.571493838,-0.1182241041,-0.0009852008673,30,0,0,0,0,0,23.37694629,44.145,0,-35.46723122
31.25,7.543356807,-1.567238813,-6.136730809,6.805993156,-0.2250216587,3.570311869,-0.1181969017,-0.0009849741807,30,0,0,0,0,0,23.36149762,44.145,0,-35.4590705
31.26,7.610688136,-1.557306724,-6.131484973,6.803743455,-0.224970192,3.569130172,-0.1181697146,-0.0009847476213,30,0,0,0,0,0,23.34605759,44.145,0,-35.45091437
31.27,7.677944198,-1.547024964,-6.12623914,6.801494267,-0.224918754,3.567948746,-0.1181425427,-0.0009845211892,30,0,0,0,0,0,23.3306262,44.145,0,-35.44276281
31.28,7.745123184,-1.536394049,-6.12099331,6.799245594,-0.2248673448,3.566767593,-0.1181153861,-0.0009842948842,30,0,0,0,0,0,23.31520343,44.145,0,-35.43461583
31.29,7.812223285,-1.525414503,-6.115747481,6.796997434,-0.2248159643,3.56558671,-0.1180882447,-0.0009840687062,30,0,0,0,0,0,23.29978928,44.145,0,-35.42647342
31.3,7.8792427,-1.514086861,-6.110501655,6.794749788,-0.2247646125,3.564406099,-0.1180611186,-0.0009838426553,30,0,0,0,0,0,23.28438375,44.145,0,-35.41833559
31.31,7.946179628,-1.502411667,-6.105255831,6.792502655,-0.2247132895,3.563225759,-0.1180340078,-0.0009836167313,30,0,0,0,0,0,23.26898684,44.145,0,-35.41020233
31.32,8.013032272,-1.490389472,-6.100010009,6.790256035,-0.2246619951,3.56204569,-0.1180069121,-0.0009833909341,30,0,0,0,0,0,23.25359853,44.145,0,-35.40207363
31.33,8.07979884,-1.47802084,-6.09476419,6.788009928,-0.2246107294,3.560865891,-0.1179798316,-0.0009831652637,30,0,0,0,0,0,23.23821882,44.145,0,-35.39394949
31.34,8.146477543,-1.465306342,-6.089518373,6.785764333,-0.2245594923,3.559686364,-0.1179527664,-0.00098293972,30,0,0,0,0,0,23.2228477,44.145,0,-35.38582992
31.35,8.213066595,-1.452246557,-6.084272558,6.78351925,-0.2245082839,3.558507107,-0.1179257164,-0.000982714303,30,0,0,0,0,0,23.20748518,44.145,0,-35.37771491
31.36,8.279564213,-1.438842077,-6.079026745,6.781274679,-0.2244571041,3.55732812,-0.1178986815,-0.0009824890124,30,0,0,0,0,0,23.19213124,44.145,0,-35.36960445
31.37,8.34596862,-1.425093499,-6.073780935,6.779030619,-0.2244059529,3.556149403,-0.1178716618,-0.0009822638483,30,0,0,0,0,0,23.17678588,44.145,0,-35.36149854
31.38,8.41227804,-1.411001431,-6.068535127,6.776787071,-0.2243548303,3.554970957,-0.1178446573,-0.0009820388106,30,0,0,0,0,0,23.16144909,44.145,0,-35.35339718
31.39,8.478490704,-1.396566492,-6.063289321,6.774544034,-0.2243037362,3.55379278,-0.1178176679,-0.0009818138992,30,0,0,0,0,0,23.14612087,44.145,0,-35.34530037
31.4,8.544604844,-1.381789307,-6.058043517,6.772301507,-0.2242526707,3.552614873,-0.1177906937,-0.000981589114,30,0,0,0,0,0,23.13080122,44.145,0,-35.3372081
31.41,8.610618697,-1.366670511,-6.052797716,6.770059491,-0.2242016337,3.551437236,-0.1177637346,-0.000981364455,30,0,0,0,0,0,23.11549012,44.145,0,-35.32912038
31.42,8.676530504,-1.351210749,-6.047551917,6.767817984,-0.2241506253,3.550259868,-0.1177367906,-0.000981139922,30,0,0,0,0,0,23.10018758,44.145,0,-35.32103719
31.43,8.74233851,-1.335410674,-6.04230612,6.765576988,-0.2240996453,3.549082769,-0.1177098618,-0.000980915515,30,0,0,0,0,0,23.08489358,44.145,0,-35.31295854
31.44,8.808040964,-1.319270949,-6.037060325,6.763336501,-0.2240486937,3.54790594,-0.1176829481,-0.0009806912339,30,0,0,0,0,0,23.06960812,44.145,0,-35.30488442
31.45,8.873636119,-1.302792245,-6.031814533,6.761096523,-0.2239977707,3.546729379,-0.1176560494,-0.0009804670786,30,0,0,0,0,0,23.0543312,44.145,0,-35.29681483
31.46,8.939122232,-1.285975242,-6.026568742,6.758857054,-0.223946876,3.545553087,-0.1176291659,-0.000980243049,30,0,0,0,0,0,23.0390628,44.145,0,-35.28874976
31.47,9.004497565,-1.26882063,-6.021322955,6.756618094,-0.2238960098,3.544377065,-0.1176022974,-0.0009800191451,30,0,0,0,0,0,23.02380294,44.145,0,-35.28068922
31.48,9.069760383,-1.251329106,-6.016077169,6.754379643,-0.223845172,3.54320131,-0.117575444,-0.0009797953668,30,0,0,0,0,0,23.00855159,44.145,0,-35.27263321
31.49,9.134908956,-1.233501378,-6.010831385,6.752141699,-0.2237943625,3.542025824,-0.1175486057,-0.000979571714,30,0,0,0,0,0,22.99330876,44.145,0,-35.26458171
31.5,9.199941558,-1.215338161,-6.005585604,6.749904263,-0.2237435814,3.540850606,-0.1175217824,-0.0009793481866,30,0,0,0,0,0,22.97807443,44.145,0,-35.25653472
31.51,9.264856468,-1.196840181,-6.000339825,6.747667335,-0.2236928287,3.539675656,-0.1174949742,-0.0009791247846,30,0,0,0,0,0,22.96284861,44.145,0,-35.24849225
31.52,9.329651968,-1.178008171,-5.995094048,6.745430914,-0.2236421043,3.538500975,-0.1174681809,-0.0009789015078,30,0,0,0,0,0,22.94763129,44.145,0,-35.24045428
31.53,9.394326346,-1.158842873,-5.989848274,6.743195,-0.2235914082,3.537326561,-0.1174414027,-0.0009786783562,30,0,0,0,0,0,22.93242246,44.145,0,-35.23242082
31.54,9.458877893,-1.139345038,-5.984602501,6.740959592,-0.2235407404,3.536152414,-0.1174146396,-0.0009784553298,30,0,0,0,0,0,22.91722212,44.145,0,-35.22439187
31.55,9.523304907,-1.119515426,-5.979356731,6.738724691,-0.2234901009,3.534978535,-0.1173878914,-0.0009782324283,30,0,0,0,0,0,22.90203026,44.145,0,-35.21636742
31.56,9.587605688,-1.099354805,-5.974110964,6.736490297,-0.2234394896,3.533804924,-0.1173611582,-0.0009780096518,30,0,0,0,0,0,22.88684688,44.145,0,-35.20834746
31.57,9.651778542,-1.078863953,-5.968865198,6.734256407,-0.2233889065,3.532631579,-0.11733444,-0.0009777870001,30,0,0,0,0,0,22.87167196,44.145,0,-35.200332
31.58,9.715821778,-1.058043655,-5.963619435,6.732023024,-0.2233383517,3.531458502,-0.1173077368,-0.0009775644733,30,0,0,0,0,0,22.85650552,44.145,0,-35.19232104
31.59,9.779733712,-1.036894706,-5.958373673,6.729790146,-0.2232878251,3.530285691,-0.1172810485,-0.0009773420711,30,0,0,0,0,0,22.84134753,44.145,0,-35.18431456
31.6,9.843512664,-1.015417908,-5.953127914,6.727557772,-0.2232373267,3.529113148,-0.1172543752,-0.0009771197936,30,0,0,0,0,0,22.826198,44.145,0,-35.17631257
31.61,9.907156958,-0.9936140731,-5.947882158,6.725325904,-0.2231868564,3.527940871,-0.1172277169,-0.0009768976406,30,0,0,0,0,0,22.81105692,44.145,0,-35.16831506
31.62,9.970664923,-0.9714840215,-5.942636403,6.72309454,-0.2231364143,3.52676886,-0.1172010735,-0.0009766756121,30,0,0,0,0,0,22.79592429,44.145,0,-35.16032204
31.63,10.03403489,-0.9490285816,-5.937390651,6.72086368,-0.2230860003,3.525597115,-0.117174445,-0.000976453708,30,0,0,0,0,0,22.7808001,44.145,0,-35.15233349
31.64,10.09726521,-0.9262485904,-5.932144901,6.718633324,-0.2230356145,3.524425637,-0.1171478314,-0.0009762319282,30,0,0,0,0,0,22.76568434,44.145,0,-35.14434941
31.65,10.16035422,-0.9031448934,-5.926899153,6.716403471,-0.2229852567,3.523254425,-0.1171212327,-0.0009760102726,30,0,0,0,0,0,22.750577,44.145,0,-35.13636981
31.66,10.22330026,-0.8797183443,-5.921653407,6.714174122,-0.222934927,3.522083478,-0.1170946489,-0.0009757887412,30,0,0,0,0,0,22.73547809,44.145,0,-35.12839468
31.67,10.28610169,-0.8559698056,-5.916407664,6.711945275,-0.2228846253,3.520912797,-0.1170680801,-0.0009755673338,30,0,0,0,0,0,22.7203876,44.145,0,-35.12042402
31.68,10.34875688,-0.8319001477,-5.911161923,6.709716932,-0.2228343518,3.519742382,-0.1170415261,-0.0009753460505,30,0,0,0,0,0,22.70530553,44.145,0,-35.11245782
31.69,10.41126419,-0.8075102497,-5.905916184,6.707489091,-0.2227841062,3.518572232,-0.1170149869,-0.0009751248911,30,0,0,0,0,0,22.69023186,44.145,0,-35.10449608
31.7,10.47362197,-0.7828009988,-5.900670447,6.705261752,-0.2227338886,3.517402348,-0.1169884627,-0.0009749038555,30,0,0,0,0,0,22.67516659,44.145,0,-35.0965388
31.71,10.53582863,-0.7577732904,-5.895424712,6.703034915,-0.2226836991,3.516232728,-0.1169619532,-0.0009746829437,30,0,0,0,0,0,22.66010972,44.145,0,-35.08858597
31.72,10.59788252,-0.7324280283,-5.89017898,6.70080858,-0.2226335375,3.515063374,-0.1169354587,-0.0009744621555,30,0,0,0,0,0,22.64506124,44.145,0,-35.0806376
31.73,10.65978203,-0.7067661245,-5.88493325,6.698582746,-0.2225834038,3.513894284,-0.1169089789,-0.000974241491,30,0,0,0,0,0,22.63002115,44.145,0,-35.07269368
31.74,10.72152557,-0.680788499,-5.879687522,6.696357413,-0.2225332981,3.512725459,-0.116882514,-0.00097402095,30,0,0,0,0,0,22.61498944,44.145,0,-35.0647542
31.75,10.78311152,-0.6544960801,-5.874441796,6.69413258,-0.2224832204,3.511556898,-0.1168560639,-0.0009738005325,30,0,0,0,0,0,22.59996611,44.145,0,-35.05681917
31.76,10.84453828,-0.6278898042,-5.869196072,6.691908249,-0.2224331705,3.510388602,-0.1168296286,-0.0009735802383,30,0,0,0,0,0,22.58495115,44.145,0,-35.04888858
31.77,10.90580426,-0.6009706158,-5.863950351,6.689684417,-0.2223831485,3.50922057,-0.1168032081,-0.0009733600674,30,0,0,0,0,0,22.56994455,44.145,0,-35.04096243
31.78,10.96690788,-0.5737394673,-5.858704632,6.687461086,-0.2223331544,3.508052802,-0.1167768024,-0.0009731400197,30,0,0,0,0,0,22.55494631,44.145,0,-35.03304071
31.79,11.02784756,-0.5461973192,-5.853458915,6.685238254,-0.2222831881,3.506885297,-0.1167504114,-0.0009729200952,30,0,0,0,0,0,22.53995643,44.145,0,-35.02512343
31.8,11.0886217,-0.5183451401,-5.8482132,6.683015921,-0.2222332497,3.505718057,-0.1167240352,-0.0009727002937,30,0,0,0,0,0,22.5249749,44.145,0,-35.01721057
31.81,11.14922876,-0.4901839064,-5.842967488,6.680794088,-0.222183339,3.50455108,-0.1166976738,-0.0009724806152,30,0,0,0,0,0,22.51000171,44.145,0,-35.00930215
31.82,11.20966715,-0.4617146024,-5.837721777,6.678572753,-0.2221334562,3.503384367,-0.1166713272,-0.0009722610597,30,0,0,0,0,0,22.49503686,44.145,0,-35.00139815
31.83,11.26993533,-0.4329382205,-5.832476069,6.676351917,-0.2220836012,3.502217917,-0.1166449952,-0.0009720416269,30,0,0,0,0,0,22.48008035,44.145,0,-34.99349857
31.84,11.33003174,-0.4038557608,-5.827230363,6.67413158,-0.2220337739,3.50105173,-0.116618678,-0.0009718223169,30,0,0,0,0,0,22.46513216,44.145,0,-34.98560341
31.85,11.38995483,-0.3744682311,-5.821984659,6.67191174,-0.2219839743,3.499885807,-0.1165923755,-0.0009716031296,30,0,0,0,0,0,22.4501923,44.145,0,-34.97771266
31.86,11.44970305,-0.3447766473,-5.816738958,6.669692398,-0.2219342025,3.498720146,-0.1165660878,-0.0009713840648,30,0,0,0,0,0,22.43526076,44.145,0,-34.96982633
31.87,11.50927488,-0.3147820328,-5.811493258,6.667473553,-0.2218844584,3.497554748,-0.1165398147,-0.0009711651226,30,0,0,0,0,0,22.42033753,44.145,0,-34.96194441
31.88,11.56866878,-0.2844854188,-5.806247561,6.665255206,-0.221834742,3.496389612,-0.1165135563,-0.0009709463028,30,0,0,0,0,0,22.40542261,44.145,0,-34.9540669
31.89,11.62788323,-0.2538878442,-5.801001866,6.663037355,-0.2217850533,3.495224739,-0.1164873126,-0.0009707276054,30,0,0,0,0,0,22.39051599,44.145,0,-34.94619379
31.9,11.68691671,-0.2229903555,-5.795756173,6.660820001,-0.2217353922,3.494060128,-0.1164610836,-0.0009705090303,30,0,0,0,0,0,22.37561767,44.145,0,-34.93832509
31.91,11.74576771,-0.191794007,-5.790510483,6.658603144,-0.2216857588,3.492895779,-0.1164348693,-0.0009702905774,30,0,0,0,0,0,22.36072764,44.145,0,-34.93046078
31.92,11.80443472,-0.1602998604,-5.785264794,6.656386782,-0.221636153,3.491731693,-0.1164086696,-0.0009700722466,30,0,0,0,0,0,22.3458459,44.145,0,-34.92260088
31.93,11.86291625,-0.1285089849,-5.780019108,6.654170917,-0.2215865748,3.46417849,-2.755320314,-0.02296100261,28.74,0,0,0,0,0,22.33097244,44.145,0,-826.5960941
31.94,11.92121079,-0.09642245751,-5.774813082,6.651955546,-0.2215370242,3.422535,-4.164348915,-0.03470290763,27.84,0,0,0,0,0,22.31610726,44.145,0,-1249.304675
31.95,11.97931815,-0.06404366682,-5.769667926,6.649740671,-0.2214875012,3.371231258,-5.130374211,-0.04275311842,27.03,0,0,0,0,0,22.30125035,44.145,0,-1539.112263
31.96,12.03723886,-0.03137721503,-5.764598208,6.647526291,-0.2214380057,3.310130492,-6.110076678,-0.05091730565,26.13,0,0,0,0,0,22.2864017,44.145,0,-1833.023003
31.97,12.09497398,0.001571481718,-5.759618715,6.645312406,-0.2213885377,3.24477723,-6.535326124,-0.05446105103,25.41,0,0,0,0,0,22.27156132,44.145,0,-1960.597837
31.98,12.15252514,0.03479619155,-5.754735909,6.643099015,-0.2213390973,3.172176732,-7.260049875,-0.06050041562,24.51,0,0,0,0,0,22.25672919,44.145,0,-2178.014962
31.99,12.20989427,0.06829035557,-5.749960763,6.640886118,-0.2212896844,3.093645902,-7.853082959,-0.06544235799,23.61,0,0,0,0,0,22.24190532,44.145,0,-2355.924888
32,12.26708375,0.1020468342,-5.74530228,6.638673715,-0.221240299,3.01403491,-7.961099215,-0.06634249345,22.89,0,0,0,0,0,22.22708969,44.145,0,-2388.329764
32.01,12.32409636,0.1360580273,-5.740762164,6.636461806,-0.221190941,2.929778467,-8.425644323,-0.07021370269,21.99,0,0,0,0,0,22.2122823,44.145,0,-2527.693297
32.02,12.38093503,0.1703162947,-5.736347494,6.63425039,-0.2211416105,2.841726069,-8.805239744,-0.07337699786,21.09,0,0,0,0,0,22.19748315,44.145,0,-2641.571923
32.03,12.43760301,0.2048136523,-5.732064077,6.632039466,-0.2210923074,2.75245936,-8.926670945,-0.07438892454,20.28,0,0,0,0,0,22.18269223,44.145,0,-2678.001283
32.04,12.49410387,0.2395418478,-5.727913832,6.629829036,-0.2210430318,2.65435936,-9.81,-0.08934613639,18.66,0,0,0,0,0,22.16790953,44.145,0,-2943
32.05,12.55044133,0.2744925833,-5.72391017,6.627619098,-0.2209937835,2.55625936,-9.81,-0.08882491371,17.85,0,0,0,0,0,22.15313506,44.145,0,-2943
32.06,12.60661967,0.3096568689,-5.72005319,6.625409653,-0.2209445627,2.45815936,-9.81,-0.08672308838,17.13,0,0,0,0,0,22.1383688,44.145,0,-2943
32.07,12.66264329,0.3450257762,-5.71634299,6.623200699,-0.2208953691,2.36005936,-9.81,-0.08618224651,16.32,0,0,0,0,0,22.12361074,44.145,0,-2943
32.08,12.71851666,0.3805904371,-5.712779668,6.620992237,-0.220846203,2.26195936,-9.81,-0.08563158524,15.51,0,0,0,0,0,22.1088609,44.145,0,-2943
32.09,12.77424436,0.4163420414,-5.709363323,6.618784266,-0.2207970642,2.16385936,-9.81,-0.08507109804,14.7,0,0,0,0,0,22.09411925,44.145,0,-2943
32.1,12.82983106,0.4522718359,-5.706094053,6.616576787,-0.2207479527,2.06575936,-9.81,-0.08292998203,13.98,0,0,0,0,0,22.0793858,44.145,0,-2943
32.11,12.88528149,0.4883711222,-5.702971957,6.614369798,-0.2206988685,1.96765936,-9.81,-0.09491619393,12.45,0,0,0,0,0,22.06466054,44.145,0,-2943
32.12,12.94060049,0.5246312551,-5.699997131,6.6121633,-0.2206498115,1.86955936,-9.81,-0.09432618962,11.64,0,0,0,0,0,22.04994346,44.145,0,-2943
32.13,12.99579295,0.5610436408,-5.697169676,6.609957292,-0.2206007819,1.77145936,-9.81,-0.09372633314,10.83,0,0,0,0,0,22.03523457,44.145,0,-2943
32.14,13.05086387,0.5975997347,-5.69448969,6.607751774,-0.2205517795,1.67335936,-9.81,-0.0915458216,10.11,0,0,0,0,0,22.02053384,44.145,0,-2943
32.15,13.10581827,0.6342910397,-5.691957272,6.605546746,-0.2205028043,1.57525936,-9.81,-0.08935544474,9.39,0,0,0,0,0,22.00584129,44.145,0,-2943
32.16,13.16066127,0.671109104,-5.689572519,6.603342208,-0.2204538563,1.47715936,-9.81,-0.09029678863,8.49,0,0,0,0,0,21.9911569,44.145,0,-2943
32.17,13.21539804,0.7080455192,-5.687335532,6.601138158,-0.2204049356,1.37905936,-9.81,-0.08965745769,7.68,0,0,0,0,0,21.97648067,44.145,0,-2943
