time,throttle,brakePressureFront,brakePressureRear,brakePedalTravel,steerAngle
0.00,0.03000,0.00000,0.00000,0.00000,0.0000
0.01,0.06000,0.00000,0.00000,0.00000,0.0000
0.02,0.09000,0.00000,0.00000,0.00000,0.0000
0.03,0.12000,0.00000,0.00000,0.00000,0.0000
0.04,0.15000,0.00000,0.00000,0.00000,0.0000
0.05,0.18000,0.00000,0.00000,0.00000,0.0000
0.06,0.21000,0.00000,0.00000,0.00000,0.0000
0.07,0.24000,0.00000,0.00000,0.00000,0.0000
0.08,0.27000,0.00000,0.00000,0.00000,0.0000
0.09,0.30000,0.00000,0.00000,0.00000,0.0000
0.10,0.30000,0.00000,0.00000,0.00000,0.0000
0.11,0.30000,0.00000,0.00000,0.00000,0.0000
0.12,0.30000,0.00000,0.00000,0.00000,0.0000
0.13,0.30000,0.00000,0.00000,0.00000,0.0000
0.14,0.30000,0.00000,0.00000,0.00000,0.0000
0.15,0.30000,0.00000,0.00000,0.00000,0.0000
0.16,0.30000,0.00000,0.00000,0.00000,0.0000
0.17,0.30000,0.00000,0.00000,0.00000,0.0000
0.18,0.30000,0.00000,0.00000,0.00000,0.0000
0.19,0.30000,0.00000,0.00000,0.00000,0.0000
0.20,0.30000,0.00000,0.00000,0.00000,0.0000
0.21,0.30000,0.00000,0.00000,0.00000,0.0000
0.22,0.30000,0.00000,0.00000,0.00000,0.0000
0.23,0.30000,0.00000,0.00000,0.00000,0.0000
0.24,0.30000,0.00000,0.00000,0.00000,0.0000
0.25,0.30000,0.00000,0.00000,0.00000,0.0000
0.26,0.30000,0.00000,0.00000,0.00000,0.0000
0.27,0.30000,0.00000,0.00000,0.00000,0.0000
0.28,0.30000,0.00000,0.00000,0.00000,0.0000
0.29,0.30000,0.00000,0.00000,0.00000,0.0000
0.30,0.30000,0.00000,0.00000,0.00000,0.0000
0.31,0.30000,0.00000,0.00000,0.00000,0.0000
0.32,0.30000,0.00000,0.00000,0.00000,0.0000
0.33,0.30000,0.00000,0.00000,0.00000,0.0032
0.34,0.30000,0.00000,0.00000,0.00000,0.0093
0.35,0.30000,0.00000,0.00000,0.00000,0.0182
0.36,0.30000,0.00000,0.00000,0.00000,0.0295
0.37,0.30000,0.00000,0.00000,0.00000,0.0431
0.38,0.30000,0.00000,0.00000,0.00000,0.0588
0.39,0.30000,0.00000,0.00000,0.00000,0.0766
0.40,0.30000,0.00000,0.00000,0.00000,0.0963
0.41,0.30000,0.00000,0.00000,0.00000,0.1177
0.42,0.30000,0.00000,0.00000,0.00000,0.1409
0.43,0.30000,0.00000,0.00000,0.00000,0.1657
0.44,0.30000,0.00000,0.00000,0.00000,0.1922
0.45,0.30000,0.00000,0.00000,0.00000,0.2202
0.46,0.30000,0.00000,0.00000,0.00000,0.2498
0.47,0.30000,0.00000,0.00000,0.00000,0.2808
0.48,0.30000,0.00000,0.00000,0.00000,0.3133
0.49,0.30000,0.00000,0.00000,0.00000,0.3473
0.50,0.30000,0.00000,0.00000,0.00000,0.3826
0.51,0.30000,0.00000,0.00000,0.00000,0.4194
0.52,0.30000,0.00000,0.00000,0.00000,0.4575
0.53,0.30000,0.00000,0.00000,0.00000,0.4971
0.54,0.30000,0.00000,0.00000,0.00000,0.5379
0.55,0.30000,0.00000,0.00000,0.00000,0.5801
0.56,0.30000,0.00000,0.00000,0.00000,0.6236
0.57,0.30000,0.00000,0.00000,0.00000,0.6685
0.58,0.30000,0.00000,0.00000,0.00000,0.7146
0.59,0.30000,0.00000,0.00000,0.00000,0.7621
0.60,0.30000,0.00000,0.00000,0.00000,0.8108
0.61,0.30000,0.00000,0.00000,0.00000,0.8608
0.62,0.30000,0.00000,0.00000,0.00000,0.9121
0.63,0.30000,0.00000,0.00000,0.00000,0.9647
0.64,0.30000,0.00000,0.00000,0.00000,1.0184
0.65,0.30000,0.00000,0.00000,0.00000,1.0735
0.66,0.30000,0.00000,0.00000,0.00000,1.1297
0.67,0.30000,0.00000,0.00000,0.00000,1.1872
0.68,0.30000,0.00000,0.00000,0.00000,1.2458
0.69,0.30000,0.00000,0.00000,0.00000,1.3057
0.70,0.30000,0.00000,0.00000,0.00000,1.3667
0.71,0.30000,0.00000,0.00000,0.00000,1.4290
0.72,0.30000,0.00000,0.00000,0.00000,1.4923
0.73,0.30000,0.00000,0.00000,0.00000,1.5568
0.74,0.30000,0.00000,0.00000,0.00000,1.6225
0.75,0.30000,0.00000,0.00000,0.00000,1.6893
0.76,0.30000,0.00000,0.00000,0.00000,1.7571
0.77,0.30000,0.00000,0.00000,0.00000,1.8261
0.78,0.30000,0.00000,0.00000,0.00000,1.8961
0.79,0.30000,0.00000,0.00000,0.00000,1.9672
0.80,0.30000,0.00000,0.00000,0.00000,2.2683
0.81,0.30000,0.00000,0.00000,0.00000,2.5401
0.82,0.30000,0.00000,0.00000,0.00000,2.7880
0.83,0.30000,0.00000,0.00000,0.00000,3.0160
0.84,0.30000,0.00000,0.00000,0.00000,3.2277
0.85,0.30000,0.00000,0.00000,0.00000,3.4261
0.86,0.30000,0.00000,0.00000,0.00000,3.6135
0.87,0.30000,0.00000,0.00000,0.00000,3.7921
0.88,0.30000,0.00000,0.00000,0.00000,3.9635
0.89,0.30000,0.00000,0.00000,0.00000,4.1292
0.90,0.30000,0.00000,0.00000,0.00000,4.2902
0.91,0.30000,0.00000,0.00000,0.00000,4.4476
0.92,0.30000,0.00000,0.00000,0.00000,4.6021
0.93,0.30000,0.00000,0.00000,0.00000,4.7545
0.94,0.30000,0.00000,0.00000,0.00000,4.9052
0.95,0.30000,0.00000,0.00000,0.00000,5.0548
0.96,0.30000,0.00000,0.00000,0.00000,5.2034
0.97,0.30000,0.00000,0.00000,0.00000,5.3514
0.98,0.30000,0.00000,0.00000,0.00000,5.4988
0.99,0.30000,0.00000,0.00000,0.00000,5.6460
1.00,0.30000,0.00000,0.00000,0.00000,5.7931
1.01,0.30000,0.00000,0.00000,0.00000,5.9402
1.02,0.30000,0.00000,0.00000,0.00000,6.0875
1.03,0.30000,0.00000,0.00000,0.00000,6.2351
1.04,0.30000,0.00000,0.00000,0.00000,6.3830
1.05,0.30000,0.00000,0.00000,0.00000,6.5312
1.06,0.30000,0.00000,0.00000,0.00000,6.6798
1.07,0.30000,0.00000,0.00000,0.00000,6.8287
1.08,0.30000,0.00000,0.00000,0.00000,6.9781
1.09,0.30000,0.00000,0.00000,0.00000,7.1278
1.10,0.30000,0.00000,0.00000,0.00000,7.2779
1.11,0.30000,0.00000,0.00000,0.00000,7.4284
1.12,0.30000,0.00000,0.00000,0.00000,7.5792
1.13,0.30000,0.00000,0.00000,0.00000,7.7302
1.14,0.30000,0.00000,0.00000,0.00000,7.8815
1.15,0.30000,0.00000,0.00000,0.00000,8.0330
1.16,0.30000,0.00000,0.00000,0.00000,8.1847
1.17,0.30000,0.00000,0.00000,0.00000,8.3365
1.18,0.30000,0.00000,0.00000,0.00000,8.4884
1.19,0.30000,0.00000,0.00000,0.00000,8.6403
1.20,0.30000,0.00000,0.00000,0.00000,8.7921
1.21,0.30000,0.00000,0.00000,0.00000,8.9439
1.22,0.30000,0.00000,0.00000,0.00000,9.0955
1.23,0.30000,0.00000,0.00000,0.00000,9.2470
1.24,0.30000,0.00000,0.00000,0.00000,9.3981
1.25,0.30000,0.00000,0.00000,0.00000,9.5490
1.26,0.30000,0.00000,0.00000,0.00000,9.6995
1.27,0.30000,0.00000,0.00000,0.00000,9.8495
1.28,0.30000,0.00000,0.00000,0.00000,9.9991
1.29,0.30000,0.00000,0.00000,0.00000,10.1480
1.30,0.30000,0.00000,0.00000,0.00000,10.2964
1.31,0.30000,0.00000,0.00000,0.00000,10.4440
1.32,0.30000,0.00000,0.00000,0.00000,10.5909
1.33,0.30000,0.00000,0.00000,0.00000,10.7370
1.34,0.30000,0.00000,0.00000,0.00000,10.8822
1.35,0.30000,0.00000,0.00000,0.00000,11.0264
1.36,0.30000,0.00000,0.00000,0.00000,12.1175
1.37,0.30000,0.00000,0.00000,0.00000,13.0671
1.38,0.30000,0.00000,0.00000,0.00000,13.8983
1.39,0.30000,0.00000,0.00000,0.00000,14.6300
1.40,0.30000,0.00000,0.00000,0.00000,15.2780
1.41,0.30000,0.00000,0.00000,0.00000,15.8545
1.42,0.30000,0.00000,0.00000,0.00000,16.3706
1.43,0.30000,0.00000,0.00000,0.00000,16.8355
1.44,0.30000,0.00000,0.00000,0.00000,17.2571
1.45,0.30000,0.00000,0.00000,0.00000,17.6418
1.46,0.30000,0.00000,0.00000,0.00000,17.9950
1.47,0.30000,0.00000,0.00000,0.00000,18.3212
1.48,0.30000,0.00000,0.00000,0.00000,18.6243
1.49,0.30000,0.00000,0.00000,0.00000,18.9074
1.50,0.30000,0.00000,0.00000,0.00000,19.1732
1.51,0.30000,0.00000,0.00000,0.00000,19.4238
1.52,0.30000,0.00000,0.00000,0.00000,19.6611
1.53,0.30000,0.00000,0.00000,0.00000,19.8867
1.54,0.30000,0.00000,0.00000,0.00000,20.1018
1.55,0.30000,0.00000,0.00000,0.00000,20.3074
1.56,0.30000,0.00000,0.00000,0.00000,20.5044
1.57,0.30000,0.00000,0.00000,0.00000,20.6936
1.58,0.30000,0.00000,0.00000,0.00000,20.8755
1.59,0.30000,0.00000,0.00000,0.00000,21.0506
1.60,0.30000,0.00000,0.00000,0.00000,21.2193
1.61,0.30000,0.00000,0.00000,0.00000,21.3819
1.62,0.30000,0.00000,0.00000,0.00000,21.5387
1.63,0.30000,0.00000,0.00000,0.00000,21.6898
1.64,0.30000,0.00000,0.00000,0.00000,21.8354
1.65,0.30000,0.00000,0.00000,0.00000,21.9756
1.66,0.30000,0.00000,0.00000,0.00000,22.1106
1.67,0.30000,0.00000,0.00000,0.00000,22.2403
1.68,0.30000,0.00000,0.00000,0.00000,22.3648
1.69,0.30000,0.00000,0.00000,0.00000,22.4840
1.70,0.30000,0.00000,0.00000,0.00000,22.5982
1.71,0.30000,0.00000,0.00000,0.00000,22.7071
1.72,0.30000,0.00000,0.00000,0.00000,22.8108
1.73,0.30000,0.00000,0.00000,0.00000,22.9092
1.74,0.30000,0.00000,0.00000,0.00000,23.0024
1.75,0.30000,0.00000,0.00000,0.00000,23.0888
1.76,0.30000,0.00000,0.00000,0.00000,24.2407
1.77,0.30000,0.00000,0.00000,0.00000,25.2006
1.78,0.30000,0.00000,0.00000,0.00000,26.0005
1.79,0.30000,0.00000,0.00000,0.00000,26.6671
1.80,0.30000,0.00000,0.00000,0.00000,27.2226
1.81,0.30000,0.00000,0.00000,0.00000,27.6855
1.82,0.30000,0.00000,0.00000,0.00000,28.0712
1.83,0.30000,0.00000,0.00000,0.00000,28.3927
1.84,0.30000,0.00000,0.00000,0.00000,28.6606
1.85,0.30000,0.00000,0.00000,0.00000,28.8838
1.86,0.30000,0.00000,0.00000,0.00000,29.0698
1.87,0.30000,0.00000,0.00000,0.00000,29.2249
1.88,0.30000,0.00000,0.00000,0.00000,29.3541
1.89,0.30000,0.00000,0.00000,0.00000,29.4617
1.90,0.30000,0.00000,0.00000,0.00000,29.5514
1.91,0.30000,0.00000,0.00000,0.00000,29.6262
1.92,0.30000,0.00000,0.00000,0.00000,29.6885
1.93,0.30000,0.00000,0.00000,0.00000,29.7404
1.94,0.30000,0.00000,0.00000,0.00000,29.7837
1.95,0.30000,0.00000,0.00000,0.00000,29.8197
1.96,0.30000,0.00000,0.00000,0.00000,29.8498
1.97,0.30000,0.00000,0.00000,0.00000,29.8748
1.98,0.30000,0.00000,0.00000,0.00000,29.8957
1.99,0.30000,0.00000,0.00000,0.00000,29.9131
2.00,0.30000,0.00000,0.00000,0.00000,29.9276
2.01,0.30000,0.00000,0.00000,0.00000,29.9396
2.02,0.30000,0.00000,0.00000,0.00000,29.9497
2.03,0.30000,0.00000,0.00000,0.00000,29.9434
2.04,0.30000,0.00000,0.00000,0.00000,29.9016
2.05,0.29952,0.00000,0.00000,0.00000,29.8287
2.06,0.29571,0.00000,0.00000,0.00000,29.7279
2.07,0.29195,0.00000,0.00000,0.00000,29.6028
2.08,0.28826,0.00000,0.00000,0.00000,29.4565
2.09,0.28464,0.00000,0.00000,0.00000,29.2915
2.10,0.28096,0.00000,0.00000,0.00000,29.4096
2.11,0.27744,0.00000,0.00000,0.00000,29.5080
2.12,0.27397,0.00000,0.00000,0.00000,29.5900
2.13,0.27055,0.00000,0.00000,0.00000,29.6583
2.14,0.26717,0.00000,0.00000,0.00000,29.7153
2.15,0.26384,0.00000,0.00000,0.00000,29.7627
2.16,0.26056,0.00000,0.00000,0.00000,29.8023
2.17,0.25733,0.00000,0.00000,0.00000,29.8352
2.18,0.25414,0.00000,0.00000,0.00000,29.8627
2.19,0.25099,0.00000,0.00000,0.00000,29.8856
2.20,0.24789,0.00000,0.00000,0.00000,29.9046
2.21,0.24484,0.00000,0.00000,0.00000,29.9205
2.22,0.24182,0.00000,0.00000,0.00000,29.9338
2.23,0.23885,0.00000,0.00000,0.00000,29.9448
2.24,0.23592,0.00000,0.00000,0.00000,29.9540
2.25,0.23304,0.00000,0.00000,0.00000,29.9617
2.26,0.23019,0.00000,0.00000,0.00000,29.9681
2.27,0.22739,0.00000,0.00000,0.00000,29.9734
2.28,0.22462,0.00000,0.00000,0.00000,29.9778
2.29,0.22189,0.00000,0.00000,0.00000,29.9815
2.30,0.21921,0.00000,0.00000,0.00000,29.9846
2.31,0.21656,0.00000,0.00000,0.00000,29.9872
2.32,0.21394,0.00000,0.00000,0.00000,29.9893
2.33,0.21137,0.00000,0.00000,0.00000,29.9911
2.34,0.20883,0.00000,0.00000,0.00000,29.9926
2.35,0.20633,0.00000,0.00000,0.00000,29.9938
2.36,0.20390,0.00000,0.00000,0.00000,29.9948
2.37,0.20156,0.00000,0.00000,0.00000,29.9957
2.38,0.20000,0.00000,0.00000,0.00000,29.9964
2.39,0.20000,0.00000,0.00000,0.00000,29.9970
2.40,0.20000,0.00000,0.00000,0.00000,29.9975
2.41,0.20000,0.00000,0.00000,0.00000,29.9979
2.42,0.20000,0.00000,0.00000,0.00000,29.9983
2.43,0.20000,0.00000,0.00000,0.00000,29.9986
2.44,0.20000,0.00000,0.00000,0.00000,29.9988
2.45,0.20000,0.00000,0.00000,0.00000,29.9990
2.46,0.20000,0.00000,0.00000,0.00000,29.9992
2.47,0.20000,0.00000,0.00000,0.00000,29.9993
2.48,0.20000,0.00000,0.00000,0.00000,29.9994
2.49,0.20000,0.00000,0.00000,0.00000,29.9995
2.50,0.20000,0.00000,0.00000,0.00000,29.9996
2.51,0.20000,0.00000,0.00000,0.00000,29.9997
2.52,0.20000,0.00000,0.00000,0.00000,29.9997
2.53,0.20000,0.00000,0.00000,0.00000,29.9998
2.54,0.20000,0.00000,0.00000,0.00000,29.9998
2.55,0.20000,0.00000,0.00000,0.00000,29.9998
2.56,0.20000,0.00000,0.00000,0.00000,29.9999
2.57,0.20000,0.00000,0.00000,0.00000,29.9999
2.58,0.20000,0.00000,0.00000,0.00000,29.9999
2.59,0.20000,0.00000,0.00000,0.00000,29.9999
2.60,0.20000,0.00000,0.00000,0.00000,29.9999
2.61,0.20000,0.00000,0.00000,0.00000,29.9999
2.62,0.20000,0.00000,0.00000,0.00000,30.0000
2.63,0.20000,0.00000,0.00000,0.00000,29.9920
2.64,0.20000,0.00000,0.00000,0.00000,29.9128
2.65,0.20000,0.00000,0.00000,0.00000,29.7739
2.66,0.20000,0.00000,0.00000,0.00000,29.8116
2.67,0.20000,0.00000,0.00000,0.00000,29.8430
2.68,0.20000,0.00000,0.00000,0.00000,29.8692
2.69,0.20000,0.00000,0.00000,0.00000,29.8910
2.70,0.20000,0.00000,0.00000,0.00000,29.9091
2.71,0.20000,0.00000,0.00000,0.00000,29.9243
2.72,0.20000,0.00000,0.00000,0.00000,29.9369
2.73,0.20000,0.00000,0.00000,0.00000,29.9474
2.74,0.20000,0.00000,0.00000,0.00000,29.9562
2.75,0.20000,0.00000,0.00000,0.00000,29.9635
2.76,0.20000,0.00000,0.00000,0.00000,29.9696
2.77,0.20000,0.00000,0.00000,0.00000,29.9746
2.78,0.20000,0.00000,0.00000,0.00000,29.9789
2.79,0.20000,0.00000,0.00000,0.00000,29.9824
2.80,0.20000,0.00000,0.00000,0.00000,29.9479
2.81,0.20000,0.00000,0.00000,0.00000,29.8451
2.82,0.20000,0.00000,0.00000,0.00000,29.6852
2.83,0.20000,0.00000,0.00000,0.00000,29.4772
2.84,0.20000,0.00000,0.00000,0.00000,29.2288
2.85,0.20000,0.00000,0.00000,0.00000,28.9461
2.86,0.20000,0.00000,0.00000,0.00000,28.6348
2.87,0.20000,0.00000,0.00000,0.00000,28.2997
2.88,0.20000,0.00000,0.00000,0.00000,27.9451
2.89,0.20000,0.00000,0.00000,0.00000,27.5743
2.90,0.20000,0.00000,0.00000,0.00000,27.1904
2.91,0.20000,0.00000,0.00000,0.00000,26.7959
2.92,0.20000,0.00000,0.00000,0.00000,27.3073
2.93,0.20000,0.00000,0.00000,0.00000,27.6634
2.94,0.20000,0.00000,0.00000,0.00000,27.8898
2.95,0.20000,0.00000,0.00000,0.00000,28.0079
2.96,0.20000,0.00000,0.00000,0.00000,28.0352
2.97,0.20000,0.00000,0.00000,0.00000,27.9862
2.98,0.20000,0.00000,0.00000,0.00000,27.8731
2.99,0.20000,0.00000,0.00000,0.00000,27.7061
3.00,0.20000,0.00000,0.00000,0.00000,27.4940
3.01,0.20000,0.00000,0.00000,0.00000,27.2439
3.02,0.20000,0.00000,0.00000,0.00000,26.9621
3.03,0.20000,0.00000,0.00000,0.00000,26.6539
3.04,0.20000,0.00000,0.00000,0.00000,26.3236
3.05,0.20000,0.00000,0.00000,0.00000,25.9751
3.06,0.20000,0.00000,0.00000,0.00000,25.6117
3.07,0.20000,0.00000,0.00000,0.00000,25.2361
3.08,0.20000,0.00000,0.00000,0.00000,24.8506
3.09,0.20000,0.00000,0.00000,0.00000,24.4573
3.10,0.20000,0.00000,0.00000,0.00000,24.0580
3.11,0.20000,0.00000,0.00000,0.00000,23.6541
3.12,0.20000,0.00000,0.00000,0.00000,23.2469
3.13,0.20000,0.00000,0.00000,0.00000,22.8375
3.14,0.20000,0.00000,0.00000,0.00000,22.4269
3.15,0.20000,0.00000,0.00000,0.00000,22.7398
3.16,0.20000,0.00000,0.00000,0.00000,22.9351
3.17,0.20000,0.00000,0.00000,0.00000,23.0327
3.18,0.20000,0.00000,0.00000,0.00000,23.0486
3.19,0.20000,0.00000,0.00000,0.00000,22.9964
3.20,0.20000,0.00000,0.00000,0.00000,22.8871
3.21,0.20000,0.00000,0.00000,0.00000,22.7300
3.22,0.20000,0.00000,0.00000,0.00000,22.5329
3.23,0.20000,0.00000,0.00000,0.00000,22.3024
3.24,0.20000,0.00000,0.00000,0.00000,22.0438
3.25,0.20000,0.00000,0.00000,0.00000,21.7620
3.26,0.20000,0.00000,0.00000,0.00000,21.4608
3.27,0.20000,0.00000,0.00000,0.00000,21.1437
3.28,0.20000,0.00000,0.00000,0.00000,20.8136
3.29,0.20000,0.00000,0.00000,0.00000,20.4731
3.30,0.20000,0.00000,0.00000,0.00000,20.1247
3.31,0.20000,0.00000,0.00000,0.00000,19.7700
3.32,0.20000,0.00000,0.00000,0.00000,19.4105
3.33,0.20000,0.00000,0.00000,0.00000,19.0474
3.34,0.20000,0.00000,0.00000,0.00000,18.6819
3.35,0.20000,0.00000,0.00000,0.00000,18.3147
3.36,0.20000,0.00000,0.00000,0.00000,17.9468
3.37,0.20000,0.00000,0.00000,0.00000,17.5787
3.38,0.20000,0.00000,0.00000,0.00000,17.8053
3.39,0.20000,0.00000,0.00000,0.00000,17.9362
3.40,0.20000,0.00000,0.00000,0.00000,17.9876
3.41,0.20000,0.00000,0.00000,0.00000,17.9727
3.42,0.20000,0.00000,0.00000,0.00000,17.9025
3.43,0.20000,0.00000,0.00000,0.00000,17.7861
3.44,0.20000,0.00000,0.00000,0.00000,17.6310
3.45,0.20000,0.00000,0.00000,0.00000,17.4435
3.46,0.20000,0.00000,0.00000,0.00000,17.2291
3.47,0.20000,0.00000,0.00000,0.00000,16.9922
3.48,0.20000,0.00000,0.00000,0.00000,16.7366
3.49,0.20000,0.00000,0.00000,0.00000,16.4655
3.50,0.20000,0.00000,0.00000,0.00000,16.1826
3.51,0.20000,0.00000,0.00000,0.00000,15.8904
3.52,0.20000,0.00000,0.00000,0.00000,15.5907
3.53,0.20000,0.00000,0.00000,0.00000,15.2851
3.54,0.20000,0.00000,0.00000,0.00000,14.9749
3.55,0.20000,0.00000,0.00000,0.00000,14.6612
3.56,0.20000,0.00000,0.00000,0.00000,14.3451
3.57,0.20000,0.00000,0.00000,0.00000,14.0273
3.58,0.20000,0.00000,0.00000,0.00000,13.7085
3.59,0.20000,0.00000,0.00000,0.00000,13.8841
3.60,0.20000,0.00000,0.00000,0.00000,13.9796
3.61,0.20000,0.00000,0.00000,0.00000,14.0084
3.62,0.20000,0.00000,0.00000,0.00000,13.9801
3.63,0.20000,0.00000,0.00000,0.00000,13.9040
3.64,0.20000,0.00000,0.00000,0.00000,13.7879
3.65,0.20000,0.00000,0.00000,0.00000,13.6384
3.66,0.20000,0.00000,0.00000,0.00000,13.4612
3.67,0.20000,0.00000,0.00000,0.00000,13.2607
3.68,0.20000,0.00000,0.00000,0.00000,13.0411
3.69,0.20000,0.00000,0.00000,0.00000,12.8055
3.70,0.20000,0.00000,0.00000,0.00000,12.5580
3.71,0.20000,0.00000,0.00000,0.00000,12.3014
3.72,0.20000,0.00000,0.00000,0.00000,12.0372
3.73,0.20000,0.00000,0.00000,0.00000,11.7672
3.74,0.20000,0.00000,0.00000,0.00000,11.4925
3.75,0.20000,0.00000,0.00000,0.00000,11.2143
3.76,0.20000,0.00000,0.00000,0.00000,10.9336
3.77,0.20000,0.00000,0.00000,0.00000,10.6512
3.78,0.20000,0.00000,0.00000,0.00000,10.3678
3.79,0.20000,0.00000,0.00000,0.00000,10.5015
3.80,0.20000,0.00000,0.00000,0.00000,10.5676
3.81,0.20000,0.00000,0.00000,0.00000,10.5774
3.82,0.20000,0.00000,0.00000,0.00000,10.5406
3.83,0.20000,0.00000,0.00000,0.00000,10.4648
3.84,0.20000,0.00000,0.00000,0.00000,10.3566
3.85,0.20000,0.00000,0.00000,0.00000,10.2213
3.86,0.20000,0.00000,0.00000,0.00000,10.0636
3.87,0.20000,0.00000,0.00000,0.00000,9.8872
3.88,0.20000,0.00000,0.00000,0.00000,9.6952
3.89,0.20000,0.00000,0.00000,0.00000,9.4917
3.90,0.20000,0.00000,0.00000,0.00000,9.2794
3.91,0.20000,0.00000,0.00000,0.00000,9.0601
3.92,0.20000,0.00000,0.00000,0.00000,8.8351
3.93,0.20000,0.00000,0.00000,0.00000,8.6056
3.94,0.20000,0.00000,0.00000,0.00000,8.3728
3.95,0.20000,0.00000,0.00000,0.00000,8.1374
3.96,0.20000,0.00000,0.00000,0.00000,7.9003
3.97,0.20000,0.00000,0.00000,0.00000,7.6620
3.98,0.20375,0.00000,0.00000,0.00000,7.4232
3.99,0.20766,0.00000,0.00000,0.00000,7.5430
4.00,0.21452,0.00000,0.00000,0.00000,7.6048
4.01,0.22135,0.00000,0.00000,0.00000,7.6187
4.02,0.22815,0.00000,0.00000,0.00000,7.5926
4.03,0.23491,0.00000,0.00000,0.00000,7.5334
4.04,0.24165,0.00000,0.00000,0.00000,7.4466
4.05,0.24837,0.00000,0.00000,0.00000,7.3368
4.06,0.25507,0.00000,0.00000,0.00000,7.2079
4.07,0.26174,0.00000,0.00000,0.00000,7.0635
4.08,0.26840,0.00000,0.00000,0.00000,6.9080
4.09,0.27504,0.00000,0.00000,0.00000,6.7434
4.10,0.28167,0.00000,0.00000,0.00000,6.5714
4.11,0.28829,0.00000,0.00000,0.00000,6.3935
4.12,0.29698,0.00000,0.00000,0.00000,6.2107
4.13,0.30000,0.00000,0.00000,0.00000,6.0242
4.14,0.30000,0.00000,0.00000,0.00000,5.8348
4.15,0.30000,0.00000,0.00000,0.00000,5.6432
4.16,0.30000,0.00000,0.00000,0.00000,5.4500
4.17,0.30000,0.00000,0.00000,0.00000,5.2558
4.18,0.30000,0.00000,0.00000,0.00000,5.3710
4.19,0.30000,0.00000,0.00000,0.00000,5.4356
4.20,0.30000,0.00000,0.00000,0.00000,5.4582
4.21,0.30000,0.00000,0.00000,0.00000,5.4458
4.22,0.30000,0.00000,0.00000,0.00000,5.4043
4.23,0.30000,0.00000,0.00000,0.00000,5.3384
4.24,0.30000,0.00000,0.00000,0.00000,5.2522
4.25,0.30000,0.00000,0.00000,0.00000,5.1507
4.26,0.30000,0.00000,0.00000,0.00000,5.0370
4.27,0.30000,0.00000,0.00000,0.00000,4.9131
4.28,0.30000,0.00000,0.00000,0.00000,4.7808
4.29,0.30000,0.00000,0.00000,0.00000,4.6415
4.30,0.30000,0.00000,0.00000,0.00000,4.4966
4.31,0.30000,0.00000,0.00000,0.00000,4.3471
4.32,0.30000,0.00000,0.00000,0.00000,4.1939
4.33,0.30000,0.00000,0.00000,0.00000,4.0378
4.34,0.30000,0.00000,0.00000,0.00000,3.8794
4.35,0.30000,0.00000,0.00000,0.00000,3.7193
4.36,0.30000,0.00000,0.00000,0.00000,3.8275
4.37,0.30000,0.00000,0.00000,0.00000,3.8911
4.38,0.30000,0.00000,0.00000,0.00000,3.9177
4.39,0.30000,0.00000,0.00000,0.00000,3.9135
4.40,0.30000,0.00000,0.00000,0.00000,3.8836
4.41,0.30000,0.00000,0.00000,0.00000,3.8324
4.42,0.30000,0.00000,0.00000,0.00000,3.7654
4.43,0.30000,0.00000,0.00000,0.00000,3.6852
4.44,0.30000,0.00000,0.00000,0.00000,3.5939
4.45,0.30000,0.00000,0.00000,0.00000,3.4934
4.46,0.30000,0.00000,0.00000,0.00000,3.3854
4.47,0.30000,0.00000,0.00000,0.00000,3.2710
4.48,0.30000,0.00000,0.00000,0.00000,3.1515
4.49,0.30000,0.00000,0.00000,0.00000,3.0277
4.50,0.30000,0.00000,0.00000,0.00000,2.9006
4.51,0.30000,0.00000,0.00000,0.00000,2.7707
4.52,0.30000,0.00000,0.00000,0.00000,2.6388
4.53,0.30000,0.00000,0.00000,0.00000,2.7401
4.54,0.30000,0.00000,0.00000,0.00000,2.8021
4.55,0.30215,0.00000,0.00000,0.00000,2.8315
4.56,0.30447,0.00000,0.00000,0.00000,2.8336
4.57,0.30680,0.00000,0.00000,0.00000,2.8132
4.58,0.30913,0.00000,0.00000,0.00000,2.7758
4.59,0.31147,0.00000,0.00000,0.00000,2.7242
4.60,0.31381,0.00000,0.00000,0.00000,2.6607
4.61,0.31607,0.00000,0.00000,0.00000,2.5872
4.62,0.31820,0.00000,0.00000,0.00000,2.5055
4.63,0.32034,0.00000,0.00000,0.00000,2.4170
4.64,0.32248,0.00000,0.00000,0.00000,2.3228
4.65,0.32463,0.00000,0.00000,0.00000,2.2239
4.66,0.32678,0.00000,0.00000,0.00000,2.1212
4.67,0.32894,0.00000,0.00000,0.00000,2.0154
4.68,0.33110,0.00000,0.00000,0.00000,1.9072
4.69,0.33308,0.00000,0.00000,0.00000,2.0017
4.70,0.33526,0.00000,0.00000,0.00000,2.0615
4.71,0.33744,0.00000,0.00000,0.00000,2.0924
4.72,0.33962,0.00000,0.00000,0.00000,2.0992
4.73,0.34181,0.00000,0.00000,0.00000,2.0872
4.74,0.34401,0.00000,0.00000,0.00000,2.0600
4.75,0.34621,0.00000,0.00000,0.00000,2.0200
4.76,0.34841,0.00000,0.00000,0.00000,1.9693
4.77,0.35055,0.00000,0.00000,0.00000,1.9097
4.78,0.35252,0.00000,0.00000,0.00000,1.8427
4.79,0.35450,0.00000,0.00000,0.00000,1.7695
4.80,0.35647,0.00000,0.00000,0.00000,1.6912
4.81,0.35846,0.00000,0.00000,0.00000,1.6086
4.82,0.36044,0.00000,0.00000,0.00000,1.5225
4.83,0.36244,0.00000,0.00000,0.00000,1.4335
4.84,0.36443,0.00000,0.00000,0.00000,1.3423
4.85,0.36632,0.00000,0.00000,0.00000,1.4282
4.86,0.36833,0.00000,0.00000,0.00000,1.4836
4.87,0.37035,0.00000,0.00000,0.00000,1.5136
4.88,0.37236,0.00000,0.00000,0.00000,1.5241
4.89,0.37439,0.00000,0.00000,0.00000,1.5181
4.90,0.37642,0.00000,0.00000,0.00000,1.4985
4.91,0.37845,0.00000,0.00000,0.00000,1.4674
4.92,0.38049,0.00000,0.00000,0.00000,1.4268
4.93,0.38233,0.00000,0.00000,0.00000,1.3781
4.94,0.38412,0.00000,0.00000,0.00000,1.3227
4.95,0.38592,0.00000,0.00000,0.00000,1.2617
4.96,0.38772,0.00000,0.00000,0.00000,1.1961
4.97,0.38952,0.00000,0.00000,0.00000,1.1266
4.98,0.39133,0.00000,0.00000,0.00000,1.0539
4.99,0.39315,0.00000,0.00000,0.00000,0.9786
5.00,0.39490,0.00000,0.00000,0.00000,1.0570
5.01,0.39672,0.00000,0.00000,0.00000,1.1083
5.02,0.39855,0.00000,0.00000,0.00000,1.1384
5.03,0.40097,0.00000,0.00000,0.00000,1.1508
5.04,0.40556,0.00000,0.00000,0.00000,1.1486
5.05,0.41017,0.00000,0.00000,0.00000,1.1340
5.06,0.41479,0.00000,0.00000,0.00000,1.1092
5.07,0.41943,0.00000,0.00000,0.00000,1.0757
5.08,0.42348,0.00000,0.00000,0.00000,1.0350
5.09,0.42750,0.00000,0.00000,0.00000,0.9883
5.10,0.43154,0.00000,0.00000,0.00000,0.9365
5.11,0.43558,0.00000,0.00000,0.00000,0.8805
5.12,0.43964,0.00000,0.00000,0.00000,0.8210
5.13,0.44370,0.00000,0.00000,0.00000,0.7586
5.14,0.44778,0.00000,0.00000,0.00000,0.6939
5.15,0.45177,0.00000,0.00000,0.00000,0.7631
5.16,0.45587,0.00000,0.00000,0.00000,0.8099
5.17,0.45999,0.00000,0.00000,0.00000,0.8380
5.18,0.46411,0.00000,0.00000,0.00000,0.8504
5.19,0.46825,0.00000,0.00000,0.00000,0.8499
5.20,0.47240,0.00000,0.00000,0.00000,0.8384
5.21,0.47656,0.00000,0.00000,0.00000,0.8177
5.22,0.48034,0.00000,0.00000,0.00000,0.7894
5.23,0.48393,0.00000,0.00000,0.00000,0.7546
5.24,0.48752,0.00000,0.00000,0.00000,0.7144
5.25,0.49113,0.00000,0.00000,0.00000,0.6697
5.26,0.49475,0.00000,0.00000,0.00000,0.6212
5.27,0.49837,0.00000,0.00000,0.00000,0.5696
5.28,0.50201,0.00000,0.00000,0.00000,0.5157
5.29,0.50561,0.00000,0.00000,0.00000,0.5778
5.30,0.50927,0.00000,0.00000,0.00000,0.6199
5.31,0.51294,0.00000,0.00000,0.00000,0.6454
5.32,0.51663,0.00000,0.00000,0.00000,0.6569
5.33,0.52032,0.00000,0.00000,0.00000,0.6568
5.34,0.52403,0.00000,0.00000,0.00000,0.6470
5.35,0.52774,0.00000,0.00000,0.00000,0.6289
5.36,0.53095,0.00000,0.00000,0.00000,0.6040
5.37,0.53414,0.00000,0.00000,0.00000,0.5733
5.38,0.53734,0.00000,0.00000,0.00000,0.5377
5.39,0.54055,0.00000,0.00000,0.00000,0.4981
5.40,0.54377,0.00000,0.00000,0.00000,0.4550
5.41,0.54700,0.00000,0.00000,0.00000,0.4099
5.42,0.55024,0.00000,0.00000,0.00000,0.4638
5.43,0.55389,0.00000,0.00000,0.00000,0.5000
5.44,0.55756,0.00000,0.00000,0.00000,0.5215
5.45,0.56124,0.00000,0.00000,0.00000,0.5307
5.46,0.56493,0.00000,0.00000,0.00000,0.5296
5.47,0.56863,0.00000,0.00000,0.00000,0.5199
5.48,0.57235,0.00000,0.00000,0.00000,0.5029
5.49,0.57563,0.00000,0.00000,0.00000,0.4797
5.50,0.57881,0.00000,0.00000,0.00000,0.4515
5.51,0.58201,0.00000,0.00000,0.00000,0.4189
5.52,0.58521,0.00000,0.00000,0.00000,0.3827
5.53,0.58843,0.00000,0.00000,0.00000,0.3443
5.54,0.59165,0.00000,0.00000,0.00000,0.3040
5.55,0.59487,0.00000,0.00000,0.00000,0.3479
5.56,0.59812,0.00000,0.00000,0.00000,0.3766
5.57,0.60138,0.00000,0.00000,0.00000,0.3926
5.58,0.60464,0.00000,0.00000,0.00000,0.3980
5.59,0.60792,0.00000,0.00000,0.00000,0.3945
5.60,0.61121,0.00000,0.00000,0.00000,0.3835
5.61,0.61441,0.00000,0.00000,0.00000,0.3663
5.62,0.61724,0.00000,0.00000,0.00000,0.3438
5.63,0.62007,0.00000,0.00000,0.00000,0.3169
5.64,0.62292,0.00000,0.00000,0.00000,0.2866
5.65,0.62577,0.00000,0.00000,0.00000,0.2540
5.66,0.62863,0.00000,0.00000,0.00000,0.2193
5.67,0.63150,0.00000,0.00000,0.00000,0.2550
5.68,0.63438,0.00000,0.00000,0.00000,0.2777
5.69,0.63727,0.00000,0.00000,0.00000,0.2893
5.70,0.64017,0.00000,0.00000,0.00000,0.2917
5.71,0.64308,0.00000,0.00000,0.00000,0.2864
5.72,0.64599,0.00000,0.00000,0.00000,0.2747
5.73,0.64889,0.00000,0.00000,0.00000,0.2575
5.74,0.65141,0.00000,0.00000,0.00000,0.2357
5.75,0.65393,0.00000,0.00000,0.00000,0.2105
5.76,0.65647,0.00000,0.00000,0.00000,0.1827
5.77,0.65901,0.00000,0.00000,0.00000,0.1527
5.78,0.66156,0.00000,0.00000,0.00000,0.1209
5.79,0.66412,0.00000,0.00000,0.00000,0.1478
5.80,0.66668,0.00000,0.00000,0.00000,0.1635
5.81,0.66926,0.00000,0.00000,0.00000,0.1701
5.82,0.67184,0.00000,0.00000,0.00000,0.1689
5.83,0.67443,0.00000,0.00000,0.00000,0.1612
5.84,0.67703,0.00000,0.00000,0.00000,0.1481
5.85,0.67949,0.00000,0.00000,0.00000,0.1304
5.86,0.68175,0.00000,0.00000,0.00000,0.1095
5.87,0.68401,0.00000,0.00000,0.00000,0.0860
5.88,0.68628,0.00000,0.00000,0.00000,0.0602
5.89,0.68855,0.00000,0.00000,0.00000,0.0326
5.90,0.69084,0.00000,0.00000,0.00000,0.0033
5.91,0.69313,0.00000,0.00000,0.00000,0.0223
5.92,0.69543,0.00000,0.00000,0.00000,0.0320
5.93,0.69773,0.00000,0.00000,0.00000,0.0342
5.94,0.70015,0.00000,0.00000,0.00000,0.0299
5.95,0.70757,0.00000,0.00000,0.00000,0.0203
5.96,0.71486,0.00000,0.00000,0.00000,0.0066
5.97,0.72133,0.00000,0.00000,0.00000,-0.0102
5.98,0.72783,0.00000,0.00000,0.00000,-0.0297
5.99,0.73435,0.00000,0.00000,0.00000,-0.0514
6.00,0.74088,0.00000,0.00000,0.00000,-0.0751
6.01,0.74744,0.00000,0.00000,0.00000,-0.1003
6.02,0.75403,0.00000,0.00000,0.00000,-0.0871
6.03,0.76063,0.00000,0.00000,0.00000,-0.0814
6.04,0.76725,0.00000,0.00000,0.00000,-0.0821
6.05,0.77390,0.00000,0.00000,0.00000,-0.0881
6.06,0.78056,0.00000,0.00000,0.00000,-0.0981
6.07,0.78699,0.00000,0.00000,0.00000,-0.1112
6.08,0.79283,0.00000,0.00000,0.00000,-0.1270
6.09,0.79870,0.00000,0.00000,0.00000,-0.1450
6.10,0.80458,0.00000,0.00000,0.00000,-0.1649
6.11,0.81049,0.00000,0.00000,0.00000,-0.1863
6.12,0.81642,0.00000,0.00000,0.00000,-0.1781
6.13,0.82236,0.00000,0.00000,0.00000,-0.1760
6.14,0.82833,0.00000,0.00000,0.00000,-0.1791
6.15,0.83431,0.00000,0.00000,0.00000,-0.1864
6.16,0.84032,0.00000,0.00000,0.00000,-0.1967
6.17,0.84634,0.00000,0.00000,0.00000,-0.2096
6.18,0.85177,0.00000,0.00000,0.00000,-0.2246
6.19,0.85707,0.00000,0.00000,0.00000,-0.2414
6.20,0.86240,0.00000,0.00000,0.00000,-0.2597
6.21,0.86774,0.00000,0.00000,0.00000,-0.2792
6.22,0.87310,0.00000,0.00000,0.00000,-0.2999
6.23,0.87848,0.00000,0.00000,0.00000,-0.2979
6.24,0.88388,0.00000,0.00000,0.00000,-0.3006
6.25,0.88929,0.00000,0.00000,0.00000,-0.3065
6.26,0.89473,0.00000,0.00000,0.00000,-0.3151
6.27,0.90018,0.00000,0.00000,0.00000,-0.3260
6.28,0.90518,0.00000,0.00000,0.00000,-0.3387
6.29,0.90998,0.00000,0.00000,0.00000,-0.3531
6.30,0.91481,0.00000,0.00000,0.00000,-0.3688
6.31,0.91965,0.00000,0.00000,0.00000,-0.3856
6.32,0.92451,0.00000,0.00000,0.00000,-0.4034
6.33,0.92939,0.00000,0.00000,0.00000,-0.4052
6.34,0.93428,0.00000,0.00000,0.00000,-0.4098
6.35,0.93919,0.00000,0.00000,0.00000,-0.4168
6.36,0.94411,0.00000,0.00000,0.00000,-0.4257
6.37,0.94906,0.00000,0.00000,0.00000,-0.4362
6.38,0.95345,0.00000,0.00000,0.00000,-0.4482
6.39,0.95780,0.00000,0.00000,0.00000,-0.4613
6.40,0.96216,0.00000,0.00000,0.00000,-0.4754
6.41,0.96654,0.00000,0.00000,0.00000,-0.4903
6.42,0.97094,0.00000,0.00000,0.00000,-0.4948
6.43,0.97535,0.00000,0.00000,0.00000,-0.5011
6.44,0.97977,0.00000,0.00000,0.00000,-0.5089
6.45,0.98421,0.00000,0.00000,0.00000,-0.5179
6.46,0.98866,0.00000,0.00000,0.00000,-0.5281
6.47,0.99287,0.00000,0.00000,0.00000,-0.5391
6.48,0.99675,0.00000,0.00000,0.00000,-0.5509
6.49,1.00000,0.00000,0.00000,0.00000,-0.5633
6.50,1.00000,0.00000,0.00000,0.00000,-0.5763
6.51,1.00000,0.00000,0.00000,0.00000,-0.5892
6.52,1.00000,0.00000,0.00000,0.00000,-0.5960
6.53,1.00000,0.00000,0.00000,0.00000,-0.6037
6.54,1.00000,0.00000,0.00000,0.00000,-0.6121
6.55,1.00000,0.00000,0.00000,0.00000,-0.6211
6.56,1.00000,0.00000,0.00000,0.00000,-0.6307
6.57,1.00000,0.00000,0.00000,0.00000,-0.6407
6.58,1.00000,0.00000,0.00000,0.00000,-0.6510
6.59,1.00000,0.00000,0.00000,0.00000,-0.6612
6.60,1.00000,0.00000,0.00000,0.00000,-0.6712
6.61,1.00000,0.00000,0.00000,0.00000,-0.6794
6.62,1.00000,0.00000,0.00000,0.00000,-0.6876
6.63,1.00000,0.00000,0.00000,0.00000,-0.6959
6.64,1.00000,0.00000,0.00000,0.00000,-0.7042
6.65,1.00000,0.00000,0.00000,0.00000,-0.7127
6.66,1.00000,0.00000,0.00000,0.00000,-0.7211
6.67,1.00000,0.00000,0.00000,0.00000,-0.7292
6.68,1.00000,0.00000,0.00000,0.00000,-0.7369
6.69,1.00000,0.00000,0.00000,0.00000,-0.7461
6.70,1.00000,0.00000,0.00000,0.00000,-0.7546
6.71,1.00000,0.00000,0.00000,0.00000,-0.7627
6.72,1.00000,0.00000,0.00000,0.00000,-0.7703
6.73,1.00000,0.00000,0.00000,0.00000,-0.7775
6.74,1.00000,0.00000,0.00000,0.00000,-0.7844
6.75,1.00000,0.00000,0.00000,0.00000,-0.7905
6.76,1.00000,0.00000,0.00000,0.00000,-0.7960
6.77,1.00000,0.00000,0.00000,0.00000,-0.8010
6.78,1.00000,0.00000,0.00000,0.00000,-0.8103
6.79,1.00000,0.00000,0.00000,0.00000,-0.8184
6.80,1.00000,0.00000,0.00000,0.00000,-0.8256
6.81,1.00000,0.00000,0.00000,0.00000,-0.8319
6.82,1.00000,0.00000,0.00000,0.00000,-0.8373
6.83,1.00000,0.00000,0.00000,0.00000,-0.8418
6.84,1.00000,0.00000,0.00000,0.00000,-0.8453
6.85,1.00000,0.00000,0.00000,0.00000,-0.8481
6.86,1.00000,0.00000,0.00000,0.00000,-0.8575
6.87,1.00000,0.00000,0.00000,0.00000,-0.8651
6.88,1.00000,0.00000,0.00000,0.00000,-0.8714
6.89,1.00000,0.00000,0.00000,0.00000,-0.8764
6.90,1.00000,0.00000,0.00000,0.00000,-0.8801
6.91,1.00000,0.00000,0.00000,0.00000,-0.8826
6.92,1.00000,0.00000,0.00000,0.00000,-0.8840
6.93,1.00000,0.00000,0.00000,0.00000,-0.8846
6.94,1.00000,0.00000,0.00000,0.00000,-0.8844
6.95,1.00000,0.00000,0.00000,0.00000,-0.8926
6.96,1.00000,0.00000,0.00000,0.00000,-0.8988
6.97,1.00000,0.00000,0.00000,0.00000,-0.9033
6.98,1.00000,0.00000,0.00000,0.00000,-0.9059
6.99,1.00000,0.00000,0.00000,0.00000,-0.9071
7.00,1.00000,0.00000,0.00000,0.00000,-0.9070
7.01,1.00000,0.00000,0.00000,0.00000,-0.9058
7.02,1.00000,0.00000,0.00000,0.00000,-0.9038
7.03,1.00000,0.00000,0.00000,0.00000,-0.9114
7.04,1.00000,0.00000,0.00000,0.00000,-0.9166
7.05,1.00000,0.00000,0.00000,0.00000,-0.9196
7.06,1.00000,0.00000,0.00000,0.00000,-0.9207
7.07,1.00000,0.00000,0.00000,0.00000,-0.9201
7.08,1.00000,0.00000,0.00000,0.00000,-0.9181
7.09,1.00000,0.00000,0.00000,0.00000,-0.9150
7.10,1.00000,0.00000,0.00000,0.00000,-0.9223
7.11,1.00000,0.00000,0.00000,0.00000,-0.9269
7.12,1.00000,0.00000,0.00000,0.00000,-0.9290
7.13,1.00000,0.00000,0.00000,0.00000,-0.9290
7.14,1.00000,0.00000,0.00000,0.00000,-0.9272
7.15,1.00000,0.00000,0.00000,0.00000,-0.9239
7.16,1.00000,0.00000,0.00000,0.00000,-0.9194
7.17,1.00000,0.00000,0.00000,0.00000,-0.9137
7.18,1.00000,0.00000,0.00000,0.00000,-0.9191
7.19,1.00000,0.00000,0.00000,0.00000,-0.9217
7.20,1.00000,0.00000,0.00000,0.00000,-0.9217
7.21,1.00000,0.00000,0.00000,0.00000,-0.9196
7.22,1.00000,0.00000,0.00000,0.00000,-0.9158
7.23,1.00000,0.00000,0.00000,0.00000,-0.9105
7.24,1.00000,0.00000,0.00000,0.00000,-0.9040
7.25,1.00000,0.00000,0.00000,0.00000,-0.8965
7.26,1.00000,0.00000,0.00000,0.00000,-0.9001
7.27,1.00000,0.00000,0.00000,0.00000,-0.9008
7.28,1.00000,0.00000,0.00000,0.00000,-0.8991
7.29,1.00000,0.00000,0.00000,0.00000,-0.8953
7.30,1.00000,0.00000,0.00000,0.00000,-0.8898
7.31,1.00000,0.00000,0.00000,0.00000,-0.8829
7.32,1.00000,0.00000,0.00000,0.00000,-0.8748
7.33,1.00000,0.00000,0.00000,0.00000,-0.8777
7.34,1.00000,0.00000,0.00000,0.00000,-0.8776
7.35,1.00000,0.00000,0.00000,0.00000,-0.8751
7.36,1.00000,0.00000,0.00000,0.00000,-0.8704
7.37,1.00000,0.00000,0.00000,0.00000,-0.8640
7.38,1.00000,0.00000,0.00000,0.00000,-0.8562
7.39,1.00000,0.00000,0.00000,0.00000,-0.8471
7.40,1.00000,0.00000,0.00000,0.00000,-0.8369
7.41,1.00000,0.00000,0.00000,0.00000,-0.8376
7.42,1.00000,0.00000,0.00000,0.00000,-0.8355
7.43,1.00000,0.00000,0.00000,0.00000,-0.8312
7.44,1.00000,0.00000,0.00000,0.00000,-0.8249
7.45,1.00000,0.00000,0.00000,0.00000,-0.8171
7.46,1.00000,0.00000,0.00000,0.00000,-0.8078
7.47,1.00000,0.00000,0.00000,0.00000,-0.7974
7.48,1.00000,0.00000,0.00000,0.00000,-0.7973
7.49,1.00000,0.00000,0.00000,0.00000,-0.7946
7.50,1.00000,0.00000,0.00000,0.00000,-0.7896
7.51,1.00000,0.00000,0.00000,0.00000,-0.7827
7.52,1.00000,0.00000,0.00000,0.00000,-0.7743
7.53,1.00000,0.00000,0.00000,0.00000,-0.7645
7.54,1.00000,0.00000,0.00000,0.00000,-0.7535
7.55,1.00000,0.00000,0.00000,0.00000,-0.7524
7.56,1.00000,0.00000,0.00000,0.00000,-0.7487
7.57,1.00000,0.00000,0.00000,0.00000,-0.7429
7.58,1.00000,0.00000,0.00000,0.00000,-0.7353
7.59,1.00000,0.00000,0.00000,0.00000,-0.7262
7.60,1.00000,0.00000,0.00000,0.00000,-0.7158
7.61,1.00000,0.00000,0.00000,0.00000,-0.7044
7.62,1.00000,0.00000,0.00000,0.00000,-0.7022
7.63,1.00000,0.00000,0.00000,0.00000,-0.6976
7.64,1.00000,0.00000,0.00000,0.00000,-0.6910
7.65,1.00000,0.00000,0.00000,0.00000,-0.6828
7.66,1.00000,0.00000,0.00000,0.00000,-0.6732
7.67,1.00000,0.00000,0.00000,0.00000,-0.6624
7.68,1.00000,0.00000,0.00000,0.00000,-0.6507
7.69,1.00000,0.00000,0.00000,0.00000,-0.6475
7.70,1.00000,0.00000,0.00000,0.00000,-0.6422
7.71,1.00000,0.00000,0.00000,0.00000,-0.6350
7.72,1.00000,0.00000,0.00000,0.00000,-0.6263
7.73,1.00000,0.00000,0.00000,0.00000,-0.6164
7.74,1.00000,0.00000,0.00000,0.00000,-0.6054
7.75,1.00000,0.00000,0.00000,0.00000,-0.5936
7.76,1.00000,0.00000,0.00000,0.00000,-0.5896
7.77,1.00000,0.00000,0.00000,0.00000,-0.5836
7.78,1.00000,0.00000,0.00000,0.00000,-0.5760
7.79,1.00000,0.00000,0.00000,0.00000,-0.5670
7.80,1.00000,0.00000,0.00000,0.00000,-0.5570
7.81,1.00000,0.00000,0.00000,0.00000,-0.5461
7.82,1.00000,0.00000,0.00000,0.00000,-0.5419
7.83,1.00000,0.00000,0.00000,0.00000,-0.5360
7.84,1.00000,0.00000,0.00000,0.00000,-0.5285
7.85,1.00000,0.00000,0.00000,0.00000,-0.5197
7.86,1.00000,0.00000,0.00000,0.00000,-0.5100
7.87,1.00000,0.00000,0.00000,0.00000,-0.4994
7.88,1.00000,0.00000,0.00000,0.00000,-0.4881
7.89,1.00000,0.00000,0.00000,0.00000,-0.4830
7.90,1.00000,0.00000,0.00000,0.00000,-0.4763
7.91,1.00000,0.00000,0.00000,0.00000,-0.4683
7.92,1.00000,0.00000,0.00000,0.00000,-0.4594
7.93,1.00000,0.00000,0.00000,0.00000,-0.4496
7.94,1.00000,0.00000,0.00000,0.00000,-0.4391
7.95,1.00000,0.00000,0.00000,0.00000,-0.4281
7.96,1.00000,0.00000,0.00000,0.00000,-0.4225
7.97,1.00000,0.00000,0.00000,0.00000,-0.4155
7.98,1.00000,0.00000,0.00000,0.00000,-0.4076
7.99,1.00000,0.00000,0.00000,0.00000,-0.3988
8.00,1.00000,0.00000,0.00000,0.00000,-0.3893
8.01,1.00000,0.00000,0.00000,0.00000,-0.3792
8.02,1.00000,0.00000,0.00000,0.00000,-0.3737
8.03,1.00000,0.00000,0.00000,0.00000,-0.3671
8.04,1.00000,0.00000,0.00000,0.00000,-0.3595
8.05,1.00000,0.00000,0.00000,0.00000,-0.3512
8.06,1.00000,0.00000,0.00000,0.00000,-0.3423
8.07,1.00000,0.00000,0.00000,0.00000,-0.3329
8.08,1.00000,0.00000,0.00000,0.00000,-0.3231
8.09,1.00000,0.00000,0.00000,0.00000,-0.3173
8.10,1.00000,0.00000,0.00000,0.00000,-0.3105
8.11,1.00000,0.00000,0.00000,0.00000,-0.3031
8.12,1.00000,0.00000,0.00000,0.00000,-0.2951
8.13,1.00000,0.00000,0.00000,0.00000,-0.2867
8.14,1.00000,0.00000,0.00000,0.00000,-0.2779
8.15,1.00000,0.00000,0.00000,0.00000,-0.2724
8.16,1.00000,0.00000,0.00000,0.00000,-0.2661
8.17,1.00000,0.00000,0.00000,0.00000,-0.2592
8.18,1.00000,0.00000,0.00000,0.00000,-0.2519
8.19,1.00000,0.00000,0.00000,0.00000,-0.2442
8.20,1.00000,0.00000,0.00000,0.00000,-0.2361
8.21,1.00000,0.00000,0.00000,0.00000,-0.2278
8.22,1.00000,0.00000,0.00000,0.00000,-0.2225
8.23,1.00000,0.00000,0.00000,0.00000,-0.2166
8.24,1.00000,0.00000,0.00000,0.00000,-0.2103
8.25,1.00000,0.00000,0.00000,0.00000,-0.2036
8.26,1.00000,0.00000,0.00000,0.00000,-0.1966
8.27,1.00000,0.00000,0.00000,0.00000,-0.1894
8.28,1.00000,0.00000,0.00000,0.00000,-0.1846
8.29,1.00000,0.00000,0.00000,0.00000,-0.1794
8.30,1.00000,0.00000,0.00000,0.00000,-0.1739
8.31,1.00000,0.00000,0.00000,0.00000,-0.1680
8.32,1.00000,0.00000,0.00000,0.00000,-0.1619
8.33,1.00000,0.00000,0.00000,0.00000,-0.1557
8.34,1.00000,0.00000,0.00000,0.00000,-0.1515
8.35,1.00000,0.00000,0.00000,0.00000,-0.1470
8.36,1.00000,0.00000,0.00000,0.00000,-0.1422
8.37,1.00000,0.00000,0.00000,0.00000,-0.1372
8.38,1.00000,0.00000,0.00000,0.00000,-0.1320
8.39,1.00000,0.00000,0.00000,0.00000,-0.1267
8.40,1.00000,0.00000,0.00000,0.00000,-0.1231
8.41,1.00000,0.00000,0.00000,0.00000,-0.1192
8.42,1.00000,0.00000,0.00000,0.00000,-0.1152
8.43,1.00000,0.00000,0.00000,0.00000,-0.1110
8.44,1.00000,0.00000,0.00000,0.00000,-0.1067
8.45,1.00000,0.00000,0.00000,0.00000,-0.1023
8.46,1.00000,0.00000,0.00000,0.00000,-0.0979
8.47,1.00000,0.00000,0.00000,0.00000,-0.0948
8.48,1.00000,0.00000,0.00000,0.00000,-0.0917
8.49,1.00000,0.00000,0.00000,0.00000,-0.0884
8.50,1.00000,0.00000,0.00000,0.00000,-0.0850
8.51,1.00000,0.00000,0.00000,0.00000,-0.0815
8.52,1.00000,0.00000,0.00000,0.00000,-0.0782
8.53,1.00000,0.00000,0.00000,0.00000,-0.0756
8.54,1.00000,0.00000,0.00000,0.00000,-0.0730
8.55,1.00000,0.00000,0.00000,0.00000,-0.0704
8.56,1.00000,0.00000,0.00000,0.00000,-0.0678
8.57,1.00000,0.00000,0.00000,0.00000,-0.0652
8.58,1.00000,0.00000,0.00000,0.00000,-0.0626
8.59,1.00000,0.00000,0.00000,0.00000,-0.0605
8.60,1.00000,0.00000,0.00000,0.00000,-0.0585
8.61,1.00000,0.00000,0.00000,0.00000,-0.0565
8.62,1.00000,0.00000,0.00000,0.00000,-0.0545
8.63,1.00000,0.00000,0.00000,0.00000,-0.0526
8.64,1.00000,0.00000,0.00000,0.00000,-0.0509
8.65,1.00000,0.00000,0.00000,0.00000,-0.0493
8.66,1.00000,0.00000,0.00000,0.00000,-0.0478
8.67,1.00000,0.00000,0.00000,0.00000,-0.0464
8.68,1.00000,0.00000,0.00000,0.00000,-0.0450
8.69,1.00000,0.00000,0.00000,0.00000,-0.0439
8.70,1.00000,0.00000,0.00000,0.00000,-0.0428
8.71,1.00000,0.00000,0.00000,0.00000,-0.0418
8.72,1.00000,0.00000,0.00000,0.00000,-0.0409
8.73,1.00000,0.00000,0.00000,0.00000,-0.0402
8.74,1.00000,0.00000,0.00000,0.00000,-0.0395
8.75,1.00000,0.00000,0.00000,0.00000,-0.0390
8.76,1.00000,0.00000,0.00000,0.00000,-0.0387
8.77,1.00000,0.00000,0.00000,0.00000,-0.0383
8.78,1.00000,0.00000,0.00000,0.00000,-0.0381
8.79,1.00000,0.00000,0.00000,0.00000,-0.0379
8.80,1.00000,0.00000,0.00000,0.00000,-0.0379
8.81,1.00000,0.00000,0.00000,0.00000,-0.0381
8.82,1.00000,0.00000,0.00000,0.00000,-0.0384
8.83,1.00000,0.00000,0.00000,0.00000,-0.0386
8.84,1.00000,0.00000,0.00000,0.00000,-0.0390
8.85,1.00000,0.00000,0.00000,0.00000,-0.0395
8.86,1.00000,0.00000,0.00000,0.00000,-0.0401
8.87,1.00000,0.00000,0.00000,0.00000,-0.0408
8.88,1.00000,0.00000,0.00000,0.00000,-0.0416
8.89,1.00000,0.00000,0.00000,0.00000,-0.0425
8.90,1.00000,0.00000,0.00000,0.00000,-0.0434
8.91,1.00000,0.00000,0.00000,0.00000,-0.0445
8.92,1.00000,0.00000,0.00000,0.00000,-0.0455
8.93,1.00000,0.00000,0.00000,0.00000,-0.0466
8.94,1.00000,0.00000,0.00000,0.00000,-0.0481
8.95,1.00000,0.00000,0.00000,0.00000,-0.0495
8.96,1.00000,0.00000,0.00000,0.00000,-0.0509
8.97,1.00000,0.00000,0.00000,0.00000,-0.0523
8.98,1.00000,0.00000,0.00000,0.00000,-0.0537
8.99,1.00000,0.00000,0.00000,0.00000,-0.0551
9.00,1.00000,0.00000,0.00000,0.00000,-0.0570
9.01,1.00000,0.00000,0.00000,0.00000,-0.0589
9.02,1.00000,0.00000,0.00000,0.00000,-0.0607
9.03,1.00000,0.00000,0.00000,0.00000,-0.0623
9.04,1.00000,0.00000,0.00000,0.00000,-0.0640
9.05,1.00000,0.00000,0.00000,0.00000,-0.0655
9.06,1.00000,0.00000,0.00000,0.00000,-0.0679
9.07,1.00000,0.00000,0.00000,0.00000,-0.0700
9.08,1.00000,0.00000,0.00000,0.00000,-0.0720
9.09,1.00000,0.00000,0.00000,0.00000,-0.0738
9.10,1.00000,0.00000,0.00000,0.00000,-0.0755
9.11,1.00000,0.00000,0.00000,0.00000,-0.0771
9.12,1.00000,0.00000,0.00000,0.00000,-0.0797
9.13,1.00000,0.00000,0.00000,0.00000,-0.0820
9.14,1.00000,0.00000,0.00000,0.00000,-0.0841
9.15,1.00000,0.00000,0.00000,0.00000,-0.0859
9.16,1.00000,0.00000,0.00000,0.00000,-0.0875
9.17,1.00000,0.00000,0.00000,0.00000,-0.0905
9.18,1.00000,0.00000,0.00000,0.00000,-0.0930
9.19,1.00000,0.00000,0.00000,0.00000,-0.0952
9.20,1.00000,0.00000,0.00000,0.00000,-0.0970
9.21,1.00000,0.00000,0.00000,0.00000,-0.0985
9.22,1.00000,0.00000,0.00000,0.00000,-0.0998
9.23,1.00000,0.00000,0.00000,0.00000,-0.1027
9.24,1.00000,0.00000,0.00000,0.00000,-0.1051
9.25,1.00000,0.00000,0.00000,0.00000,-0.1071
9.26,1.00000,0.00000,0.00000,0.00000,-0.1086
9.27,1.00000,0.00000,0.00000,0.00000,-0.1097
9.28,1.00000,0.00000,0.00000,0.00000,-0.1105
9.29,1.00000,0.00000,0.00000,0.00000,-0.1134
9.30,1.00000,0.00000,0.00000,0.00000,-0.1156
9.31,1.00000,0.00000,0.00000,0.00000,-0.1171
9.32,1.00000,0.00000,0.00000,0.00000,-0.1182
9.33,1.00000,0.00000,0.00000,0.00000,-0.1189
9.34,1.00000,0.00000,0.00000,0.00000,-0.1218
9.35,1.00000,0.00000,0.00000,0.00000,-0.1240
9.36,1.00000,0.00000,0.00000,0.00000,-0.1254
9.37,1.00000,0.00000,0.00000,0.00000,-0.1262
9.38,1.00000,0.00000,0.00000,0.00000,-0.1265
9.39,1.00000,0.00000,0.00000,0.00000,-0.1263
9.40,1.00000,0.00000,0.00000,0.00000,-0.1288
9.41,1.00000,0.00000,0.00000,0.00000,-0.1303
9.42,1.00000,0.00000,0.00000,0.00000,-0.1310
9.43,1.00000,0.00000,0.00000,0.00000,-0.1311
9.44,1.00000,0.00000,0.00000,0.00000,-0.1306
9.45,1.00000,0.00000,0.00000,0.00000,-0.1330
9.46,1.00000,0.00000,0.00000,0.00000,-0.1343
9.47,1.00000,0.00000,0.00000,0.00000,-0.1347
9.48,1.00000,0.00000,0.00000,0.00000,-0.1343
9.49,1.00000,0.00000,0.00000,0.00000,-0.1333
9.50,1.00000,0.00000,0.00000,0.00000,-0.1317
9.51,1.00000,0.00000,0.00000,0.00000,-0.1332
9.52,1.00000,0.00000,0.00000,0.00000,-0.1336
9.53,1.00000,0.00000,0.00000,0.00000,-0.1330
9.54,1.00000,0.00000,0.00000,0.00000,-0.1317
9.55,1.00000,0.00000,0.00000,0.00000,-0.1297
9.56,1.00000,0.00000,0.00000,0.00000,-0.1309
9.57,1.00000,0.00000,0.00000,0.00000,-0.1309
9.58,1.00000,0.00000,0.00000,0.00000,-0.1298
9.59,1.00000,0.00000,0.00000,0.00000,-0.1279
9.60,1.00000,0.00000,0.00000,0.00000,-0.1252
9.61,1.00000,0.00000,0.00000,0.00000,-0.1219
9.62,1.00000,0.00000,0.00000,0.00000,-0.1219
9.63,1.00000,0.00000,0.00000,0.00000,-0.1207
9.64,1.00000,0.00000,0.00000,0.00000,-0.1185
9.65,1.00000,0.00000,0.00000,0.00000,-0.1154
9.66,1.00000,0.00000,0.00000,0.00000,-0.1116
9.67,1.00000,0.00000,0.00000,0.00000,-0.1111
9.68,1.00000,0.00000,0.00000,0.00000,-0.1093
9.69,1.00000,0.00000,0.00000,0.00000,-0.1064
9.70,1.00000,0.00000,0.00000,0.00000,-0.1026
9.71,1.00000,0.00000,0.00000,0.00000,-0.0980
9.72,1.00000,0.00000,0.00000,0.00000,-0.0927
9.73,1.00000,0.00000,0.00000,0.00000,-0.0908
9.74,1.00000,0.00000,0.00000,0.00000,-0.0877
9.75,1.00000,0.00000,0.00000,0.00000,-0.0834
9.76,1.00000,0.00000,0.00000,0.00000,-0.0784
9.77,1.00000,0.00000,0.00000,0.00000,-0.0725
9.78,1.00000,0.00000,0.00000,0.00000,-0.0699
9.79,1.00000,0.00000,0.00000,0.00000,-0.0660
9.80,1.00000,0.00000,0.00000,0.00000,-0.0610
9.81,1.00000,0.00000,0.00000,0.00000,-0.0551
9.82,1.00000,0.00000,0.00000,0.00000,-0.0485
9.83,1.00000,0.00000,0.00000,0.00000,-0.0449
9.84,1.00000,0.00000,0.00000,0.00000,-0.0401
9.85,1.00000,0.00000,0.00000,0.00000,-0.0341
9.86,1.00000,0.00000,0.00000,0.00000,-0.0272
9.87,1.00000,0.00000,0.00000,0.00000,-0.0196
9.88,1.00000,0.00000,0.00000,0.00000,-0.0112
9.89,1.00000,0.00000,0.00000,0.00000,-0.0059
9.90,1.00000,0.00000,0.00000,0.00000,0.0006
9.91,1.00000,0.00000,0.00000,0.00000,0.0081
9.92,1.00000,0.00000,0.00000,0.00000,0.0164
9.93,1.00000,0.00000,0.00000,0.00000,0.0254
9.94,1.00000,0.00000,0.00000,0.00000,0.0317
9.95,1.00000,0.00000,0.00000,0.00000,0.0392
9.96,1.00000,0.00000,0.00000,0.00000,0.0476
9.97,1.00000,0.00000,0.00000,0.00000,0.0568
9.98,1.00000,0.00000,0.00000,0.00000,0.0667
9.99,1.00000,0.00000,0.00000,0.00000,0.0773
10.00,1.00000,0.00000,0.00000,0.00000,0.0854
10.01,1.00000,0.00000,0.00000,0.00000,0.0945
10.02,1.00000,0.00000,0.00000,0.00000,0.1044
10.03,1.00000,0.00000,0.00000,0.00000,0.1150
10.04,1.00000,0.00000,0.00000,0.00000,0.1262
10.05,1.00000,0.00000,0.00000,0.00000,0.1355
10.06,1.00000,0.00000,0.00000,0.00000,0.1456
10.07,0.99966,0.00000,0.00000,0.00000,0.1564
10.08,0.99906,0.00000,0.00000,0.00000,0.1679
10.09,0.99840,0.00000,0.00000,0.00000,0.1800
10.10,0.99776,0.00000,0.00000,0.00000,0.1906
10.11,0.99716,0.00000,0.00000,0.00000,0.2020
10.12,0.99658,0.00000,0.00000,0.00000,0.2140
10.13,0.99604,0.00000,0.00000,0.00000,0.2264
10.14,0.99542,0.00000,0.00000,0.00000,0.2395
10.15,0.99483,0.00000,0.00000,0.00000,0.2515
10.16,0.99426,0.00000,0.00000,0.00000,0.2642
10.17,0.99372,0.00000,0.00000,0.00000,0.2773
10.18,0.99321,0.00000,0.00000,0.00000,0.2909
10.19,0.99265,0.00000,0.00000,0.00000,0.3048
10.20,0.99209,0.00000,0.00000,0.00000,0.3192
10.21,0.99156,0.00000,0.00000,0.00000,0.3331
10.22,0.99106,0.00000,0.00000,0.00000,0.3473
10.23,0.99058,0.00000,0.00000,0.00000,0.3618
10.24,0.99008,0.00000,0.00000,0.00000,0.3766
10.25,0.98955,0.00000,0.00000,0.00000,0.3916
10.26,0.98906,0.00000,0.00000,0.00000,0.4070
10.27,0.98859,0.00000,0.00000,0.00000,0.4224
10.28,0.98814,0.00000,0.00000,0.00000,0.4380
10.29,0.98769,0.00000,0.00000,0.00000,0.4537
10.30,0.98720,0.00000,0.00000,0.00000,0.4696
10.31,0.98673,0.00000,0.00000,0.00000,0.4864
10.32,0.98629,0.00000,0.00000,0.00000,0.5032
10.33,0.98588,0.00000,0.00000,0.00000,0.5199
10.34,0.98547,0.00000,0.00000,0.00000,0.5365
10.35,0.98501,0.00000,0.00000,0.00000,0.5532
10.36,0.98458,0.00000,0.00000,0.00000,0.5716
10.37,0.98416,0.00000,0.00000,0.00000,0.5897
10.38,0.98378,0.00000,0.00000,0.00000,0.6075
10.39,0.98342,0.00000,0.00000,0.00000,0.6251
10.40,0.98299,0.00000,0.00000,0.00000,0.6424
10.41,0.98258,0.00000,0.00000,0.00000,0.6596
10.42,0.98219,0.00000,0.00000,0.00000,0.6795
10.43,0.98184,0.00000,0.00000,0.00000,0.6988
10.44,0.98150,0.00000,0.00000,0.00000,0.7175
10.45,0.98111,0.00000,0.00000,0.00000,0.7358
10.46,0.98073,0.00000,0.00000,0.00000,0.7538
10.47,0.98037,0.00000,0.00000,0.00000,0.7753
10.48,0.98004,0.00000,0.00000,0.00000,0.7959
10.49,0.97973,0.00000,0.00000,0.00000,0.8157
10.50,0.97937,0.00000,0.00000,0.00000,0.8349
10.51,0.97902,0.00000,0.00000,0.00000,0.8534
10.52,0.97869,0.00000,0.00000,0.00000,0.8766
10.53,0.97838,0.00000,0.00000,0.00000,0.8985
10.54,0.97809,0.00000,0.00000,0.00000,0.9192
10.55,0.97777,0.00000,0.00000,0.00000,0.9391
10.56,0.97744,0.00000,0.00000,0.00000,0.9582
10.57,0.97713,0.00000,0.00000,0.00000,0.9829
10.58,0.97685,0.00000,0.00000,0.00000,1.0060
10.59,0.97659,0.00000,0.00000,0.00000,1.0277
10.60,0.97629,0.00000,0.00000,0.00000,1.0482
10.61,0.97598,0.00000,0.00000,0.00000,1.0677
10.62,0.97570,0.00000,0.00000,0.00000,1.0939
10.63,0.97543,0.00000,0.00000,0.00000,1.1181
10.64,0.97519,0.00000,0.00000,0.00000,1.1406
10.65,0.97493,0.00000,0.00000,0.00000,1.1617
10.66,0.97464,0.00000,0.00000,0.00000,1.1815
10.67,0.97438,0.00000,0.00000,0.00000,1.2092
10.68,0.97414,0.00000,0.00000,0.00000,1.2345
10.69,0.97392,0.00000,0.00000,0.00000,1.2578
10.70,0.97368,0.00000,0.00000,0.00000,1.2793
10.71,0.97341,0.00000,0.00000,0.00000,1.2993
10.72,0.97317,0.00000,0.00000,0.00000,1.3284
10.73,0.97294,0.00000,0.00000,0.00000,1.3547
10.74,0.97274,0.00000,0.00000,0.00000,1.3786
10.75,0.97253,0.00000,0.00000,0.00000,1.4005
10.76,0.97228,0.00000,0.00000,0.00000,1.4206
10.77,0.97205,0.00000,0.00000,0.00000,1.4510
10.78,0.97185,0.00000,0.00000,0.00000,1.4782
10.79,0.97166,0.00000,0.00000,0.00000,1.5027
10.80,0.97148,0.00000,0.00000,0.00000,1.5248
10.81,0.97124,0.00000,0.00000,0.00000,1.5449
10.82,0.97103,0.00000,0.00000,0.00000,1.5633
10.83,0.97085,0.00000,0.00000,0.00000,1.5935
10.84,0.97068,0.00000,0.00000,0.00000,1.6202
10.85,0.97051,0.00000,0.00000,0.00000,1.6440
10.86,0.97030,0.00000,0.00000,0.00000,1.6653
10.87,0.97010,0.00000,0.00000,0.00000,1.6843
10.88,0.96993,0.00000,0.00000,0.00000,1.7164
10.89,0.96978,0.00000,0.00000,0.00000,1.7445
10.90,0.96963,0.00000,0.00000,0.00000,1.7690
10.91,0.96943,0.00000,0.00000,0.00000,1.7907
10.92,0.96926,0.00000,0.00000,0.00000,1.8098
10.93,0.96910,0.00000,0.00000,0.00000,1.8432
10.94,0.96896,0.00000,0.00000,0.00000,1.8721
10.95,0.96883,0.00000,0.00000,0.00000,1.8971
10.96,0.96865,0.00000,0.00000,0.00000,1.9187
10.97,0.96848,0.00000,0.00000,0.00000,1.9375
10.98,0.96834,0.00000,0.00000,0.00000,1.9721
10.99,0.96822,0.00000,0.00000,0.00000,2.0015
11.00,0.96810,0.00000,0.00000,0.00000,2.0266
11.01,0.96793,0.00000,0.00000,0.00000,2.0480
11.02,0.96779,0.00000,0.00000,0.00000,2.0663
11.03,0.96766,0.00000,0.00000,0.00000,2.1017
11.04,0.96755,0.00000,0.00000,0.00000,2.1315
11.05,0.96745,0.00000,0.00000,0.00000,2.1565
11.06,0.96729,0.00000,0.00000,0.00000,2.1776
11.07,0.96716,0.00000,0.00000,0.00000,2.1952
11.08,0.96704,0.00000,0.00000,0.00000,2.2312
11.09,0.96695,0.00000,0.00000,0.00000,2.2612
11.10,0.96685,0.00000,0.00000,0.00000,2.2861
11.11,0.96671,0.00000,0.00000,0.00000,2.3065
11.12,0.96659,0.00000,0.00000,0.00000,2.3232
11.13,0.96649,0.00000,0.00000,0.00000,2.3599
11.14,0.96641,0.00000,0.00000,0.00000,2.3899
11.15,0.96632,0.00000,0.00000,0.00000,2.4144
11.16,0.96619,0.00000,0.00000,0.00000,2.4341
11.17,0.96608,0.00000,0.00000,0.00000,2.4498
11.18,0.96599,0.00000,0.00000,0.00000,2.4869
11.19,0.96592,0.00000,0.00000,0.00000,2.5168
11.20,0.96585,0.00000,0.00000,0.00000,2.5408
11.21,0.96573,0.00000,0.00000,0.00000,2.5596
11.22,0.96563,0.00000,0.00000,0.00000,2.5742
11.23,0.96555,0.00000,0.00000,0.00000,2.6115
11.24,0.96549,0.00000,0.00000,0.00000,2.6413
11.25,0.96542,0.00000,0.00000,0.00000,2.6646
11.26,0.96532,0.00000,0.00000,0.00000,2.6825
11.27,0.96523,0.00000,0.00000,0.00000,2.6958
11.28,0.96517,0.00000,0.00000,0.00000,2.7333
11.29,0.96512,0.00000,0.00000,0.00000,2.7627
11.30,0.96505,0.00000,0.00000,0.00000,2.7853
11.31,0.96496,0.00000,0.00000,0.00000,2.8022
11.32,0.96488,0.00000,0.00000,0.00000,2.8141
11.33,0.96483,0.00000,0.00000,0.00000,2.8517
11.34,0.96479,0.00000,0.00000,0.00000,2.8807
11.35,0.96473,0.00000,0.00000,0.00000,2.9025
11.36,0.96464,0.00000,0.00000,0.00000,2.9182
11.37,0.96458,0.00000,0.00000,0.00000,2.9287
11.38,0.96453,0.00000,0.00000,0.00000,2.9662
11.39,0.96450,0.00000,0.00000,0.00000,2.9948
11.40,0.96445,0.00000,0.00000,0.00000,3.0157
11.41,0.96437,0.00000,0.00000,0.00000,3.0302
11.42,0.96431,0.00000,0.00000,0.00000,3.0393
11.43,0.96428,0.00000,0.00000,0.00000,3.0767
11.44,0.96426,0.00000,0.00000,0.00000,3.1047
11.45,0.96421,0.00000,0.00000,0.00000,3.1248
11.46,0.96414,0.00000,0.00000,0.00000,3.1381
11.47,0.96409,0.00000,0.00000,0.00000,3.1457
11.48,0.96407,0.00000,0.00000,0.00000,3.1830
11.49,0.96406,0.00000,0.00000,0.00000,3.2105
11.50,0.96400,0.00000,0.00000,0.00000,3.2296
11.51,0.96395,0.00000,0.00000,0.00000,3.2416
11.52,0.96391,0.00000,0.00000,0.00000,3.2839
11.53,0.96389,0.00000,0.00000,0.00000,3.3151
11.54,0.96389,0.00000,0.00000,0.00000,3.3369
11.55,0.96384,0.00000,0.00000,0.00000,3.3509
11.56,0.96379,0.00000,0.00000,0.00000,3.3582
11.57,0.96377,0.00000,0.00000,0.00000,3.3975
11.58,0.96375,0.00000,0.00000,0.00000,3.4258
11.59,0.96376,0.00000,0.00000,0.00000,3.4447
11.60,0.96370,0.00000,0.00000,0.00000,3.4558
11.61,0.96367,0.00000,0.00000,0.00000,3.4604
11.62,0.96365,0.00000,0.00000,0.00000,3.4981
11.63,0.96364,0.00000,0.00000,0.00000,3.5247
11.64,0.96365,0.00000,0.00000,0.00000,3.5418
11.65,0.96360,0.00000,0.00000,0.00000,3.5509
11.66,0.96357,0.00000,0.00000,0.00000,3.5534
11.67,0.96356,0.00000,0.00000,0.00000,3.5901
11.68,0.96357,0.00000,0.00000,0.00000,3.6154
11.69,0.96357,0.00000,0.00000,0.00000,3.6310
11.70,0.96353,0.00000,0.00000,0.00000,3.6385
11.71,0.96351,0.00000,0.00000,0.00000,3.6391
11.72,0.96351,0.00000,0.00000,0.00000,3.6750
11.73,0.96352,0.00000,0.00000,0.00000,3.6991
11.74,0.96352,0.00000,0.00000,0.00000,3.7134
11.75,0.96349,0.00000,0.00000,0.00000,3.7193
11.76,0.96347,0.00000,0.00000,0.00000,3.7183
11.77,0.96329,0.00000,0.00000,0.00000,3.7534
11.78,0.96291,0.00000,0.00000,0.00000,3.7765
11.79,0.96252,0.00000,0.00000,0.00000,3.7895
11.80,0.96214,0.00000,0.00000,0.00000,3.7940
11.81,0.96176,0.00000,0.00000,0.00000,3.7914
11.82,0.96138,0.00000,0.00000,0.00000,3.8258
11.83,0.96100,0.00000,0.00000,0.00000,3.8479
11.84,0.96062,0.00000,0.00000,0.00000,3.8598
11.85,0.96023,0.00000,0.00000,0.00000,3.8630
11.86,0.95984,0.00000,0.00000,0.00000,3.8589
11.87,0.95945,0.00000,0.00000,0.00000,3.8927
11.88,0.95906,0.00000,0.00000,0.00000,3.9141
11.89,0.95866,0.00000,0.00000,0.00000,3.9249
11.90,0.95825,0.00000,0.00000,0.00000,3.9270
11.91,0.95784,0.00000,0.00000,0.00000,3.9216
11.92,0.95744,0.00000,0.00000,0.00000,3.9549
11.93,0.95703,0.00000,0.00000,0.00000,3.9756
11.94,0.95660,0.00000,0.00000,0.00000,3.9855
11.95,0.95617,0.00000,0.00000,0.00000,3.9866
11.96,0.95573,0.00000,0.00000,0.00000,4.0257
11.97,0.95529,0.00000,0.00000,0.00000,4.0510
11.98,0.95486,0.00000,0.00000,0.00000,4.0647
11.99,0.95439,0.00000,0.00000,0.00000,4.0686
12.00,0.95392,0.00000,0.00000,0.00000,4.0643
12.01,0.95344,0.00000,0.00000,0.00000,4.0995
12.02,0.95296,0.00000,0.00000,0.00000,4.1212
12.03,0.95249,0.00000,0.00000,0.00000,4.1316
12.04,0.95197,0.00000,0.00000,0.00000,4.1326
12.05,0.95145,0.00000,0.00000,0.00000,4.1257
12.06,0.95092,0.00000,0.00000,0.00000,4.1590
12.07,0.95039,0.00000,0.00000,0.00000,4.1790
12.08,0.94987,0.00000,0.00000,0.00000,4.1878
12.09,0.94928,0.00000,0.00000,0.00000,4.1873
12.10,0.94870,0.00000,0.00000,0.00000,4.1788
12.11,0.94811,0.00000,0.00000,0.00000,4.2113
12.12,0.94752,0.00000,0.00000,0.00000,4.2304
12.13,0.94693,0.00000,0.00000,0.00000,4.2383
12.14,0.94627,0.00000,0.00000,0.00000,4.2368
12.15,0.94561,0.00000,0.00000,0.00000,4.2274
12.16,0.94496,0.00000,0.00000,0.00000,4.2595
12.17,0.94430,0.00000,0.00000,0.00000,4.2782
12.18,0.94361,0.00000,0.00000,0.00000,4.2856
12.19,0.94287,0.00000,0.00000,0.00000,4.2836
12.20,0.94214,0.00000,0.00000,0.00000,4.2736
12.21,0.94139,0.00000,0.00000,0.00000,4.3057
12.22,0.94066,0.00000,0.00000,0.00000,4.3242
12.23,0.93987,0.00000,0.00000,0.00000,4.3314
12.24,0.93904,0.00000,0.00000,0.00000,4.3291
12.25,0.93821,0.00000,0.00000,0.00000,4.3678
12.26,0.93737,0.00000,0.00000,0.00000,4.3919
12.27,0.93654,0.00000,0.00000,0.00000,4.4038
12.28,0.93564,0.00000,0.00000,0.00000,4.4053
12.29,0.93471,0.00000,0.00000,0.00000,4.3983
12.30,0.93377,0.00000,0.00000,0.00000,4.4334
12.31,0.93284,0.00000,0.00000,0.00000,4.4545
12.32,0.93190,0.00000,0.00000,0.00000,4.4638
12.33,0.93087,0.00000,0.00000,0.00000,4.4633
12.34,0.92982,0.00000,0.00000,0.00000,4.4545
12.35,0.92878,0.00000,0.00000,0.00000,4.4885
12.36,0.92773,0.00000,0.00000,0.00000,4.5087
12.37,0.92667,0.00000,0.00000,0.00000,4.5172
12.38,0.92550,0.00000,0.00000,0.00000,4.5160
12.39,0.92434,0.00000,0.00000,0.00000,4.5068
12.40,0.92317,0.00000,0.00000,0.00000,4.5409
12.41,0.92200,0.00000,0.00000,0.00000,4.5611
12.42,0.92080,0.00000,0.00000,0.00000,4.5698
12.43,0.91950,0.00000,0.00000,0.00000,4.5688
12.44,0.91820,0.00000,0.00000,0.00000,4.5598
12.45,0.91691,0.00000,0.00000,0.00000,4.5945
12.46,0.91561,0.00000,0.00000,0.00000,4.6154
12.47,0.91424,0.00000,0.00000,0.00000,4.6246
12.48,0.91281,0.00000,0.00000,0.00000,4.6243
12.49,0.91137,0.00000,0.00000,0.00000,4.6664
12.50,0.90994,0.00000,0.00000,0.00000,4.6937
12.51,0.90851,0.00000,0.00000,0.00000,4.7085
12.52,0.90697,0.00000,0.00000,0.00000,4.7129
12.53,0.90539,0.00000,0.00000,0.00000,4.7087
12.54,0.90381,0.00000,0.00000,0.00000,4.7480
12.55,0.90223,0.00000,0.00000,0.00000,4.7731
12.56,0.90065,0.00000,0.00000,0.00000,4.7862
12.57,0.89893,0.00000,0.00000,0.00000,4.7893
12.58,0.89720,0.00000,0.00000,0.00000,4.7843
12.59,0.89547,0.00000,0.00000,0.00000,4.8235
12.60,0.89374,0.00000,0.00000,0.00000,4.8486
12.61,0.89198,0.00000,0.00000,0.00000,4.8619
12.62,0.89010,0.00000,0.00000,0.00000,4.8655
12.63,0.88822,0.00000,0.00000,0.00000,4.8610
12.64,0.88633,0.00000,0.00000,0.00000,4.9012
12.65,0.88444,0.00000,0.00000,0.00000,4.9274
12.66,0.88249,0.00000,0.00000,0.00000,4.9418
12.67,0.88044,0.00000,0.00000,0.00000,4.9465
12.68,0.87840,0.00000,0.00000,0.00000,4.9948
12.69,0.87635,0.00000,0.00000,0.00000,5.0281
12.70,0.87430,0.00000,0.00000,0.00000,5.0487
12.71,0.87214,0.00000,0.00000,0.00000,5.0586
12.72,0.86993,0.00000,0.00000,0.00000,5.0600
12.73,0.86772,0.00000,0.00000,0.00000,5.1062
12.74,0.86551,0.00000,0.00000,0.00000,5.1379
12.75,0.86329,0.00000,0.00000,0.00000,5.1574
12.76,0.86093,0.00000,0.00000,0.00000,5.1668
12.77,0.85854,0.00000,0.00000,0.00000,5.1679
12.78,0.85616,0.00000,0.00000,0.00000,5.2147
12.79,0.85378,0.00000,0.00000,0.00000,5.2471
12.80,0.85137,0.00000,0.00000,0.00000,5.2675
12.81,0.84881,0.00000,0.00000,0.00000,5.2779
12.82,0.84626,0.00000,0.00000,0.00000,5.2801
12.83,0.84370,0.00000,0.00000,0.00000,5.3287
12.84,0.84114,0.00000,0.00000,0.00000,5.3629
12.85,0.83852,0.00000,0.00000,0.00000,5.3849
12.86,0.83579,0.00000,0.00000,0.00000,5.3970
12.87,0.83305,0.00000,0.00000,0.00000,5.4547
12.88,0.83032,0.00000,0.00000,0.00000,5.4968
12.89,0.82759,0.00000,0.00000,0.00000,5.5257
12.90,0.82474,0.00000,0.00000,0.00000,5.5437
12.91,0.82183,0.00000,0.00000,0.00000,5.5528
12.92,0.81892,0.00000,0.00000,0.00000,5.6090
12.93,0.81600,0.00000,0.00000,0.00000,5.6501
12.94,0.81309,0.00000,0.00000,0.00000,5.6784
12.95,0.81002,0.00000,0.00000,0.00000,5.6962
12.96,0.80693,0.00000,0.00000,0.00000,5.7054
12.97,0.80383,0.00000,0.00000,0.00000,5.7629
12.98,0.80074,0.00000,0.00000,0.00000,5.8052
12.99,0.79762,0.00000,0.00000,0.00000,5.8348
13.00,0.79435,0.00000,0.00000,0.00000,5.8540
13.01,0.79107,0.00000,0.00000,0.00000,5.8646
13.02,0.78780,0.00000,0.00000,0.00000,5.9246
13.03,0.78453,0.00000,0.00000,0.00000,5.9693
13.04,0.78117,0.00000,0.00000,0.00000,6.0009
13.05,0.77772,0.00000,0.00000,0.00000,6.0223
13.06,0.77426,0.00000,0.00000,0.00000,6.0925
13.07,0.77080,0.00000,0.00000,0.00000,6.1460
13.08,0.76735,0.00000,0.00000,0.00000,6.1854
13.09,0.76376,0.00000,0.00000,0.00000,6.2130
13.10,0.76013,0.00000,0.00000,0.00000,6.2312
13.11,0.75649,0.00000,0.00000,0.00000,6.3004
13.12,0.75285,0.00000,0.00000,0.00000,6.3532
13.13,0.74921,0.00000,0.00000,0.00000,6.3921
13.14,0.74540,0.00000,0.00000,0.00000,6.4197
13.15,0.74158,0.00000,0.00000,0.00000,6.4379
13.16,0.73775,0.00000,0.00000,0.00000,6.5089
13.17,0.73393,0.00000,0.00000,0.00000,6.5634
13.18,0.73007,0.00000,0.00000,0.00000,6.6038
13.19,0.72607,0.00000,0.00000,0.00000,6.6329
13.20,0.72207,0.00000,0.00000,0.00000,6.6526
13.21,0.71807,0.00000,0.00000,0.00000,6.7267
13.22,0.71407,0.00000,0.00000,0.00000,6.7838
13.23,0.70997,0.00000,0.00000,0.00000,6.8266
13.24,0.70580,0.00000,0.00000,0.00000,6.8580
13.25,0.70161,0.00000,0.00000,0.00000,6.9438
13.26,0.69920,0.00000,0.00000,0.00000,7.0109
13.27,0.69789,0.00000,0.00000,0.00000,7.0622
13.28,0.69654,0.00000,0.00000,0.00000,7.1005
13.29,0.69518,0.00000,0.00000,0.00000,7.1281
13.30,0.69382,0.00000,0.00000,0.00000,7.2130
13.31,0.69246,0.00000,0.00000,0.00000,7.2794
13.32,0.69110,0.00000,0.00000,0.00000,7.3303
13.33,0.68968,0.00000,0.00000,0.00000,7.3683
13.34,0.68827,0.00000,0.00000,0.00000,7.3958
13.35,0.68685,0.00000,0.00000,0.00000,7.4830
13.36,0.68544,0.00000,0.00000,0.00000,7.5513
13.37,0.68401,0.00000,0.00000,0.00000,7.6038
13.38,0.68254,0.00000,0.00000,0.00000,7.6434
13.39,0.68107,0.00000,0.00000,0.00000,7.7431
13.40,0.67960,0.00000,0.00000,0.00000,7.8221
13.41,0.67814,0.00000,0.00000,0.00000,7.8836
13.42,0.67664,0.00000,0.00000,0.00000,7.9305
13.43,0.67512,0.00000,0.00000,0.00000,7.9654
13.44,0.67360,0.00000,0.00000,0.00000,8.0640
13.45,0.67208,0.00000,0.00000,0.00000,8.1419
13.46,0.67056,0.00000,0.00000,0.00000,8.2025
13.47,0.66900,0.00000,0.00000,0.00000,8.2486
13.48,0.66743,0.00000,0.00000,0.00000,8.2829
13.49,0.66586,0.00000,0.00000,0.00000,8.3838
13.50,0.66429,0.00000,0.00000,0.00000,8.4635
13.51,0.66271,0.00000,0.00000,0.00000,8.5255
13.52,0.66109,0.00000,0.00000,0.00000,8.5729
13.53,0.65947,0.00000,0.00000,0.00000,8.6080
13.54,0.65785,0.00000,0.00000,0.00000,8.7126
13.55,0.65623,0.00000,0.00000,0.00000,8.7953
13.56,0.65459,0.00000,0.00000,0.00000,8.8597
13.57,0.65292,0.00000,0.00000,0.00000,8.9090
13.58,0.65125,0.00000,0.00000,0.00000,9.0284
13.59,0.64958,0.00000,0.00000,0.00000,9.1235
13.60,0.64792,0.00000,0.00000,0.00000,9.1982
13.61,0.64621,0.00000,0.00000,0.00000,9.2557
13.62,0.64450,0.00000,0.00000,0.00000,9.2992
13.63,0.64278,0.00000,0.00000,0.00000,9.4169
13.64,0.64106,0.00000,0.00000,0.00000,9.5105
13.65,0.63934,0.00000,0.00000,0.00000,9.5835
13.66,0.63758,0.00000,0.00000,0.00000,9.6396
13.67,0.63581,0.00000,0.00000,0.00000,9.6815
13.68,0.63405,0.00000,0.00000,0.00000,9.8014
13.69,0.63228,0.00000,0.00000,0.00000,9.8964
13.70,0.63050,0.00000,0.00000,0.00000,9.9703
13.71,0.62869,0.00000,0.00000,0.00000,10.0270
13.72,0.62688,0.00000,0.00000,0.00000,10.0690
13.73,0.62506,0.00000,0.00000,0.00000,10.1926
13.74,0.56506,0.00000,0.00000,0.00000,10.2902
13.75,0.50506,0.00000,0.00000,0.00000,10.3661
13.76,0.44506,0.00000,0.00000,0.00000,10.4237
13.77,0.38506,0.06400,0.03200,0.04000,10.5636
13.78,0.32506,0.12800,0.06400,0.08000,10.6742
13.79,0.26506,0.19200,0.09600,0.12000,10.7600
13.80,0.20506,0.25600,0.12800,0.16000,10.8249
13.81,0.14506,0.32000,0.16000,0.20000,10.8720
13.82,0.08506,0.38400,0.19200,0.24000,11.0058
13.83,0.02506,0.44800,0.22400,0.28000,11.1096
13.84,0.00000,0.51200,0.25600,0.32000,11.1877
13.85,0.00000,0.57600,0.28800,0.36000,11.2440
13.86,0.00000,0.64000,0.32000,0.40000,11.2815
13.87,0.00000,0.66400,0.33200,0.44000,11.4096
13.88,0.00000,0.68800,0.34400,0.48000,11.5061
13.89,0.00000,0.71200,0.35600,0.52000,11.5756
13.90,0.00000,0.73600,0.36800,0.56000,11.6223
13.91,0.00000,0.76000,0.38000,0.60000,11.7606
13.92,0.00000,0.78400,0.39200,0.64000,11.8637
13.93,0.00000,0.80800,0.40400,0.68000,11.9368
13.94,0.00000,0.80908,0.40454,0.68180,11.9841
13.95,0.00000,0.80922,0.40461,0.68204,12.0095
13.96,0.00000,0.80938,0.40469,0.68231,12.1329
13.97,0.00000,0.80950,0.40475,0.68250,12.2218
13.98,0.00000,0.80963,0.40482,0.68272,12.2814
13.99,0.00000,0.80979,0.40489,0.68298,12.3162
14.00,0.00000,0.80993,0.40497,0.68322,12.3300
14.01,0.00000,0.81010,0.40505,0.68350,12.4478
14.02,0.00000,0.81022,0.40511,0.68370,12.5308
14.03,0.00000,0.81035,0.40518,0.68392,12.5844
14.04,0.00000,0.81051,0.40526,0.68419,12.6131
14.05,0.00000,0.81066,0.40533,0.68443,12.6206
14.06,0.00000,0.81084,0.40542,0.68473,12.7372
14.07,0.00000,0.81096,0.40548,0.68493,12.8182
14.08,0.00000,0.81109,0.40555,0.68516,12.8691
14.09,0.00000,0.81126,0.40563,0.68543,12.8945
14.10,0.00000,0.81141,0.40570,0.68568,12.8982
14.11,0.00000,0.81159,0.40580,0.68599,13.0160
14.12,0.00000,0.81172,0.40586,0.68620,13.0969
14.13,0.00000,0.81185,0.40593,0.68642,13.1467
14.14,0.00000,0.81202,0.40601,0.68670,13.1701
14.15,0.00000,0.81217,0.40609,0.68696,13.1712
14.16,0.00000,0.81237,0.40618,0.68728,13.2912
14.17,0.00000,0.81249,0.40625,0.68749,13.3731
14.18,0.00000,0.81262,0.40631,0.68770,13.4227
14.19,0.00000,0.81279,0.40640,0.68799,13.4450
14.20,0.00000,0.81295,0.40648,0.68825,13.4442
14.21,0.00000,0.81316,0.40658,0.68859,13.5675
14.22,0.00000,0.81329,0.40664,0.68881,13.6508
14.23,0.00000,0.81341,0.40670,0.68901,13.7008
14.24,0.00000,0.81358,0.40679,0.68930,13.7225
14.25,0.00000,0.81374,0.40687,0.68957,13.7203
14.26,0.00000,0.81396,0.40698,0.68993,13.8474
14.27,0.00000,0.81409,0.40705,0.69016,13.9328
14.28,0.00000,0.81422,0.40711,0.69036,13.9836
14.29,0.00000,0.81438,0.40719,0.69063,14.0050
14.30,0.00000,0.81455,0.40727,0.69091,14.0017
14.31,0.00000,0.81477,0.40739,0.69129,14.1330
14.32,0.00000,0.81491,0.40746,0.69152,14.2211
14.33,0.00000,0.81504,0.40752,0.69173,14.2729
14.34,0.00000,0.81519,0.40759,0.69198,14.2944
14.35,0.00000,0.81536,0.40768,0.69227,14.2902
14.36,0.00000,0.81560,0.40780,0.69266,14.4260
14.37,0.00000,0.81574,0.40787,0.69290,14.5170
14.38,0.00000,0.81587,0.40794,0.69312,14.5702
14.39,0.00000,0.81600,0.40800,0.69334,14.5918
14.40,0.00000,0.81618,0.40809,0.69363,14.5869
14.41,0.00000,0.81643,0.40822,0.69406,14.7274
14.42,0.00000,0.81658,0.40829,0.69430,14.8215
14.43,0.00000,0.81672,0.40836,0.69453,14.8764
14.44,0.00000,0.81684,0.40842,0.69473,14.8984
14.45,0.00000,0.81700,0.40850,0.69501,14.8927
14.46,0.00000,0.81717,0.40859,0.69529,14.8638
14.47,0.00000,0.81743,0.40871,0.69572,14.9901
14.48,0.00000,0.81757,0.40878,0.69595,15.0711
14.49,0.00000,0.81770,0.40885,0.69616,15.1139
14.50,0.00000,0.81783,0.40892,0.69639,15.1246
14.51,0.00000,0.81801,0.40900,0.69668,15.1083
14.52,0.00000,0.81828,0.40914,0.69714,15.2509
14.53,0.00000,0.81843,0.40921,0.69738,15.3446
14.54,0.00000,0.81856,0.40928,0.69760,15.3973
14.55,0.00000,0.81868,0.40934,0.69780,15.4153
14.56,0.00000,0.81885,0.40942,0.69808,15.4040
14.57,0.00000,0.81914,0.40957,0.69857,15.5565
14.58,0.00000,0.81929,0.40965,0.69882,15.6577
14.59,0.00000,0.81943,0.40972,0.69905,15.7157
14.60,0.00000,0.81955,0.40978,0.69926,15.7373
14.61,0.00000,0.81969,0.40984,0.69948,15.7282
14.62,0.00000,0.81986,0.40993,0.69977,15.6931
14.63,0.00000,0.82016,0.41008,0.70027,15.8319
14.64,0.00000,0.82031,0.41015,0.70051,15.9204
14.65,0.00000,0.82044,0.41022,0.70073,15.9666
14.66,0.00000,0.82055,0.41028,0.70092,15.9771
14.67,0.00000,0.82071,0.41035,0.70118,15.9575
14.68,0.00000,0.82103,0.41052,0.70172,16.1149
14.69,0.00000,0.82119,0.41059,0.70198,16.2180
14.70,0.00000,0.82132,0.41066,0.70221,16.2756
14.71,0.00000,0.82145,0.41072,0.70241,16.2947
14.72,0.00000,0.82155,0.41078,0.70259,16.2814
14.73,0.00000,0.82147,0.41073,0.70245,16.2406
14.74,0.00000,0.82154,0.41077,0.70256,16.3868
14.75,0.00000,0.82143,0.41071,0.70238,16.4794
14.76,0.00000,0.82131,0.41066,0.70219,16.5268
14.77,0.00000,0.82119,0.41059,0.70198,16.5362
14.78,0.00000,0.82033,0.41016,0.70055,16.5135
14.79,0.00000,0.81701,0.40851,0.69502,16.6809
14.80,0.00000,0.81368,0.40684,0.68946,16.7902
14.81,0.00000,0.81039,0.40519,0.68398,16.8508
14.82,0.00000,0.80714,0.40357,0.67857,16.8706
14.83,0.00000,0.80395,0.40197,0.67324,16.8559
14.84,0.00000,0.79928,0.39964,0.66547,16.8122
14.85,0.00000,0.79236,0.39618,0.65393,16.9694
14.86,0.00000,0.78555,0.39278,0.64258,17.0696
14.87,0.00000,0.77880,0.38940,0.63134,17.1218
14.88,0.00000,0.77212,0.38606,0.62020,17.1340
14.89,0.00000,0.76549,0.38275,0.60915,17.1126
14.90,0.00000,0.75842,0.37921,0.59737,17.0629
14.91,0.00000,0.75086,0.37543,0.58477,17.2232
14.92,0.00000,0.74344,0.37172,0.57240,17.3255
14.93,0.00000,0.73607,0.36804,0.56012,17.3794
14.94,0.00000,0.72875,0.36438,0.54792,17.3927
14.95,0.00000,0.72148,0.36074,0.53580,17.3718
14.96,0.00000,0.71352,0.35676,0.52253,17.5635
14.97,0.00000,0.70538,0.35269,0.50896,17.6921
14.98,0.00000,0.69726,0.34863,0.49544,17.7678
14.99,0.00000,0.68917,0.34459,0.48196,17.7993
15.00,0.00000,0.68111,0.34055,0.46852,17.7935
15.01,0.00000,0.67307,0.33653,0.45511,17.7564
15.02,0.00000,0.66425,0.33213,0.44042,17.9428
15.03,0.00000,0.65537,0.32768,0.42561,18.0667
15.04,0.00000,0.64648,0.32324,0.41079,18.1382
15.05,0.00000,0.63555,0.31778,0.39722,18.1659
15.06,0.00000,0.61914,0.30957,0.38696,18.1565
15.07,0.00000,0.60259,0.30130,0.37662,18.1159
15.08,0.00000,0.58449,0.29224,0.36531,18.3078
15.09,0.00000,0.56634,0.28317,0.35396,18.4358
15.10,0.00000,0.54794,0.27397,0.34246,18.5104
15.11,0.00000,0.52923,0.26462,0.33077,18.5402
15.12,0.00000,0.51020,0.25510,0.31887,18.5320
15.13,0.00000,0.49078,0.24539,0.30674,18.4918
15.14,0.00000,0.47262,0.23631,0.29539,18.6925
15.15,0.00000,0.45550,0.22775,0.28469,18.8273
15.16,0.00000,0.43803,0.21901,0.27377,18.9068
15.17,0.00000,0.42015,0.21007,0.26259,18.9401
15.18,0.00000,0.40179,0.20090,0.25112,18.9340
15.19,0.00000,0.38290,0.19145,0.23931,18.8946
15.20,0.00000,0.37693,0.18847,0.23558,19.1042
15.21,0.00000,0.37524,0.18762,0.23453,19.2453
15.22,0.00000,0.37357,0.18679,0.23348,19.3288
15.23,0.00000,0.37193,0.18596,0.23245,19.3642
15.24,0.00000,0.37030,0.18515,0.23144,19.3582
15.25,0.00000,0.36869,0.18434,0.23043,19.3169
15.26,0.00000,0.36138,0.18069,0.22586,19.5325
15.27,0.00000,0.35222,0.17611,0.22014,19.6765
15.28,0.00000,0.34299,0.17149,0.21437,19.7606
15.29,0.00000,0.33366,0.16683,0.20854,19.7945
15.30,0.00000,0.32422,0.16211,0.20264,19.7853
15.31,0.00000,0.31467,0.15734,0.19667,19.7394
15.32,0.00000,0.28485,0.14242,0.17803,19.9584
15.33,0.00000,0.24631,0.12315,0.15394,20.1033
15.34,0.00000,0.16631,0.08315,0.10394,20.1864
15.35,0.00000,0.08631,0.04315,0.05394,20.2178
15.36,0.03000,0.00631,0.00315,0.00394,20.2053
15.37,0.06000,0.00000,0.00000,0.00000,20.1550
15.38,0.09000,0.00000,0.00000,0.00000,20.3784
15.39,0.12000,0.00000,0.00000,0.00000,20.5259
15.40,0.15000,0.00000,0.00000,0.00000,20.6100
15.41,0.18000,0.00000,0.00000,0.00000,20.6410
15.42,0.21000,0.00000,0.00000,0.00000,20.6269
15.43,0.21955,0.00000,0.00000,0.00000,20.5739
15.44,0.21955,0.00000,0.00000,0.00000,20.8028
15.45,0.21955,0.00000,0.00000,0.00000,20.9531
15.46,0.21955,0.00000,0.00000,0.00000,21.0375
15.47,0.21955,0.00000,0.00000,0.00000,21.0667
15.48,0.21955,0.00000,0.00000,0.00000,21.0485
15.49,0.21955,0.00000,0.00000,0.00000,20.9894
15.50,0.21955,0.00000,0.00000,0.00000,21.2197
15.51,0.21955,0.00000,0.00000,0.00000,21.3683
15.52,0.21955,0.00000,0.00000,0.00000,21.4485
15.53,0.21955,0.00000,0.00000,0.00000,21.4713
15.54,0.21955,0.00000,0.00000,0.00000,21.4449
15.55,0.21955,0.00000,0.00000,0.00000,21.3761
15.56,0.21955,0.00000,0.00000,0.00000,21.6044
15.57,0.21954,0.00000,0.00000,0.00000,21.7485
15.58,0.22055,0.00000,0.00000,0.00000,21.8221
15.59,0.22315,0.00000,0.00000,0.00000,21.8364
15.60,0.22571,0.00000,0.00000,0.00000,21.8002
15.61,0.22823,0.00000,0.00000,0.00000,21.7202
15.62,0.22971,0.00000,0.00000,0.00000,21.9454
15.63,0.23079,0.00000,0.00000,0.00000,22.0841
15.64,0.23185,0.00000,0.00000,0.00000,22.1504
15.65,0.23289,0.00000,0.00000,0.00000,22.1560
15.66,0.23392,0.00000,0.00000,0.00000,22.1097
15.67,0.23494,0.00000,0.00000,0.00000,22.0187
15.68,0.23546,0.00000,0.00000,0.00000,22.2406
15.69,0.23581,0.00000,0.00000,0.00000,22.3739
15.70,0.23616,0.00000,0.00000,0.00000,22.4332
15.71,0.23651,0.00000,0.00000,0.00000,22.4303
15.72,0.23685,0.00000,0.00000,0.00000,22.3744
15.73,0.23722,0.00000,0.00000,0.00000,22.6303
15.74,0.23733,0.00000,0.00000,0.00000,22.7900
15.75,0.23742,0.00000,0.00000,0.00000,22.8691
15.76,0.23751,0.00000,0.00000,0.00000,22.8807
15.77,0.23759,0.00000,0.00000,0.00000,22.8356
15.78,0.23768,0.00000,0.00000,0.00000,22.7421
15.79,0.23778,0.00000,0.00000,0.00000,22.9720
15.80,0.23782,0.00000,0.00000,0.00000,23.1079
15.81,0.23787,0.00000,0.00000,0.00000,23.1649
15.82,0.23791,0.00000,0.00000,0.00000,23.1559
15.83,0.23796,0.00000,0.00000,0.00000,23.0915
15.84,0.23800,0.00000,0.00000,0.00000,22.9797
15.85,0.23805,0.00000,0.00000,0.00000,23.1987
15.86,0.23822,0.00000,0.00000,0.00000,23.3235
15.87,0.23839,0.00000,0.00000,0.00000,23.3696
15.88,0.23855,0.00000,0.00000,0.00000,23.3496
15.89,0.23872,0.00000,0.00000,0.00000,23.2743
15.90,0.23888,0.00000,0.00000,0.00000,23.1518
15.91,0.23906,0.00000,0.00000,0.00000,23.3619
15.92,0.23962,0.00000,0.00000,0.00000,23.4779
15.93,0.24017,0.00000,0.00000,0.00000,23.5153
15.94,0.24072,0.00000,0.00000,0.00000,23.4867
15.95,0.24126,0.00000,0.00000,0.00000,23.4028
15.96,0.24179,0.00000,0.00000,0.00000,23.2722
15.97,0.24241,0.00000,0.00000,0.00000,23.4694
15.98,0.24389,0.00000,0.00000,0.00000,23.5738
15.99,0.24534,0.00000,0.00000,0.00000,23.6005
16.00,0.24678,0.00000,0.00000,0.00000,23.5621
16.01,0.24819,0.00000,0.00000,0.00000,23.4691
16.02,0.24959,0.00000,0.00000,0.00000,23.3301
16.03,0.25124,0.00000,0.00000,0.00000,23.5126
16.04,0.25452,0.00000,0.00000,0.00000,23.6041
16.05,0.25777,0.00000,0.00000,0.00000,23.6195
16.06,0.26097,0.00000,0.00000,0.00000,23.5712
16.07,0.26412,0.00000,0.00000,0.00000,23.4695
16.08,0.26724,0.00000,0.00000,0.00000,23.3229
16.09,0.27090,0.00000,0.00000,0.00000,23.4927
16.10,0.27726,0.00000,0.00000,0.00000,23.5735
16.11,0.28353,0.00000,0.00000,0.00000,23.5798
16.12,0.28973,0.00000,0.00000,0.00000,23.5238
16.13,0.29585,0.00000,0.00000,0.00000,23.4157
16.14,0.30189,0.00000,0.00000,0.00000,23.2639
16.15,0.30891,0.00000,0.00000,0.00000,23.4237
16.16,0.31972,0.00000,0.00000,0.00000,23.4965
16.17,0.33039,0.00000,0.00000,0.00000,23.4964
16.18,0.34094,0.00000,0.00000,0.00000,23.4354
16.19,0.35136,0.00000,0.00000,0.00000,23.3235
16.20,0.36165,0.00000,0.00000,0.00000,23.1691
16.21,0.37351,0.00000,0.00000,0.00000,23.3218
16.22,0.38978,0.00000,0.00000,0.00000,23.3892
16.23,0.39929,0.00000,0.00000,0.00000,23.3854
16.24,0.39941,0.00000,0.00000,0.00000,23.3220
16.25,0.39956,0.00000,0.00000,0.00000,23.2088
16.26,0.39971,0.00000,0.00000,0.00000,23.0540
16.27,0.39986,0.00000,0.00000,0.00000,23.2019
16.28,0.40002,0.00000,0.00000,0.00000,23.2658
16.29,0.40039,0.00000,0.00000,0.00000,23.2597
16.30,0.40078,0.00000,0.00000,0.00000,23.1949
16.31,0.40125,0.00000,0.00000,0.00000,23.0810
16.32,0.40171,0.00000,0.00000,0.00000,22.9264
16.33,0.40220,0.00000,0.00000,0.00000,23.0700
16.34,0.40267,0.00000,0.00000,0.00000,23.1312
16.35,0.40313,0.00000,0.00000,0.00000,23.1233
16.36,0.40362,0.00000,0.00000,0.00000,23.0577
16.37,0.40417,0.00000,0.00000,0.00000,22.9437
16.38,0.40472,0.00000,0.00000,0.00000,22.7898
16.39,0.40529,0.00000,0.00000,0.00000,22.9303
16.40,0.40584,0.00000,0.00000,0.00000,22.9895
16.41,0.40639,0.00000,0.00000,0.00000,22.9807
16.42,0.40696,0.00000,0.00000,0.00000,22.9150
16.43,0.40757,0.00000,0.00000,0.00000,22.8018
16.44,0.40819,0.00000,0.00000,0.00000,22.6493
16.45,0.40883,0.00000,0.00000,0.00000,22.7876
16.46,0.40944,0.00000,0.00000,0.00000,22.8457
16.47,0.41006,0.00000,0.00000,0.00000,22.8368
16.48,0.41068,0.00000,0.00000,0.00000,22.7719
16.49,0.41134,0.00000,0.00000,0.00000,22.6601
16.50,0.41200,0.00000,0.00000,0.00000,22.5095
16.51,0.41268,0.00000,0.00000,0.00000,22.6465
16.52,0.41334,0.00000,0.00000,0.00000,22.7043
16.53,0.41400,0.00000,0.00000,0.00000,22.6960
16.54,0.41467,0.00000,0.00000,0.00000,22.6322
16.55,0.41534,0.00000,0.00000,0.00000,22.5224
16.56,0.41602,0.00000,0.00000,0.00000,22.3742
16.57,0.41673,0.00000,0.00000,0.00000,22.5105
16.58,0.41741,0.00000,0.00000,0.00000,22.5686
16.59,0.41809,0.00000,0.00000,0.00000,22.5612
16.60,0.41877,0.00000,0.00000,0.00000,22.4991
16.61,0.41945,0.00000,0.00000,0.00000,22.3915
16.62,0.42013,0.00000,0.00000,0.00000,22.2460
16.63,0.42083,0.00000,0.00000,0.00000,22.3822
16.64,0.42151,0.00000,0.00000,0.00000,22.4410
16.65,0.42219,0.00000,0.00000,0.00000,22.4351
16.66,0.42286,0.00000,0.00000,0.00000,22.3750
16.67,0.42353,0.00000,0.00000,0.00000,22.2698
16.68,0.42419,0.00000,0.00000,0.00000,22.1272
16.69,0.42488,0.00000,0.00000,0.00000,22.2639
16.70,0.42554,0.00000,0.00000,0.00000,22.3238
16.71,0.42620,0.00000,0.00000,0.00000,22.3196
16.72,0.42685,0.00000,0.00000,0.00000,22.2617
16.73,0.42748,0.00000,0.00000,0.00000,22.1593
16.74,0.42811,0.00000,0.00000,0.00000,22.0197
16.75,0.42876,0.00000,0.00000,0.00000,22.1571
16.76,0.42939,0.00000,0.00000,0.00000,22.2185
16.77,0.43002,0.00000,0.00000,0.00000,22.2162
16.78,0.43062,0.00000,0.00000,0.00000,22.1607
16.79,0.43120,0.00000,0.00000,0.00000,22.0611
16.80,0.43178,0.00000,0.00000,0.00000,21.9246
16.81,0.43238,0.00000,0.00000,0.00000,22.0632
16.82,0.43296,0.00000,0.00000,0.00000,22.1262
16.83,0.43354,0.00000,0.00000,0.00000,22.1260
16.84,0.43407,0.00000,0.00000,0.00000,22.0730
16.85,0.43458,0.00000,0.00000,0.00000,21.9762
16.86,0.43509,0.00000,0.00000,0.00000,21.8428
16.87,0.43562,0.00000,0.00000,0.00000,21.9827
16.88,0.43613,0.00000,0.00000,0.00000,22.0475
16.89,0.43664,0.00000,0.00000,0.00000,22.0495
16.90,0.43708,0.00000,0.00000,0.00000,21.9991
16.91,0.43750,0.00000,0.00000,0.00000,21.9051
16.92,0.43792,0.00000,0.00000,0.00000,21.7747
16.93,0.43835,0.00000,0.00000,0.00000,21.9162
16.94,0.43877,0.00000,0.00000,0.00000,21.9830
16.95,0.43919,0.00000,0.00000,0.00000,21.9872
16.96,0.43952,0.00000,0.00000,0.00000,21.9394
16.97,0.43983,0.00000,0.00000,0.00000,21.8482
16.98,0.44015,0.00000,0.00000,0.00000,21.7208
16.99,0.44046,0.00000,0.00000,0.00000,21.8640
17.00,0.44078,0.00000,0.00000,0.00000,21.9328
17.01,0.44109,0.00000,0.00000,0.00000,21.9394
17.02,0.44129,0.00000,0.00000,0.00000,21.8942
17.03,0.44148,0.00000,0.00000,0.00000,21.8057
17.04,0.44167,0.00000,0.00000,0.00000,21.9798
17.05,0.44186,0.00000,0.00000,0.00000,22.0750
17.06,0.44205,0.00000,0.00000,0.00000,22.1044
17.07,0.44224,0.00000,0.00000,0.00000,22.0785
17.08,0.44231,0.00000,0.00000,0.00000,22.0066
17.09,0.44238,0.00000,0.00000,0.00000,21.8963
17.10,0.44245,0.00000,0.00000,0.00000,22.0518
17.11,0.44253,0.00000,0.00000,0.00000,22.1318
17.12,0.44260,0.00000,0.00000,0.00000,22.1487
17.13,0.44265,0.00000,0.00000,0.00000,22.1127
17.14,0.44262,0.00000,0.00000,0.00000,22.0328
17.15,0.44259,0.00000,0.00000,0.00000,21.9161
17.16,0.44256,0.00000,0.00000,0.00000,22.0659
17.17,0.44252,0.00000,0.00000,0.00000,22.1414
17.18,0.44249,0.00000,0.00000,0.00000,22.1548
17.19,0.44244,0.00000,0.00000,0.00000,22.1162
17.20,0.44233,0.00000,0.00000,0.00000,22.0343
17.21,0.44221,0.00000,0.00000,0.00000,21.9161
17.22,0.44210,0.00000,0.00000,0.00000,22.0647
17.23,0.44199,0.00000,0.00000,0.00000,22.1394
17.24,0.44188,0.00000,0.00000,0.00000,22.1523
17.25,0.44174,0.00000,0.00000,0.00000,22.1135
17.26,0.44157,0.00000,0.00000,0.00000,22.0316
17.27,0.44141,0.00000,0.00000,0.00000,21.9135
17.28,0.44124,0.00000,0.00000,0.00000,22.0624
17.29,0.44107,0.00000,0.00000,0.00000,22.1375
17.30,0.44090,0.00000,0.00000,0.00000,22.1509
17.31,0.44072,0.00000,0.00000,0.00000,22.1127
17.32,0.44051,0.00000,0.00000,0.00000,22.0313
17.33,0.44031,0.00000,0.00000,0.00000,21.9138
17.34,0.44010,0.00000,0.00000,0.00000,22.0635
17.35,0.43990,0.00000,0.00000,0.00000,22.1393
17.36,0.43969,0.00000,0.00000,0.00000,22.1535
17.37,0.43947,0.00000,0.00000,0.00000,22.1160
17.38,0.43924,0.00000,0.00000,0.00000,22.0352
17.39,0.43901,0.00000,0.00000,0.00000,21.9182
17.40,0.43877,0.00000,0.00000,0.00000,22.0689
17.41,0.43854,0.00000,0.00000,0.00000,22.1457
17.42,0.42888,0.00000,0.00000,0.00000,22.1606
17.43,0.41668,0.00000,0.00000,0.00000,22.1237
17.44,0.40463,0.00000,0.00000,0.00000,22.0433
17.45,0.39332,0.00000,0.00000,0.00000,21.9264
17.46,0.38341,0.00000,0.00000,0.00000,22.0777
17.47,0.37368,0.00000,0.00000,0.00000,22.1547
17.48,0.36409,0.00000,0.00000,0.00000,22.1693
17.49,0.35462,0.00000,0.00000,0.00000,22.1318
17.50,0.34528,0.00000,0.00000,0.00000,22.0505
17.51,0.33635,0.00000,0.00000,0.00000,22.2312
17.52,0.32793,0.00000,0.00000,0.00000,22.3324
17.53,0.31963,0.00000,0.00000,0.00000,22.3672
17.54,0.31144,0.00000,0.00000,0.00000,22.3462
17.55,0.30337,0.00000,0.00000,0.00000,22.2784
17.56,0.29541,0.00000,0.00000,0.00000,22.1713
17.57,0.28733,0.00000,0.00000,0.00000,22.3312
17.58,0.27929,0.00000,0.00000,0.00000,22.4146
17.59,0.27137,0.00000,0.00000,0.00000,22.4339
17.60,0.26356,0.00000,0.00000,0.00000,22.3994
17.61,0.25934,0.00000,0.00000,0.00000,22.3198
17.62,0.25891,0.00000,0.00000,0.00000,22.2024
17.63,0.25849,0.00000,0.00000,0.00000,22.3546
17.64,0.25806,0.00000,0.00000,0.00000,22.4311
17.65,0.25763,0.00000,0.00000,0.00000,22.4443
17.66,0.25718,0.00000,0.00000,0.00000,22.4044
17.67,0.25670,0.00000,0.00000,0.00000,22.3200
17.68,0.25622,0.00000,0.00000,0.00000,22.1982
17.69,0.25575,0.00000,0.00000,0.00000,22.3484
17.70,0.25527,0.00000,0.00000,0.00000,22.4230
17.71,0.25479,0.00000,0.00000,0.00000,22.4343
17.72,0.25427,0.00000,0.00000,0.00000,22.3926
17.73,0.25374,0.00000,0.00000,0.00000,22.3064
17.74,0.25320,0.00000,0.00000,0.00000,22.1830
17.75,0.25267,0.00000,0.00000,0.00000,22.3337
17.76,0.25213,0.00000,0.00000,0.00000,22.4085
17.77,0.25159,0.00000,0.00000,0.00000,22.4198
17.78,0.25101,0.00000,0.00000,0.00000,22.3780
17.79,0.25041,0.00000,0.00000,0.00000,22.2917
17.80,0.24981,0.00000,0.00000,0.00000,22.1681
17.81,0.24922,0.00000,0.00000,0.00000,22.3205
17.82,0.24862,0.00000,0.00000,0.00000,22.3966
17.83,0.24802,0.00000,0.00000,0.00000,22.4090
17.84,0.24736,0.00000,0.00000,0.00000,22.3681
17.85,0.24670,0.00000,0.00000,0.00000,22.2825
17.86,0.24604,0.00000,0.00000,0.00000,22.4679
17.87,0.24538,0.00000,0.00000,0.00000,22.5718
17.88,0.24471,0.00000,0.00000,0.00000,22.6075
17.89,0.24404,0.00000,0.00000,0.00000,22.5861
17.90,0.24331,0.00000,0.00000,0.00000,22.5169
17.91,0.24258,0.00000,0.00000,0.00000,22.4078
17.92,0.24186,0.00000,0.00000,0.00000,22.5758
17.93,0.24113,0.00000,0.00000,0.00000,22.6650
17.94,0.24040,0.00000,0.00000,0.00000,22.6885
17.95,0.23965,0.00000,0.00000,0.00000,22.6568
17.96,0.23886,0.00000,0.00000,0.00000,22.5792
17.97,0.23806,0.00000,0.00000,0.00000,22.4629
17.98,0.23726,0.00000,0.00000,0.00000,22.6256
17.99,0.23647,0.00000,0.00000,0.00000,22.7105
18.00,0.23567,0.00000,0.00000,0.00000,22.7303
18.01,0.23485,0.00000,0.00000,0.00000,22.6957
18.02,0.17485,0.06400,0.03200,0.04000,22.6157
18.03,0.11485,0.12800,0.06400,0.08000,22.4971
18.04,0.05485,0.19200,0.09600,0.12000,22.6568
18.05,0.00000,0.25600,0.12800,0.16000,22.7380
18.06,0.00000,0.32000,0.16000,0.20000,22.7530
18.07,0.00000,0.38400,0.19200,0.24000,22.7125
18.08,0.00000,0.44800,0.22400,0.28000,22.6252
18.09,0.00000,0.46130,0.23065,0.28831,22.4982
18.10,0.00000,0.46677,0.23339,0.29173,22.6488
18.11,0.00000,0.47211,0.23606,0.29507,22.7207
18.12,0.00000,0.47729,0.23865,0.29831,22.7269
18.13,0.00000,0.48233,0.24116,0.30146,22.6780
18.14,0.00000,0.48722,0.24361,0.30451,22.5832
18.15,0.00000,0.49197,0.24599,0.30748,22.4498
18.16,0.00000,0.49654,0.24827,0.31034,22.5953
18.17,0.00000,0.50101,0.25051,0.31313,22.6629
18.18,0.00000,0.50536,0.25268,0.31585,22.6653
18.19,0.00000,0.50960,0.25480,0.31850,22.6133
18.20,0.00000,0.51372,0.25686,0.32107,22.5159
18.21,0.00000,0.51771,0.25886,0.32357,22.3803
18.22,0.00000,0.52136,0.26068,0.32585,22.5246
18.23,0.00000,0.52494,0.26247,0.32809,22.5913
18.24,0.00000,0.52843,0.26422,0.33027,22.5930
18.25,0.00000,0.53184,0.26592,0.33240,22.5404
18.26,0.00000,0.53515,0.26758,0.33447,22.4426
18.27,0.00000,0.54036,0.27018,0.33773,22.3070
18.28,0.00000,0.57800,0.28900,0.36125,22.4520
18.29,0.00000,0.61279,0.30640,0.38299,22.5193
18.30,0.00000,0.64276,0.32138,0.40460,22.5210
18.31,0.00000,0.65929,0.32964,0.43214,22.4677
18.32,0.00000,0.67490,0.33745,0.45817,22.3683
18.33,0.00000,0.68970,0.34485,0.48284,22.2300
18.34,0.00000,0.70693,0.35346,0.51155,22.3723
18.35,0.00000,0.72337,0.36169,0.53895,22.4357
18.36,0.00000,0.73896,0.36948,0.56494,22.4326
18.37,0.00000,0.75377,0.37688,0.58961,22.3736
18.38,0.00000,0.76786,0.38393,0.61309,22.2675
18.39,0.00000,0.78128,0.39064,0.63546,22.1218
18.40,0.00000,0.78430,0.39215,0.64050,22.2575
18.41,0.00000,0.78480,0.39240,0.64133,22.3137
18.42,0.00000,0.78527,0.39264,0.64212,22.3035
18.43,0.00000,0.78573,0.39286,0.64288,22.2376
18.44,0.00000,0.78616,0.39308,0.64361,22.1250
18.45,0.00000,0.78658,0.39329,0.64430,21.9737
18.46,0.00000,0.78613,0.39307,0.64356,22.1062
18.47,0.00000,0.78495,0.39247,0.64158,22.1600
18.48,0.00000,0.78377,0.39189,0.63962,22.1481
18.49,0.00000,0.78261,0.39131,0.63769,22.0811
18.50,0.00000,0.78147,0.39073,0.63578,21.9681
18.51,0.00000,0.78034,0.39017,0.63390,21.8165
18.52,0.00000,0.77905,0.38953,0.63175,21.9509
18.53,0.00000,0.77698,0.38849,0.62830,22.0068
18.54,0.00000,0.77494,0.38747,0.62489,21.9973
18.55,0.00000,0.77292,0.38646,0.62154,21.9331
18.56,0.00000,0.77094,0.38547,0.61823,21.8229
18.57,0.00000,0.76898,0.38449,0.61496,21.6744
18.58,0.00000,0.76704,0.38352,0.61174,21.8136
18.59,0.00000,0.76433,0.38216,0.60721,21.8743
18.60,0.00000,0.76134,0.38067,0.60224,21.8695
18.61,0.00000,0.75840,0.37920,0.59733,21.8101
18.62,0.00000,0.75550,0.37775,0.59249,21.7049
18.63,0.00000,0.75263,0.37632,0.58772,21.5613
18.64,0.00000,0.74981,0.37490,0.58302,21.7072
18.65,0.00000,0.74675,0.37338,0.57792,21.7744
18.66,0.00000,0.74275,0.37138,0.57125,21.7760
18.67,0.00000,0.73880,0.36940,0.56467,21.7228
18.68,0.00000,0.73490,0.36745,0.55817,21.6238
18.69,0.00000,0.73105,0.36553,0.55175,21.4864
18.70,0.00000,0.72725,0.36362,0.54542,21.3170
18.71,0.00000,0.72349,0.36175,0.53916,21.4460
18.72,0.00000,0.71890,0.35945,0.53150,21.5000
18.73,0.00000,0.71388,0.35694,0.52313,21.4917
18.74,0.00000,0.70891,0.35445,0.51485,21.4313
18.75,0.00000,0.70399,0.35199,0.50665,21.3273
18.76,0.00000,0.69912,0.34956,0.49853,21.1871
18.77,0.00000,0.69429,0.34715,0.49049,21.3440
18.78,0.00000,0.68948,0.34474,0.48247,21.4225
18.79,0.00000,0.68336,0.34168,0.47226,21.4357
18.80,0.00000,0.67727,0.33864,0.46212,21.3946
18.81,0.00000,0.67123,0.33561,0.45204,21.3080
18.82,0.00000,0.66522,0.33261,0.44204,21.1836
18.83,0.00000,0.65926,0.32963,0.43210,21.0275
18.84,0.00000,0.65332,0.32666,0.42220,21.1764
18.85,0.00000,0.64697,0.32348,0.41161,21.2496
18.86,0.00000,0.63962,0.31981,0.39976,21.2597
18.87,0.00000,0.62646,0.31323,0.39154,21.2173
18.88,0.00000,0.61328,0.30664,0.38330,21.1310
18.89,0.00000,0.60006,0.30003,0.37504,21.0080
18.90,0.00000,0.58676,0.29338,0.36673,21.1889
18.91,0.00000,0.57344,0.28672,0.35840,21.2901
18.92,0.00000,0.55878,0.27939,0.34924,21.3248
18.93,0.00000,0.54330,0.27165,0.33956,21.3040
18.94,0.00000,0.52764,0.26382,0.32978,21.2371
18.95,0.00000,0.51181,0.25590,0.31988,21.1315
18.96,0.00000,0.49576,0.24788,0.30985,20.9938
18.97,0.00000,0.47939,0.23970,0.29962,21.1681
18.98,0.00000,0.46283,0.23141,0.28927,21.2649
18.99,0.00000,0.44497,0.22248,0.27811,21.2972
19.00,0.00000,0.42660,0.21330,0.26663,21.2755
19.01,0.00000,0.40775,0.20387,0.25484,21.2088
19.02,0.00000,0.38832,0.19416,0.24270,21.1045
19.03,0.00000,0.36822,0.18411,0.23014,20.9688
19.04,0.00000,0.34718,0.17359,0.21699,21.1508
19.05,0.00000,0.32543,0.16272,0.20340,21.2551
19.06,0.00000,0.30307,0.15154,0.18942,21.2945
19.07,0.00000,0.27934,0.13967,0.17458,21.2797
19.08,0.00000,0.25383,0.12692,0.15864,21.2195
19.09,0.00000,0.22595,0.11297,0.14122,21.1214
19.10,0.00000,0.14595,0.07297,0.09122,21.3392
19.11,0.00000,0.06595,0.03297,0.04122,21.4744
19.12,0.03000,0.00000,0.00000,0.00000,21.5405
19.13,0.06000,0.00000,0.00000,0.00000,21.5490
19.14,0.09000,0.00000,0.00000,0.00000,21.5093
19.15,0.12000,0.00000,0.00000,0.00000,21.4293
19.16,0.15000,0.00000,0.00000,0.00000,21.3158
19.17,0.18000,0.00000,0.00000,0.00000,21.5276
19.18,0.21000,0.00000,0.00000,0.00000,21.6588
19.19,0.21574,0.00000,0.00000,0.00000,21.7230
19.20,0.21574,0.00000,0.00000,0.00000,21.7307
19.21,0.21574,0.00000,0.00000,0.00000,21.6908
19.22,0.21574,0.00000,0.00000,0.00000,21.6110
19.23,0.21574,0.00000,0.00000,0.00000,21.4978
19.24,0.21574,0.00000,0.00000,0.00000,21.7153
19.25,0.21574,0.00000,0.00000,0.00000,21.8509
19.26,0.21573,0.00000,0.00000,0.00000,21.9179
19.27,0.21573,0.00000,0.00000,0.00000,21.9268
19.28,0.21573,0.00000,0.00000,0.00000,21.8868
19.29,0.21573,0.00000,0.00000,0.00000,21.8059
19.30,0.21573,0.00000,0.00000,0.00000,22.0539
19.31,0.21573,0.00000,0.00000,0.00000,22.2141
19.32,0.21573,0.00000,0.00000,0.00000,22.3007
19.33,0.21573,0.00000,0.00000,0.00000,22.3254
19.34,0.21573,0.00000,0.00000,0.00000,22.2974
19.35,0.21573,0.00000,0.00000,0.00000,22.2251
19.36,0.21573,0.00000,0.00000,0.00000,22.1157
19.37,0.21573,0.00000,0.00000,0.00000,22.3445
19.38,0.21573,0.00000,0.00000,0.00000,22.4870
19.39,0.21573,0.00000,0.00000,0.00000,22.5573
19.40,0.21573,0.00000,0.00000,0.00000,22.5663
19.41,0.21573,0.00000,0.00000,0.00000,22.5233
19.42,0.21573,0.00000,0.00000,0.00000,22.4368
19.43,0.21573,0.00000,0.00000,0.00000,22.3136
19.44,0.21573,0.00000,0.00000,0.00000,22.5356
19.45,0.21573,0.00000,0.00000,0.00000,22.6706
19.46,0.21573,0.00000,0.00000,0.00000,22.7328
19.47,0.21573,0.00000,0.00000,0.00000,22.7326
19.48,0.21573,0.00000,0.00000,0.00000,22.6801
19.49,0.21573,0.00000,0.00000,0.00000,22.5837
19.50,0.21573,0.00000,0.00000,0.00000,22.8313
19.51,0.21573,0.00000,0.00000,0.00000,22.9860
19.52,0.21573,0.00000,0.00000,0.00000,23.0630
19.53,0.21573,0.00000,0.00000,0.00000,23.0744
19.54,0.21573,0.00000,0.00000,0.00000,23.0297
19.55,0.21573,0.00000,0.00000,0.00000,22.9380
19.56,0.21573,0.00000,0.00000,0.00000,22.8067
19.57,0.21573,0.00000,0.00000,0.00000,23.0297
19.58,0.21573,0.00000,0.00000,0.00000,23.1619
19.59,0.21573,0.00000,0.00000,0.00000,23.2180
19.60,0.21573,0.00000,0.00000,0.00000,23.2093
19.61,0.21573,0.00000,0.00000,0.00000,23.1457
19.62,0.21573,0.00000,0.00000,0.00000,23.0361
19.63,0.21573,0.00000,0.00000,0.00000,22.8877
19.64,0.21573,0.00000,0.00000,0.00000,23.1013
19.65,0.21573,0.00000,0.00000,0.00000,23.2235
19.66,0.21573,0.00000,0.00000,0.00000,23.2693
19.67,0.21573,0.00000,0.00000,0.00000,23.2495
19.68,0.21573,0.00000,0.00000,0.00000,23.1747
19.69,0.21573,0.00000,0.00000,0.00000,23.0538
19.70,0.21573,0.00000,0.00000,0.00000,23.2941
19.71,0.21573,0.00000,0.00000,0.00000,23.4370
19.72,0.21573,0.00000,0.00000,0.00000,23.4983
19.73,0.21573,0.00000,0.00000,0.00000,23.4909
19.74,0.21574,0.00000,0.00000,0.00000,23.4249
19.75,0.21574,0.00000,0.00000,0.00000,23.3097
19.76,0.21574,0.00000,0.00000,0.00000,23.1532
19.77,0.21574,0.00000,0.00000,0.00000,23.3688
19.78,0.21574,0.00000,0.00000,0.00000,23.4891
19.79,0.21574,0.00000,0.00000,0.00000,23.5300
19.80,0.21574,0.00000,0.00000,0.00000,23.5031
19.81,0.21574,0.00000,0.00000,0.00000,23.4191
19.82,0.21574,0.00000,0.00000,0.00000,23.2873
19.83,0.21575,0.00000,0.00000,0.00000,23.1153
19.84,0.21575,0.00000,0.00000,0.00000,23.3209
19.85,0.21575,0.00000,0.00000,0.00000,23.4315
19.86,0.21575,0.00000,0.00000,0.00000,23.4625
19.87,0.21576,0.00000,0.00000,0.00000,23.4256
19.88,0.21576,0.00000,0.00000,0.00000,23.3318
19.89,0.21577,0.00000,0.00000,0.00000,23.1904
19.90,0.21577,0.00000,0.00000,0.00000,23.4189
19.91,0.21577,0.00000,0.00000,0.00000,23.5473
19.92,0.21578,0.00000,0.00000,0.00000,23.5921
19.93,0.21578,0.00000,0.00000,0.00000,23.5664
19.94,0.21579,0.00000,0.00000,0.00000,23.4809
19.95,0.21580,0.00000,0.00000,0.00000,23.3454
19.96,0.21581,0.00000,0.00000,0.00000,23.1678
19.97,0.21582,0.00000,0.00000,0.00000,23.3593
19.98,0.21583,0.00000,0.00000,0.00000,23.4557
19.99,0.21583,0.00000,0.00000,0.00000,23.4724
20.00,0.21584,0.00000,0.00000,0.00000,23.4217
20.01,0.21586,0.00000,0.00000,0.00000,23.3141
20.02,0.21587,0.00000,0.00000,0.00000,23.1590
20.03,0.21589,0.00000,0.00000,0.00000,22.9641
20.04,0.21590,0.00000,0.00000,0.00000,23.1327
20.05,0.21592,0.00000,0.00000,0.00000,23.2089
20.06,0.21593,0.00000,0.00000,0.00000,23.2076
20.07,0.21595,0.00000,0.00000,0.00000,23.1407
20.08,0.21597,0.00000,0.00000,0.00000,23.0187
20.09,0.21600,0.00000,0.00000,0.00000,22.8507
20.10,0.21602,0.00000,0.00000,0.00000,23.0330
20.11,0.21604,0.00000,0.00000,0.00000,23.1198
20.12,0.21607,0.00000,0.00000,0.00000,23.1270
20.13,0.22103,0.00000,0.00000,0.00000,23.0669
20.14,0.23256,0.00000,0.00000,0.00000,22.9501
20.15,0.24395,0.00000,0.00000,0.00000,22.7859
20.16,0.25519,0.00000,0.00000,0.00000,22.5821
20.17,0.26654,0.00000,0.00000,0.00000,22.7274
20.18,0.27750,0.00000,0.00000,0.00000,22.7830
20.19,0.29269,0.00000,0.00000,0.00000,22.7637
20.20,0.30904,0.00000,0.00000,0.00000,22.6809
20.21,0.32521,0.00000,0.00000,0.00000,22.5451
20.22,0.34120,0.00000,0.00000,0.00000,22.3649
20.23,0.35701,0.00000,0.00000,0.00000,22.1477
20.24,0.37295,0.00000,0.00000,0.00000,22.2754
20.25,0.38273,0.00000,0.00000,0.00000,22.3164
20.26,0.38295,0.00000,0.00000,0.00000,22.2847
20.27,0.38320,0.00000,0.00000,0.00000,22.1915
20.28,0.38349,0.00000,0.00000,0.00000,22.0469
20.29,0.38377,0.00000,0.00000,0.00000,21.8593
20.30,0.38406,0.00000,0.00000,0.00000,22.0038
20.31,0.38434,0.00000,0.00000,0.00000,22.0584
20.32,0.38463,0.00000,0.00000,0.00000,22.0382
20.33,0.38491,0.00000,0.00000,0.00000,21.9545
20.34,0.38525,0.00000,0.00000,0.00000,21.8174
20.35,0.38559,0.00000,0.00000,0.00000,21.6358
20.36,0.38594,0.00000,0.00000,0.00000,21.4169
20.37,0.38628,0.00000,0.00000,0.00000,21.5289
20.38,0.38663,0.00000,0.00000,0.00000,21.5561
20.39,0.38697,0.00000,0.00000,0.00000,21.5121
20.40,0.38733,0.00000,0.00000,0.00000,21.4080
20.41,0.38773,0.00000,0.00000,0.00000,21.2537
20.42,0.38814,0.00000,0.00000,0.00000,21.0574
20.43,0.38854,0.00000,0.00000,0.00000,20.8260
20.44,0.38895,0.00000,0.00000,0.00000,20.9216
20.45,0.38936,0.00000,0.00000,0.00000,20.9349
20.46,0.38976,0.00000,0.00000,0.00000,20.8786
20.47,0.39020,0.00000,0.00000,0.00000,20.7642
20.48,0.39066,0.00000,0.00000,0.00000,20.6012
20.49,0.39112,0.00000,0.00000,0.00000,20.3976
20.50,0.39159,0.00000,0.00000,0.00000,20.5095
20.51,0.39205,0.00000,0.00000,0.00000,20.5365
20.52,0.39251,0.00000,0.00000,0.00000,20.4922
20.53,0.39297,0.00000,0.00000,0.00000,20.3879
20.54,0.39349,0.00000,0.00000,0.00000,20.2335
20.55,0.39401,0.00000,0.00000,0.00000,20.0372
20.56,0.39453,0.00000,0.00000,0.00000,19.8059
20.57,0.39505,0.00000,0.00000,0.00000,19.8899
20.58,0.39556,0.00000,0.00000,0.00000,19.8936
20.59,0.39608,0.00000,0.00000,0.00000,19.8298
20.60,0.39662,0.00000,0.00000,0.00000,19.7094
20.61,0.39720,0.00000,0.00000,0.00000,19.5420
20.62,0.39777,0.00000,0.00000,0.00000,19.3352
20.63,0.39834,0.00000,0.00000,0.00000,19.4336
20.64,0.39891,0.00000,0.00000,0.00000,19.4497
20.65,0.39948,0.00000,0.00000,0.00000,19.3971
20.66,0.40014,0.00000,0.00000,0.00000,19.2867
20.67,0.40169,0.00000,0.00000,0.00000,19.1282
20.68,0.40325,0.00000,0.00000,0.00000,18.9293
20.69,0.40481,0.00000,0.00000,0.00000,18.6970
20.70,0.40637,0.00000,0.00000,0.00000,18.7683
20.71,0.40793,0.00000,0.00000,0.00000,18.7624
20.72,0.40950,0.00000,0.00000,0.00000,18.6919
20.73,0.41110,0.00000,0.00000,0.00000,18.5675
20.74,0.41279,0.00000,0.00000,0.00000,18.3981
20.75,0.41449,0.00000,0.00000,0.00000,18.1911
20.76,0.41617,0.00000,0.00000,0.00000,18.2708
20.77,0.41786,0.00000,0.00000,0.00000,18.2729
20.78,0.41955,0.00000,0.00000,0.00000,18.2102
20.79,0.42125,0.00000,0.00000,0.00000,18.0933
20.80,0.42304,0.00000,0.00000,0.00000,17.9313
20.81,0.42486,0.00000,0.00000,0.00000,17.7317
20.82,0.42667,0.00000,0.00000,0.00000,17.5006
20.83,0.42847,0.00000,0.00000,0.00000,17.5446
20.84,0.43029,0.00000,0.00000,0.00000,17.5179
20.85,0.43211,0.00000,0.00000,0.00000,17.4324
20.86,0.43397,0.00000,0.00000,0.00000,17.2979
20.87,0.43590,0.00000,0.00000,0.00000,17.1226
20.88,0.43784,0.00000,0.00000,0.00000,16.9133
20.89,0.43975,0.00000,0.00000,0.00000,16.9598
20.90,0.44169,0.00000,0.00000,0.00000,16.9366
20.91,0.44363,0.00000,0.00000,0.00000,16.8556
20.92,0.44557,0.00000,0.00000,0.00000,16.7265
20.93,0.44760,0.00000,0.00000,0.00000,16.5572
20.94,0.44964,0.00000,0.00000,0.00000,16.3544
20.95,0.45169,0.00000,0.00000,0.00000,16.1238
20.96,0.45371,0.00000,0.00000,0.00000,16.1401
20.97,0.45576,0.00000,0.00000,0.00000,16.0934
20.98,0.45781,0.00000,0.00000,0.00000,15.9948
20.99,0.45989,0.00000,0.00000,0.00000,15.8527
21.00,0.46204,0.00000,0.00000,0.00000,15.6746
21.01,0.46419,0.00000,0.00000,0.00000,15.4664
21.02,0.46630,0.00000,0.00000,0.00000,15.4877
21.03,0.46845,0.00000,0.00000,0.00000,15.4471
21.04,0.47060,0.00000,0.00000,0.00000,15.3554
21.05,0.47275,0.00000,0.00000,0.00000,15.2212
21.06,0.47497,0.00000,0.00000,0.00000,15.0516
21.07,0.47720,0.00000,0.00000,0.00000,14.8527
21.08,0.47943,0.00000,0.00000,0.00000,14.6292
21.09,0.48163,0.00000,0.00000,0.00000,14.6258
21.10,0.48386,0.00000,0.00000,0.00000,14.5671
21.11,0.48610,0.00000,0.00000,0.00000,14.4626
21.12,0.48836,0.00000,0.00000,0.00000,14.3200
21.13,0.49065,0.00000,0.00000,0.00000,14.1458
21.14,0.49295,0.00000,0.00000,0.00000,13.9452
21.15,0.49521,0.00000,0.00000,0.00000,13.9484
21.16,0.49751,0.00000,0.00000,0.00000,13.8973
21.17,0.49981,0.00000,0.00000,0.00000,13.8014
21.18,0.50211,0.00000,0.00000,0.00000,13.6684
21.19,0.50446,0.00000,0.00000,0.00000,13.5044
21.20,0.50680,0.00000,0.00000,0.00000,13.3147
21.21,0.50915,0.00000,0.00000,0.00000,13.1037
21.22,0.51145,0.00000,0.00000,0.00000,13.0875
21.23,0.51380,0.00000,0.00000,0.00000,13.0232
21.24,0.51615,0.00000,0.00000,0.00000,12.9188
21.25,0.51851,0.00000,0.00000,0.00000,12.7812
21.26,0.52088,0.00000,0.00000,0.00000,12.6159
21.27,0.52325,0.00000,0.00000,0.00000,12.4278
21.28,0.52557,0.00000,0.00000,0.00000,12.4190
21.29,0.52795,0.00000,0.00000,0.00000,12.3633
21.30,0.53032,0.00000,0.00000,0.00000,12.2686
21.31,0.53270,0.00000,0.00000,0.00000,12.1415
21.32,0.53507,0.00000,0.00000,0.00000,11.9874
21.33,0.53745,0.00000,0.00000,0.00000,11.8110
21.34,0.53977,0.00000,0.00000,0.00000,11.8012
21.35,0.54215,0.00000,0.00000,0.00000,11.7468
21.36,0.54453,0.00000,0.00000,0.00000,11.6556
21.37,0.54691,0.00000,0.00000,0.00000,11.5338
21.38,0.54927,0.00000,0.00000,0.00000,11.3865
21.39,0.55183,0.00000,0.00000,0.00000,11.2182
21.40,0.55449,0.00000,0.00000,0.00000,11.0324
21.41,0.55709,0.00000,0.00000,0.00000,11.0059
21.42,0.55975,0.00000,0.00000,0.00000,10.9402
21.43,0.56241,0.00000,0.00000,0.00000,10.8421
21.44,0.56504,0.00000,0.00000,0.00000,10.7169
21.45,0.56766,0.00000,0.00000,0.00000,10.5694
21.46,0.57027,0.00000,0.00000,0.00000,10.4033
21.47,0.57284,0.00000,0.00000,0.00000,10.3833
21.48,0.57545,0.00000,0.00000,0.00000,10.3254
21.49,0.57807,0.00000,0.00000,0.00000,10.2360
21.50,0.58068,0.00000,0.00000,0.00000,10.1204
21.51,0.58323,0.00000,0.00000,0.00000,9.9832
21.52,0.58579,0.00000,0.00000,0.00000,9.8279
21.53,0.58830,0.00000,0.00000,0.00000,9.8076
21.54,0.59086,0.00000,0.00000,0.00000,9.7516
21.55,0.59342,0.00000,0.00000,0.00000,9.6659
21.56,0.59598,0.00000,0.00000,0.00000,9.5556
21.57,0.59847,0.00000,0.00000,0.00000,9.4248
21.58,0.60095,0.00000,0.00000,0.00000,9.2771
21.59,0.60343,0.00000,0.00000,0.00000,9.1156
21.60,0.60587,0.00000,0.00000,0.00000,9.0825
21.61,0.60835,0.00000,0.00000,0.00000,9.0180
21.62,0.61084,0.00000,0.00000,0.00000,8.9273
21.63,0.61326,0.00000,0.00000,0.00000,8.8149
21.64,0.61566,0.00000,0.00000,0.00000,8.6846
21.65,0.61805,0.00000,0.00000,0.00000,8.5394
21.66,0.62041,0.00000,0.00000,0.00000,8.5119
21.67,0.62280,0.00000,0.00000,0.00000,8.4538
21.68,0.62520,0.00000,0.00000,0.00000,8.3704
21.69,0.62756,0.00000,0.00000,0.00000,8.2659
21.70,0.62986,0.00000,0.00000,0.00000,8.1440
21.71,0.63215,0.00000,0.00000,0.00000,8.0077
21.72,0.63442,0.00000,0.00000,0.00000,7.9799
21.73,0.63672,0.00000,0.00000,0.00000,7.9234
21.74,0.63902,0.00000,0.00000,0.00000,7.8428
21.75,0.64130,0.00000,0.00000,0.00000,7.7425
21.76,0.64349,0.00000,0.00000,0.00000,7.6257
21.77,0.64569,0.00000,0.00000,0.00000,7.4953
21.78,0.64785,0.00000,0.00000,0.00000,7.4653
21.79,0.65005,0.00000,0.00000,0.00000,7.4084
21.80,0.65225,0.00000,0.00000,0.00000,7.3291
21.81,0.65445,0.00000,0.00000,0.00000,7.2312
21.82,0.65654,0.00000,0.00000,0.00000,7.1179
21.83,0.65863,0.00000,0.00000,0.00000,6.9919
21.84,0.66069,0.00000,0.00000,0.00000,6.9591
21.85,0.66279,0.00000,0.00000,0.00000,6.9010
21.86,0.66488,0.00000,0.00000,0.00000,6.8221
21.87,0.66698,0.00000,0.00000,0.00000,6.7259
21.88,0.66898,0.00000,0.00000,0.00000,6.6153
21.89,0.67097,0.00000,0.00000,0.00000,6.4929
21.90,0.67296,0.00000,0.00000,0.00000,6.3609
21.91,0.67492,0.00000,0.00000,0.00000,6.3181
21.92,0.67691,0.00000,0.00000,0.00000,6.2531
21.93,0.67891,0.00000,0.00000,0.00000,6.1697
21.94,0.68082,0.00000,0.00000,0.00000,6.0710
21.95,0.68271,0.00000,0.00000,0.00000,5.9598
21.96,0.68460,0.00000,0.00000,0.00000,5.8383
21.97,0.68646,0.00000,0.00000,0.00000,5.8004
21.98,0.68836,0.00000,0.00000,0.00000,5.7406
21.99,0.69025,0.00000,0.00000,0.00000,5.6626
22.00,0.69207,0.00000,0.00000,0.00000,5.5697
22.01,0.69387,0.00000,0.00000,0.00000,5.4644
22.02,0.69566,0.00000,0.00000,0.00000,5.3489
22.03,0.69743,0.00000,0.00000,0.00000,5.3130
22.04,0.69923,0.00000,0.00000,0.00000,5.2561
22.05,0.70329,0.00000,0.00000,0.00000,5.1816
22.06,0.70883,0.00000,0.00000,0.00000,5.0926
22.07,0.71424,0.00000,0.00000,0.00000,4.9916
22.08,0.71966,0.00000,0.00000,0.00000,4.8807
22.09,0.72502,0.00000,0.00000,0.00000,4.8461
22.10,0.73045,0.00000,0.00000,0.00000,4.7911
22.11,0.73588,0.00000,0.00000,0.00000,4.7193
22.12,0.74107,0.00000,0.00000,0.00000,4.6335
22.13,0.74610,0.00000,0.00000,0.00000,4.5362
22.14,0.75113,0.00000,0.00000,0.00000,4.4293
22.15,0.75610,0.00000,0.00000,0.00000,4.3938
22.16,0.76114,0.00000,0.00000,0.00000,4.3391
22.17,0.76619,0.00000,0.00000,0.00000,4.2684
22.18,0.77088,0.00000,0.00000,0.00000,4.1844
22.19,0.77534,0.00000,0.00000,0.00000,4.0895
22.20,0.77980,0.00000,0.00000,0.00000,3.9854
22.21,0.78421,0.00000,0.00000,0.00000,3.9464
22.22,0.78868,0.00000,0.00000,0.00000,3.8896
22.23,0.79315,0.00000,0.00000,0.00000,3.8179
22.24,0.79706,0.00000,0.00000,0.00000,3.7339
22.25,0.80060,0.00000,0.00000,0.00000,3.6398
22.26,0.80415,0.00000,0.00000,0.00000,3.5371
22.27,0.80766,0.00000,0.00000,0.00000,3.4927
22.28,0.81122,0.00000,0.00000,0.00000,3.4320
22.29,0.81477,0.00000,0.00000,0.00000,3.3579
22.30,0.81739,0.00000,0.00000,0.00000,3.2727
22.31,0.81952,0.00000,0.00000,0.00000,3.1781
22.32,0.82165,0.00000,0.00000,0.00000,3.0758
22.33,0.82377,0.00000,0.00000,0.00000,3.0248
22.34,0.82591,0.00000,0.00000,0.00000,2.9592
22.35,0.82804,0.00000,0.00000,0.00000,2.8817
22.36,0.82872,0.00000,0.00000,0.00000,2.7942
22.37,0.82886,0.00000,0.00000,0.00000,2.6983
22.38,0.82900,0.00000,0.00000,0.00000,2.5955
22.39,0.82915,0.00000,0.00000,0.00000,2.5376
22.40,0.82929,0.00000,0.00000,0.00000,2.4668
22.41,0.82944,0.00000,0.00000,0.00000,2.3856
22.42,0.82749,0.00000,0.00000,0.00000,2.2954
22.43,0.82517,0.00000,0.00000,0.00000,2.1977
22.44,0.82284,0.00000,0.00000,0.00000,2.0939
22.45,0.82053,0.00000,0.00000,0.00000,2.0291
22.46,0.81820,0.00000,0.00000,0.00000,1.9531
22.47,0.81587,0.00000,0.00000,0.00000,1.8679
22.48,0.81089,0.00000,0.00000,0.00000,1.7747
22.49,0.80587,0.00000,0.00000,0.00000,1.6748
22.50,0.80087,0.00000,0.00000,0.00000,1.6072
22.51,0.79584,0.00000,0.00000,0.00000,1.5291
22.52,0.79081,0.00000,0.00000,0.00000,1.4424
22.53,0.78538,0.00000,0.00000,0.00000,1.3484
22.54,0.77776,0.00000,0.00000,0.00000,1.2481
22.55,0.77014,0.00000,0.00000,0.00000,1.1426
22.56,0.76254,0.00000,0.00000,0.00000,1.0644
22.57,0.75491,0.00000,0.00000,0.00000,0.9777
22.58,0.74727,0.00000,0.00000,0.00000,0.8843
22.59,0.73886,0.00000,0.00000,0.00000,0.7844
22.60,0.72898,0.00000,0.00000,0.00000,0.6793
22.61,0.71911,0.00000,0.00000,0.00000,0.5700
22.62,0.70926,0.00000,0.00000,0.00000,0.4827
22.63,0.69980,0.00000,0.00000,0.00000,0.3888
22.64,0.69671,0.00000,0.00000,0.00000,0.2891
22.65,0.69331,0.00000,0.00000,0.00000,0.1839
22.66,0.68966,0.00000,0.00000,0.00000,0.0743
22.67,0.68601,0.00000,0.00000,0.00000,-0.0389
22.68,0.68237,0.00000,0.00000,0.00000,-0.1351
22.69,0.62581,0.00000,0.00000,0.00000,-0.2367
22.70,0.56581,0.00000,0.00000,0.00000,-0.3431
22.71,0.50581,0.00000,0.00000,0.00000,-0.4540
22.72,0.44581,0.00000,0.00000,0.00000,-0.5684
22.73,0.43764,0.00000,0.00000,0.00000,-0.6852
22.74,0.43628,0.00000,0.00000,0.00000,-0.7902
22.75,0.37628,0.06400,0.03200,0.04000,-0.8987
22.76,0.31628,0.12800,0.06400,0.08000,-1.0113
22.77,0.25628,0.19200,0.09600,0.12000,-1.1272
22.78,0.19628,0.25600,0.12800,0.16000,-1.2453
22.79,0.13628,0.32000,0.16000,0.20000,-1.3572
22.80,0.07628,0.38400,0.19200,0.24000,-1.4710
22.81,0.01628,0.44800,0.22400,0.28000,-1.5861
22.82,0.00000,0.51200,0.25600,0.32000,-1.7033
22.83,0.00000,0.57600,0.28800,0.36000,-1.8218
22.84,0.00000,0.64000,0.32000,0.40000,-1.9408
22.85,0.00000,0.66400,0.33200,0.44000,-2.0582
22.86,0.00000,0.68800,0.34400,0.48000,-2.1751
22.87,0.00000,0.70016,0.35008,0.50026,-2.2912
22.88,0.00000,0.70238,0.35119,0.50397,-2.4081
22.89,0.00000,0.70455,0.35227,0.50758,-2.5251
22.90,0.00000,0.70667,0.35334,0.51112,-2.6420
22.91,0.00000,0.70883,0.35442,0.51472,-2.7632
22.92,0.00000,0.71093,0.35547,0.51822,-2.8828
22.93,0.00000,0.71298,0.35649,0.52163,-3.0005
22.94,0.00000,0.71497,0.35748,0.52495,-3.1181
22.95,0.00000,0.71691,0.35845,0.52818,-3.2355
22.96,0.00000,0.71881,0.35941,0.53136,-3.3522
22.97,0.00000,0.72077,0.36038,0.53461,-3.4799
22.98,0.00000,0.72266,0.36133,0.53776,-3.6045
22.99,0.00000,0.72450,0.36225,0.54083,-3.7260
23.00,0.00000,0.72629,0.36314,0.54381,-3.8458
23.01,0.00000,0.72803,0.36402,0.54672,-3.9646
23.02,0.00000,0.72974,0.36487,0.54957,-4.0823
23.03,0.00000,0.73152,0.36576,0.55253,-4.2177
23.04,0.00000,0.73322,0.36661,0.55537,-4.3484
23.05,0.00000,0.73488,0.36744,0.55814,-4.4745
23.06,0.00000,0.73650,0.36825,0.56083,-4.5969
23.07,0.00000,0.73807,0.36904,0.56345,-4.7174
23.08,0.00000,0.73961,0.36980,0.56601,-4.8360
23.09,0.00000,0.74123,0.37061,0.56871,-4.9799
23.10,0.00000,0.74277,0.37139,0.57129,-5.1170
23.11,0.00000,0.74428,0.37214,0.57380,-5.2481
23.12,0.00000,0.74574,0.37287,0.57624,-5.3735
23.13,0.00000,0.74716,0.37358,0.57861,-5.4955
23.14,0.00000,0.74855,0.37427,0.58091,-5.6146
23.15,0.00000,0.75002,0.37501,0.58337,-5.7670
23.16,0.00000,0.75143,0.37572,0.58572,-5.9106
23.17,0.00000,0.75280,0.37640,0.58800,-6.0464
23.18,0.00000,0.75413,0.37706,0.59022,-6.1751
23.19,0.00000,0.75542,0.37771,0.59237,-6.2977
23.20,0.00000,0.75667,0.37834,0.59446,-6.4166
23.21,0.00000,0.75801,0.37901,0.59669,-6.5775
23.22,0.00000,0.75930,0.37965,0.59883,-6.7274
23.23,0.00000,0.76055,0.38027,0.60091,-6.8674
23.24,0.00000,0.76176,0.38088,0.60293,-6.9986
23.25,0.00000,0.76294,0.38147,0.60489,-7.1220
23.26,0.00000,0.76408,0.38204,0.60680,-7.2393
23.27,0.00000,0.76529,0.38264,0.60881,-7.4085
23.28,0.00000,0.76647,0.38323,0.61078,-7.5640
23.29,0.00000,0.76761,0.38381,0.61269,-7.7075
23.30,0.00000,0.76872,0.38436,0.61453,-7.8403
23.31,0.00000,0.76979,0.38490,0.61632,-7.9636
23.32,0.00000,0.77084,0.38542,0.61806,-8.0785
23.33,0.00000,0.77193,0.38596,0.61988,-8.2556
23.34,0.00000,0.77301,0.38651,0.62168,-8.4160
23.35,0.00000,0.77406,0.38703,0.62344,-8.5618
23.36,0.00000,0.77508,0.38754,0.62513,-8.6950
23.37,0.00000,0.77607,0.38803,0.62678,-8.8168
23.38,0.00000,0.77702,0.38851,0.62837,-8.9287
23.39,0.00000,0.77804,0.38902,0.63007,-9.1133
23.40,0.00000,0.77899,0.38950,0.63166,-9.2779
23.41,0.00000,0.77997,0.38998,0.63328,-9.4250
23.42,0.00000,0.78091,0.39045,0.63484,-9.5571
23.43,0.00000,0.78181,0.39091,0.63636,-9.6758
23.44,0.00000,0.78269,0.39135,0.63782,-9.7828
23.45,0.00000,0.78366,0.39183,0.63944,-9.9758
23.46,0.00000,0.78448,0.39224,0.64080,-10.1440
23.47,0.00000,0.78538,0.39269,0.64230,-10.2914
23.48,0.00000,0.78625,0.39313,0.64375,-10.4210
23.49,0.00000,0.78709,0.39355,0.64515,-10.5350
23.50,0.00000,0.78790,0.39395,0.64650,-10.6353
23.51,0.00000,0.78868,0.39434,0.64781,-10.7235
23.52,0.00000,0.78959,0.39479,0.64932,-10.9144
23.53,0.00000,0.79035,0.39518,0.65059,-11.0772
23.54,0.00000,0.79117,0.39558,0.65194,-11.2164
23.55,0.00000,0.79195,0.39597,0.65325,-11.3352
23.56,0.00000,0.79270,0.39635,0.65451,-11.4362
23.57,0.00000,0.79343,0.39671,0.65571,-11.5219
23.58,0.00000,0.79431,0.39716,0.65719,-11.7257
23.59,0.00000,0.79498,0.39749,0.65830,-11.8962
23.60,0.00000,0.79569,0.39785,0.65949,-12.0382
23.61,0.00000,0.79643,0.39821,0.66071,-12.1556
23.62,0.00000,0.79713,0.39857,0.66189,-12.2518
23.63,0.00000,0.79781,0.39890,0.66301,-12.3297
23.64,0.00000,0.79846,0.39923,0.66410,-12.3915
23.65,0.00000,0.79931,0.39965,0.66551,-12.5922
23.66,0.00000,0.79990,0.39995,0.66650,-12.7557
23.67,0.00000,0.80056,0.40028,0.66761,-12.8876
23.68,0.00000,0.80123,0.40061,0.66871,-12.9920
23.69,0.00000,0.80187,0.40093,0.66978,-13.0725
23.70,0.00000,0.80248,0.40124,0.67079,-13.1325
23.71,0.00000,0.80306,0.40153,0.67176,-13.1746
23.72,0.00000,0.80389,0.40195,0.67315,-13.3776
23.73,0.00000,0.80442,0.40221,0.67403,-13.5383
23.74,0.00000,0.80503,0.40251,0.67505,-13.6633
23.75,0.00000,0.80563,0.40282,0.67605,-13.7574
23.76,0.00000,0.80621,0.40310,0.67701,-13.8243
23.77,0.00000,0.80676,0.40338,0.67793,-13.8678
23.78,0.00000,0.80762,0.40381,0.67936,-14.0925
23.79,0.00000,0.80811,0.40405,0.68018,-14.2671
23.80,0.00000,0.80858,0.40429,0.68096,-14.3994
23.81,0.00000,0.80603,0.40302,0.67672,-14.4958
23.82,0.00000,0.80272,0.40136,0.67121,-14.5615
23.83,0.00000,0.79947,0.39973,0.66578,-14.6000
23.84,0.00000,0.79626,0.39813,0.66044,-14.6149
23.85,0.00000,0.79325,0.39663,0.65542,-14.8390
23.86,0.00000,0.79014,0.39507,0.65024,-15.0086
23.87,0.00000,0.78708,0.39354,0.64514,-15.1323
23.88,0.00000,0.77958,0.38979,0.63263,-15.2172
23.89,0.00000,0.76959,0.38480,0.61598,-15.2695
23.90,0.00000,0.75964,0.37982,0.59941,-15.2938
23.91,0.00000,0.74974,0.37487,0.58290,-15.2930
23.92,0.00000,0.73946,0.36973,0.56576,-15.5307
23.93,0.00000,0.72962,0.36481,0.54936,-15.7084
23.94,0.00000,0.71981,0.35990,0.53301,-15.8360
23.95,0.00000,0.70882,0.35441,0.51471,-15.9214
23.96,0.00000,0.69617,0.34809,0.49362,-15.9715
23.97,0.00000,0.68346,0.34173,0.47243,-15.9919
23.98,0.00000,0.67066,0.33533,0.45110,-15.9860
23.99,0.00000,0.65691,0.32846,0.42819,-16.2491
24.00,0.00000,0.64389,0.32195,0.40649,-16.4458
24.01,0.00000,0.62297,0.31149,0.38936,-16.5868
24.02,0.00000,0.59880,0.29940,0.37425,-16.6813
24.03,0.00000,0.57627,0.28813,0.36017,-16.7369
24.04,0.00000,0.55326,0.27663,0.34579,-16.7598
24.05,0.00000,0.52970,0.26485,0.33106,-16.7549
24.06,0.00000,0.50350,0.25175,0.31469,-17.0480
24.07,0.00000,0.47847,0.23923,0.29904,-17.2674
24.08,0.00000,0.45253,0.22627,0.28283,-17.4250
24.09,0.00000,0.42552,0.21276,0.26595,-17.5309
24.10,0.00000,0.40126,0.20063,0.25079,-17.5935
24.11,0.00000,0.37616,0.18808,0.23510,-17.6198
24.12,0.00000,0.34973,0.17486,0.21858,-17.6155
24.13,0.00000,0.32163,0.16082,0.20102,-17.5834
24.14,0.00000,0.28824,0.14412,0.18015,-17.8801
24.15,0.00000,0.25468,0.12734,0.15917,-18.0994
24.16,0.00000,0.17468,0.08734,0.10917,-18.2541
24.17,0.00000,0.09468,0.04734,0.05917,-18.3548
24.18,0.03000,0.01468,0.00734,0.00917,-18.4103
24.19,0.06000,0.00000,0.00000,0.00000,-18.4281
24.20,0.09000,0.00000,0.00000,0.00000,-18.4129
24.21,0.12000,0.00000,0.00000,0.00000,-18.7429
24.22,0.15000,0.00000,0.00000,0.00000,-18.9881
24.23,0.18000,0.00000,0.00000,0.00000,-19.1626
24.24,0.21000,0.00000,0.00000,0.00000,-19.2780
24.25,0.21278,0.00000,0.00000,0.00000,-19.3441
24.26,0.21278,0.00000,0.00000,0.00000,-19.3685
24.27,0.21278,0.00000,0.00000,0.00000,-19.3569
24.28,0.21277,0.00000,0.00000,0.00000,-19.7022
24.29,0.21277,0.00000,0.00000,0.00000,-19.9571
24.30,0.21277,0.00000,0.00000,0.00000,-20.1363
24.31,0.21277,0.00000,0.00000,0.00000,-20.2518
24.32,0.21277,0.00000,0.00000,0.00000,-20.3138
24.33,0.21277,0.00000,0.00000,0.00000,-20.3306
24.34,0.21277,0.00000,0.00000,0.00000,-20.3088
24.35,0.21277,0.00000,0.00000,0.00000,-20.6526
24.36,0.21277,0.00000,0.00000,0.00000,-20.9022
24.37,0.21277,0.00000,0.00000,0.00000,-21.0728
24.38,0.21277,0.00000,0.00000,0.00000,-21.1769
24.39,0.21277,0.00000,0.00000,0.00000,-21.2252
24.40,0.21277,0.00000,0.00000,0.00000,-21.2264
24.41,0.21277,0.00000,0.00000,0.00000,-21.1875
24.42,0.21277,0.00000,0.00000,0.00000,-21.5221
24.43,0.21277,0.00000,0.00000,0.00000,-21.7599
24.44,0.21277,0.00000,0.00000,0.00000,-21.9166
24.45,0.21277,0.00000,0.00000,0.00000,-22.0052
24.46,0.21277,0.00000,0.00000,0.00000,-22.0364
24.47,0.21277,0.00000,0.00000,0.00000,-22.0194
24.48,0.21277,0.00000,0.00000,0.00000,-21.9615
24.49,0.21277,0.00000,0.00000,0.00000,-22.2846
24.50,0.21277,0.00000,0.00000,0.00000,-22.5091
24.51,0.21277,0.00000,0.00000,0.00000,-22.6509
24.52,0.21277,0.00000,0.00000,0.00000,-22.7234
24.53,0.21277,0.00000,0.00000,0.00000,-22.7375
24.54,0.21277,0.00000,0.00000,0.00000,-22.7025
24.55,0.21277,0.00000,0.00000,0.00000,-22.6260
24.56,0.21277,0.00000,0.00000,0.00000,-22.5128
24.57,0.21277,0.00000,0.00000,0.00000,-22.7983
24.58,0.21277,0.00000,0.00000,0.00000,-22.9877
24.59,0.21277,0.00000,0.00000,0.00000,-23.0967
24.60,0.21277,0.00000,0.00000,0.00000,-23.1382
24.61,0.21277,0.00000,0.00000,0.00000,-23.1229
24.62,0.21277,0.00000,0.00000,0.00000,-23.0600
24.63,0.21277,0.00000,0.00000,0.00000,-22.9555
24.64,0.21277,0.00000,0.00000,0.00000,-23.2583
24.65,0.21277,0.00000,0.00000,0.00000,-23.4596
24.66,0.21277,0.00000,0.00000,0.00000,-23.5759
24.67,0.21277,0.00000,0.00000,0.00000,-23.6211
24.68,0.21277,0.00000,0.00000,0.00000,-23.6064
24.69,0.21277,0.00000,0.00000,0.00000,-23.5414
24.70,0.21277,0.00000,0.00000,0.00000,-23.4331
24.71,0.21277,0.00000,0.00000,0.00000,-23.7355
24.72,0.21277,0.00000,0.00000,0.00000,-23.9344
24.73,0.21277,0.00000,0.00000,0.00000,-24.0465
24.74,0.21277,0.00000,0.00000,0.00000,-24.0859
24.75,0.21277,0.00000,0.00000,0.00000,-24.0643
24.76,0.21277,0.00000,0.00000,0.00000,-23.9914
24.77,0.21277,0.00000,0.00000,0.00000,-23.8746
24.78,0.21277,0.00000,0.00000,0.00000,-24.1632
24.79,0.21277,0.00000,0.00000,0.00000,-24.3485
24.80,0.21277,0.00000,0.00000,0.00000,-24.4475
24.81,0.21277,0.00000,0.00000,0.00000,-24.4740
24.82,0.21277,0.00000,0.00000,0.00000,-24.4398
24.83,0.21277,0.00000,0.00000,0.00000,-24.3544
24.84,0.21277,0.00000,0.00000,0.00000,-24.2255
24.85,0.21277,0.00000,0.00000,0.00000,-24.4941
24.86,0.21277,0.00000,0.00000,0.00000,-24.6612
24.87,0.21277,0.00000,0.00000,0.00000,-24.7432
24.88,0.21277,0.00000,0.00000,0.00000,-24.7538
24.89,0.21277,0.00000,0.00000,0.00000,-24.7047
24.90,0.21278,0.00000,0.00000,0.00000,-24.6053
24.91,0.21278,0.00000,0.00000,0.00000,-24.4631
24.92,0.21278,0.00000,0.00000,0.00000,-24.7111
24.93,0.21278,0.00000,0.00000,0.00000,-24.8594
24.94,0.21278,0.00000,0.00000,0.00000,-24.9243
24.95,0.21278,0.00000,0.00000,0.00000,-24.9192
24.96,0.21279,0.00000,0.00000,0.00000,-24.8555
24.97,0.21279,0.00000,0.00000,0.00000,-24.7425
24.98,0.21279,0.00000,0.00000,0.00000,-24.5878
24.99,0.21279,0.00000,0.00000,0.00000,-24.8177
25.00,0.21280,0.00000,0.00000,0.00000,-24.9496
25.01,0.21280,0.00000,0.00000,0.00000,-24.9996
25.02,0.21280,0.00000,0.00000,0.00000,-24.9808
25.03,0.21281,0.00000,0.00000,0.00000,-24.9044
25.04,0.21281,0.00000,0.00000,0.00000,-24.7796
25.05,0.21282,0.00000,0.00000,0.00000,-24.6138
25.06,0.21283,0.00000,0.00000,0.00000,-24.8288
25.07,0.21283,0.00000,0.00000,0.00000,-24.9470
25.08,0.21284,0.00000,0.00000,0.00000,-24.9844
25.09,0.21284,0.00000,0.00000,0.00000,-24.9540
25.10,0.21285,0.00000,0.00000,0.00000,-24.8669
25.11,0.21286,0.00000,0.00000,0.00000,-24.7321
25.12,0.21287,0.00000,0.00000,0.00000,-24.5569
25.13,0.21288,0.00000,0.00000,0.00000,-24.7593
25.14,0.21289,0.00000,0.00000,0.00000,-24.8661
25.15,0.21290,0.00000,0.00000,0.00000,-24.8928
25.16,0.21291,0.00000,0.00000,0.00000,-24.8525
25.17,0.21292,0.00000,0.00000,0.00000,-24.7561
25.18,0.21294,0.00000,0.00000,0.00000,-24.6126
25.19,0.21295,0.00000,0.00000,0.00000,-24.4293
25.20,0.21297,0.00000,0.00000,0.00000,-24.6217
25.21,0.21298,0.00000,0.00000,0.00000,-24.7191
25.22,0.21300,0.00000,0.00000,0.00000,-24.7370
25.23,0.21301,0.00000,0.00000,0.00000,-24.6885
25.24,0.21303,0.00000,0.00000,0.00000,-24.5843
25.25,0.21305,0.00000,0.00000,0.00000,-24.4334
25.26,0.21307,0.00000,0.00000,0.00000,-24.2431
25.27,0.21309,0.00000,0.00000,0.00000,-24.0189
25.28,0.21312,0.00000,0.00000,0.00000,-24.1770
25.29,0.21314,0.00000,0.00000,0.00000,-24.2446
25.30,0.21316,0.00000,0.00000,0.00000,-24.2368
25.31,0.21318,0.00000,0.00000,0.00000,-24.1658
25.32,0.21321,0.00000,0.00000,0.00000,-24.0419
25.33,0.21324,0.00000,0.00000,0.00000,-23.8736
25.34,0.21327,0.00000,0.00000,0.00000,-23.6671
25.35,0.21330,0.00000,0.00000,0.00000,-23.8385
25.36,0.21333,0.00000,0.00000,0.00000,-23.9167
25.37,0.21490,0.00000,0.00000,0.00000,-23.9170
25.38,0.22504,0.00000,0.00000,0.00000,-23.8523
25.39,0.23533,0.00000,0.00000,0.00000,-23.7332
25.40,0.24550,0.00000,0.00000,0.00000,-23.5685
25.41,0.25554,0.00000,0.00000,0.00000,-23.3646
25.42,0.26625,0.00000,0.00000,0.00000,-23.5393
25.43,0.27604,0.00000,0.00000,0.00000,-23.6201
25.44,0.28573,0.00000,0.00000,0.00000,-23.6224
25.45,0.29759,0.00000,0.00000,0.00000,-23.5593
25.46,0.30981,0.00000,0.00000,0.00000,-23.4416
25.47,0.32189,0.00000,0.00000,0.00000,-23.2780
25.48,0.33386,0.00000,0.00000,0.00000,-23.0749
25.49,0.34660,0.00000,0.00000,0.00000,-23.2558
25.50,0.35830,0.00000,0.00000,0.00000,-23.3417
25.51,0.36961,0.00000,0.00000,0.00000,-23.3482
25.52,0.36984,0.00000,0.00000,0.00000,-23.2886
25.53,0.37011,0.00000,0.00000,0.00000,-23.1737
25.54,0.37038,0.00000,0.00000,0.00000,-23.0121
25.55,0.37065,0.00000,0.00000,0.00000,-22.8103
25.56,0.37094,0.00000,0.00000,0.00000,-22.9917
25.57,0.37121,0.00000,0.00000,0.00000,-23.0773
25.58,0.37148,0.00000,0.00000,0.00000,-23.0829
25.59,0.37175,0.00000,0.00000,0.00000,-23.0218
25.60,0.37207,0.00000,0.00000,0.00000,-22.9048
25.61,0.37239,0.00000,0.00000,0.00000,-22.7407
25.62,0.37270,0.00000,0.00000,0.00000,-22.5359
25.63,0.37304,0.00000,0.00000,0.00000,-22.7014
25.64,0.37336,0.00000,0.00000,0.00000,-22.7729
25.65,0.37368,0.00000,0.00000,0.00000,-22.7659
25.66,0.37400,0.00000,0.00000,0.00000,-22.6933
25.67,0.37436,0.00000,0.00000,0.00000,-22.5659
25.68,0.37473,0.00000,0.00000,0.00000,-22.3920
25.69,0.37510,0.00000,0.00000,0.00000,-22.1782
25.70,0.37549,0.00000,0.00000,0.00000,-22.3209
25.71,0.37586,0.00000,0.00000,0.00000,-22.3724
25.72,0.37623,0.00000,0.00000,0.00000,-22.3479
25.73,0.37660,0.00000,0.00000,0.00000,-22.2597
25.74,0.37702,0.00000,0.00000,0.00000,-22.1184
25.75,0.37745,0.00000,0.00000,0.00000,-21.9319
25.76,0.37787,0.00000,0.00000,0.00000,-21.7068
25.77,0.37831,0.00000,0.00000,0.00000,-21.8283
25.78,0.37874,0.00000,0.00000,0.00000,-21.8614
25.79,0.37917,0.00000,0.00000,0.00000,-21.8206
25.80,0.37960,0.00000,0.00000,0.00000,-21.7181
25.81,0.38007,0.00000,0.00000,0.00000,-21.5640
25.82,0.38056,0.00000,0.00000,0.00000,-21.3659
25.83,0.38105,0.00000,0.00000,0.00000,-21.1303
25.84,0.38155,0.00000,0.00000,0.00000,-21.2323
25.85,0.38204,0.00000,0.00000,0.00000,-21.2483
25.86,0.38253,0.00000,0.00000,0.00000,-21.1926
25.87,0.38302,0.00000,0.00000,0.00000,-21.0770
25.88,0.38356,0.00000,0.00000,0.00000,-20.9114
25.89,0.38411,0.00000,0.00000,0.00000,-20.7030
25.90,0.38466,0.00000,0.00000,0.00000,-20.4583
25.91,0.38523,0.00000,0.00000,0.00000,-20.5419
25.92,0.38578,0.00000,0.00000,0.00000,-20.5422
25.93,0.38633,0.00000,0.00000,0.00000,-20.4729
25.94,0.38689,0.00000,0.00000,0.00000,-20.3456
25.95,0.38750,0.00000,0.00000,0.00000,-20.1699
25.96,0.38812,0.00000,0.00000,0.00000,-19.9525
25.97,0.38874,0.00000,0.00000,0.00000,-19.7002
25.98,0.38937,0.00000,0.00000,0.00000,-19.7676
25.99,0.39000,0.00000,0.00000,0.00000,-19.7541
26.00,0.39062,0.00000,0.00000,0.00000,-19.6733
26.01,0.39124,0.00000,0.00000,0.00000,-19.5362
26.02,0.39193,0.00000,0.00000,0.00000,-19.3522
26.03,0.39262,0.00000,0.00000,0.00000,-19.1279
26.04,0.39331,0.00000,0.00000,0.00000,-18.8699
26.05,0.39401,0.00000,0.00000,0.00000,-18.9234
26.06,0.39471,0.00000,0.00000,0.00000,-18.8986
26.07,0.39540,0.00000,0.00000,0.00000,-18.8084
26.08,0.39610,0.00000,0.00000,0.00000,-18.6639
26.09,0.39686,0.00000,0.00000,0.00000,-18.4737
26.10,0.39763,0.00000,0.00000,0.00000,-18.2448
26.11,0.39840,0.00000,0.00000,0.00000,-17.9836
26.12,0.39917,0.00000,0.00000,0.00000,-18.0253
26.13,0.39994,0.00000,0.00000,0.00000,-17.9912
26.14,0.40177,0.00000,0.00000,0.00000,-17.8940
26.15,0.40370,0.00000,0.00000,0.00000,-17.7442
26.16,0.40580,0.00000,0.00000,0.00000,-17.5503
26.17,0.40791,0.00000,0.00000,0.00000,-17.3193
26.18,0.41003,0.00000,0.00000,0.00000,-17.0574
26.19,0.41213,0.00000,0.00000,0.00000,-17.0888
26.20,0.41424,0.00000,0.00000,0.00000,-17.0473
26.21,0.41636,0.00000,0.00000,0.00000,-16.9449
26.22,0.41849,0.00000,0.00000,0.00000,-16.7919
26.23,0.42078,0.00000,0.00000,0.00000,-16.5966
26.24,0.42308,0.00000,0.00000,0.00000,-16.3659
26.25,0.42538,0.00000,0.00000,0.00000,-16.1058
26.26,0.42766,0.00000,0.00000,0.00000,-16.1270
26.27,0.42997,0.00000,0.00000,0.00000,-16.0784
26.28,0.43227,0.00000,0.00000,0.00000,-15.9717
26.29,0.43461,0.00000,0.00000,0.00000,-15.8167
26.30,0.43709,0.00000,0.00000,0.00000,-15.6215
26.31,0.43958,0.00000,0.00000,0.00000,-15.3928
26.32,0.44206,0.00000,0.00000,0.00000,-15.1364
26.33,0.44452,0.00000,0.00000,0.00000,-15.1447
26.34,0.44700,0.00000,0.00000,0.00000,-15.0873
26.35,0.44949,0.00000,0.00000,0.00000,-14.9752
26.36,0.45204,0.00000,0.00000,0.00000,-14.8177
26.37,0.45470,0.00000,0.00000,0.00000,-14.6228
26.38,0.45736,0.00000,0.00000,0.00000,-14.3967
26.39,0.46002,0.00000,0.00000,0.00000,-14.1449
26.40,0.46264,0.00000,0.00000,0.00000,-14.1365
26.41,0.46530,0.00000,0.00000,0.00000,-14.0674
26.42,0.46797,0.00000,0.00000,0.00000,-13.9479
26.43,0.47071,0.00000,0.00000,0.00000,-13.7869
26.44,0.47353,0.00000,0.00000,0.00000,-13.5918
26.45,0.47635,0.00000,0.00000,0.00000,-13.3683
26.46,0.47913,0.00000,0.00000,0.00000,-13.3585
26.47,0.48195,0.00000,0.00000,0.00000,-13.2908
26.48,0.48478,0.00000,0.00000,0.00000,-13.1749
26.49,0.48761,0.00000,0.00000,0.00000,-13.0191
26.50,0.49053,0.00000,0.00000,0.00000,-12.8309
26.51,0.49349,0.00000,0.00000,0.00000,-12.6160
26.52,0.49645,0.00000,0.00000,0.00000,-12.3789
26.53,0.49936,0.00000,0.00000,0.00000,-12.3340
26.54,0.50233,0.00000,0.00000,0.00000,-12.2398
26.55,0.50530,0.00000,0.00000,0.00000,-12.1048
26.56,0.50827,0.00000,0.00000,0.00000,-11.9361
26.57,0.51134,0.00000,0.00000,0.00000,-11.7404
26.58,0.51442,0.00000,0.00000,0.00000,-11.5224
26.59,0.51750,0.00000,0.00000,0.00000,-11.2859
26.60,0.52052,0.00000,0.00000,0.00000,-11.2202
26.61,0.52360,0.00000,0.00000,0.00000,-11.1117
26.62,0.52669,0.00000,0.00000,0.00000,-10.9679
26.63,0.52979,0.00000,0.00000,0.00000,-10.7957
26.64,0.53295,0.00000,0.00000,0.00000,-10.6004
26.65,0.53611,0.00000,0.00000,0.00000,-10.3861
26.66,0.53928,0.00000,0.00000,0.00000,-10.1561
26.67,0.54238,0.00000,0.00000,0.00000,-10.0767
26.68,0.54555,0.00000,0.00000,0.00000,-9.9603
26.69,0.54873,0.00000,0.00000,0.00000,-9.8133
26.70,0.55215,0.00000,0.00000,0.00000,-9.6424
26.71,0.55576,0.00000,0.00000,0.00000,-9.4517
26.72,0.55937,0.00000,0.00000,0.00000,-9.2448
26.73,0.56292,0.00000,0.00000,0.00000,-9.1668
26.74,0.56653,0.00000,0.00000,0.00000,-9.0548
26.75,0.57015,0.00000,0.00000,0.00000,-8.9146
26.76,0.57378,0.00000,0.00000,0.00000,-8.7520
26.77,0.57739,0.00000,0.00000,0.00000,-8.5716
26.78,0.58100,0.00000,0.00000,0.00000,-8.3765
26.79,0.58461,0.00000,0.00000,0.00000,-8.1692
26.80,0.58816,0.00000,0.00000,0.00000,-8.0759
26.81,0.59178,0.00000,0.00000,0.00000,-7.9546
26.82,0.59540,0.00000,0.00000,0.00000,-7.8103
26.83,0.59902,0.00000,0.00000,0.00000,-7.6482
26.84,0.60256,0.00000,0.00000,0.00000,-7.4716
26.85,0.60610,0.00000,0.00000,0.00000,-7.2830
26.86,0.60965,0.00000,0.00000,0.00000,-7.0847
26.87,0.61314,0.00000,0.00000,0.00000,-6.9855
26.88,0.61668,0.00000,0.00000,0.00000,-6.8626
26.89,0.62024,0.00000,0.00000,0.00000,-6.7211
26.90,0.62371,0.00000,0.00000,0.00000,-6.5647
26.91,0.62708,0.00000,0.00000,0.00000,-6.3960
26.92,0.63045,0.00000,0.00000,0.00000,-6.2174
26.93,0.63377,0.00000,0.00000,0.00000,-6.1221
26.94,0.63715,0.00000,0.00000,0.00000,-6.0055
26.95,0.64053,0.00000,0.00000,0.00000,-5.8718
26.96,0.64391,0.00000,0.00000,0.00000,-5.7247
26.97,0.64701,0.00000,0.00000,0.00000,-5.5667
26.98,0.65005,0.00000,0.00000,0.00000,-5.3997
26.99,0.65310,0.00000,0.00000,0.00000,-5.2256
27.00,0.65611,0.00000,0.00000,0.00000,-5.1236
27.01,0.65917,0.00000,0.00000,0.00000,-5.0044
27.02,0.66223,0.00000,0.00000,0.00000,-4.8721
27.03,0.66513,0.00000,0.00000,0.00000,-4.7290
27.04,0.66766,0.00000,0.00000,0.00000,-4.5771
27.05,0.67019,0.00000,0.00000,0.00000,-4.4182
27.06,0.67269,0.00000,0.00000,0.00000,-4.3188
27.07,0.67522,0.00000,0.00000,0.00000,-4.2043
27.08,0.67776,0.00000,0.00000,0.00000,-4.0781
27.09,0.68030,0.00000,0.00000,0.00000,-3.9424
27.10,0.68225,0.00000,0.00000,0.00000,-3.7992
27.11,0.68405,0.00000,0.00000,0.00000,-3.6499
27.12,0.68586,0.00000,0.00000,0.00000,-3.4956
27.13,0.68764,0.00000,0.00000,0.00000,-3.3913
27.14,0.68945,0.00000,0.00000,0.00000,-3.2757
27.15,0.69125,0.00000,0.00000,0.00000,-3.1510
27.16,0.69276,0.00000,0.00000,0.00000,-3.0190
27.17,0.69367,0.00000,0.00000,0.00000,-2.8811
27.18,0.69458,0.00000,0.00000,0.00000,-2.7386
27.19,0.69548,0.00000,0.00000,0.00000,-2.6355
27.20,0.69638,0.00000,0.00000,0.00000,-2.5228
27.21,0.69729,0.00000,0.00000,0.00000,-2.4024
27.22,0.69820,0.00000,0.00000,0.00000,-2.2759
27.23,0.69825,0.00000,0.00000,0.00000,-2.1445
27.24,0.69820,0.00000,0.00000,0.00000,-2.0092
27.25,0.69816,0.00000,0.00000,0.00000,-1.8709
27.26,0.69812,0.00000,0.00000,0.00000,-1.7639
27.27,0.69808,0.00000,0.00000,0.00000,-1.6499
27.28,0.69803,0.00000,0.00000,0.00000,-1.5304
27.29,0.69754,0.00000,0.00000,0.00000,-1.4064
27.30,0.69663,0.00000,0.00000,0.00000,-1.2790
27.31,0.69571,0.00000,0.00000,0.00000,-1.1489
27.32,0.69481,0.00000,0.00000,0.00000,-1.0411
27.33,0.69389,0.00000,0.00000,0.00000,-0.9279
27.34,0.69298,0.00000,0.00000,0.00000,-0.8105
27.35,0.69195,0.00000,0.00000,0.00000,-0.6897
27.36,0.69036,0.00000,0.00000,0.00000,-0.5663
27.37,0.68877,0.00000,0.00000,0.00000,-0.4411
27.38,0.68718,0.00000,0.00000,0.00000,-0.3300
27.39,0.68558,0.00000,0.00000,0.00000,-0.2154
27.40,0.68399,0.00000,0.00000,0.00000,-0.0979
27.41,0.68239,0.00000,0.00000,0.00000,0.0216
27.42,0.68041,0.00000,0.00000,0.00000,0.1427
27.43,0.67836,0.00000,0.00000,0.00000,0.2648
27.44,0.67631,0.00000,0.00000,0.00000,0.3875
27.45,0.67426,0.00000,0.00000,0.00000,0.5036
27.46,0.67221,0.00000,0.00000,0.00000,0.6212
27.47,0.67015,0.00000,0.00000,0.00000,0.7397
27.48,0.66795,0.00000,0.00000,0.00000,0.8589
27.49,0.66564,0.00000,0.00000,0.00000,0.9783
27.50,0.66332,0.00000,0.00000,0.00000,1.0977
27.51,0.66101,0.00000,0.00000,0.00000,1.2180
27.52,0.65869,0.00000,0.00000,0.00000,1.3382
27.53,0.65638,0.00000,0.00000,0.00000,1.4579
27.54,0.65402,0.00000,0.00000,0.00000,1.5771
27.55,0.65158,0.00000,0.00000,0.00000,1.6955
27.56,0.64914,0.00000,0.00000,0.00000,1.8130
27.57,0.64670,0.00000,0.00000,0.00000,1.9390
27.58,0.64426,0.00000,0.00000,0.00000,2.0629
27.59,0.64181,0.00000,0.00000,0.00000,2.1848
27.60,0.63936,0.00000,0.00000,0.00000,2.3048
27.61,0.63687,0.00000,0.00000,0.00000,2.4230
27.62,0.63439,0.00000,0.00000,0.00000,2.5394
27.63,0.63189,0.00000,0.00000,0.00000,2.6715
27.64,0.62940,0.00000,0.00000,0.00000,2.7996
27.65,0.62690,0.00000,0.00000,0.00000,2.9241
27.66,0.62441,0.00000,0.00000,0.00000,3.0454
27.67,0.62191,0.00000,0.00000,0.00000,3.1637
27.68,0.61941,0.00000,0.00000,0.00000,3.2792
27.69,0.61691,0.00000,0.00000,0.00000,3.3925
27.70,0.61439,0.00000,0.00000,0.00000,3.5293
27.71,0.61188,0.00000,0.00000,0.00000,3.6600
27.72,0.60938,0.00000,0.00000,0.00000,3.7855
27.73,0.60688,0.00000,0.00000,0.00000,3.9063
27.74,0.60438,0.00000,0.00000,0.00000,4.0229
27.75,0.60188,0.00000,0.00000,0.00000,4.1361
27.76,0.59936,0.00000,0.00000,0.00000,4.2802
27.77,0.59686,0.00000,0.00000,0.00000,4.4159
27.78,0.59436,0.00000,0.00000,0.00000,4.5445
27.79,0.59186,0.00000,0.00000,0.00000,4.6668
27.80,0.58938,0.00000,0.00000,0.00000,4.7835
27.81,0.58689,0.00000,0.00000,0.00000,4.8956
27.82,0.58437,0.00000,0.00000,0.00000,5.0464
27.83,0.58188,0.00000,0.00000,0.00000,5.1866
27.84,0.57938,0.00000,0.00000,0.00000,5.3176
27.85,0.57690,0.00000,0.00000,0.00000,5.4407
27.86,0.57442,0.00000,0.00000,0.00000,5.5569
27.87,0.57194,0.00000,0.00000,0.00000,5.6671
27.88,0.56944,0.00000,0.00000,0.00000,5.8244
27.89,0.56695,0.00000,0.00000,0.00000,5.9686
27.90,0.56447,0.00000,0.00000,0.00000,6.1015
27.91,0.56200,0.00000,0.00000,0.00000,6.2248
27.92,0.55953,0.00000,0.00000,0.00000,6.3397
27.93,0.55707,0.00000,0.00000,0.00000,6.4473
27.94,0.55457,0.00000,0.00000,0.00000,6.6109
27.95,0.55210,0.00000,0.00000,0.00000,6.7587
27.96,0.54967,0.00000,0.00000,0.00000,6.8932
27.97,0.54749,0.00000,0.00000,0.00000,7.0161
27.98,0.54531,0.00000,0.00000,0.00000,7.1290
27.99,0.54314,0.00000,0.00000,0.00000,7.2334
28.00,0.54093,0.00000,0.00000,0.00000,7.4033
28.01,0.53876,0.00000,0.00000,0.00000,7.5547
28.02,0.53658,0.00000,0.00000,0.00000,7.6903
28.03,0.53441,0.00000,0.00000,0.00000,7.8125
28.04,0.53226,0.00000,0.00000,0.00000,7.9231
28.05,0.53011,0.00000,0.00000,0.00000,8.0236
28.06,0.52793,0.00000,0.00000,0.00000,8.2001
28.07,0.52577,0.00000,0.00000,0.00000,8.3552
28.08,0.52362,0.00000,0.00000,0.00000,8.4920
28.09,0.52148,0.00000,0.00000,0.00000,8.6133
28.10,0.51936,0.00000,0.00000,0.00000,8.7213
28.11,0.51725,0.00000,0.00000,0.00000,8.8176
28.12,0.51509,0.00000,0.00000,0.00000,9.0012
28.13,0.51297,0.00000,0.00000,0.00000,9.1604
28.14,0.51086,0.00000,0.00000,0.00000,9.2986
28.15,0.50875,0.00000,0.00000,0.00000,9.4191
28.16,0.50669,0.00000,0.00000,0.00000,9.5244
28.17,0.50462,0.00000,0.00000,0.00000,9.6164
28.18,0.50251,0.00000,0.00000,0.00000,9.8086
28.19,0.50044,0.00000,0.00000,0.00000,9.9729
28.20,0.49837,0.00000,0.00000,0.00000,10.1134
28.21,0.49632,0.00000,0.00000,0.00000,10.2337
28.22,0.49432,0.00000,0.00000,0.00000,10.3368
28.23,0.49232,0.00000,0.00000,0.00000,10.4250
28.24,0.49026,0.00000,0.00000,0.00000,10.6275
28.25,0.48826,0.00000,0.00000,0.00000,10.7984
28.26,0.48626,0.00000,0.00000,0.00000,10.9424
28.27,0.48428,0.00000,0.00000,0.00000,11.0636
28.28,0.48236,0.00000,0.00000,0.00000,11.1654
28.29,0.48045,0.00000,0.00000,0.00000,11.2505
28.30,0.47847,0.00000,0.00000,0.00000,11.4639
28.31,0.47656,0.00000,0.00000,0.00000,11.6419
28.32,0.47464,0.00000,0.00000,0.00000,11.7899
28.33,0.47276,0.00000,0.00000,0.00000,11.9124
28.34,0.47094,0.00000,0.00000,0.00000,12.0132
28.35,0.46913,0.00000,0.00000,0.00000,12.0955
28.36,0.46726,0.00000,0.00000,0.00000,12.3190
28.37,0.46544,0.00000,0.00000,0.00000,12.5033
28.38,0.46362,0.00000,0.00000,0.00000,12.6546
28.39,0.46186,0.00000,0.00000,0.00000,12.7779
28.40,0.46017,0.00000,0.00000,0.00000,12.8774
28.41,0.45848,0.00000,0.00000,0.00000,12.9564
28.42,0.40930,0.00000,0.00000,0.00000,13.1866
28.43,0.34930,0.00000,0.00000,0.00000,13.3743
28.44,0.28930,0.00000,0.00000,0.00000,13.5258
28.45,0.28206,0.00000,0.00000,0.00000,13.6463
28.46,0.28019,0.00000,0.00000,0.00000,13.7403
28.47,0.22019,0.06400,0.03200,0.04000,13.8119
28.48,0.16019,0.12800,0.06400,0.08000,14.0409
28.49,0.10019,0.19200,0.09600,0.12000,14.2240
28.50,0.04019,0.25600,0.12800,0.16000,14.3679
28.51,0.00000,0.32000,0.16000,0.20000,14.4779
28.52,0.00000,0.38400,0.19200,0.24000,14.5587
28.53,0.00000,0.44800,0.22400,0.28000,14.6141
28.54,0.00000,0.51200,0.25600,0.32000,14.8330
28.55,0.00000,0.54348,0.27174,0.33967,15.0025
28.56,0.00000,0.55264,0.27632,0.34540,15.1299
28.57,0.00000,0.56148,0.28074,0.35092,15.2218
28.58,0.00000,0.57002,0.28501,0.35626,15.2831
28.59,0.00000,0.57828,0.28914,0.36143,15.3183
28.60,0.00000,0.58140,0.29070,0.36338,15.5259
28.61,0.00000,0.58199,0.29099,0.36374,15.6826
28.62,0.00000,0.58257,0.29128,0.36410,15.7965
28.63,0.00000,0.58314,0.29157,0.36447,15.8741
28.64,0.00000,0.58372,0.29186,0.36482,15.9207
28.65,0.00000,0.58429,0.29215,0.36518,15.9408
28.66,0.00000,0.57745,0.28872,0.36090,16.1432
28.67,0.00000,0.56653,0.28327,0.35408,16.2930
28.68,0.00000,0.55563,0.27781,0.34727,16.3986
28.69,0.00000,0.54473,0.27236,0.34046,16.4669
28.70,0.00000,0.53383,0.26692,0.33364,16.5036
28.71,0.00000,0.52293,0.26146,0.32683,16.5132
28.72,0.00000,0.50943,0.25472,0.31840,16.7155
28.73,0.00000,0.49418,0.24709,0.30886,16.8633
28.74,0.00000,0.47875,0.23937,0.29922,16.9652
28.75,0.00000,0.46311,0.23155,0.28944,17.0284
28.76,0.00000,0.44723,0.22361,0.27952,17.0592
28.77,0.00000,0.43108,0.21554,0.26943,17.0618
28.78,0.00000,0.41423,0.20711,0.25889,17.2675
28.79,0.00000,0.39753,0.19877,0.24846,17.4161
28.80,0.00000,0.38043,0.19022,0.23777,17.5168
28.81,0.00000,0.36286,0.18143,0.22679,17.5772
28.82,0.00000,0.34473,0.17237,0.21546,17.6038
28.83,0.00000,0.32595,0.16298,0.20372,17.6011
28.84,0.00000,0.30600,0.15300,0.19125,17.8115
28.85,0.00000,0.28623,0.14311,0.17889,17.9620
28.86,0.00000,0.26537,0.13269,0.16586,18.0623
28.87,0.00000,0.24315,0.12157,0.15197,18.1205
28.88,0.00000,0.16315,0.08157,0.10197,18.1432
28.89,0.00000,0.08315,0.04157,0.05197,18.1356
28.90,0.03000,0.00315,0.00157,0.00197,18.3513
28.91,0.06000,0.00000,0.00000,0.00000,18.5047
28.92,0.09000,0.00000,0.00000,0.00000,18.6058
28.93,0.12000,0.00000,0.00000,0.00000,18.6631
28.94,0.15000,0.00000,0.00000,0.00000,18.6838
28.95,0.18000,0.00000,0.00000,0.00000,18.6734
28.96,0.21000,0.00000,0.00000,0.00000,18.8968
28.97,0.22020,0.00000,0.00000,0.00000,19.0551
28.98,0.21997,0.00000,0.00000,0.00000,19.1587
28.99,0.21994,0.00000,0.00000,0.00000,19.2164
29.00,0.21991,0.00000,0.00000,0.00000,19.2354
29.01,0.21987,0.00000,0.00000,0.00000,19.2215
29.02,0.21984,0.00000,0.00000,0.00000,19.4512
29.03,0.21981,0.00000,0.00000,0.00000,19.6121
29.04,0.21977,0.00000,0.00000,0.00000,19.7151
29.05,0.21974,0.00000,0.00000,0.00000,19.7696
29.06,0.21972,0.00000,0.00000,0.00000,19.7831
29.07,0.21969,0.00000,0.00000,0.00000,19.7621
29.08,0.21966,0.00000,0.00000,0.00000,19.9950
29.09,0.21963,0.00000,0.00000,0.00000,20.1558
29.10,0.21961,0.00000,0.00000,0.00000,20.2560
29.11,0.21958,0.00000,0.00000,0.00000,20.3053
29.12,0.21956,0.00000,0.00000,0.00000,20.3117
29.13,0.21954,0.00000,0.00000,0.00000,20.2820
29.14,0.21952,0.00000,0.00000,0.00000,20.5170
29.15,0.21950,0.00000,0.00000,0.00000,20.6768
29.16,0.21947,0.00000,0.00000,0.00000,20.7734
29.17,0.21945,0.00000,0.00000,0.00000,20.8169
29.18,0.21944,0.00000,0.00000,0.00000,20.8159
29.19,0.21942,0.00000,0.00000,0.00000,20.7772
29.20,0.21941,0.00000,0.00000,0.00000,21.0137
29.21,0.21939,0.00000,0.00000,0.00000,21.1722
29.22,0.21937,0.00000,0.00000,0.00000,21.2651
29.23,0.21936,0.00000,0.00000,0.00000,21.3030
29.24,0.21935,0.00000,0.00000,0.00000,21.2946
29.25,0.21933,0.00000,0.00000,0.00000,21.2472
29.26,0.21932,0.00000,0.00000,0.00000,21.1660
29.27,0.21931,0.00000,0.00000,0.00000,21.3786
29.28,0.21930,0.00000,0.00000,0.00000,21.5144
29.29,0.21929,0.00000,0.00000,0.00000,21.5858
29.30,0.21928,0.00000,0.00000,0.00000,21.6031
29.31,0.21927,0.00000,0.00000,0.00000,21.5749
29.32,0.21926,0.00000,0.00000,0.00000,21.5076
29.33,0.21926,0.00000,0.00000,0.00000,21.7450
29.34,0.21925,0.00000,0.00000,0.00000,21.8995
29.35,0.21924,0.00000,0.00000,0.00000,21.9846
29.36,0.21924,0.00000,0.00000,0.00000,22.0113
29.37,0.21923,0.00000,0.00000,0.00000,21.9891
29.38,0.21923,0.00000,0.00000,0.00000,21.9251
29.39,0.21922,0.00000,0.00000,0.00000,22.1718
29.40,0.21922,0.00000,0.00000,0.00000,22.3323
29.41,0.21921,0.00000,0.00000,0.00000,22.4206
29.42,0.21921,0.00000,0.00000,0.00000,22.4484
29.43,0.21921,0.00000,0.00000,0.00000,22.4253
29.44,0.21921,0.00000,0.00000,0.00000,22.3590
29.45,0.21920,0.00000,0.00000,0.00000,22.6015
29.46,0.21920,0.00000,0.00000,0.00000,22.7569
29.47,0.21920,0.00000,0.00000,0.00000,22.8394
29.48,0.21920,0.00000,0.00000,0.00000,22.8607
29.49,0.21919,0.00000,0.00000,0.00000,22.8307
29.50,0.21919,0.00000,0.00000,0.00000,22.7571
29.51,0.21919,0.00000,0.00000,0.00000,22.9903
29.52,0.21919,0.00000,0.00000,0.00000,23.1365
29.53,0.21919,0.00000,0.00000,0.00000,23.2099
29.54,0.21919,0.00000,0.00000,0.00000,23.2221
29.55,0.21919,0.00000,0.00000,0.00000,23.1829
29.56,0.22025,0.00000,0.00000,0.00000,23.1003
29.57,0.22657,0.00000,0.00000,0.00000,23.3244
29.58,0.23075,0.00000,0.00000,0.00000,23.4616
29.59,0.23486,0.00000,0.00000,0.00000,23.5261
29.60,0.23892,0.00000,0.00000,0.00000,23.5296
29.61,0.24293,0.00000,0.00000,0.00000,23.4820
29.62,0.24688,0.00000,0.00000,0.00000,23.3912
29.63,0.25094,0.00000,0.00000,0.00000,23.6071
29.64,0.25310,0.00000,0.00000,0.00000,23.7364
29.65,0.25523,0.00000,0.00000,0.00000,23.7931
29.66,0.25733,0.00000,0.00000,0.00000,23.7890
29.67,0.25941,0.00000,0.00000,0.00000,23.7337
29.68,0.26146,0.00000,0.00000,0.00000,23.6354
29.69,0.26363,0.00000,0.00000,0.00000,23.8440
29.70,0.26446,0.00000,0.00000,0.00000,23.9660
29.71,0.26524,0.00000,0.00000,0.00000,24.0153
29.72,0.26601,0.00000,0.00000,0.00000,24.0037
29.73,0.26677,0.00000,0.00000,0.00000,23.9410
29.74,0.26752,0.00000,0.00000,0.00000,23.8353
29.75,0.26834,0.00000,0.00000,0.00000,24.0372
29.76,0.26844,0.00000,0.00000,0.00000,24.1521
29.77,0.26844,0.00000,0.00000,0.00000,24.1943
29.78,0.26844,0.00000,0.00000,0.00000,24.1754
29.79,0.26845,0.00000,0.00000,0.00000,24.1053
29.80,0.26845,0.00000,0.00000,0.00000,23.9921
29.81,0.26849,0.00000,0.00000,0.00000,24.1877
29.82,0.26820,0.00000,0.00000,0.00000,24.2959
29.83,0.26784,0.00000,0.00000,0.00000,24.3310
29.84,0.26748,0.00000,0.00000,0.00000,24.3049
29.85,0.26713,0.00000,0.00000,0.00000,24.2273
29.86,0.26679,0.00000,0.00000,0.00000,24.1066
29.87,0.26646,0.00000,0.00000,0.00000,24.2961
29.88,0.26601,0.00000,0.00000,0.00000,24.3978
29.89,0.26552,0.00000,0.00000,0.00000,24.4261
29.90,0.26504,0.00000,0.00000,0.00000,24.3928
29.91,0.26456,0.00000,0.00000,0.00000,24.3078
29.92,0.26409,0.00000,0.00000,0.00000,24.1794
29.93,0.26363,0.00000,0.00000,0.00000,24.0137
29.94,0.26315,0.00000,0.00000,0.00000,24.1675
29.95,0.26266,0.00000,0.00000,0.00000,24.2378
29.96,0.26217,0.00000,0.00000,0.00000,24.2381
29.97,0.26169,0.00000,0.00000,0.00000,24.1798
29.98,0.26121,0.00000,0.00000,0.00000,24.0725
29.99,0.26075,0.00000,0.00000,0.00000,23.9230
30.00,0.26030,0.00000,0.00000,0.00000,24.0919
30.01,0.25988,0.00000,0.00000,0.00000,24.1733
30.02,0.25946,0.00000,0.00000,0.00000,24.1818
30.03,0.25905,0.00000,0.00000,0.00000,24.1291
30.04,0.25864,0.00000,0.00000,0.00000,24.0253
30.05,0.25824,0.00000,0.00000,0.00000,23.8776
30.06,0.25791,0.00000,0.00000,0.00000,24.0497
30.07,0.25766,0.00000,0.00000,0.00000,24.1328
30.08,0.25742,0.00000,0.00000,0.00000,24.1414
30.09,0.25717,0.00000,0.00000,0.00000,24.0877
30.10,0.25694,0.00000,0.00000,0.00000,23.9818
30.11,0.25670,0.00000,0.00000,0.00000,23.8315
30.12,0.25661,0.00000,0.00000,0.00000,24.0037
30.13,0.25677,0.00000,0.00000,0.00000,24.0858
30.14,0.25692,0.00000,0.00000,0.00000,24.0925
30.15,0.25707,0.00000,0.00000,0.00000,24.0362
30.16,0.25721,0.00000,0.00000,0.00000,23.9271
30.17,0.25736,0.00000,0.00000,0.00000,23.7732
30.18,0.25775,0.00000,0.00000,0.00000,23.9456
30.19,0.25875,0.00000,0.00000,0.00000,24.0269
30.20,0.25973,0.00000,0.00000,0.00000,24.0321
30.21,0.26071,0.00000,0.00000,0.00000,23.9736
30.22,0.26167,0.00000,0.00000,0.00000,23.8618
30.23,0.26263,0.00000,0.00000,0.00000,23.7049
30.24,0.26389,0.00000,0.00000,0.00000,23.8764
30.25,0.26649,0.00000,0.00000,0.00000,23.9564
30.26,0.26906,0.00000,0.00000,0.00000,23.9597
30.27,0.27159,0.00000,0.00000,0.00000,23.8989
30.28,0.27409,0.00000,0.00000,0.00000,23.7846
30.29,0.27656,0.00000,0.00000,0.00000,23.6250
30.30,0.27931,0.00000,0.00000,0.00000,23.7920
30.31,0.28455,0.00000,0.00000,0.00000,23.8677
30.32,0.28972,0.00000,0.00000,0.00000,23.8670
30.33,0.29483,0.00000,0.00000,0.00000,23.8025
30.34,0.29987,0.00000,0.00000,0.00000,23.6846
30.35,0.30486,0.00000,0.00000,0.00000,23.5217
30.36,0.30998,0.00000,0.00000,0.00000,23.6814
30.37,0.31892,0.00000,0.00000,0.00000,23.7508
30.38,0.32784,0.00000,0.00000,0.00000,23.7446
30.39,0.33665,0.00000,0.00000,0.00000,23.6755
30.40,0.34536,0.00000,0.00000,0.00000,23.5535
30.41,0.35397,0.00000,0.00000,0.00000,23.3874
30.42,0.36278,0.00000,0.00000,0.00000,23.5392
30.43,0.37602,0.00000,0.00000,0.00000,23.6021
30.44,0.38964,0.00000,0.00000,0.00000,23.5908
30.45,0.39748,0.00000,0.00000,0.00000,23.5175
30.46,0.39762,0.00000,0.00000,0.00000,23.3923
30.47,0.39776,0.00000,0.00000,0.00000,23.2237
30.48,0.39790,0.00000,0.00000,0.00000,23.3682
30.49,0.39804,0.00000,0.00000,0.00000,23.4253
30.50,0.39818,0.00000,0.00000,0.00000,23.4093
30.51,0.39832,0.00000,0.00000,0.00000,23.3322
30.52,0.39850,0.00000,0.00000,0.00000,23.2040
30.53,0.39868,0.00000,0.00000,0.00000,23.0329
30.54,0.39887,0.00000,0.00000,0.00000,23.1701
30.55,0.39905,0.00000,0.00000,0.00000,23.2213
30.56,0.39923,0.00000,0.00000,0.00000,23.2007
30.57,0.39941,0.00000,0.00000,0.00000,23.1200
30.58,0.39963,0.00000,0.00000,0.00000,22.9890
30.59,0.39986,0.00000,0.00000,0.00000,22.8159
30.60,0.40020,0.00000,0.00000,0.00000,22.6075
30.61,0.40077,0.00000,0.00000,0.00000,22.7095
30.62,0.40133,0.00000,0.00000,0.00000,22.7317
30.63,0.40189,0.00000,0.00000,0.00000,22.6872
30.64,0.40254,0.00000,0.00000,0.00000,22.5869
30.65,0.40320,0.00000,0.00000,0.00000,22.4400
30.66,0.40386,0.00000,0.00000,0.00000,22.2544
30.67,0.40453,0.00000,0.00000,0.00000,22.3696
30.68,0.40519,0.00000,0.00000,0.00000,22.4035
30.69,0.40585,0.00000,0.00000,0.00000,22.3696
30.70,0.40658,0.00000,0.00000,0.00000,22.2789
30.71,0.40734,0.00000,0.00000,0.00000,22.1409
30.72,0.40809,0.00000,0.00000,0.00000,21.9635
30.73,0.40885,0.00000,0.00000,0.00000,22.0799
30.74,0.40960,0.00000,0.00000,0.00000,22.1158
30.75,0.41036,0.00000,0.00000,0.00000,22.0843
30.76,0.41117,0.00000,0.00000,0.00000,21.9966
30.77,0.41200,0.00000,0.00000,0.00000,21.8620
30.78,0.41283,0.00000,0.00000,0.00000,21.6883
30.79,0.41367,0.00000,0.00000,0.00000,21.8025
30.80,0.41450,0.00000,0.00000,0.00000,21.8373
30.81,0.41534,0.00000,0.00000,0.00000,21.8060
30.82,0.41621,0.00000,0.00000,0.00000,21.7194
30.83,0.41711,0.00000,0.00000,0.00000,21.5865
30.84,0.41800,0.00000,0.00000,0.00000,21.4154
30.85,0.41891,0.00000,0.00000,0.00000,21.5266
30.86,0.41980,0.00000,0.00000,0.00000,21.5600
30.87,0.42070,0.00000,0.00000,0.00000,21.5284
30.88,0.42163,0.00000,0.00000,0.00000,21.4424
30.89,0.42257,0.00000,0.00000,0.00000,21.3112
30.90,0.42352,0.00000,0.00000,0.00000,21.1424
30.91,0.42447,0.00000,0.00000,0.00000,21.2508
30.92,0.42541,0.00000,0.00000,0.00000,21.2828
30.93,0.42636,0.00000,0.00000,0.00000,21.2511
30.94,0.42732,0.00000,0.00000,0.00000,21.1660
30.95,0.42830,0.00000,0.00000,0.00000,21.0366
30.96,0.42928,0.00000,0.00000,0.00000,20.8703
30.97,0.43026,0.00000,0.00000,0.00000,20.9762
30.98,0.43124,0.00000,0.00000,0.00000,21.0071
30.99,0.43222,0.00000,0.00000,0.00000,20.9754
31.00,0.43321,0.00000,0.00000,0.00000,20.8915
31.01,0.43420,0.00000,0.00000,0.00000,20.7640
31.02,0.43520,0.00000,0.00000,0.00000,20.6004
31.03,0.43620,0.00000,0.00000,0.00000,20.7042
31.04,0.43720,0.00000,0.00000,0.00000,20.7344
31.05,0.43819,0.00000,0.00000,0.00000,20.7032
31.06,0.43919,0.00000,0.00000,0.00000,20.6207
31.07,0.44019,0.00000,0.00000,0.00000,20.4954
31.08,0.44120,0.00000,0.00000,0.00000,20.3347
31.09,0.44220,0.00000,0.00000,0.00000,20.4368
31.10,0.44320,0.00000,0.00000,0.00000,20.4667
31.11,0.44420,0.00000,0.00000,0.00000,20.4362
31.12,0.44520,0.00000,0.00000,0.00000,20.3554
31.13,0.44620,0.00000,0.00000,0.00000,20.2325
31.14,0.44719,0.00000,0.00000,0.00000,20.0749
31.15,0.44818,0.00000,0.00000,0.00000,20.1758
31.16,0.44918,0.00000,0.00000,0.00000,20.2057
31.17,0.45017,0.00000,0.00000,0.00000,20.1762
31.18,0.45116,0.00000,0.00000,0.00000,20.0972
31.19,0.45214,0.00000,0.00000,0.00000,19.9770
31.20,0.45312,0.00000,0.00000,0.00000,19.8226
31.21,0.45409,0.00000,0.00000,0.00000,19.9226
31.22,0.45507,0.00000,0.00000,0.00000,19.9527
31.23,0.45605,0.00000,0.00000,0.00000,19.9245
31.24,0.45702,0.00000,0.00000,0.00000,19.8476
31.25,0.45797,0.00000,0.00000,0.00000,19.7301
31.26,0.45893,0.00000,0.00000,0.00000,19.5790
31.27,0.45987,0.00000,0.00000,0.00000,19.6784
31.28,0.46083,0.00000,0.00000,0.00000,19.7091
31.29,0.46178,0.00000,0.00000,0.00000,19.6823
31.30,0.46272,0.00000,0.00000,0.00000,19.6075
31.31,0.46365,0.00000,0.00000,0.00000,19.4930
31.32,0.46457,0.00000,0.00000,0.00000,19.3453
31.33,0.46549,0.00000,0.00000,0.00000,19.4445
31.34,0.46641,0.00000,0.00000,0.00000,19.4759
31.35,0.46734,0.00000,0.00000,0.00000,19.4508
31.36,0.46824,0.00000,0.00000,0.00000,19.3784
31.37,0.46913,0.00000,0.00000,0.00000,19.2668
31.38,0.47002,0.00000,0.00000,0.00000,19.1226
31.39,0.47089,0.00000,0.00000,0.00000,19.2219
31.40,0.47178,0.00000,0.00000,0.00000,19.2544
31.41,0.47267,0.00000,0.00000,0.00000,19.2311
31.42,0.47354,0.00000,0.00000,0.00000,19.1612
31.43,0.47439,0.00000,0.00000,0.00000,19.0527
31.44,0.47524,0.00000,0.00000,0.00000,18.9121
31.45,0.47607,0.00000,0.00000,0.00000,19.0117
31.46,0.47692,0.00000,0.00000,0.00000,19.0454
31.47,0.47777,0.00000,0.00000,0.00000,19.0241
31.48,0.47860,0.00000,0.00000,0.00000,18.9568
31.49,0.47940,0.00000,0.00000,0.00000,18.8515
31.50,0.48021,0.00000,0.00000,0.00000,18.7144
31.51,0.48101,0.00000,0.00000,0.00000,18.8147
31.52,0.48181,0.00000,0.00000,0.00000,18.8498
31.53,0.48262,0.00000,0.00000,0.00000,18.8306
31.54,0.48340,0.00000,0.00000,0.00000,18.7660
31.55,0.48416,0.00000,0.00000,0.00000,18.6639
31.56,0.48492,0.00000,0.00000,0.00000,18.5305
31.57,0.48568,0.00000,0.00000,0.00000,18.6315
31.58,0.48644,0.00000,0.00000,0.00000,18.6683
31.59,0.48721,0.00000,0.00000,0.00000,18.6513
31.60,0.48793,0.00000,0.00000,0.00000,18.5896
31.61,0.48865,0.00000,0.00000,0.00000,18.4908
31.62,0.48937,0.00000,0.00000,0.00000,18.3610
31.63,0.49007,0.00000,0.00000,0.00000,18.4631
31.64,0.49079,0.00000,0.00000,0.00000,18.5017
31.65,0.49151,0.00000,0.00000,0.00000,18.4871
31.66,0.49219,0.00000,0.00000,0.00000,18.4283
31.67,0.49286,0.00000,0.00000,0.00000,18.3329
31.68,0.49353,0.00000,0.00000,0.00000,18.2067
31.69,0.49419,0.00000,0.00000,0.00000,18.3102
31.70,0.49486,0.00000,0.00000,0.00000,18.3506
31.71,0.49553,0.00000,0.00000,0.00000,18.3385
31.72,0.49615,0.00000,0.00000,0.00000,18.2827
31.73,0.49677,0.00000,0.00000,0.00000,18.1906
31.74,0.49738,0.00000,0.00000,0.00000,18.3199
31.75,0.49800,0.00000,0.00000,0.00000,18.3828
31.76,0.49862,0.00000,0.00000,0.00000,18.3903
31.77,0.49923,0.00000,0.00000,0.00000,18.3514
31.78,0.49980,0.00000,0.00000,0.00000,18.2742
31.79,0.50036,0.00000,0.00000,0.00000,18.1648
31.80,0.50091,0.00000,0.00000,0.00000,18.2783
31.81,0.50148,0.00000,0.00000,0.00000,18.3287
31.82,0.50204,0.00000,0.00000,0.00000,18.3264
31.83,0.50259,0.00000,0.00000,0.00000,18.2801
31.84,0.50309,0.00000,0.00000,0.00000,18.1973
31.85,0.50358,0.00000,0.00000,0.00000,18.0839
31.86,0.50407,0.00000,0.00000,0.00000,18.1928
31.87,0.50457,0.00000,0.00000,0.00000,18.2400
31.88,0.50507,0.00000,0.00000,0.00000,18.2357
31.89,0.50554,0.00000,0.00000,0.00000,18.1883
31.90,0.50595,0.00000,0.00000,0.00000,18.1052
31.91,0.50637,0.00000,0.00000,0.00000,17.9922
31.92,0.50678,0.00000,0.00000,0.00000,18.1005
31.93,0.50719,0.00000,0.00000,0.00000,18.1477
31.94,0.50761,0.00000,0.00000,0.00000,18.1439
31.95,0.50798,0.00000,0.00000,0.00000,18.0977
31.96,0.50830,0.00000,0.00000,0.00000,18.0162
31.97,0.50862,0.00000,0.00000,0.00000,17.9051
31.98,0.50893,0.00000,0.00000,0.00000,18.0140
31.99,0.50925,0.00000,0.00000,0.00000,18.0624
32.00,0.50956,0.00000,0.00000,0.00000,18.0602
32.01,0.50982,0.00000,0.00000,0.00000,18.0159
32.02,0.51002,0.00000,0.00000,0.00000,17.9366
32.03,0.51023,0.00000,0.00000,0.00000,17.8278
32.04,0.51043,0.00000,0.00000,0.00000,17.9381
32.05,0.51064,0.00000,0.00000,0.00000,17.9882
32.06,0.51085,0.00000,0.00000,0.00000,17.9879
32.07,0.51097,0.00000,0.00000,0.00000,17.9459
32.08,0.51106,0.00000,0.00000,0.00000,17.8689
32.09,0.51116,0.00000,0.00000,0.00000,17.7627
32.10,0.51125,0.00000,0.00000,0.00000,17.8747
32.11,0.51134,0.00000,0.00000,0.00000,17.9267
32.12,0.51144,0.00000,0.00000,0.00000,17.9286
32.13,0.51144,0.00000,0.00000,0.00000,17.8889
32.14,0.51143,0.00000,0.00000,0.00000,17.8143
32.15,0.51142,0.00000,0.00000,0.00000,17.9517
32.16,0.51141,0.00000,0.00000,0.00000,18.0254
32.17,0.51140,0.00000,0.00000,0.00000,18.0459
32.18,0.51138,0.00000,0.00000,0.00000,18.0220
32.19,0.51130,0.00000,0.00000,0.00000,17.9611
32.20,0.51121,0.00000,0.00000,0.00000,17.8692
32.21,0.51112,0.00000,0.00000,0.00000,17.9922
32.22,0.51103,0.00000,0.00000,0.00000,18.0542
32.23,0.51095,0.00000,0.00000,0.00000,18.0651
32.24,0.51084,0.00000,0.00000,0.00000,18.0336
32.25,0.51070,0.00000,0.00000,0.00000,17.9666
32.26,0.51056,0.00000,0.00000,0.00000,17.8698
32.27,0.51043,0.00000,0.00000,0.00000,17.9890
32.28,0.51029,0.00000,0.00000,0.00000,18.0480
32.29,0.51015,0.00000,0.00000,0.00000,18.0568
32.30,0.50999,0.00000,0.00000,0.00000,18.0238
32.31,0.50983,0.00000,0.00000,0.00000,17.9556
32.32,0.50966,0.00000,0.00000,0.00000,17.8579
32.33,0.50950,0.00000,0.00000,0.00000,17.9771
32.34,0.50933,0.00000,0.00000,0.00000,18.0363
32.35,0.50916,0.00000,0.00000,0.00000,18.0455
32.36,0.50899,0.00000,0.00000,0.00000,18.0128
32.37,0.50882,0.00000,0.00000,0.00000,17.9451
32.38,0.50865,0.00000,0.00000,0.00000,17.8481
32.39,0.50848,0.00000,0.00000,0.00000,17.9685
32.40,0.50830,0.00000,0.00000,0.00000,18.0290
32.41,0.50813,0.00000,0.00000,0.00000,18.0393
32.42,0.50796,0.00000,0.00000,0.00000,18.0078
32.43,0.50779,0.00000,0.00000,0.00000,17.9411
32.44,0.50762,0.00000,0.00000,0.00000,18.0869
32.45,0.50745,0.00000,0.00000,0.00000,18.1688
32.46,0.50728,0.00000,0.00000,0.00000,18.1971
32.47,0.50711,0.00000,0.00000,0.00000,18.1807
32.48,0.50695,0.00000,0.00000,0.00000,18.1269
32.49,0.50679,0.00000,0.00000,0.00000,18.0416
32.50,0.50663,0.00000,0.00000,0.00000,18.1728
32.51,0.50647,0.00000,0.00000,0.00000,18.2423
32.52,0.50631,0.00000,0.00000,0.00000,18.2604
32.53,0.50615,0.00000,0.00000,0.00000,18.2353
32.54,0.50600,0.00000,0.00000,0.00000,18.1741
32.55,0.50585,0.00000,0.00000,0.00000,18.0825
32.56,0.50570,0.00000,0.00000,0.00000,18.2094
32.57,0.50555,0.00000,0.00000,0.00000,18.2752
32.58,0.50540,0.00000,0.00000,0.00000,18.2901
32.59,0.50526,0.00000,0.00000,0.00000,18.2622
32.60,0.50512,0.00000,0.00000,0.00000,18.1984
32.61,0.50497,0.00000,0.00000,0.00000,18.1046
32.62,0.50484,0.00000,0.00000,0.00000,18.2306
32.63,0.50469,0.00000,0.00000,0.00000,18.2956
32.64,0.50455,0.00000,0.00000,0.00000,18.3095
32.65,0.50442,0.00000,0.00000,0.00000,18.2807
32.66,0.50428,0.00000,0.00000,0.00000,18.2159
32.67,0.50415,0.00000,0.00000,0.00000,18.3664
32.68,0.50402,0.00000,0.00000,0.00000,18.4518
32.69,0.50388,0.00000,0.00000,0.00000,18.4827
32.70,0.50375,0.00000,0.00000,0.00000,18.4680
32.71,0.50362,0.00000,0.00000,0.00000,18.4149
32.72,0.50348,0.00000,0.00000,0.00000,18.3296
32.73,0.50335,0.00000,0.00000,0.00000,18.4641
32.74,0.50322,0.00000,0.00000,0.00000,18.5358
32.75,0.50309,0.00000,0.00000,0.00000,18.5548
32.76,0.50296,0.00000,0.00000,0.00000,18.5298
32.77,0.50282,0.00000,0.00000,0.00000,18.4678
32.78,0.50269,0.00000,0.00000,0.00000,18.3748
32.79,0.50256,0.00000,0.00000,0.00000,18.5038
32.80,0.50243,0.00000,0.00000,0.00000,18.5706
32.81,0.50229,0.00000,0.00000,0.00000,18.5852
32.82,0.50215,0.00000,0.00000,0.00000,18.5561
32.83,0.50201,0.00000,0.00000,0.00000,18.4903
32.84,0.50188,0.00000,0.00000,0.00000,18.6424
32.85,0.50174,0.00000,0.00000,0.00000,18.7283
32.86,0.50160,0.00000,0.00000,0.00000,18.7587
32.87,0.50146,0.00000,0.00000,0.00000,18.7426
32.88,0.50130,0.00000,0.00000,0.00000,18.6873
32.89,0.50115,0.00000,0.00000,0.00000,18.5993
32.90,0.50100,0.00000,0.00000,0.00000,18.7341
32.91,0.50085,0.00000,0.00000,0.00000,18.8051
32.92,0.50070,0.00000,0.00000,0.00000,18.8225
32.93,0.50054,0.00000,0.00000,0.00000,18.7951
32.94,0.50037,0.00000,0.00000,0.00000,18.7299
32.95,0.50020,0.00000,0.00000,0.00000,18.6332
32.96,0.50003,0.00000,0.00000,0.00000,18.7621
32.97,0.49986,0.00000,0.00000,0.00000,18.8276
32.98,0.49969,0.00000,0.00000,0.00000,18.8401
32.99,0.49950,0.00000,0.00000,0.00000,18.8080
33.00,0.49931,0.00000,0.00000,0.00000,18.7386
33.01,0.49912,0.00000,0.00000,0.00000,18.6380
33.02,0.49893,0.00000,0.00000,0.00000,18.7650
33.03,0.49873,0.00000,0.00000,0.00000,18.8286
33.04,0.49853,0.00000,0.00000,0.00000,18.8391
33.05,0.49831,0.00000,0.00000,0.00000,18.8050
33.06,0.49809,0.00000,0.00000,0.00000,18.7337
33.07,0.49787,0.00000,0.00000,0.00000,18.8860
33.08,0.49764,0.00000,0.00000,0.00000,18.9706
33.09,0.49742,0.00000,0.00000,0.00000,18.9985
33.10,0.49718,0.00000,0.00000,0.00000,18.9789
33.11,0.49692,0.00000,0.00000,0.00000,18.9194
33.12,0.49666,0.00000,0.00000,0.00000,18.8265
33.13,0.49640,0.00000,0.00000,0.00000,18.9627
33.14,0.49614,0.00000,0.00000,0.00000,19.0334
33.15,0.49588,0.00000,0.00000,0.00000,19.0495
33.16,0.49559,0.00000,0.00000,0.00000,19.0196
33.17,0.49528,0.00000,0.00000,0.00000,18.9514
33.18,0.49499,0.00000,0.00000,0.00000,19.1085
33.19,0.49469,0.00000,0.00000,0.00000,19.1967
33.20,0.49438,0.00000,0.00000,0.00000,19.2273
33.21,0.49407,0.00000,0.00000,0.00000,19.2095
33.22,0.49372,0.00000,0.00000,0.00000,19.1512
33.23,0.49337,0.00000,0.00000,0.00000,19.0588
33.24,0.49302,0.00000,0.00000,0.00000,19.1968
33.25,0.49267,0.00000,0.00000,0.00000,19.2686
33.26,0.49232,0.00000,0.00000,0.00000,19.2853
33.27,0.49194,0.00000,0.00000,0.00000,19.2557
33.28,0.49153,0.00000,0.00000,0.00000,19.1872
33.29,0.49113,0.00000,0.00000,0.00000,19.0862
33.30,0.49073,0.00000,0.00000,0.00000,19.2173
33.31,0.49032,0.00000,0.00000,0.00000,19.2833
33.32,0.48991,0.00000,0.00000,0.00000,19.2949
33.33,0.48945,0.00000,0.00000,0.00000,19.2609
33.34,0.48898,0.00000,0.00000,0.00000,19.1887
33.35,0.48852,0.00000,0.00000,0.00000,19.3430
33.36,0.45826,0.00000,0.00000,0.00000,19.4285
33.37,0.39826,0.00000,0.00000,0.00000,19.4563
33.38,0.33826,0.00000,0.00000,0.00000,19.4356
33.39,0.32387,0.00000,0.00000,0.00000,19.3739
33.40,0.32323,0.00000,0.00000,0.00000,19.2778
33.41,0.32260,0.00000,0.00000,0.00000,19.4119
33.42,0.32196,0.00000,0.00000,0.00000,19.4797
33.43,0.26196,0.06400,0.03200,0.04000,19.4921
33.44,0.20196,0.12800,0.06400,0.08000,19.4579
33.45,0.14196,0.19200,0.09600,0.12000,19.3843
33.46,0.08196,0.25600,0.12800,0.16000,19.2771
33.47,0.02196,0.32000,0.16000,0.20000,19.4010
33.48,0.00000,0.38400,0.19200,0.24000,19.4586
33.49,0.00000,0.44800,0.22400,0.28000,19.4603
33.50,0.00000,0.51200,0.25600,0.32000,19.4147
33.51,0.00000,0.57600,0.28800,0.36000,19.3292
33.52,0.00000,0.64000,0.32000,0.40000,19.4688
33.53,0.00000,0.66400,0.33200,0.44000,19.5375
33.54,0.00000,0.68800,0.34400,0.48000,19.5465
33.55,0.00000,0.70793,0.35397,0.51322,19.5053
33.56,0.00000,0.70995,0.35498,0.51659,19.4216
33.57,0.00000,0.71197,0.35599,0.51996,19.3020
33.58,0.00000,0.71388,0.35694,0.52314,19.4122
33.59,0.00000,0.71585,0.35792,0.52641,19.4550
33.60,0.00000,0.71776,0.35888,0.52960,19.4415
33.61,0.00000,0.71962,0.35981,0.53270,19.3809
33.62,0.00000,0.72144,0.36072,0.53573,19.2807
33.63,0.00000,0.72327,0.36164,0.53878,19.1473
33.64,0.00000,0.72499,0.36249,0.54164,19.2463
33.65,0.00000,0.72676,0.36338,0.54459,19.2796
33.66,0.00000,0.72848,0.36424,0.54746,19.2581
33.67,0.00000,0.73016,0.36508,0.55026,19.1909
33.68,0.00000,0.73179,0.36589,0.55298,19.0851
33.69,0.00000,0.73336,0.36668,0.55560,19.2071
33.70,0.00000,0.73501,0.36750,0.55834,19.2597
33.71,0.00000,0.73661,0.36830,0.56101,19.2544
33.72,0.00000,0.73816,0.36908,0.56361,19.2007
33.73,0.00000,0.73968,0.36984,0.56613,19.1068
33.74,0.00000,0.74115,0.37058,0.56859,18.9789
33.75,0.00000,0.74258,0.37129,0.57097,19.0833
33.76,0.00000,0.74407,0.37204,0.57346,19.1214
33.77,0.00000,0.74553,0.37276,0.57588,19.1041
33.78,0.00000,0.74694,0.37347,0.57823,19.0406
33.79,0.00000,0.74831,0.37416,0.58052,18.9386
33.80,0.00000,0.74965,0.37482,0.58274,18.8044
33.81,0.00000,0.75094,0.37547,0.58490,18.9045
33.82,0.00000,0.75230,0.37615,0.58717,18.9394
33.83,0.00000,0.75362,0.37681,0.58937,18.9197
33.84,0.00000,0.75491,0.37745,0.59151,18.8544
33.85,0.00000,0.75616,0.37808,0.59359,18.7513
33.86,0.00000,0.75737,0.37868,0.59561,18.6166
33.87,0.00000,0.75854,0.37927,0.59757,18.7175
33.88,0.00000,0.75979,0.37989,0.59964,18.7534
33.89,0.00000,0.76099,0.38050,0.60166,18.7351
33.90,0.00000,0.76217,0.38108,0.60361,18.6714
33.91,0.00000,0.76330,0.38165,0.60551,18.5700
33.92,0.00000,0.76441,0.38220,0.60735,18.4371
33.93,0.00000,0.76547,0.38273,0.60911,18.5410
33.94,0.00000,0.76661,0.38330,0.61101,18.5800
33.95,0.00000,0.76771,0.38386,0.61286,18.5647
33.96,0.00000,0.76879,0.38439,0.61465,18.5041
33.97,0.00000,0.76983,0.38491,0.61638,18.4056
33.98,0.00000,0.77084,0.38542,0.61806,18.2758
33.99,0.00000,0.77179,0.38589,0.61965,18.3837
34.00,0.00000,0.77284,0.38642,0.62140,18.4267
34.01,0.00000,0.77386,0.38693,0.62309,18.4154
34.02,0.00000,0.77484,0.38742,0.62474,18.3588
34.03,0.00000,0.77580,0.38790,0.62633,18.2640
34.04,0.00000,0.77672,0.38836,0.62787,18.1378
34.05,0.00000,0.77757,0.38878,0.62928,18.2504
34.06,0.00000,0.77854,0.38927,0.63090,18.2980
34.07,0.00000,0.77948,0.38974,0.63247,18.2912
34.08,0.00000,0.78039,0.39019,0.63398,18.2389
34.09,0.00000,0.78127,0.39063,0.63545,18.1485
34.10,0.00000,0.78212,0.39106,0.63686,18.0261
34.11,0.00000,0.78288,0.39144,0.63814,18.1437
34.12,0.00000,0.78376,0.39188,0.63960,18.1962
34.13,0.00000,0.78463,0.39232,0.64106,18.1942
34.14,0.00000,0.78548,0.39274,0.64246,18.1465
34.15,0.00000,0.78629,0.39315,0.64382,18.0605
34.16,0.00000,0.78708,0.39354,0.64513,17.9424
34.17,0.00000,0.78778,0.39389,0.64631,18.0653
34.18,0.00000,0.78855,0.39428,0.64759,18.1228
34.19,0.00000,0.78937,0.39468,0.64894,18.1255
34.20,0.00000,0.79015,0.39508,0.65025,18.0824
34.21,0.00000,0.79091,0.39545,0.65152,18.0010
34.22,0.00000,0.79164,0.39582,0.65273,17.8873
34.23,0.00000,0.79234,0.39617,0.65390,17.7465
34.24,0.00000,0.79298,0.39649,0.65496,17.8538
34.25,0.00000,0.79371,0.39686,0.65619,17.8988
34.26,0.00000,0.79445,0.39723,0.65742,17.8917
34.27,0.00000,0.79516,0.39758,0.65860,17.8408
34.28,0.00000,0.79584,0.39792,0.65973,17.7533
34.29,0.00000,0.79649,0.39825,0.66082,17.6351
34.30,0.00000,0.79709,0.39855,0.66182,17.7641
34.31,0.00000,0.79771,0.39886,0.66285,17.8271
34.32,0.00000,0.79841,0.39920,0.66401,17.8356
34.33,0.00000,0.79907,0.39954,0.66512,17.7986
34.34,0.00000,0.79971,0.39986,0.66619,17.7233
34.35,0.00000,0.80033,0.40016,0.66721,17.6159
34.36,0.00000,0.80091,0.40046,0.66819,17.4815
34.37,0.00000,0.80146,0.40073,0.66910,17.6011
34.38,0.00000,0.80205,0.40102,0.67008,17.6568
34.39,0.00000,0.80268,0.40134,0.67113,17.6596
34.40,0.00000,0.80329,0.40164,0.67214,17.6182
34.41,0.00000,0.80387,0.40193,0.67311,17.5398
34.42,0.00000,0.80442,0.40221,0.67404,17.4304
34.43,0.00000,0.80495,0.40247,0.67491,17.5741
34.44,0.00000,0.80545,0.40273,0.67576,17.6505
34.45,0.00000,0.80600,0.40300,0.67667,17.6707
34.46,0.00000,0.80658,0.40329,0.67764,17.6442
34.47,0.00000,0.80714,0.40357,0.67856,17.5788
34.48,0.00000,0.80766,0.40383,0.67944,17.4807
34.49,0.00000,0.80817,0.40408,0.68028,17.3552
34.50,0.00000,0.80866,0.40433,0.68110,17.4902
34.51,0.00000,0.80911,0.40456,0.68185,17.5598
34.52,0.00000,0.80962,0.40481,0.68269,17.5746
34.53,0.00000,0.81015,0.40508,0.68359,17.5437
34.54,0.00000,0.81066,0.40533,0.68443,17.4750
34.55,0.00000,0.81114,0.40557,0.68524,17.3746
34.56,0.00000,0.81160,0.40580,0.68600,17.2475
34.57,0.00000,0.81206,0.40603,0.68677,17.3862
34.58,0.00000,0.81247,0.40624,0.68746,17.4592
34.59,0.00000,0.81293,0.40646,0.68821,17.4772
34.60,0.00000,0.81342,0.40671,0.68904,17.4493
34.61,0.00000,0.81389,0.40695,0.68982,17.3831
34.62,0.00000,0.81434,0.40717,0.69056,17.2852
34.63,0.00000,0.81476,0.40738,0.69126,17.1606
34.64,0.00000,0.81520,0.40760,0.69200,17.3067
34.65,0.00000,0.81557,0.40779,0.69262,17.3863
34.66,0.00000,0.81596,0.40798,0.69327,17.4102
34.67,0.00000,0.81643,0.40821,0.69404,17.3875
34.68,0.00000,0.81686,0.40843,0.69477,17.3256
34.69,0.00000,0.81728,0.40864,0.69546,17.2316
34.70,0.00000,0.81766,0.40883,0.69610,17.1106
34.71,0.00000,0.81810,0.40905,0.69683,17.2652
34.72,0.00000,0.81844,0.40922,0.69739,17.3523
34.73,0.00000,0.81875,0.40938,0.69792,17.3828
34.74,0.00000,0.81919,0.40959,0.69864,17.3659
34.75,0.00000,0.81960,0.40980,0.69933,17.3093
34.76,0.00000,0.81998,0.40999,0.69997,17.2192
34.77,0.00000,0.82035,0.41017,0.70058,17.1018
34.78,0.00000,0.82078,0.41039,0.70129,17.2653
34.79,0.00000,0.82109,0.41054,0.70182,17.3601
34.80,0.00000,0.82138,0.41069,0.70230,17.3972
34.81,0.00000,0.82172,0.41086,0.70287,17.3862
34.82,0.00000,0.82211,0.41106,0.70352,17.3346
34.83,0.00000,0.82248,0.41124,0.70413,17.2489
34.84,0.00000,0.82282,0.41141,0.70470,17.1346
34.85,0.00000,0.82326,0.41163,0.70543,17.3070
34.86,0.00000,0.82355,0.41178,0.70592,17.4093
34.87,0.00000,0.82382,0.41191,0.70637,17.4529
34.88,0.00000,0.82407,0.41203,0.70678,17.4473
34.89,0.00000,0.82443,0.41221,0.70738,17.4004
34.90,0.00000,0.82478,0.41239,0.70797,17.3187
34.91,0.00000,0.82511,0.41256,0.70852,17.2079
34.92,0.00000,0.82556,0.41278,0.70926,17.3888
34.93,0.00000,0.82584,0.41292,0.70973,17.4982
34.94,0.00000,0.82609,0.41305,0.71015,17.5477
34.95,0.00000,0.82632,0.41316,0.71054,17.5471
34.96,0.00000,0.82638,0.41319,0.71064,17.5043
34.97,0.00000,0.82524,0.41262,0.70873,17.4261
34.98,0.00000,0.82410,0.41205,0.70684,17.3180
34.99,0.00000,0.82298,0.41149,0.70496,17.1849
35.00,0.00000,0.82200,0.41100,0.70333,17.3553
35.01,0.00000,0.82089,0.41045,0.70149,17.4555
35.02,0.00000,0.81980,0.40990,0.69967,17.4973
35.03,0.00000,0.81872,0.40936,0.69786,17.4901
35.04,0.00000,0.81700,0.40850,0.69500,17.4420
35.05,0.00000,0.81227,0.40613,0.68711,17.3593
35.06,0.00000,0.80760,0.40380,0.67933,17.2478
35.07,0.00000,0.80300,0.40150,0.67167,17.1122
35.08,0.00000,0.79849,0.39925,0.66416,17.2895
35.09,0.00000,0.79402,0.39701,0.65671,17.3959
35.10,0.00000,0.78962,0.39481,0.64937,17.4435
35.11,0.00000,0.78528,0.39264,0.64213,17.4421
35.12,0.00000,0.78073,0.39036,0.63455,17.3996
35.13,0.00000,0.77356,0.38678,0.62259,17.3228
35.14,0.00000,0.76645,0.38323,0.61076,17.2173
35.15,0.00000,0.75942,0.37971,0.59903,17.0879
35.16,0.00000,0.75236,0.37618,0.58727,17.2808
35.17,0.00000,0.74546,0.37273,0.57577,17.4016
35.18,0.00000,0.73862,0.36931,0.56437,17.4625
35.19,0.00000,0.73184,0.36592,0.55307,17.4735
35.20,0.00000,0.72513,0.36256,0.54188,17.4430
35.21,0.00000,0.71758,0.35879,0.52930,17.3778
35.22,0.00000,0.70998,0.35499,0.51664,17.2836
35.23,0.00000,0.70243,0.35122,0.50405,17.1653
35.24,0.00000,0.69477,0.34738,0.49128,17.3787
35.25,0.00000,0.68730,0.34365,0.47884,17.5182
35.26,0.00000,0.67988,0.33994,0.46647,17.5961
35.27,0.00000,0.67250,0.33625,0.45416,17.6229
35.28,0.00000,0.66515,0.33257,0.44191,17.6070
35.29,0.00000,0.65739,0.32869,0.42898,17.5555
35.30,0.00000,0.64938,0.32469,0.41564,17.4742
35.31,0.00000,0.64139,0.32070,0.40232,17.3680
35.32,0.00000,0.62747,0.31374,0.39217,17.6031
35.33,0.00000,0.61277,0.30638,0.38298,17.7622
35.34,0.00000,0.59799,0.29900,0.37375,17.8579
35.35,0.00000,0.58314,0.29157,0.36446,17.9006
35.36,0.00000,0.56819,0.28410,0.35512,17.8993
35.37,0.00000,0.55299,0.27650,0.34562,17.8610
35.38,0.00000,0.53731,0.26865,0.33582,17.7918
35.39,0.00000,0.52145,0.26073,0.32591,17.6968
35.40,0.00000,0.50478,0.25239,0.31549,17.9530
35.41,0.00000,0.48850,0.24425,0.30531,18.1307
35.42,0.00000,0.47196,0.23598,0.29498,18.2429
35.43,0.00000,0.45514,0.22757,0.28446,18.3003
35.44,0.00000,0.43799,0.21900,0.27374,18.3120
35.45,0.00000,0.42047,0.21023,0.26279,18.2851
35.46,0.00000,0.40328,0.20164,0.25205,18.2261
35.47,0.00000,0.38570,0.19285,0.24107,18.1401
35.48,0.00000,0.36673,0.18337,0.22921,18.4156
35.49,0.00000,0.34799,0.17400,0.21749,18.6099
35.50,0.00000,0.32853,0.16427,0.20533,18.7364
35.51,0.00000,0.30820,0.15410,0.19263,18.8061
35.52,0.00000,0.28681,0.14341,0.17926,18.8283
35.53,0.00000,0.26410,0.13205,0.16506,18.8103
35.54,0.00000,0.24159,0.12080,0.15100,18.7585
35.55,0.00000,0.16159,0.08080,0.10100,18.6784
35.56,0.00000,0.08159,0.04080,0.05100,18.9711
35.57,0.03000,0.00159,0.00080,0.00100,19.1798
35.58,0.06000,0.00000,0.00000,0.00000,19.3188
35.59,0.09000,0.00000,0.00000,0.00000,19.3996
35.60,0.12000,0.00000,0.00000,0.00000,19.4320
35.61,0.15000,0.00000,0.00000,0.00000,19.4234
35.62,0.18000,0.00000,0.00000,0.00000,19.3807
35.63,0.20658,0.00000,0.00000,0.00000,19.3094
35.64,0.20658,0.00000,0.00000,0.00000,19.2145
35.65,0.20658,0.00000,0.00000,0.00000,19.5106
35.66,0.20658,0.00000,0.00000,0.00000,19.7231
35.67,0.20658,0.00000,0.00000,0.00000,19.8656
35.68,0.20658,0.00000,0.00000,0.00000,19.9496
35.69,0.20658,0.00000,0.00000,0.00000,19.9837
35.70,0.20658,0.00000,0.00000,0.00000,19.9753
35.71,0.20658,0.00000,0.00000,0.00000,19.9313
35.72,0.20658,0.00000,0.00000,0.00000,19.8572
35.73,0.20657,0.00000,0.00000,0.00000,20.1824
35.74,0.20657,0.00000,0.00000,0.00000,20.4172
35.75,0.20657,0.00000,0.00000,0.00000,20.5764
35.76,0.20657,0.00000,0.00000,0.00000,20.6721
35.77,0.20657,0.00000,0.00000,0.00000,20.7140
35.78,0.20657,0.00000,0.00000,0.00000,20.7097
35.79,0.20657,0.00000,0.00000,0.00000,20.6664
35.80,0.20657,0.00000,0.00000,0.00000,20.5903
35.81,0.20657,0.00000,0.00000,0.00000,20.9260
35.82,0.20657,0.00000,0.00000,0.00000,21.1669
35.83,0.20657,0.00000,0.00000,0.00000,21.3284
35.84,0.20657,0.00000,0.00000,0.00000,21.4235
35.85,0.20657,0.00000,0.00000,0.00000,21.4622
35.86,0.20657,0.00000,0.00000,0.00000,21.4522
35.87,0.20657,0.00000,0.00000,0.00000,21.4011
35.88,0.20657,0.00000,0.00000,0.00000,21.3153
35.89,0.20657,0.00000,0.00000,0.00000,21.6554
35.90,0.20657,0.00000,0.00000,0.00000,21.8968
35.91,0.20657,0.00000,0.00000,0.00000,22.0558
35.92,0.20657,0.00000,0.00000,0.00000,22.1455
35.93,0.20657,0.00000,0.00000,0.00000,22.1768
35.94,0.20657,0.00000,0.00000,0.00000,22.1572
35.95,0.20657,0.00000,0.00000,0.00000,22.0946
35.96,0.20657,0.00000,0.00000,0.00000,21.9959
35.97,0.20657,0.00000,0.00000,0.00000,21.8666
35.98,0.20657,0.00000,0.00000,0.00000,22.1851
35.99,0.20657,0.00000,0.00000,0.00000,22.4049
36.00,0.20657,0.00000,0.00000,0.00000,22.5422
36.01,0.20657,0.00000,0.00000,0.00000,22.6102
36.02,0.20657,0.00000,0.00000,0.00000,22.6178
36.03,0.20657,0.00000,0.00000,0.00000,22.5747
36.04,0.20657,0.00000,0.00000,0.00000,22.4889
36.05,0.20657,0.00000,0.00000,0.00000,22.3672
36.06,0.20657,0.00000,0.00000,0.00000,22.7061
36.07,0.20657,0.00000,0.00000,0.00000,22.9398
36.08,0.20657,0.00000,0.00000,0.00000,23.0854
36.09,0.20657,0.00000,0.00000,0.00000,23.1572
36.10,0.20657,0.00000,0.00000,0.00000,23.1649
36.11,0.20657,0.00000,0.00000,0.00000,23.1186
36.12,0.20657,0.00000,0.00000,0.00000,23.0268
36.13,0.20657,0.00000,0.00000,0.00000,22.8966
36.14,0.20657,0.00000,0.00000,0.00000,23.2428
36.15,0.20657,0.00000,0.00000,0.00000,23.4792
36.16,0.20657,0.00000,0.00000,0.00000,23.6238
36.17,0.20657,0.00000,0.00000,0.00000,23.6915
36.18,0.20657,0.00000,0.00000,0.00000,23.6927
36.19,0.20658,0.00000,0.00000,0.00000,23.6375
36.20,0.20658,0.00000,0.00000,0.00000,23.5350
36.21,0.20658,0.00000,0.00000,0.00000,23.3927
36.22,0.20658,0.00000,0.00000,0.00000,23.7410
36.23,0.20658,0.00000,0.00000,0.00000,23.9760
36.24,0.20658,0.00000,0.00000,0.00000,24.1161
36.25,0.20658,0.00000,0.00000,0.00000,24.1768
36.26,0.20658,0.00000,0.00000,0.00000,24.1690
36.27,0.20658,0.00000,0.00000,0.00000,24.1032
36.28,0.20658,0.00000,0.00000,0.00000,23.9887
36.29,0.20659,0.00000,0.00000,0.00000,23.8331
36.30,0.20659,0.00000,0.00000,0.00000,24.1740
36.31,0.20659,0.00000,0.00000,0.00000,24.3997
36.32,0.20659,0.00000,0.00000,0.00000,24.5290
36.33,0.20659,0.00000,0.00000,0.00000,24.5774
36.34,0.20660,0.00000,0.00000,0.00000,24.5565
36.35,0.20660,0.00000,0.00000,0.00000,24.4768
36.36,0.20660,0.00000,0.00000,0.00000,24.3476
36.37,0.20661,0.00000,0.00000,0.00000,24.1769
36.38,0.20661,0.00000,0.00000,0.00000,24.4975
36.39,0.20662,0.00000,0.00000,0.00000,24.7033
36.40,0.20662,0.00000,0.00000,0.00000,24.8130
36.41,0.20663,0.00000,0.00000,0.00000,24.8423
36.42,0.20663,0.00000,0.00000,0.00000,24.8027
36.43,0.20664,0.00000,0.00000,0.00000,24.7047
36.44,0.20665,0.00000,0.00000,0.00000,24.5576
36.45,0.20666,0.00000,0.00000,0.00000,24.3693
36.46,0.20667,0.00000,0.00000,0.00000,24.6620
36.47,0.20668,0.00000,0.00000,0.00000,24.8418
36.48,0.20669,0.00000,0.00000,0.00000,24.9274
36.49,0.20670,0.00000,0.00000,0.00000,24.9340
36.50,0.20670,0.00000,0.00000,0.00000,24.8730
36.51,0.20672,0.00000,0.00000,0.00000,24.7549
36.52,0.20674,0.00000,0.00000,0.00000,24.5889
36.53,0.20675,0.00000,0.00000,0.00000,24.3826
36.54,0.20677,0.00000,0.00000,0.00000,24.1425
36.55,0.20679,0.00000,0.00000,0.00000,24.3792
36.56,0.20681,0.00000,0.00000,0.00000,24.5100
36.57,0.20682,0.00000,0.00000,0.00000,24.5525
36.58,0.20684,0.00000,0.00000,0.00000,24.5198
36.59,0.20687,0.00000,0.00000,0.00000,24.4238
36.60,0.20690,0.00000,0.00000,0.00000,24.2748
36.61,0.20692,0.00000,0.00000,0.00000,24.0814
36.62,0.20695,0.00000,0.00000,0.00000,23.8506
36.63,0.20698,0.00000,0.00000,0.00000,24.0817
36.64,0.20701,0.00000,0.00000,0.00000,24.2066
36.65,0.20704,0.00000,0.00000,0.00000,24.2428
36.66,0.20707,0.00000,0.00000,0.00000,24.2040
36.67,0.20711,0.00000,0.00000,0.00000,24.1019
36.68,0.20715,0.00000,0.00000,0.00000,23.9469
36.69,0.20720,0.00000,0.00000,0.00000,23.7475
36.70,0.20724,0.00000,0.00000,0.00000,23.5111
36.71,0.20729,0.00000,0.00000,0.00000,23.7245
36.72,0.20733,0.00000,0.00000,0.00000,23.8339
36.73,0.20737,0.00000,0.00000,0.00000,23.8564
36.74,0.20742,0.00000,0.00000,0.00000,23.8055
36.75,0.20747,0.00000,0.00000,0.00000,23.6927
36.76,0.20754,0.00000,0.00000,0.00000,23.5284
36.77,0.20760,0.00000,0.00000,0.00000,23.3207
36.78,0.20766,0.00000,0.00000,0.00000,23.0769
36.79,0.20772,0.00000,0.00000,0.00000,23.2718
36.80,0.20779,0.00000,0.00000,0.00000,23.3653
36.81,0.20785,0.00000,0.00000,0.00000,23.3742
36.82,0.20791,0.00000,0.00000,0.00000,23.3116
36.83,0.20799,0.00000,0.00000,0.00000,23.1891
36.84,0.20807,0.00000,0.00000,0.00000,23.0164
36.85,0.20815,0.00000,0.00000,0.00000,22.8017
36.86,0.20823,0.00000,0.00000,0.00000,22.5520
36.87,0.20832,0.00000,0.00000,0.00000,22.7315
36.88,0.20840,0.00000,0.00000,0.00000,22.8121
36.89,0.20848,0.00000,0.00000,0.00000,22.8103
36.90,0.21938,0.00000,0.00000,0.00000,22.7389
36.91,0.23339,0.00000,0.00000,0.00000,22.6094
36.92,0.25020,0.00000,0.00000,0.00000,22.4314
36.93,0.26913,0.00000,0.00000,0.00000,22.2130
36.94,0.28786,0.00000,0.00000,0.00000,21.9610
36.95,0.30700,0.00000,0.00000,0.00000,22.1296
36.96,0.32535,0.00000,0.00000,0.00000,22.2022
36.97,0.34354,0.00000,0.00000,0.00000,22.1950
36.98,0.34687,0.00000,0.00000,0.00000,22.1207
36.99,0.34744,0.00000,0.00000,0.00000,21.9905
37.00,0.34805,0.00000,0.00000,0.00000,21.8134
37.01,0.34866,0.00000,0.00000,0.00000,21.5971
37.02,0.34927,0.00000,0.00000,0.00000,21.3482
37.03,0.34989,0.00000,0.00000,0.00000,21.5062
37.04,0.35050,0.00000,0.00000,0.00000,21.5709
37.05,0.35111,0.00000,0.00000,0.00000,21.5579
37.06,0.35172,0.00000,0.00000,0.00000,21.4797
37.07,0.35239,0.00000,0.00000,0.00000,21.3469
37.08,0.35309,0.00000,0.00000,0.00000,21.1686
37.09,0.35379,0.00000,0.00000,0.00000,20.9523
37.10,0.35449,0.00000,0.00000,0.00000,20.7042
37.11,0.35520,0.00000,0.00000,0.00000,20.8449
37.12,0.35590,0.00000,0.00000,0.00000,20.8960
37.13,0.35660,0.00000,0.00000,0.00000,20.8725
37.14,0.35731,0.00000,0.00000,0.00000,20.7866
37.15,0.35806,0.00000,0.00000,0.00000,20.6485
37.16,0.35885,0.00000,0.00000,0.00000,20.4669
37.17,0.35963,0.00000,0.00000,0.00000,20.2490
37.18,0.36042,0.00000,0.00000,0.00000,20.0006
37.19,0.36120,0.00000,0.00000,0.00000,20.1210
37.20,0.36199,0.00000,0.00000,0.00000,20.1564
37.21,0.36277,0.00000,0.00000,0.00000,20.1208
37.22,0.36356,0.00000,0.00000,0.00000,20.0262
37.23,0.36439,0.00000,0.00000,0.00000,19.8822
37.24,0.36525,0.00000,0.00000,0.00000,19.6970
37.25,0.36611,0.00000,0.00000,0.00000,19.4775
37.26,0.36696,0.00000,0.00000,0.00000,19.2292
37.27,0.36781,0.00000,0.00000,0.00000,19.3296
37.28,0.36867,0.00000,0.00000,0.00000,19.3496
37.29,0.36953,0.00000,0.00000,0.00000,19.3028
37.30,0.37039,0.00000,0.00000,0.00000,19.2004
37.31,0.37129,0.00000,0.00000,0.00000,19.0515
37.32,0.37221,0.00000,0.00000,0.00000,18.8639
37.33,0.37312,0.00000,0.00000,0.00000,18.6439
37.34,0.37404,0.00000,0.00000,0.00000,18.3970
37.35,0.37495,0.00000,0.00000,0.00000,18.4800
37.36,0.37587,0.00000,0.00000,0.00000,18.4872
37.37,0.37678,0.00000,0.00000,0.00000,18.4316
37.38,0.37770,0.00000,0.00000,0.00000,18.3237
37.39,0.37867,0.00000,0.00000,0.00000,18.1722
37.40,0.37963,0.00000,0.00000,0.00000,17.9842
37.41,0.38060,0.00000,0.00000,0.00000,17.7659
37.42,0.38155,0.00000,0.00000,0.00000,17.8538
37.43,0.38251,0.00000,0.00000,0.00000,17.8669
37.44,0.38348,0.00000,0.00000,0.00000,17.8179
37.45,0.38445,0.00000,0.00000,0.00000,17.7174
37.46,0.38542,0.00000,0.00000,0.00000,17.5740
37.47,0.38642,0.00000,0.00000,0.00000,17.3947
37.48,0.38742,0.00000,0.00000,0.00000,17.1856
37.49,0.38843,0.00000,0.00000,0.00000,16.9516
37.50,0.38941,0.00000,0.00000,0.00000,17.0096
37.51,0.39041,0.00000,0.00000,0.00000,16.9997
37.52,0.39142,0.00000,0.00000,0.00000,16.9337
37.53,0.39242,0.00000,0.00000,0.00000,16.8211
37.54,0.39344,0.00000,0.00000,0.00000,16.6696
37.55,0.39447,0.00000,0.00000,0.00000,16.4858
37.56,0.39549,0.00000,0.00000,0.00000,16.2750
37.57,0.39652,0.00000,0.00000,0.00000,16.0417
37.58,0.39753,0.00000,0.00000,0.00000,16.0844
37.59,0.39856,0.00000,0.00000,0.00000,16.0642
37.60,0.39959,0.00000,0.00000,0.00000,15.9919
37.61,0.40156,0.00000,0.00000,0.00000,15.8763
37.62,0.40415,0.00000,0.00000,0.00000,15.7247
37.63,0.40676,0.00000,0.00000,0.00000,15.5431
37.64,0.40937,0.00000,0.00000,0.00000,15.3364
37.65,0.41199,0.00000,0.00000,0.00000,15.1090
37.66,0.41454,0.00000,0.00000,0.00000,15.1418
37.67,0.41715,0.00000,0.00000,0.00000,15.1159
37.68,0.41977,0.00000,0.00000,0.00000,15.0415
37.69,0.42239,0.00000,0.00000,0.00000,14.9266
37.70,0.42501,0.00000,0.00000,0.00000,14.7780
37.71,0.42763,0.00000,0.00000,0.00000,14.6014
37.72,0.43026,0.00000,0.00000,0.00000,14.4016
37.73,0.43282,0.00000,0.00000,0.00000,14.4419
37.74,0.43545,0.00000,0.00000,0.00000,14.4243
37.75,0.43808,0.00000,0.00000,0.00000,14.3592
37.76,0.44071,0.00000,0.00000,0.00000,14.2545
37.77,0.44334,0.00000,0.00000,0.00000,14.1168
37.78,0.44596,0.00000,0.00000,0.00000,13.9517
37.79,0.44857,0.00000,0.00000,0.00000,13.7637
37.80,0.45119,0.00000,0.00000,0.00000,13.5568
37.81,0.45374,0.00000,0.00000,0.00000,13.5777
37.82,0.45636,0.00000,0.00000,0.00000,13.5469
37.83,0.45898,0.00000,0.00000,0.00000,13.4732
37.84,0.46161,0.00000,0.00000,0.00000,13.3636
37.85,0.46421,0.00000,0.00000,0.00000,13.2244
37.86,0.46680,0.00000,0.00000,0.00000,13.0603
37.87,0.46939,0.00000,0.00000,0.00000,12.8758
37.88,0.47198,0.00000,0.00000,0.00000,12.6742
37.89,0.47450,0.00000,0.00000,0.00000,12.6872
37.90,0.47709,0.00000,0.00000,0.00000,12.6523
37.91,0.47969,0.00000,0.00000,0.00000,12.5776
37.92,0.48228,0.00000,0.00000,0.00000,12.4697
37.93,0.48482,0.00000,0.00000,0.00000,12.3343
37.94,0.48736,0.00000,0.00000,0.00000,12.1759
37.95,0.48991,0.00000,0.00000,0.00000,11.9985
37.96,0.49238,0.00000,0.00000,0.00000,12.0185
37.97,0.49493,0.00000,0.00000,0.00000,11.9916
37.98,0.49748,0.00000,0.00000,0.00000,11.9258
37.99,0.50003,0.00000,0.00000,0.00000,11.8277
38.00,0.50254,0.00000,0.00000,0.00000,11.7026
38.01,0.50502,0.00000,0.00000,0.00000,11.5551
38.02,0.50751,0.00000,0.00000,0.00000,11.3890
38.03,0.50999,0.00000,0.00000,0.00000,11.2075
38.04,0.51241,0.00000,0.00000,0.00000,11.2132
38.05,0.51490,0.00000,0.00000,0.00000,11.1765
38.06,0.51739,0.00000,0.00000,0.00000,11.1048
38.07,0.51987,0.00000,0.00000,0.00000,11.0039
38.08,0.52228,0.00000,0.00000,0.00000,10.8787
38.09,0.52469,0.00000,0.00000,0.00000,10.7333
38.10,0.52710,0.00000,0.00000,0.00000,10.5712
38.11,0.52945,0.00000,0.00000,0.00000,10.5812
38.12,0.53187,0.00000,0.00000,0.00000,10.5503
38.13,0.53428,0.00000,0.00000,0.00000,10.4853
38.14,0.53670,0.00000,0.00000,0.00000,10.3919
38.15,0.53906,0.00000,0.00000,0.00000,10.2750
38.16,0.54139,0.00000,0.00000,0.00000,10.1385
38.17,0.54372,0.00000,0.00000,0.00000,9.9857
38.18,0.54599,0.00000,0.00000,0.00000,9.9925
38.19,0.54832,0.00000,0.00000,0.00000,9.9606
38.20,0.55074,0.00000,0.00000,0.00000,9.8966
38.21,0.55337,0.00000,0.00000,0.00000,9.8058
38.22,0.55597,0.00000,0.00000,0.00000,9.6928
38.23,0.55849,0.00000,0.00000,0.00000,9.5613
38.24,0.56101,0.00000,0.00000,0.00000,9.4145
38.25,0.56354,0.00000,0.00000,0.00000,9.2552
38.26,0.56601,0.00000,0.00000,0.00000,9.2472
38.27,0.56854,0.00000,0.00000,0.00000,9.2047
38.28,0.57107,0.00000,0.00000,0.00000,9.1334
38.29,0.57360,0.00000,0.00000,0.00000,9.0383
38.30,0.57602,0.00000,0.00000,0.00000,8.9234
38.31,0.57845,0.00000,0.00000,0.00000,8.7921
38.32,0.58087,0.00000,0.00000,0.00000,8.6473
38.33,0.58324,0.00000,0.00000,0.00000,8.6418
38.34,0.58567,0.00000,0.00000,0.00000,8.6028
38.35,0.58811,0.00000,0.00000,0.00000,8.5360
38.36,0.59054,0.00000,0.00000,0.00000,8.4461
38.37,0.59289,0.00000,0.00000,0.00000,8.3370
38.38,0.59521,0.00000,0.00000,0.00000,8.2119
38.39,0.59753,0.00000,0.00000,0.00000,8.0738
38.40,0.59980,0.00000,0.00000,0.00000,8.0647
38.41,0.60213,0.00000,0.00000,0.00000,8.0241
38.42,0.60446,0.00000,0.00000,0.00000,7.9572
38.43,0.60680,0.00000,0.00000,0.00000,7.8685
38.44,0.60906,0.00000,0.00000,0.00000,7.7616
38.45,0.61127,0.00000,0.00000,0.00000,7.6398
38.46,0.61349,0.00000,0.00000,0.00000,7.5055
38.47,0.61566,0.00000,0.00000,0.00000,7.4916
38.48,0.61788,0.00000,0.00000,0.00000,7.4480
38.49,0.62010,0.00000,0.00000,0.00000,7.3797
38.50,0.62233,0.00000,0.00000,0.00000,7.2910
38.51,0.62449,0.00000,0.00000,0.00000,7.1853
38.52,0.62657,0.00000,0.00000,0.00000,7.0655
38.53,0.62866,0.00000,0.00000,0.00000,6.9340
38.54,0.63075,0.00000,0.00000,0.00000,6.7928
38.55,0.63280,0.00000,0.00000,0.00000,6.7672
38.56,0.63490,0.00000,0.00000,0.00000,6.7150
38.57,0.63700,0.00000,0.00000,0.00000,6.6406
38.58,0.63902,0.00000,0.00000,0.00000,6.5480
38.59,0.64092,0.00000,0.00000,0.00000,6.4401
38.60,0.64283,0.00000,0.00000,0.00000,6.3195
38.61,0.64474,0.00000,0.00000,0.00000,6.1884
38.62,0.64661,0.00000,0.00000,0.00000,6.1661
38.63,0.64852,0.00000,0.00000,0.00000,6.1176
38.64,0.65044,0.00000,0.00000,0.00000,6.0474
38.65,0.65224,0.00000,0.00000,0.00000,5.9592
38.66,0.65384,0.00000,0.00000,0.00000,5.8559
38.67,0.65545,0.00000,0.00000,0.00000,5.7400
38.68,0.65706,0.00000,0.00000,0.00000,5.6138
38.69,0.65620,0.00000,0.00000,0.00000,5.5913
38.70,0.59620,0.00000,0.00000,0.00000,5.5436
38.71,0.53620,0.00000,0.00000,0.00000,5.4749
38.72,0.47620,0.00000,0.00000,0.00000,5.3887
38.73,0.43813,0.00000,0.00000,0.00000,5.2880
38.74,0.43850,0.00000,0.00000,0.00000,5.1751
38.75,0.43887,0.00000,0.00000,0.00000,5.0522
38.76,0.37887,0.06400,0.03200,0.04000,5.0270
38.77,0.31887,0.12800,0.06400,0.08000,4.9778
38.78,0.25887,0.19200,0.09600,0.12000,4.9089
38.79,0.19887,0.25600,0.12800,0.16000,4.8235
38.80,0.13887,0.32000,0.16000,0.20000,4.7243
38.81,0.07887,0.38400,0.19200,0.24000,4.6137
38.82,0.01887,0.44800,0.22400,0.28000,4.5902
38.83,0.00000,0.51200,0.25600,0.32000,4.5434
38.84,0.00000,0.57600,0.28800,0.36000,4.4775
38.85,0.00000,0.64000,0.32000,0.40000,4.3957
38.86,0.00000,0.66400,0.33200,0.44000,4.3011
38.87,0.00000,0.68016,0.34008,0.46693,4.1955
38.88,0.00000,0.68299,0.34150,0.47165,4.0809
38.89,0.00000,0.68565,0.34282,0.47608,4.0446
38.90,0.00000,0.68833,0.34416,0.48055,3.9885
38.91,0.00000,0.69094,0.34547,0.48490,3.9162
38.92,0.00000,0.69356,0.34678,0.48927,3.8305
38.93,0.00000,0.69617,0.34809,0.49362,3.7338
38.94,0.00000,0.69871,0.34936,0.49786,3.6281
38.95,0.00000,0.70118,0.35059,0.50197,3.5147
38.96,0.00000,0.70350,0.35175,0.50583,3.4690
38.97,0.00000,0.70584,0.35292,0.50973,3.4065
38.98,0.00000,0.70811,0.35406,0.51352,3.3301
38.99,0.00000,0.71038,0.35519,0.51729,3.2423
39.00,0.00000,0.71267,0.35634,0.52112,3.1453
39.01,0.00000,0.71490,0.35745,0.52484,3.0408
39.02,0.00000,0.71707,0.35854,0.52846,2.9299
39.03,0.00000,0.71918,0.35959,0.53197,2.8137
39.04,0.00000,0.72116,0.36058,0.53527,2.7564
39.05,0.00000,0.72315,0.36158,0.53859,2.6856
39.06,0.00000,0.72510,0.36255,0.54183,2.6040
39.07,0.00000,0.72713,0.36357,0.54522,2.5134
39.08,0.00000,0.72911,0.36455,0.54851,2.4157
39.09,0.00000,0.73103,0.36551,0.55171,2.3123
39.10,0.00000,0.73289,0.36645,0.55482,2.2036
39.11,0.00000,0.73464,0.36732,0.55774,2.1436
39.12,0.00000,0.73640,0.36820,0.56067,2.0720
39.13,0.00000,0.73811,0.36905,0.56352,1.9909
39.14,0.00000,0.73986,0.36993,0.56644,1.9022
39.15,0.00000,0.74162,0.37081,0.56937,1.8074
39.16,0.00000,0.74333,0.37167,0.57222,1.7078
39.17,0.00000,0.74499,0.37250,0.57499,1.6042
39.18,0.00000,0.74655,0.37328,0.57758,1.5399
39.19,0.00000,0.74811,0.37406,0.58019,1.4659
39.20,0.00000,0.74963,0.37481,0.58271,1.3840
39.21,0.00000,0.75111,0.37555,0.58518,1.2959
39.22,0.00000,0.75269,0.37634,0.58781,1.2028
39.23,0.00000,0.75422,0.37711,0.59037,1.1060
39.24,0.00000,0.75571,0.37785,0.59285,1.0062
39.25,0.00000,0.75711,0.37855,0.59518,0.9374
39.26,0.00000,0.75850,0.37925,0.59751,0.8606
39.27,0.00000,0.75985,0.37993,0.59976,0.7775
39.28,0.00000,0.76116,0.38058,0.60194,0.6895
39.29,0.00000,0.76249,0.38125,0.60416,0.5976
39.30,0.00000,0.76388,0.38194,0.60647,0.5028
39.31,0.00000,0.76522,0.38261,0.60870,0.4059
39.32,0.00000,0.76652,0.38326,0.61086,0.3076
39.33,0.00000,0.76774,0.38387,0.61291,0.2322
39.34,0.00000,0.76896,0.38448,0.61493,0.1512
39.35,0.00000,0.77013,0.38507,0.61689,0.0657
39.36,0.00000,0.77126,0.38563,0.61877,-0.0230
39.37,0.00000,0.77246,0.38623,0.62076,-0.1143
39.38,0.00000,0.77368,0.38684,0.62280,-0.2073
39.39,0.00000,0.77486,0.38743,0.62476,-0.3013
39.40,0.00000,0.77598,0.38799,0.62663,-0.3813
39.41,0.00000,0.77708,0.38854,0.62846,-0.4639
39.42,0.00000,0.77814,0.38907,0.63023,-0.5496
39.43,0.00000,0.77916,0.38958,0.63193,-0.6379
39.44,0.00000,0.78014,0.39007,0.63357,-0.7280
39.45,0.00000,0.78120,0.39060,0.63533,-0.8193
39.46,0.00000,0.78228,0.39114,0.63714,-0.9111
39.47,0.00000,0.78333,0.39166,0.63888,-1.0032
39.48,0.00000,0.78433,0.39216,0.64054,-1.0898
39.49,0.00000,0.78529,0.39265,0.64215,-1.1767
39.50,0.00000,0.78622,0.39311,0.64370,-1.2642
39.51,0.00000,0.78712,0.39356,0.64519,-1.3531
39.52,0.00000,0.78797,0.39399,0.64662,-1.4428
39.53,0.00000,0.78889,0.39444,0.64815,-1.5327
39.54,0.00000,0.78986,0.39493,0.64976,-1.6225
39.55,0.00000,0.79079,0.39539,0.65131,-1.7119
39.56,0.00000,0.79169,0.39584,0.65281,-1.8052
39.57,0.00000,0.79254,0.39627,0.65424,-1.8966
39.58,0.00000,0.79336,0.39668,0.65561,-1.9863
39.59,0.00000,0.79415,0.39707,0.65692,-2.0753
39.60,0.00000,0.79490,0.39745,0.65817,-2.1644
39.61,0.00000,0.79566,0.39783,0.65943,-2.2530
39.62,0.00000,0.79653,0.39827,0.66088,-2.3409
39.63,0.00000,0.79737,0.39868,0.66228,-2.4278
39.64,0.00000,0.79819,0.39909,0.66365,-2.5286
39.65,0.00000,0.79895,0.39948,0.66492,-2.6255
39.66,0.00000,0.79968,0.39984,0.66614,-2.7187
39.67,0.00000,0.80038,0.40019,0.66730,-2.8084
39.68,0.00000,0.80104,0.40052,0.66841,-2.8966
39.69,0.00000,0.80167,0.40084,0.66946,-2.9839
39.70,0.00000,0.80241,0.40121,0.67069,-3.0698
39.71,0.00000,0.80318,0.40159,0.67196,-3.1543
39.72,0.00000,0.80394,0.40197,0.67323,-3.2636
39.73,0.00000,0.80463,0.40232,0.67438,-3.3668
39.74,0.00000,0.80529,0.40264,0.67548,-3.4645
39.75,0.00000,0.80591,0.40296,0.67652,-3.5571
39.76,0.00000,0.80650,0.40325,0.67750,-3.6450
39.77,0.00000,0.80706,0.40353,0.67844,-3.7301
39.78,0.00000,0.80759,0.40380,0.67932,-3.8136
39.79,0.00000,0.80830,0.40415,0.68050,-3.8952
39.80,0.00000,0.80897,0.40448,0.68161,-3.9749
39.81,0.00000,0.80966,0.40483,0.68276,-4.0913
39.82,0.00000,0.81026,0.40513,0.68376,-4.1992
39.83,0.00000,0.81083,0.40541,0.68471,-4.2996
39.84,0.00000,0.81136,0.40568,0.68560,-4.3931
39.85,0.00000,0.81186,0.40593,0.68644,-4.4805
39.86,0.00000,0.81233,0.40617,0.68722,-4.5627
39.87,0.00000,0.81279,0.40640,0.68799,-4.6425
39.88,0.00000,0.81343,0.40671,0.68904,-4.7197
39.89,0.00000,0.81410,0.40705,0.69016,-4.8468
39.90,0.00000,0.81466,0.40733,0.69109,-4.9628
39.91,0.00000,0.81518,0.40759,0.69197,-5.0690
39.92,0.00000,0.81568,0.40784,0.69280,-5.1665
39.93,0.00000,0.81614,0.40807,0.69357,-5.2562
39.94,0.00000,0.81657,0.40828,0.69428,-5.3390
39.95,0.00000,0.81697,0.40848,0.69495,-5.4154
39.96,0.00000,0.81734,0.40867,0.69556,-5.4872
39.97,0.00000,0.81789,0.40895,0.69649,-5.5563
39.98,0.00000,0.81853,0.40927,0.69755,-5.6903
39.99,0.00000,0.81903,0.40952,0.69839,-5.8105
40.00,0.00000,0.81950,0.40975,0.69917,-5.9186
40.01,0.00000,0.81994,0.40997,0.69990,-6.0160
40.02,0.00000,0.82034,0.41017,0.70057,-6.1040
40.03,0.00000,0.82072,0.41036,0.70119,-6.1837
40.04,0.00000,0.82106,0.41053,0.70176,-6.2558
40.05,0.00000,0.82137,0.41068,0.70228,-6.3210
40.06,0.00000,0.82177,0.41088,0.70295,-6.3811
40.07,0.00000,0.82240,0.41120,0.70401,-6.5232
40.08,0.00000,0.82287,0.41143,0.70478,-6.6482
40.09,0.00000,0.82329,0.41165,0.70549,-6.7583
40.10,0.00000,0.82369,0.41184,0.70615,-6.8554
40.11,0.00000,0.82405,0.41202,0.70675,-6.9412
40.12,0.00000,0.82438,0.41219,0.70730,-7.0170
40.13,0.00000,0.82468,0.41234,0.70779,-7.0838
40.14,0.00000,0.82494,0.41247,0.70824,-7.1425
40.15,0.00000,0.82518,0.41259,0.70863,-7.1940
40.16,0.00000,0.82559,0.41279,0.70931,-7.2390
40.17,0.00000,0.82621,0.41310,0.71035,-7.3860
40.18,0.00000,0.82661,0.41331,0.71102,-7.5120
40.19,0.00000,0.82698,0.41349,0.71163,-7.6201
40.20,0.00000,0.82731,0.41366,0.71219,-7.7125
40.21,0.00000,0.82762,0.41381,0.71269,-7.7914
40.22,0.00000,0.82789,0.41394,0.71314,-7.8584
40.23,0.00000,0.82812,0.41406,0.71354,-7.9149
40.24,0.00000,0.82833,0.41416,0.71388,-7.9620
40.25,0.00000,0.82851,0.41425,0.71418,-8.0008
40.26,0.00000,0.82734,0.41367,0.71223,-8.1609
40.27,0.00000,0.82535,0.41267,0.70891,-8.2940
40.28,0.00000,0.82338,0.41169,0.70564,-8.4051
40.29,0.00000,0.82145,0.41073,0.70242,-8.4975
40.30,0.00000,0.81954,0.40977,0.69924,-8.5736
40.31,0.00000,0.81766,0.40883,0.69611,-8.6357
40.32,0.00000,0.81581,0.40790,0.69302,-8.6856
40.33,0.00000,0.81398,0.40699,0.68997,-8.7248
40.34,0.00000,0.81218,0.40609,0.68697,-8.7545
40.35,0.00000,0.81040,0.40520,0.68400,-8.7760
40.36,0.00000,0.80703,0.40351,0.67838,-8.9467
40.37,0.00000,0.79973,0.39986,0.66621,-9.0854
40.38,0.00000,0.79251,0.39626,0.65419,-9.1974
40.39,0.00000,0.78539,0.39269,0.64232,-9.2878
40.40,0.00000,0.77835,0.38918,0.63059,-9.3597
40.41,0.00000,0.77140,0.38570,0.61900,-9.4161
40.42,0.00000,0.76454,0.38227,0.60756,-9.4591
40.43,0.00000,0.75775,0.37888,0.59625,-9.4906
40.44,0.00000,0.75105,0.37552,0.58508,-9.5124
40.45,0.00000,0.74442,0.37221,0.57404,-9.5258
40.46,0.00000,0.73775,0.36888,0.56292,-9.7214
40.47,0.00000,0.72902,0.36451,0.54837,-9.8800
40.48,0.00000,0.71913,0.35956,0.53188,-10.0076
40.49,0.00000,0.70927,0.35464,0.51545,-10.1091
40.50,0.00000,0.69945,0.34972,0.49908,-10.1891
40.51,0.00000,0.68965,0.34482,0.48274,-10.2511
40.52,0.00000,0.67987,0.33993,0.46644,-10.2978
40.53,0.00000,0.67010,0.33505,0.45017,-10.3317
40.54,0.00000,0.66035,0.33017,0.43391,-10.3548
40.55,0.00000,0.65060,0.32530,0.41766,-10.3686
40.56,0.00000,0.64084,0.32042,0.40141,-10.3747
40.57,0.00000,0.62260,0.31130,0.38913,-10.6039
40.58,0.00000,0.60611,0.30306,0.37882,-10.7902
40.59,0.00000,0.58984,0.29492,0.36865,-10.9408
40.60,0.00000,0.57345,0.28672,0.35840,-11.0613
40.61,0.00000,0.55691,0.27845,0.34807,-11.1562
40.62,0.00000,0.54020,0.27010,0.33762,-11.2296
40.63,0.00000,0.52329,0.26165,0.32706,-11.2848
40.64,0.00000,0.50617,0.25308,0.31635,-11.3246
40.65,0.00000,0.48878,0.24439,0.30549,-11.3514
40.66,0.00000,0.47111,0.23555,0.29444,-11.3672
40.67,0.00000,0.45165,0.22582,0.28228,-11.6506
40.68,0.00000,0.43320,0.21660,0.27075,-11.8811
40.69,0.00000,0.41738,0.20869,0.26087,-12.0675
40.70,0.00000,0.40138,0.20069,0.25086,-12.2168
40.71,0.00000,0.38501,0.19251,0.24063,-12.3349
40.72,0.00000,0.36823,0.18412,0.23014,-12.4258
40.73,0.00000,0.35096,0.17548,0.21935,-12.4933
40.74,0.00000,0.33312,0.16656,0.20820,-12.5411
40.75,0.00000,0.31461,0.15731,0.19663,-12.5722
40.76,0.00000,0.29529,0.14764,0.18455,-12.5892
40.77,0.00000,0.27497,0.13749,0.17186,-12.5940
40.78,0.00000,0.25090,0.12545,0.15681,-12.9240
40.79,0.00000,0.22808,0.11404,0.14255,-13.1908
40.80,0.00000,0.14808,0.07404,0.09255,-13.4048
40.81,0.00000,0.06808,0.03404,0.04255,-13.5748
40.82,0.03000,0.00000,0.00000,0.00000,-13.7078
40.83,0.06000,0.00000,0.00000,0.00000,-13.8086
40.84,0.09000,0.00000,0.00000,0.00000,-13.8822
40.85,0.12000,0.00000,0.00000,0.00000,-13.9332
40.86,0.15000,0.00000,0.00000,0.00000,-13.9656
40.87,0.18000,0.00000,0.00000,0.00000,-13.9827
40.88,0.20000,0.00000,0.00000,0.00000,-13.9874
40.89,0.20000,0.00000,0.00000,0.00000,-14.3874
40.90,0.20000,0.00000,0.00000,0.00000,-14.7127
40.91,0.20000,0.00000,0.00000,0.00000,-14.9755
40.92,0.20000,0.00000,0.00000,0.00000,-15.1857
40.93,0.20000,0.00000,0.00000,0.00000,-15.3511
40.94,0.20000,0.00000,0.00000,0.00000,-15.4761
40.95,0.20000,0.00000,0.00000,0.00000,-15.5668
40.96,0.20000,0.00000,0.00000,0.00000,-15.6285
40.97,0.20000,0.00000,0.00000,0.00000,-15.6656
40.98,0.20000,0.00000,0.00000,0.00000,-15.6816
40.99,0.20000,0.00000,0.00000,0.00000,-15.6796
41.00,0.20000,0.00000,0.00000,0.00000,-16.1535
41.01,0.20000,0.00000,0.00000,0.00000,-16.5346
41.02,0.20000,0.00000,0.00000,0.00000,-16.8378
41.03,0.20000,0.00000,0.00000,0.00000,-17.0757
41.04,0.20000,0.00000,0.00000,0.00000,-17.2557
41.05,0.20000,0.00000,0.00000,0.00000,-17.3858
41.06,0.20000,0.00000,0.00000,0.00000,-17.4737
41.07,0.20000,0.00000,0.00000,0.00000,-17.5259
41.08,0.20000,0.00000,0.00000,0.00000,-17.5476
41.09,0.20000,0.00000,0.00000,0.00000,-17.5435
41.10,0.20000,0.00000,0.00000,0.00000,-18.1051
41.11,0.20000,0.00000,0.00000,0.00000,-18.5527
41.12,0.20000,0.00000,0.00000,0.00000,-18.9045
41.13,0.20000,0.00000,0.00000,0.00000,-19.1759
41.14,0.20000,0.00000,0.00000,0.00000,-19.3779
41.15,0.20000,0.00000,0.00000,0.00000,-19.5186
41.16,0.20000,0.00000,0.00000,0.00000,-19.6075
41.17,0.20000,0.00000,0.00000,0.00000,-19.6525
41.18,0.20000,0.00000,0.00000,0.00000,-19.6604
41.19,0.20000,0.00000,0.00000,0.00000,-19.6366
41.20,0.20000,0.00000,0.00000,0.00000,-19.5859
41.21,0.20000,0.00000,0.00000,0.00000,-20.2029
41.22,0.20000,0.00000,0.00000,0.00000,-20.6883
41.23,0.20000,0.00000,0.00000,0.00000,-21.0635
41.24,0.20000,0.00000,0.00000,0.00000,-21.3451
41.25,0.20000,0.00000,0.00000,0.00000,-21.5443
41.26,0.20000,0.00000,0.00000,0.00000,-21.6740
41.27,0.20000,0.00000,0.00000,0.00000,-21.7449
41.28,0.20000,0.00000,0.00000,0.00000,-21.7663
41.29,0.20000,0.00000,0.00000,0.00000,-21.7455
41.30,0.20000,0.00000,0.00000,0.00000,-21.6891
41.31,0.20000,0.00000,0.00000,0.00000,-22.3717
41.32,0.20000,0.00000,0.00000,0.00000,-22.9037
41.33,0.20000,0.00000,0.00000,0.00000,-23.3095
41.34,0.20000,0.00000,0.00000,0.00000,-23.6091
41.35,0.20000,0.00000,0.00000,0.00000,-23.8148
41.36,0.20000,0.00000,0.00000,0.00000,-23.9414
41.37,0.20000,0.00000,0.00000,0.00000,-24.0014
41.38,0.20000,0.00000,0.00000,0.00000,-24.0050
41.39,0.20000,0.00000,0.00000,0.00000,-23.9608
41.40,0.20000,0.00000,0.00000,0.00000,-23.8761
41.41,0.20000,0.00000,0.00000,0.00000,-24.5608
41.42,0.20000,0.00000,0.00000,0.00000,-25.0859
41.43,0.20000,0.00000,0.00000,0.00000,-25.4772
41.44,0.20000,0.00000,0.00000,0.00000,-25.7563
41.45,0.20000,0.00000,0.00000,0.00000,-25.9364
41.46,0.20000,0.00000,0.00000,0.00000,-26.0333
41.47,0.20000,0.00000,0.00000,0.00000,-26.0599
41.48,0.20000,0.00000,0.00000,0.00000,-26.0271
41.49,0.20000,0.00000,0.00000,0.00000,-25.9440
41.50,0.20000,0.00000,0.00000,0.00000,-25.8184
41.51,0.20000,0.00000,0.00000,0.00000,-26.4486
41.52,0.20000,0.00000,0.00000,0.00000,-26.9197
41.53,0.20000,0.00000,0.00000,0.00000,-27.2576
41.54,0.20000,0.00000,0.00000,0.00000,-27.4836
41.55,0.20000,0.00000,0.00000,0.00000,-27.6117
41.56,0.20000,0.00000,0.00000,0.00000,-27.6573
41.57,0.20000,0.00000,0.00000,0.00000,-27.6332
41.58,0.20000,0.00000,0.00000,0.00000,-27.5504
41.59,0.20000,0.00000,0.00000,0.00000,-27.4179
41.60,0.20000,0.00000,0.00000,0.00000,-27.2435
41.61,0.20000,0.00000,0.00000,0.00000,-27.0335
41.62,0.20000,0.00000,0.00000,0.00000,-27.5279
41.63,0.20000,0.00000,0.00000,0.00000,-27.8985
41.64,0.20000,0.00000,0.00000,0.00000,-28.1448
41.65,0.20000,0.00000,0.00000,0.00000,-28.2835
41.66,0.20000,0.00000,0.00000,0.00000,-28.3319
41.67,0.20000,0.00000,0.00000,0.00000,-28.3042
41.68,0.20000,0.00000,0.00000,0.00000,-28.2126
41.69,0.20000,0.00000,0.00000,0.00000,-28.0671
41.70,0.20000,0.00000,0.00000,0.00000,-27.8763
41.71,0.20000,0.00000,0.00000,0.00000,-27.6471
41.72,0.20000,0.00000,0.00000,0.00000,-28.0393
41.73,0.20000,0.00000,0.00000,0.00000,-28.3563
41.74,0.20000,0.00000,0.00000,0.00000,-28.5526
41.75,0.20000,0.00000,0.00000,0.00000,-28.6451
41.76,0.20000,0.00000,0.00000,0.00000,-28.6503
41.77,0.20000,0.00000,0.00000,0.00000,-28.5824
41.78,0.20000,0.00000,0.00000,0.00000,-28.4529
41.79,0.20000,0.00000,0.00000,0.00000,-28.2716
41.80,0.20000,0.00000,0.00000,0.00000,-28.0468
41.81,0.20000,0.00000,0.00000,0.00000,-27.7853
41.82,0.20000,0.00000,0.00000,0.00000,-28.1544
41.83,0.20000,0.00000,0.00000,0.00000,-28.4031
41.84,0.20000,0.00000,0.00000,0.00000,-28.5384
41.85,0.20000,0.00000,0.00000,0.00000,-28.5770
41.86,0.20000,0.00000,0.00000,0.00000,-28.5344
41.87,0.20000,0.00000,0.00000,0.00000,-28.4235
41.88,0.20000,0.00000,0.00000,0.00000,-28.2555
41.89,0.20000,0.00000,0.00000,0.00000,-28.0393
41.90,0.20000,0.00000,0.00000,0.00000,-27.7828
41.91,0.20000,0.00000,0.00000,0.00000,-27.4924
41.92,0.20000,0.00000,0.00000,0.00000,-27.8206
41.93,0.20000,0.00000,0.00000,0.00000,-28.0201
41.94,0.20000,0.00000,0.00000,0.00000,-28.1121
41.95,0.20000,0.00000,0.00000,0.00000,-28.1129
41.96,0.20000,0.00000,0.00000,0.00000,-28.0372
41.97,0.20000,0.00000,0.00000,0.00000,-27.8975
41.98,0.20000,0.00000,0.00000,0.00000,-27.7040
41.99,0.20000,0.00000,0.00000,0.00000,-27.4654
42.00,0.20000,0.00000,0.00000,0.00000,-27.1892
42.01,0.20000,0.00000,0.00000,0.00000,-26.8812
42.02,0.20000,0.00000,0.00000,0.00000,-27.1733
42.03,0.20000,0.00000,0.00000,0.00000,-27.3416
42.04,0.20000,0.00000,0.00000,0.00000,-27.4067
42.05,0.20000,0.00000,0.00000,0.00000,-27.3849
42.06,0.20000,0.00000,0.00000,0.00000,-27.2901
42.07,0.20000,0.00000,0.00000,0.00000,-27.1344
42.08,0.20000,0.00000,0.00000,0.00000,-26.9276
42.09,0.20000,0.00000,0.00000,0.00000,-26.6781
42.10,0.20000,0.00000,0.00000,0.00000,-26.3927
42.11,0.20000,0.00000,0.00000,0.00000,-26.0774
42.12,0.20000,0.00000,0.00000,0.00000,-26.3323
42.13,0.20000,0.00000,0.00000,0.00000,-26.4699
42.14,0.20000,0.00000,0.00000,0.00000,-26.5095
42.15,0.20000,0.00000,0.00000,0.00000,-26.4672
42.16,0.20000,0.00000,0.00000,0.00000,-26.3562
42.17,0.20000,0.00000,0.00000,0.00000,-26.1878
42.18,0.20000,0.00000,0.00000,0.00000,-25.9715
42.19,0.20000,0.00000,0.00000,0.00000,-25.7150
42.20,0.20000,0.00000,0.00000,0.00000,-25.4249
42.21,0.20000,0.00000,0.00000,0.00000,-25.1068
42.22,0.20000,0.00000,0.00000,0.00000,-24.7654
42.23,0.20000,0.00000,0.00000,0.00000,-24.9574
42.24,0.20000,0.00000,0.00000,0.00000,-25.0437
42.25,0.20000,0.00000,0.00000,0.00000,-25.0420
42.26,0.20000,0.00000,0.00000,0.00000,-24.9668
42.27,0.20000,0.00000,0.00000,0.00000,-24.8303
42.28,0.20000,0.00000,0.00000,0.00000,-24.6427
42.29,0.20000,0.00000,0.00000,0.00000,-24.4124
42.30,0.20000,0.00000,0.00000,0.00000,-24.1465
42.31,0.20000,0.00000,0.00000,0.00000,-23.8508
42.32,0.20000,0.00000,0.00000,0.00000,-23.5304
42.33,0.20000,0.00000,0.00000,0.00000,-23.7038
42.34,0.20000,0.00000,0.00000,0.00000,-23.7769
42.35,0.20000,0.00000,0.00000,0.00000,-23.7667
42.36,0.20000,0.00000,0.00000,0.00000,-23.6870
42.37,0.20000,0.00000,0.00000,0.00000,-23.5495
42.38,0.20000,0.00000,0.00000,0.00000,-23.3636
42.39,0.20000,0.00000,0.00000,0.00000,-23.1374
42.40,0.20000,0.00000,0.00000,0.00000,-22.8775
42.41,0.20000,0.00000,0.00000,0.00000,-22.5896
42.42,0.20000,0.00000,0.00000,0.00000,-22.2785
42.43,0.20000,0.00000,0.00000,0.00000,-22.4338
42.44,0.20000,0.00000,0.00000,0.00000,-22.4944
42.45,0.21388,0.00000,0.00000,0.00000,-22.4768
42.46,0.23106,0.00000,0.00000,0.00000,-22.3939
42.47,0.24810,0.00000,0.00000,0.00000,-22.2569
42.48,0.26499,0.00000,0.00000,0.00000,-22.0749
42.49,0.28175,0.00000,0.00000,0.00000,-21.8555
42.50,0.29837,0.00000,0.00000,0.00000,-21.6052
42.51,0.30229,0.00000,0.00000,0.00000,-21.3291
42.52,0.30333,0.00000,0.00000,0.00000,-21.0319
42.53,0.30434,0.00000,0.00000,0.00000,-21.1779
42.54,0.30539,0.00000,0.00000,0.00000,-21.2349
42.55,0.30643,0.00000,0.00000,0.00000,-21.2183
42.56,0.30748,0.00000,0.00000,0.00000,-21.1403
42.57,0.30852,0.00000,0.00000,0.00000,-21.0111
42.58,0.30963,0.00000,0.00000,0.00000,-20.8392
42.59,0.31076,0.00000,0.00000,0.00000,-20.6317
42.60,0.31188,0.00000,0.00000,0.00000,-20.3945
42.61,0.31301,0.00000,0.00000,0.00000,-20.1326
42.62,0.31414,0.00000,0.00000,0.00000,-19.8502
42.63,0.31522,0.00000,0.00000,0.00000,-19.9867
42.64,0.31635,0.00000,0.00000,0.00000,-20.0391
42.65,0.31748,0.00000,0.00000,0.00000,-20.0216
42.66,0.31861,0.00000,0.00000,0.00000,-19.9460
42.67,0.31974,0.00000,0.00000,0.00000,-19.8217
42.68,0.32092,0.00000,0.00000,0.00000,-19.6570
42.69,0.32209,0.00000,0.00000,0.00000,-19.4586
42.70,0.32327,0.00000,0.00000,0.00000,-19.2320
42.71,0.32445,0.00000,0.00000,0.00000,-18.9819
42.72,0.32558,0.00000,0.00000,0.00000,-19.1198
42.73,0.32676,0.00000,0.00000,0.00000,-19.1756
42.74,0.32795,0.00000,0.00000,0.00000,-19.1638
42.75,0.32913,0.00000,0.00000,0.00000,-19.0956
42.76,0.33032,0.00000,0.00000,0.00000,-18.9804
42.77,0.33151,0.00000,0.00000,0.00000,-18.8259
42.78,0.33271,0.00000,0.00000,0.00000,-18.6386
42.79,0.33392,0.00000,0.00000,0.00000,-18.4240
42.80,0.33512,0.00000,0.00000,0.00000,-18.1865
42.81,0.33633,0.00000,0.00000,0.00000,-17.9301
42.82,0.33748,0.00000,0.00000,0.00000,-18.0407
42.83,0.33869,0.00000,0.00000,0.00000,-18.0769
42.84,0.33990,0.00000,0.00000,0.00000,-18.0513
42.85,0.34111,0.00000,0.00000,0.00000,-17.9743
42.86,0.34233,0.00000,0.00000,0.00000,-17.8544
42.87,0.34354,0.00000,0.00000,0.00000,-17.6987
42.88,0.34474,0.00000,0.00000,0.00000,-17.5132
42.89,0.34595,0.00000,0.00000,0.00000,-17.3027
42.90,0.34716,0.00000,0.00000,0.00000,-17.0716
42.91,0.34838,0.00000,0.00000,0.00000,-16.8232
42.92,0.34952,0.00000,0.00000,0.00000,-16.9222
42.93,0.35074,0.00000,0.00000,0.00000,-16.9517
42.94,0.35195,0.00000,0.00000,0.00000,-16.9233
42.95,0.35317,0.00000,0.00000,0.00000,-16.8467
42.96,0.35439,0.00000,0.00000,0.00000,-16.7299
42.97,0.35559,0.00000,0.00000,0.00000,-16.5796
42.98,0.35678,0.00000,0.00000,0.00000,-16.4013
42.99,0.35797,0.00000,0.00000,0.00000,-16.1998
43.00,0.35917,0.00000,0.00000,0.00000,-15.9790
43.01,0.36030,0.00000,0.00000,0.00000,-16.0821
43.02,0.36150,0.00000,0.00000,0.00000,-16.1176
43.03,0.36270,0.00000,0.00000,0.00000,-16.0969
43.04,0.36390,0.00000,0.00000,0.00000,-16.0292
43.05,0.36511,0.00000,0.00000,0.00000,-15.9224
43.06,0.36630,0.00000,0.00000,0.00000,-15.7830
43.07,0.36746,0.00000,0.00000,0.00000,-15.6163
43.08,0.36863,0.00000,0.00000,0.00000,-15.4270
43.09,0.36980,0.00000,0.00000,0.00000,-15.2188
43.10,0.37097,0.00000,0.00000,0.00000,-14.9950
43.11,0.37208,0.00000,0.00000,0.00000,-15.0804
43.12,0.37325,0.00000,0.00000,0.00000,-15.1036
43.13,0.37442,0.00000,0.00000,0.00000,-15.0750
43.14,0.37559,0.00000,0.00000,0.00000,-15.0033
43.15,0.37677,0.00000,0.00000,0.00000,-14.8955
43.16,0.37790,0.00000,0.00000,0.00000,-14.7578
43.17,0.37903,0.00000,0.00000,0.00000,-14.5951
43.18,0.38016,0.00000,0.00000,0.00000,-14.4116
43.19,0.38129,0.00000,0.00000,0.00000,-14.2108
43.20,0.38237,0.00000,0.00000,0.00000,-14.2995
43.21,0.38350,0.00000,0.00000,0.00000,-14.3277
43.22,0.38464,0.00000,0.00000,0.00000,-14.3055
43.23,0.38577,0.00000,0.00000,0.00000,-14.2415
43.24,0.38691,0.00000,0.00000,0.00000,-14.1424
43.25,0.38802,0.00000,0.00000,0.00000,-14.0142
43.26,0.38910,0.00000,0.00000,0.00000,-13.8616
43.27,0.39019,0.00000,0.00000,0.00000,-13.6888
43.28,0.39128,0.00000,0.00000,0.00000,-13.4992
43.29,0.39237,0.00000,0.00000,0.00000,-13.2963
43.30,0.39340,0.00000,0.00000,0.00000,-13.3696
43.31,0.39449,0.00000,0.00000,0.00000,-13.3871
43.32,0.39559,0.00000,0.00000,0.00000,-13.3582
43.33,0.39668,0.00000,0.00000,0.00000,-13.2907
43.34,0.39776,0.00000,0.00000,0.00000,-13.1909
43.35,0.39880,0.00000,0.00000,0.00000,-13.0643
43.36,0.39984,0.00000,0.00000,0.00000,-12.9153
43.37,0.40220,0.00000,0.00000,0.00000,-12.7479
43.38,0.40481,0.00000,0.00000,0.00000,-12.5656
43.39,0.40729,0.00000,0.00000,0.00000,-12.6422
43.40,0.40991,0.00000,0.00000,0.00000,-12.6646
43.41,0.41252,0.00000,0.00000,0.00000,-12.6418
43.42,0.41514,0.00000,0.00000,0.00000,-12.5814
43.43,0.41773,0.00000,0.00000,0.00000,-12.4896
43.44,0.42022,0.00000,0.00000,0.00000,-12.3716
43.45,0.42270,0.00000,0.00000,0.00000,-12.2318
43.46,0.42519,0.00000,0.00000,0.00000,-12.0741
43.47,0.42769,0.00000,0.00000,0.00000,-11.9018
43.48,0.43006,0.00000,0.00000,0.00000,-11.9740
43.49,0.43256,0.00000,0.00000,0.00000,-11.9945
43.50,0.43506,0.00000,0.00000,0.00000,-11.9718
43.51,0.43757,0.00000,0.00000,0.00000,-11.9133
43.52,0.44005,0.00000,0.00000,0.00000,-11.8249
43.53,0.44242,0.00000,0.00000,0.00000,-11.7115
43.54,0.44479,0.00000,0.00000,0.00000,-11.5773
43.55,0.44717,0.00000,0.00000,0.00000,-11.4261
43.56,0.44955,0.00000,0.00000,0.00000,-11.2607
43.57,0.45183,0.00000,0.00000,0.00000,-11.3267
43.58,0.45422,0.00000,0.00000,0.00000,-11.3436
43.59,0.45661,0.00000,0.00000,0.00000,-11.3196
43.60,0.45900,0.00000,0.00000,0.00000,-11.2614
43.61,0.46136,0.00000,0.00000,0.00000,-11.1748
43.62,0.46363,0.00000,0.00000,0.00000,-11.0645
43.63,0.46590,0.00000,0.00000,0.00000,-10.9345
43.64,0.46817,0.00000,0.00000,0.00000,-10.7883
43.65,0.47045,0.00000,0.00000,0.00000,-10.6286
43.66,0.47263,0.00000,0.00000,0.00000,-10.6880
43.67,0.47492,0.00000,0.00000,0.00000,-10.7007
43.68,0.47720,0.00000,0.00000,0.00000,-10.6746
43.69,0.47949,0.00000,0.00000,0.00000,-10.6161
43.70,0.48173,0.00000,0.00000,0.00000,-10.5306
43.71,0.48390,0.00000,0.00000,0.00000,-10.4226
43.72,0.48608,0.00000,0.00000,0.00000,-10.2960
43.73,0.48826,0.00000,0.00000,0.00000,-10.1540
43.74,0.49036,0.00000,0.00000,0.00000,-10.2166
43.75,0.49255,0.00000,0.00000,0.00000,-10.2333
43.76,0.49474,0.00000,0.00000,0.00000,-10.2116
43.77,0.49693,0.00000,0.00000,0.00000,-10.1580
43.78,0.49912,0.00000,0.00000,0.00000,-10.0777
43.79,0.50125,0.00000,0.00000,0.00000,-9.9752
43.80,0.50334,0.00000,0.00000,0.00000,-9.8542
43.81,0.50544,0.00000,0.00000,0.00000,-9.7178
43.82,0.50754,0.00000,0.00000,0.00000,-9.5687
43.83,0.50956,0.00000,0.00000,0.00000,-9.6160
43.84,0.51167,0.00000,0.00000,0.00000,-9.6209
43.85,0.51378,0.00000,0.00000,0.00000,-9.5904
43.86,0.51589,0.00000,0.00000,0.00000,-9.5304
43.87,0.51800,0.00000,0.00000,0.00000,-9.4459
43.88,0.52002,0.00000,0.00000,0.00000,-9.3410
43.89,0.52205,0.00000,0.00000,0.00000,-9.2190
43.90,0.52408,0.00000,0.00000,0.00000,-9.0829
43.91,0.52611,0.00000,0.00000,0.00000,-8.9349
43.92,0.52808,0.00000,0.00000,0.00000,-8.9751
43.93,0.53012,0.00000,0.00000,0.00000,-8.9751
43.94,0.53216,0.00000,0.00000,0.00000,-8.9416
43.95,0.53420,0.00000,0.00000,0.00000,-8.8802
43.96,0.53621,0.00000,0.00000,0.00000,-8.7955
43.97,0.53818,0.00000,0.00000,0.00000,-8.6915
43.98,0.54015,0.00000,0.00000,0.00000,-8.5714
43.99,0.54213,0.00000,0.00000,0.00000,-8.4379
44.00,0.54405,0.00000,0.00000,0.00000,-8.4821
44.01,0.54603,0.00000,0.00000,0.00000,-8.4864
44.02,0.54802,0.00000,0.00000,0.00000,-8.4575
44.03,0.55001,0.00000,0.00000,0.00000,-8.4009
44.04,0.55224,0.00000,0.00000,0.00000,-8.3212
44.05,0.55441,0.00000,0.00000,0.00000,-8.2224
44.06,0.55658,0.00000,0.00000,0.00000,-8.1075
44.07,0.55876,0.00000,0.00000,0.00000,-7.9794
44.08,0.56095,0.00000,0.00000,0.00000,-7.8401
44.09,0.56306,0.00000,0.00000,0.00000,-7.8712
44.10,0.56525,0.00000,0.00000,0.00000,-7.8656
44.11,0.56744,0.00000,0.00000,0.00000,-7.8293
44.12,0.56964,0.00000,0.00000,0.00000,-7.7676
44.13,0.57179,0.00000,0.00000,0.00000,-7.6848
44.14,0.57393,0.00000,0.00000,0.00000,-7.5843
44.15,0.57608,0.00000,0.00000,0.00000,-7.4691
44.16,0.57823,0.00000,0.00000,0.00000,-7.3418
44.17,0.58032,0.00000,0.00000,0.00000,-7.3714
44.18,0.58248,0.00000,0.00000,0.00000,-7.3655
44.19,0.58463,0.00000,0.00000,0.00000,-7.3300
44.20,0.58680,0.00000,0.00000,0.00000,-7.2700
44.21,0.58894,0.00000,0.00000,0.00000,-7.1895
44.22,0.59106,0.00000,0.00000,0.00000,-7.0920
44.23,0.59319,0.00000,0.00000,0.00000,-6.9803
44.24,0.59532,0.00000,0.00000,0.00000,-6.8569
44.25,0.59740,0.00000,0.00000,0.00000,-6.8765
44.26,0.59953,0.00000,0.00000,0.00000,-6.8631
44.27,0.60167,0.00000,0.00000,0.00000,-6.8224
44.28,0.60382,0.00000,0.00000,0.00000,-6.7589
44.29,0.60595,0.00000,0.00000,0.00000,-6.6766
44.30,0.60806,0.00000,0.00000,0.00000,-6.5786
44.31,0.61018,0.00000,0.00000,0.00000,-6.4675
44.32,0.61230,0.00000,0.00000,0.00000,-6.3456
44.33,0.61437,0.00000,0.00000,0.00000,-6.3519
44.34,0.61649,0.00000,0.00000,0.00000,-6.3286
44.35,0.61862,0.00000,0.00000,0.00000,-6.2804
44.36,0.62075,0.00000,0.00000,0.00000,-6.2118
44.37,0.62287,0.00000,0.00000,0.00000,-6.1263
44.38,0.62497,0.00000,0.00000,0.00000,-6.0267
44.39,0.62708,0.00000,0.00000,0.00000,-5.9154
44.40,0.62918,0.00000,0.00000,0.00000,-5.7943
44.41,0.63125,0.00000,0.00000,0.00000,-5.7877
44.42,0.63336,0.00000,0.00000,0.00000,-5.7545
44.43,0.63548,0.00000,0.00000,0.00000,-5.6994
44.44,0.63760,0.00000,0.00000,0.00000,-5.6261
44.45,0.63969,0.00000,0.00000,0.00000,-5.5378
44.46,0.64176,0.00000,0.00000,0.00000,-5.4370
44.47,0.64384,0.00000,0.00000,0.00000,-5.3258
44.48,0.64591,0.00000,0.00000,0.00000,-5.2060
44.49,0.64795,0.00000,0.00000,0.00000,-5.1880
44.50,0.65004,0.00000,0.00000,0.00000,-5.1464
44.51,0.65212,0.00000,0.00000,0.00000,-5.0856
44.52,0.65421,0.00000,0.00000,0.00000,-5.0088
44.53,0.65624,0.00000,0.00000,0.00000,-4.9188
44.54,0.65824,0.00000,0.00000,0.00000,-4.8177
44.55,0.66023,0.00000,0.00000,0.00000,-4.7075
44.56,0.66223,0.00000,0.00000,0.00000,-4.5898
44.57,0.66421,0.00000,0.00000,0.00000,-4.5619
44.58,0.66621,0.00000,0.00000,0.00000,-4.5135
44.59,0.66822,0.00000,0.00000,0.00000,-4.4482
44.60,0.67023,0.00000,0.00000,0.00000,-4.3690
44.61,0.67209,0.00000,0.00000,0.00000,-4.2782
44.62,0.67392,0.00000,0.00000,0.00000,-4.1778
44.63,0.67575,0.00000,0.00000,0.00000,-4.0695
44.64,0.67756,0.00000,0.00000,0.00000,-4.0380
44.65,0.67939,0.00000,0.00000,0.00000,-3.9877
44.66,0.68123,0.00000,0.00000,0.00000,-3.9221
44.67,0.68307,0.00000,0.00000,0.00000,-3.8437
44.68,0.68486,0.00000,0.00000,0.00000,-3.7548
44.69,0.68639,0.00000,0.00000,0.00000,-3.6572
44.70,0.68791,0.00000,0.00000,0.00000,-3.5524
44.71,0.68944,0.00000,0.00000,0.00000,-3.4417
44.72,0.69096,0.00000,0.00000,0.00000,-3.3981
44.73,0.69249,0.00000,0.00000,0.00000,-3.3391
44.74,0.69403,0.00000,0.00000,0.00000,-3.2675
44.75,0.69556,0.00000,0.00000,0.00000,-3.1854
44.76,0.69682,0.00000,0.00000,0.00000,-3.0947
44.77,0.69788,0.00000,0.00000,0.00000,-2.9968
44.78,0.69895,0.00000,0.00000,0.00000,-2.8931
44.79,0.70004,0.00000,0.00000,0.00000,-2.7846
44.80,0.70342,0.00000,0.00000,0.00000,-2.7335
44.81,0.70684,0.00000,0.00000,0.00000,-2.6696
44.82,0.71026,0.00000,0.00000,0.00000,-2.5950
44.83,0.71352,0.00000,0.00000,0.00000,-2.5118
44.84,0.71497,0.00000,0.00000,0.00000,-2.4214
44.85,0.71643,0.00000,0.00000,0.00000,-2.3251
44.86,0.71789,0.00000,0.00000,0.00000,-2.2240
44.87,0.71934,0.00000,0.00000,0.00000,-2.1696
44.88,0.72081,0.00000,0.00000,0.00000,-2.1041
44.89,0.72228,0.00000,0.00000,0.00000,-2.0294
44.90,0.72374,0.00000,0.00000,0.00000,-1.9471
44.91,0.72377,0.00000,0.00000,0.00000,-1.8586
44.92,0.72307,0.00000,0.00000,0.00000,-1.7650
44.93,0.72236,0.00000,0.00000,0.00000,-1.6673
44.94,0.72165,0.00000,0.00000,0.00000,-1.6069
44.95,0.72094,0.00000,0.00000,0.00000,-1.5374
44.96,0.72023,0.00000,0.00000,0.00000,-1.4604
44.97,0.71952,0.00000,0.00000,0.00000,-1.3773
44.98,0.71815,0.00000,0.00000,0.00000,-1.2891
44.99,0.71539,0.00000,0.00000,0.00000,-1.1969
45.00,0.71261,0.00000,0.00000,0.00000,-1.1015
45.01,0.70984,0.00000,0.00000,0.00000,-1.0034
45.02,0.70708,0.00000,0.00000,0.00000,-0.9345
45.03,0.70429,0.00000,0.00000,0.00000,-0.8590
45.04,0.70151,0.00000,0.00000,0.00000,-0.7782
45.05,0.69957,0.00000,0.00000,0.00000,-0.6930
45.06,0.69818,0.00000,0.00000,0.00000,-0.6043
45.07,0.69679,0.00000,0.00000,0.00000,-0.5128
45.08,0.69540,0.00000,0.00000,0.00000,-0.4191
45.09,0.69401,0.00000,0.00000,0.00000,-0.3456
45.10,0.69262,0.00000,0.00000,0.00000,-0.2672
45.11,0.69122,0.00000,0.00000,0.00000,-0.1849
45.12,0.68982,0.00000,0.00000,0.00000,-0.0995
45.13,0.68812,0.00000,0.00000,0.00000,-0.0116
45.14,0.68637,0.00000,0.00000,0.00000,0.0783
45.15,0.68461,0.00000,0.00000,0.00000,0.1697
45.16,0.68286,0.00000,0.00000,0.00000,0.2493
45.17,0.68110,0.00000,0.00000,0.00000,0.3320
45.18,0.67934,0.00000,0.00000,0.00000,0.4169
45.19,0.67757,0.00000,0.00000,0.00000,0.5036
45.20,0.67567,0.00000,0.00000,0.00000,0.5916
45.21,0.67370,0.00000,0.00000,0.00000,0.6806
45.22,0.67173,0.00000,0.00000,0.00000,0.7704
45.23,0.66976,0.00000,0.00000,0.00000,0.8567
45.24,0.66779,0.00000,0.00000,0.00000,0.9440
45.25,0.66581,0.00000,0.00000,0.00000,1.0320
45.26,0.66384,0.00000,0.00000,0.00000,1.1203
45.27,0.66180,0.00000,0.00000,0.00000,1.2088
45.28,0.65973,0.00000,0.00000,0.00000,1.2974
45.29,0.65766,0.00000,0.00000,0.00000,1.3860
45.30,0.65559,0.00000,0.00000,0.00000,1.4793
45.31,0.65351,0.00000,0.00000,0.00000,1.5715
45.32,0.65143,0.00000,0.00000,0.00000,1.6627
45.33,0.64935,0.00000,0.00000,0.00000,1.7528
45.34,0.58935,0.00000,0.00000,0.00000,1.8420
45.35,0.52935,0.00000,0.00000,0.00000,1.9303
45.36,0.46935,0.00000,0.00000,0.00000,2.0175
45.37,0.43031,0.00000,0.00000,0.00000,2.1169
45.38,0.42961,0.00000,0.00000,0.00000,2.2129
45.39,0.42891,0.00000,0.00000,0.00000,2.3058
45.40,0.36891,0.06400,0.03200,0.04000,2.3959
45.41,0.30891,0.12800,0.06400,0.08000,2.4833
45.42,0.24891,0.19200,0.09600,0.12000,2.5684
45.43,0.18891,0.25600,0.12800,0.16000,2.6512
45.44,0.12891,0.32000,0.16000,0.20000,2.7537
45.45,0.06891,0.38400,0.19200,0.24000,2.8500
45.46,0.00891,0.44800,0.22400,0.28000,2.9407
45.47,0.00000,0.51200,0.25600,0.32000,3.0259
45.48,0.00000,0.54071,0.27035,0.33794,3.1062
45.49,0.00000,0.55038,0.27519,0.34398,3.1822
45.50,0.00000,0.55969,0.27985,0.34981,3.2544
45.51,0.00000,0.56876,0.28438,0.35547,3.3544
45.52,0.00000,0.57743,0.28871,0.36089,3.4460
45.53,0.00000,0.58581,0.29290,0.36613,3.5305
45.54,0.00000,0.59414,0.29707,0.37134,3.6085
45.55,0.00000,0.60226,0.30113,0.37642,3.6810
45.56,0.00000,0.61012,0.30506,0.38132,3.7486
45.57,0.00000,0.61772,0.30886,0.38607,3.8119
45.58,0.00000,0.62516,0.31258,0.39073,3.9119
45.59,0.00000,0.63228,0.31614,0.39518,4.0018
45.60,0.00000,0.63918,0.31959,0.39949,4.0830
45.61,0.00000,0.64331,0.32165,0.40551,4.1565
45.62,0.00000,0.64701,0.32350,0.41168,4.2234
45.63,0.00000,0.65060,0.32530,0.41767,4.2844
45.64,0.00000,0.65409,0.32705,0.42349,4.3404
45.65,0.00000,0.65754,0.32877,0.42924,4.4420
45.66,0.00000,0.66084,0.33042,0.43473,4.5313
45.67,0.00000,0.66404,0.33202,0.44007,4.6102
45.68,0.00000,0.66722,0.33361,0.44537,4.6799
45.69,0.00000,0.67040,0.33520,0.45067,4.7418
45.70,0.00000,0.67350,0.33675,0.45583,4.7967
45.71,0.00000,0.67650,0.33825,0.46084,4.8457
45.72,0.00000,0.67949,0.33975,0.46582,4.9494
45.73,0.00000,0.68233,0.34117,0.47055,5.0386
45.74,0.00000,0.68509,0.34255,0.47515,5.1155
45.75,0.00000,0.68779,0.34390,0.47965,5.1817
45.76,0.00000,0.69056,0.34528,0.48426,5.2386
45.77,0.00000,0.69325,0.34662,0.48874,5.2876
45.78,0.00000,0.69586,0.34793,0.49310,5.3296
45.79,0.00000,0.69840,0.34920,0.49734,5.3654
45.80,0.00000,0.70095,0.35048,0.50158,5.4666
45.81,0.00000,0.70335,0.35168,0.50558,5.5514
45.82,0.00000,0.70568,0.35284,0.50947,5.6223
45.83,0.00000,0.70806,0.35403,0.51343,5.6813
45.84,0.00000,0.71042,0.35521,0.51737,5.7300
45.85,0.00000,0.71271,0.35636,0.52119,5.7699
45.86,0.00000,0.71494,0.35747,0.52490,5.8019
45.87,0.00000,0.71720,0.35860,0.52866,5.9088
45.88,0.00000,0.71930,0.35965,0.53217,5.9965
45.89,0.00000,0.72134,0.36067,0.53557,6.0678
45.90,0.00000,0.72335,0.36168,0.53892,6.1251
45.91,0.00000,0.72544,0.36272,0.54240,6.1705
45.92,0.00000,0.72747,0.36373,0.54578,6.2056
45.93,0.00000,0.72944,0.36472,0.54906,6.2318
45.94,0.00000,0.73145,0.36573,0.55242,6.3432
45.95,0.00000,0.73331,0.36665,0.55551,6.4326
45.96,0.00000,0.73511,0.36755,0.55851,6.5033
45.97,0.00000,0.73686,0.36843,0.56143,6.5582
45.98,0.00000,0.73863,0.36932,0.56439,6.5996
45.99,0.00000,0.74044,0.37022,0.56741,6.6293
46.00,0.00000,0.74220,0.37110,0.57033,6.6490
46.01,0.00000,0.74390,0.37195,0.57317,6.6600
46.02,0.00000,0.74567,0.37283,0.57611,6.7688
46.03,0.00000,0.74726,0.37363,0.57877,6.8538
46.04,0.00000,0.74881,0.37441,0.58136,6.9186
46.05,0.00000,0.75032,0.37516,0.58386,6.9661
46.06,0.00000,0.75189,0.37595,0.58649,6.9991
46.07,0.00000,0.75347,0.37673,0.58911,7.0195
46.08,0.00000,0.75500,0.37750,0.59166,7.0292
46.09,0.00000,0.75660,0.37830,0.59434,7.1476
46.10,0.00000,0.75803,0.37902,0.59672,7.2388
46.11,0.00000,0.75942,0.37971,0.59903,7.3069
46.12,0.00000,0.76076,0.38038,0.60126,7.3553
46.13,0.00000,0.76205,0.38103,0.60342,7.3870
46.14,0.00000,0.76344,0.38172,0.60574,7.4044
46.15,0.00000,0.76483,0.38241,0.60804,7.4098
46.16,0.00000,0.76616,0.38308,0.61027,7.4046
46.17,0.00000,0.76760,0.38380,0.61267,7.5219
46.18,0.00000,0.76885,0.38442,0.61474,7.6100
46.19,0.00000,0.77005,0.38502,0.61675,7.6735
46.20,0.00000,0.77121,0.38560,0.61868,7.7159
46.21,0.00000,0.77233,0.38616,0.62055,7.7405
46.22,0.00000,0.77354,0.38677,0.62257,7.7499
46.23,0.00000,0.77476,0.38738,0.62461,7.7464
46.24,0.00000,0.77594,0.38797,0.62657,7.7318
46.25,0.00000,0.77724,0.38862,0.62874,7.8531
46.26,0.00000,0.77833,0.38917,0.63055,7.9427
46.27,0.00000,0.77938,0.38969,0.63230,8.0054
46.28,0.00000,0.78039,0.39020,0.63399,8.0453
46.29,0.00000,0.78137,0.39068,0.63561,8.0658
46.30,0.00000,0.78240,0.39120,0.63733,8.0699
46.31,0.00000,0.78348,0.39174,0.63914,8.0601
46.32,0.00000,0.78453,0.39226,0.64088,8.0383
46.33,0.00000,0.78572,0.39286,0.64287,8.1664
46.34,0.00000,0.78668,0.39334,0.64447,8.2597
46.35,0.00000,0.78760,0.39380,0.64601,8.3238
46.36,0.00000,0.78849,0.39425,0.64748,8.3632
46.37,0.00000,0.78934,0.39467,0.64890,8.3816
46.38,0.00000,0.79018,0.39509,0.65029,8.3822
46.39,0.00000,0.79115,0.39558,0.65192,8.3676
46.40,0.00000,0.79209,0.39604,0.65348,8.3402
46.41,0.00000,0.79319,0.39660,0.65532,8.4763
46.42,0.00000,0.79405,0.39702,0.65675,8.5746
46.43,0.00000,0.79487,0.39743,0.65811,8.6413
46.44,0.00000,0.79565,0.39782,0.65941,8.6811
46.45,0.00000,0.79639,0.39820,0.66066,8.6984
46.46,0.00000,0.79711,0.39855,0.66185,8.6965
46.47,0.00000,0.79789,0.39895,0.66315,8.6783
46.48,0.00000,0.79874,0.39937,0.66457,8.6462
46.49,0.00000,0.79978,0.39989,0.66630,8.7887
46.50,0.00000,0.80055,0.40028,0.66758,8.8908
46.51,0.00000,0.80128,0.40064,0.66881,8.9590
46.52,0.00000,0.80198,0.40099,0.66997,8.9988
46.53,0.00000,0.80264,0.40132,0.67107,9.0144
46.54,0.00000,0.80327,0.40164,0.67212,9.0097
46.55,0.00000,0.80387,0.40194,0.67312,8.9878
46.56,0.00000,0.80459,0.40229,0.67431,8.9512
46.57,0.00000,0.80533,0.40267,0.67555,8.9021
46.58,0.00000,0.80629,0.40314,0.67714,9.0381
46.59,0.00000,0.80695,0.40348,0.67826,9.1332
46.60,0.00000,0.80759,0.40379,0.67931,9.1940
46.61,0.00000,0.80819,0.40409,0.68031,9.2260
46.62,0.00000,0.80875,0.40437,0.68125,9.2336
46.63,0.00000,0.80928,0.40464,0.68214,9.2207
46.64,0.00000,0.80978,0.40489,0.68297,9.1905
46.65,0.00000,0.81040,0.40520,0.68399,9.1456
46.66,0.00000,0.81106,0.40553,0.68510,9.0882
46.67,0.00000,0.81195,0.40597,0.68658,9.2228
46.68,0.00000,0.81253,0.40627,0.68756,9.3154
46.69,0.00000,0.81309,0.40654,0.68848,9.3729
46.70,0.00000,0.81360,0.40680,0.68934,9.4009
46.71,0.00000,0.81409,0.40704,0.69015,9.4039
46.72,0.00000,0.81454,0.40727,0.69090,9.3860
46.73,0.00000,0.81496,0.40748,0.69160,9.3502
46.74,0.00000,0.81543,0.40772,0.69238,9.2996
46.75,0.00000,0.81603,0.40802,0.69339,9.2363
46.76,0.00000,0.81687,0.40844,0.69479,9.3709
46.77,0.00000,0.81740,0.40870,0.69566,9.4625
46.78,0.00000,0.81789,0.40894,0.69648,9.5182
46.79,0.00000,0.81834,0.40917,0.69723,9.5436
46.80,0.00000,0.81876,0.40938,0.69794,9.5435
46.81,0.00000,0.81915,0.40957,0.69858,9.5219
46.82,0.00000,0.81951,0.40975,0.69918,9.4822
46.83,0.00000,0.81983,0.40992,0.69972,9.4272
46.84,0.00000,0.82032,0.41016,0.70054,9.3592
46.85,0.00000,0.82114,0.41057,0.70190,9.4956
46.86,0.00000,0.82162,0.41081,0.70270,9.5880
46.87,0.00000,0.82207,0.41103,0.70344,9.6435
46.88,0.00000,0.82248,0.41124,0.70413,9.6679
46.89,0.00000,0.82285,0.41143,0.70475,9.6663
46.90,0.00000,0.82320,0.41160,0.70533,9.6427
46.91,0.00000,0.82351,0.41175,0.70584,9.6005
46.92,0.00000,0.82379,0.41189,0.70631,9.5425
46.93,0.00000,0.82403,0.41202,0.70672,9.4713
46.94,0.00000,0.82481,0.41240,0.70801,9.6111
46.95,0.00000,0.82526,0.41263,0.70877,9.7056
46.96,0.00000,0.82568,0.41284,0.70947,9.7622
46.97,0.00000,0.82607,0.41303,0.71011,9.7870
46.98,0.00000,0.82642,0.41321,0.71070,9.7850
46.99,0.00000,0.82673,0.41337,0.71122,9.7604
47.00,0.00000,0.82702,0.41351,0.71170,9.7169
47.01,0.00000,0.82727,0.41363,0.71211,9.6572
47.02,0.00000,0.82749,0.41374,0.71248,9.5838
47.03,0.00000,0.82767,0.41384,0.71279,9.4990
47.04,0.00000,0.82835,0.41417,0.71392,9.6352
47.05,0.00000,0.82877,0.41438,0.71461,9.7256
47.06,0.00000,0.82915,0.41457,0.71525,9.7781
47.07,0.00000,0.82949,0.41475,0.71582,9.7989
47.08,0.00000,0.82980,0.41490,0.71634,9.7930
47.09,0.00000,0.83008,0.41504,0.71680,9.7646
47.10,0.00000,0.83032,0.41516,0.71720,9.7173
47.11,0.00000,0.83053,0.41526,0.71754,9.6540
47.12,0.00000,0.83070,0.41535,0.71783,9.5771
47.13,0.00000,0.83084,0.41542,0.71807,9.4888
47.14,0.00000,0.83130,0.41565,0.71884,9.6307
47.15,0.00000,0.83171,0.41585,0.71951,9.7254
47.16,0.00000,0.83207,0.41604,0.72012,9.7806
47.17,0.00000,0.83240,0.41620,0.72066,9.8029
47.18,0.00000,0.83269,0.41634,0.72115,9.7980
47.19,0.00000,0.83294,0.41647,0.72157,9.7701
47.20,0.00000,0.83316,0.41658,0.72193,9.7229
47.21,0.00000,0.83334,0.41667,0.72224,9.6594
47.22,0.00000,0.83349,0.41675,0.72249,9.5820
47.23,0.00000,0.83361,0.41680,0.72268,9.4929
47.24,0.00000,0.83407,0.41704,0.72346,9.6432
47.25,0.00000,0.83412,0.41706,0.72353,9.7447
47.26,0.00000,0.83446,0.41723,0.72409,9.8053
47.27,0.00000,0.83479,0.41740,0.72465,9.8316
47.28,0.00000,0.83509,0.41754,0.72515,9.8290
47.29,0.00000,0.83535,0.41767,0.72558,9.8025
47.30,0.00000,0.83557,0.41778,0.72594,9.7563
47.31,0.00000,0.83575,0.41787,0.72625,9.6933
47.32,0.00000,0.83589,0.41795,0.72649,9.6162
47.33,0.00000,0.83600,0.41800,0.72667,9.5272
47.34,0.00000,0.83608,0.41804,0.72680,9.4280
47.35,0.00000,0.83654,0.41827,0.72757,9.5803
47.36,0.00000,0.83654,0.41827,0.72757,9.6831
47.37,0.00000,0.83663,0.41832,0.72772,9.7445
47.38,0.00000,0.83697,0.41848,0.72828,9.7712
47.39,0.00000,0.83726,0.41863,0.72877,9.7687
47.40,0.00000,0.83752,0.41876,0.72919,9.7417
47.41,0.00000,0.83773,0.41886,0.72955,9.6939
47.42,0.00000,0.83790,0.41895,0.72983,9.6295
47.43,0.00000,0.83803,0.41902,0.73005,9.5511
47.44,0.00000,0.83813,0.41906,0.73021,9.4608
47.45,0.00000,0.83819,0.41909,0.73031,9.3604
47.46,0.00000,0.83821,0.41910,0.73035,9.2515
47.47,0.00000,0.83866,0.41933,0.73111,9.4078
47.48,0.00000,0.83861,0.41930,0.73101,9.5137
47.49,0.00000,0.83857,0.41929,0.73095,9.5776
47.50,0.00000,0.83890,0.41945,0.73150,9.6062
47.51,0.00000,0.83918,0.41959,0.73197,9.6052
47.52,0.00000,0.83942,0.41971,0.73237,9.5793
47.53,0.00000,0.83962,0.41981,0.73269,9.5324
47.54,0.00000,0.83977,0.41988,0.73295,9.4678
47.55,0.00000,0.83988,0.41994,0.73314,9.3889
47.56,0.00000,0.83995,0.41998,0.73325,9.2982
47.57,0.00000,0.83998,0.41999,0.73331,9.1976
47.58,0.00000,0.83998,0.41999,0.73330,9.0885
47.59,0.00000,0.84046,0.42023,0.73410,9.2571
47.60,0.00000,0.84037,0.42018,0.73394,9.3735
47.61,0.00000,0.84024,0.42012,0.73373,9.4461
47.62,0.00000,0.84021,0.42010,0.73368,9.4821
47.63,0.00000,0.84052,0.42026,0.73420,9.4874
47.64,0.00000,0.84079,0.42039,0.73465,9.4667
47.65,0.00000,0.84101,0.42050,0.73501,9.4242
47.66,0.00000,0.84118,0.42059,0.73530,9.3634
47.67,0.00000,0.84131,0.42065,0.73551,9.2869
47.68,0.00000,0.84139,0.42070,0.73565,9.1972
47.69,0.00000,0.84143,0.42072,0.73572,9.0970
47.70,0.00000,0.84143,0.42071,0.73571,8.9884
47.71,0.00000,0.84198,0.42099,0.73663,9.1703
47.72,0.00000,0.84188,0.42094,0.73647,9.2978
47.73,0.00000,0.84174,0.42087,0.73624,9.3798
47.74,0.00000,0.84157,0.42079,0.73595,9.4238
47.75,0.00000,0.84136,0.42068,0.73560,9.4357
47.76,0.00000,0.84145,0.42072,0.73575,9.4207
47.77,0.00000,0.84175,0.42088,0.73626,9.3830
47.78,0.00000,0.84201,0.42100,0.73668,9.3260
47.79,0.00000,0.84220,0.42110,0.73701,9.2528
47.80,0.00000,0.84235,0.42118,0.73726,9.1659
47.81,0.00000,0.84245,0.42123,0.73742,9.0672
47.82,0.00000,0.84251,0.42125,0.73751,8.9587
47.83,0.00000,0.84251,0.42126,0.73752,8.8418
47.84,0.00000,0.84315,0.42157,0.73858,9.0299
47.85,0.00000,0.84305,0.42152,0.73841,9.1627
47.86,0.00000,0.84290,0.42145,0.73817,9.2492
47.87,0.00000,0.84272,0.42136,0.73786,9.2969
47.88,0.00000,0.84249,0.42124,0.73748,9.3119
47.89,0.00000,0.84222,0.42111,0.73704,9.2994
47.90,0.00000,0.84192,0.42096,0.73653,9.2637
47.91,0.00000,0.84120,0.42060,0.73534,9.2085
47.92,0.00000,0.84042,0.42021,0.73403,9.1367
47.93,0.00000,0.83962,0.41981,0.73269,9.0509
47.94,0.00000,0.83880,0.41940,0.73133,8.9534
47.95,0.00000,0.83796,0.41898,0.72993,8.8458
47.96,0.00000,0.83710,0.41855,0.72850,8.7298
47.97,0.00000,0.83623,0.41811,0.72704,8.6067
47.98,0.00000,0.83534,0.41767,0.72556,8.4777
47.99,0.00000,0.83509,0.41755,0.72516,8.6714
48.00,0.00000,0.83416,0.41708,0.72360,8.8079
48.01,0.00000,0.83321,0.41660,0.72201,8.8979
48.02,0.00000,0.83224,0.41612,0.72040,8.9489
48.03,0.00000,0.83126,0.41563,0.71877,8.9672
48.04,0.00000,0.83027,0.41513,0.71711,8.9580
48.05,0.00000,0.82926,0.41463,0.71543,8.9257
48.06,0.00000,0.82824,0.41412,0.71373,8.8738
48.07,0.00000,0.82475,0.41238,0.70792,8.8055
48.08,0.00000,0.82129,0.41065,0.70216,8.7233
48.09,0.00000,0.81790,0.40895,0.69649,8.6296
48.10,0.00000,0.81456,0.40728,0.69093,8.5261
48.11,0.00000,0.81127,0.40564,0.68546,8.4147
48.12,0.00000,0.80805,0.40402,0.68008,8.2965
48.13,0.00000,0.80487,0.40244,0.67479,8.1728
48.14,0.00000,0.80214,0.40107,0.67024,8.3875
48.15,0.00000,0.79907,0.39954,0.66512,8.5429
48.16,0.00000,0.79606,0.39803,0.66010,8.6489
48.17,0.00000,0.79309,0.39655,0.65515,8.7136
48.18,0.00000,0.79018,0.39509,0.65029,8.7441
48.19,0.00000,0.78731,0.39366,0.64552,8.7471
48.20,0.00000,0.78449,0.39225,0.64082,8.7268
48.21,0.00000,0.78173,0.39086,0.63621,8.6870
48.22,0.00000,0.77901,0.38950,0.63168,8.6307
48.23,0.00000,0.77633,0.38817,0.62722,8.5606
48.24,0.00000,0.77198,0.38599,0.61996,8.4790
48.25,0.00000,0.76718,0.38359,0.61197,8.3876
48.26,0.00000,0.76246,0.38123,0.60411,8.2882
48.27,0.00000,0.75783,0.37892,0.59638,8.1822
48.28,0.00000,0.75328,0.37664,0.58879,8.0708
48.29,0.00000,0.74880,0.37440,0.58133,7.9550
48.30,0.00000,0.74451,0.37225,0.57418,8.1950
48.31,0.00000,0.74019,0.37009,0.56698,8.3740
48.32,0.00000,0.73594,0.36797,0.55990,8.5021
48.33,0.00000,0.73177,0.36588,0.55295,8.5878
48.34,0.00000,0.72767,0.36383,0.54611,8.6380
48.35,0.00000,0.72364,0.36182,0.53940,8.6585
48.36,0.00000,0.71968,0.35984,0.53280,8.6540
48.37,0.00000,0.71579,0.35790,0.52632,8.6290
48.38,0.00000,0.71197,0.35599,0.51995,8.5878
48.39,0.00000,0.70822,0.35411,0.51370,8.5331
48.40,0.00000,0.70453,0.35227,0.50755,8.4669
48.41,0.00000,0.70091,0.35045,0.50152,8.3912
48.42,0.00000,0.69717,0.34859,0.49529,8.3075
48.43,0.00000,0.69311,0.34656,0.48852,8.2172
48.44,0.00000,0.68911,0.34456,0.48185,8.1214
48.45,0.00000,0.68518,0.34259,0.47530,8.0211
48.46,0.00000,0.68130,0.34065,0.46884,7.9173
48.47,0.00000,0.67749,0.33875,0.46249,7.8105
48.48,0.00000,0.67381,0.33691,0.45635,8.0807
48.49,0.00000,0.67012,0.33506,0.45020,8.2877
48.50,0.00000,0.66649,0.33325,0.44415,8.4420
48.51,0.00000,0.66292,0.33146,0.43820,8.5522
48.52,0.00000,0.65941,0.32970,0.43234,8.6255
48.53,0.00000,0.65595,0.32797,0.42658,8.6678
48.54,0.00000,0.65255,0.32627,0.42091,8.6840
48.55,0.00000,0.64920,0.32460,0.41534,8.6784
48.56,0.00000,0.64591,0.32296,0.40985,8.6542
48.57,0.00000,0.64267,0.32134,0.40445,8.6152
48.58,0.00000,0.63906,0.31953,0.39941,8.5645
48.59,0.00000,0.63331,0.31665,0.39582,8.5040
48.60,0.00000,0.62764,0.31382,0.39227,8.4353
48.61,0.00000,0.62205,0.31103,0.38878,8.3596
48.62,0.00000,0.61580,0.30790,0.38488,8.2783
48.63,0.00000,0.60945,0.30473,0.38091,8.1921
48.64,0.00000,0.60318,0.30159,0.37699,8.1021
48.65,0.00000,0.59698,0.29849,0.37312,8.0090
48.66,0.00000,0.59086,0.29543,0.36929,7.9133
48.67,0.00000,0.58484,0.29242,0.36552,8.2171
48.68,0.00000,0.57887,0.28943,0.36179,8.4543
48.69,0.00000,0.57297,0.28648,0.35810,8.6358
48.70,0.00000,0.56714,0.28357,0.35446,8.7709
48.71,0.00000,0.56138,0.28069,0.35086,8.8668
48.72,0.00000,0.55569,0.27785,0.34731,8.9300
48.73,0.00000,0.55007,0.27503,0.34379,8.9655
48.74,0.00000,0.54452,0.27226,0.34032,8.9776
48.75,0.00000,0.53903,0.26952,0.33689,8.9706
48.76,0.00000,0.53361,0.26680,0.33351,8.9478
48.77,0.00000,0.52825,0.26413,0.33016,8.9118
48.78,0.00000,0.52296,0.26148,0.32685,8.8656
48.79,0.00000,0.51773,0.25887,0.32358,8.8112
48.80,0.00000,0.51257,0.25628,0.32036,8.7500
48.81,0.00000,0.50747,0.25373,0.31717,8.6830
48.82,0.00000,0.50208,0.25104,0.31380,8.6112
48.83,0.00000,0.49629,0.24815,0.31018,8.5354
48.84,0.00000,0.49056,0.24528,0.30660,8.4563
48.85,0.00000,0.48488,0.24244,0.30305,8.3745
48.86,0.00000,0.47925,0.23963,0.29953,8.2905
48.87,0.00000,0.47358,0.23679,0.29599,8.6321
48.88,0.00000,0.46805,0.23403,0.29253,8.9030
48.89,0.00000,0.46258,0.23129,0.28911,9.1148
48.90,0.00000,0.45716,0.22858,0.28572,9.2771
48.91,0.00000,0.45179,0.22589,0.28237,9.3979
48.92,0.00000,0.44646,0.22323,0.27904,9.4836
48.93,0.00000,0.44118,0.22059,0.27574,9.5397
48.94,0.00000,0.43594,0.21797,0.27247,9.5708
48.95,0.00000,0.43076,0.21538,0.26922,9.5807
48.96,0.00000,0.42561,0.21281,0.26601,9.5728
48.97,0.00000,0.42051,0.21025,0.26282,9.5496
48.98,0.00000,0.41545,0.20773,0.25966,9.5137
48.99,0.00000,0.41044,0.20522,0.25652,9.4675
49.00,0.00000,0.40546,0.20273,0.25341,9.4136
49.01,0.00000,0.40053,0.20026,0.25033,9.3530
49.02,0.00000,0.39564,0.19782,0.24727,9.2869
49.03,0.00000,0.39054,0.19527,0.24409,9.2161
49.04,0.00000,0.38510,0.19255,0.24069,9.1415
49.05,0.00000,0.37969,0.18984,0.23731,9.0636
49.06,0.00000,0.37431,0.18715,0.23394,8.9833
49.07,0.00000,0.36869,0.18435,0.23043,9.3569
49.08,0.00000,0.36337,0.18168,0.22710,9.6547
49.09,0.00000,0.35806,0.17903,0.22379,9.8893
49.10,0.00000,0.35278,0.17639,0.22049,10.0707
49.11,0.00000,0.34752,0.17376,0.21720,10.2075
49.12,0.00000,0.34229,0.17114,0.21393,10.3066
49.13,0.00000,0.33707,0.16854,0.21067,10.3739
49.14,0.00000,0.33188,0.16594,0.20742,10.4143
49.15,0.00000,0.32670,0.16335,0.20419,10.4320
49.16,0.00000,0.32154,0.16077,0.20096,10.4303
49.17,0.00000,0.31639,0.15820,0.19775,10.4123
49.18,0.00000,0.31126,0.15563,0.19454,10.3804
49.19,0.00000,0.30615,0.15307,0.19134,10.3368
49.20,0.00000,0.30104,0.15052,0.18815,10.2833
49.21,0.00000,0.29594,0.14797,0.18496,10.2225
49.22,0.00000,0.29086,0.14543,0.18178,10.1558
49.23,0.00000,0.28577,0.14289,0.17861,10.0840
49.24,0.00000,0.28070,0.14035,0.17544,10.0082
49.25,0.00000,0.27532,0.13766,0.17207,9.9289
49.26,0.00000,0.26988,0.13494,0.16867,9.8468
49.27,0.00000,0.26443,0.13221,0.16527,9.7625
49.28,0.00000,0.25897,0.12948,0.16185,9.6763
49.29,0.00000,0.25302,0.12651,0.15813,10.0830
49.30,0.00000,0.24751,0.12376,0.15470,10.4082
49.31,0.00000,0.24199,0.12099,0.15124,10.6654
49.32,0.00000,0.23643,0.11822,0.14777,10.8655
49.33,0.00000,0.23085,0.11542,0.14428,11.0175
49.34,0.00000,0.15085,0.07542,0.09428,11.1291
49.35,0.00000,0.07085,0.03542,0.04428,11.2070
49.36,0.03000,0.00000,0.00000,0.00000,11.2566
49.37,0.06000,0.00000,0.00000,0.00000,11.2834
49.38,0.09000,0.00000,0.00000,0.00000,11.2918
49.39,0.12000,0.00000,0.00000,0.00000,11.2854
49.40,0.15000,0.00000,0.00000,0.00000,11.2676
49.41,0.18000,0.00000,0.00000,0.00000,11.2411
49.42,0.20000,0.00000,0.00000,0.00000,11.2083
49.43,0.20000,0.00000,0.00000,0.00000,11.1718
49.44,0.20000,0.00000,0.00000,0.00000,11.1321
49.45,0.20000,0.00000,0.00000,0.00000,11.0898
49.46,0.20000,0.00000,0.00000,0.00000,11.0453
49.47,0.20000,0.00000,0.00000,0.00000,10.9991
49.48,0.20000,0.00000,0.00000,0.00000,10.9515
49.49,0.20000,0.00000,0.00000,0.00000,10.9027
49.50,0.20000,0.00000,0.00000,0.00000,11.3918
49.51,0.20000,0.00000,0.00000,0.00000,11.7927
49.52,0.20000,0.00000,0.00000,0.00000,12.1198
49.53,0.20000,0.00000,0.00000,0.00000,12.3850
49.54,0.20000,0.00000,0.00000,0.00000,12.5979
49.55,0.20000,0.00000,0.00000,0.00000,12.7668
49.56,0.20000,0.00000,0.00000,0.00000,12.8984
49.57,0.20000,0.00000,0.00000,0.00000,12.9985
49.58,0.20000,0.00000,0.00000,0.00000,13.0717
49.59,0.20000,0.00000,0.00000,0.00000,13.1220
49.60,0.20000,0.00000,0.00000,0.00000,13.1530
49.61,0.20000,0.00000,0.00000,0.00000,13.1676
49.62,0.20000,0.00000,0.00000,0.00000,13.1680
49.63,0.20000,0.00000,0.00000,0.00000,13.1571
49.64,0.20000,0.00000,0.00000,0.00000,13.1365
49.65,0.20000,0.00000,0.00000,0.00000,13.1077
49.66,0.20000,0.00000,0.00000,0.00000,13.0719
49.67,0.20000,0.00000,0.00000,0.00000,13.0303
49.68,0.20000,0.00000,0.00000,0.00000,12.9837
49.69,0.20000,0.00000,0.00000,0.00000,12.9329
49.70,0.20000,0.00000,0.00000,0.00000,12.8787
49.71,0.20000,0.00000,0.00000,0.00000,13.4191
49.72,0.14000,0.06400,0.03200,0.04000,13.8601
49.73,0.08000,0.12800,0.06400,0.08000,14.2155
49.74,0.02000,0.19200,0.09600,0.12000,14.4965
49.75,0.00000,0.25600,0.12800,0.16000,14.7120
49.76,0.00000,0.32000,0.16000,0.20000,14.8705
49.77,0.00000,0.38400,0.19200,0.24000,14.9799
49.78,0.00000,0.38088,0.19044,0.23805,15.0466
49.79,0.00000,0.37585,0.18793,0.23491,15.0771
49.80,0.00000,0.37084,0.18542,0.23178,15.0768
49.81,0.00000,0.36585,0.18292,0.22865,15.0504
49.82,0.00000,0.36087,0.18043,0.22554,15.0018
49.83,0.00000,0.35590,0.17795,0.22244,14.9344
49.84,0.00000,0.35094,0.17547,0.21934,14.8510
49.85,0.00000,0.34600,0.17300,0.21625,14.7541
49.86,0.00000,0.34107,0.17053,0.21317,14.6458
49.87,0.00000,0.33645,0.16823,0.21028,14.5281
49.88,0.00000,0.33191,0.16596,0.20745,14.4025
49.89,0.00000,0.32738,0.16369,0.20462,14.2703
49.90,0.00000,0.32287,0.16143,0.20179,14.1328
49.91,0.00000,0.31805,0.15903,0.19878,14.6674
49.92,0.00000,0.31355,0.15678,0.19597,15.0887
49.93,0.00000,0.30906,0.15453,0.19316,15.4152
49.94,0.00000,0.30457,0.15229,0.19036,15.6623
49.95,0.00000,0.30009,0.15004,0.18756,15.8425
49.96,0.00000,0.29561,0.14781,0.18476,15.9666
49.97,0.00000,0.29114,0.14557,0.18196,16.0431
49.98,0.00000,0.28667,0.14333,0.17917,16.0795
49.99,0.00000,0.28220,0.14110,0.17637,16.0819
50.00,0.00000,0.27773,0.13886,0.17358,16.0557
50.01,0.00000,0.27326,0.13663,0.17079,16.0051
50.02,0.00000,0.26879,0.13439,0.16799,15.9340
50.03,0.00000,0.26431,0.13216,0.16520,15.8456
50.04,0.00000,0.25983,0.12992,0.16240,15.7416
50.05,0.00000,0.25535,0.12767,0.15959,15.6246
50.06,0.00000,0.25085,0.12543,0.15678,15.4967
50.07,0.00000,0.24635,0.12318,0.15397,15.3596
50.08,0.00000,0.24221,0.12111,0.15138,15.2150
50.09,0.00000,0.23810,0.11905,0.14881,15.0642
50.10,0.00000,0.23399,0.11699,0.14624,14.9083
50.11,0.00000,0.22986,0.11493,0.14366,14.7484
50.12,0.00000,0.14986,0.07493,0.09366,15.3777
50.13,0.00000,0.06986,0.03493,0.04366,15.8766
50.14,0.03000,0.00000,0.00000,0.00000,16.2668
50.15,0.06000,0.00000,0.00000,0.00000,16.5676
50.16,0.09000,0.00000,0.00000,0.00000,16.7943
50.17,0.12000,0.00000,0.00000,0.00000,16.9601
50.18,0.15000,0.00000,0.00000,0.00000,17.0757
50.19,0.18000,0.00000,0.00000,0.00000,17.1503
50.20,0.20000,0.00000,0.00000,0.00000,17.1916
50.21,0.20000,0.00000,0.00000,0.00000,17.2056
50.22,0.20000,0.00000,0.00000,0.00000,17.1965
50.23,0.20000,0.00000,0.00000,0.00000,17.1677
50.24,0.20000,0.00000,0.00000,0.00000,17.1218
50.25,0.20000,0.00000,0.00000,0.00000,17.0601
50.26,0.20000,0.00000,0.00000,0.00000,16.9848
50.27,0.20000,0.00000,0.00000,0.00000,16.8983
50.28,0.20000,0.00000,0.00000,0.00000,16.8023
50.29,0.20000,0.00000,0.00000,0.00000,16.6984
50.30,0.20000,0.00000,0.00000,0.00000,16.5878
50.31,0.20000,0.00000,0.00000,0.00000,16.4718
50.32,0.20000,0.00000,0.00000,0.00000,17.3085
50.33,0.20000,0.00000,0.00000,0.00000,17.9862
50.34,0.20000,0.00000,0.00000,0.00000,18.5308
50.35,0.20000,0.00000,0.00000,0.00000,18.9639
50.36,0.20000,0.00000,0.00000,0.00000,19.3029
50.37,0.20000,0.00000,0.00000,0.00000,19.5627
50.38,0.20000,0.00000,0.00000,0.00000,19.7555
50.39,0.20000,0.00000,0.00000,0.00000,19.8914
50.40,0.20000,0.00000,0.00000,0.00000,19.9793
50.41,0.20000,0.00000,0.00000,0.00000,20.0262
50.42,0.20000,0.00000,0.00000,0.00000,20.0384
50.43,0.20000,0.00000,0.00000,0.00000,20.0210
50.44,0.20000,0.00000,0.00000,0.00000,19.9755
50.45,0.14000,0.06400,0.03200,0.04000,19.9062
50.46,0.08000,0.12800,0.06400,0.08000,19.8137
50.47,0.02000,0.19200,0.09600,0.12000,19.6984
50.48,0.00000,0.25600,0.12800,0.16000,19.5604
50.49,0.00000,0.32000,0.16000,0.20000,19.4014
50.50,0.00000,0.38400,0.19200,0.24000,19.2236
50.51,0.00000,0.38820,0.19410,0.24263,19.0289
50.52,0.00000,0.38407,0.19203,0.24004,20.0243
50.53,0.00000,0.38001,0.19001,0.23751,20.8124
50.54,0.00000,0.37598,0.18799,0.23498,21.4272
50.55,0.00000,0.37196,0.18598,0.23247,21.8966
50.56,0.00000,0.36795,0.18398,0.22997,22.2437
50.57,0.00000,0.36397,0.18199,0.22748,22.4879
50.58,0.00000,0.36000,0.18000,0.22500,22.6451
50.59,0.00000,0.35605,0.17803,0.22253,22.7289
50.60,0.00000,0.35212,0.17606,0.22007,22.7505
50.61,0.00000,0.34820,0.17410,0.21762,22.7195
50.62,0.00000,0.34430,0.17215,0.21518,22.6441
50.63,0.00000,0.34041,0.17020,0.21275,22.5305
50.64,0.00000,0.33653,0.16827,0.21033,22.3818
50.65,0.00000,0.33267,0.16634,0.20792,22.2035
50.66,0.00000,0.32883,0.16441,0.20552,22.0005
50.67,0.00000,0.32500,0.16250,0.20312,21.7767
50.68,0.00000,0.32123,0.16062,0.20077,21.5358
50.69,0.00000,0.31748,0.15874,0.19843,21.2807
50.70,0.00000,0.31374,0.15687,0.19609,21.0139
50.71,0.00000,0.31001,0.15501,0.19376,20.7376
50.72,0.00000,0.30626,0.15313,0.19141,22.0142
50.73,0.00000,0.30256,0.15128,0.18910,23.0314
50.74,0.00000,0.29886,0.14943,0.18679,23.8320
50.75,0.00000,0.29518,0.14759,0.18449,24.4510
50.76,0.00000,0.29151,0.14575,0.18219,24.9173
50.77,0.00000,0.28784,0.14392,0.17990,25.2549
50.78,0.00000,0.28419,0.14209,0.17762,25.4840
50.79,0.00000,0.28054,0.14027,0.17534,25.6213
50.80,0.00000,0.27690,0.13845,0.17306,25.6809
50.81,0.00000,0.27327,0.13663,0.17079,25.6748
50.82,0.00000,0.26964,0.13482,0.16853,25.6131
50.83,0.00000,0.26602,0.13301,0.16626,25.5043
50.84,0.00000,0.26241,0.13120,0.16401,25.3523
50.85,0.00000,0.25880,0.12940,0.16175,25.1636
50.86,0.00000,0.25520,0.12760,0.15950,24.9440
50.87,0.00000,0.25160,0.12580,0.15725,24.6985
50.88,0.00000,0.24801,0.12401,0.15501,24.4314
50.89,0.00000,0.24444,0.12222,0.15277,24.1466
50.90,0.00000,0.24086,0.12043,0.15054,23.8470
50.91,0.00000,0.23729,0.11865,0.14831,23.5354
50.92,0.00000,0.23369,0.11685,0.14606,24.6128
50.93,0.00000,0.23012,0.11506,0.14382,25.5107
50.94,0.00000,0.22654,0.11327,0.14159,26.2589
50.95,0.00000,0.14654,0.07327,0.09159,26.8824
50.96,0.00000,0.06654,0.03327,0.04159,27.4020
50.97,0.03000,0.00000,0.00000,0.00000,27.8350
50.98,0.06000,0.00000,0.00000,0.00000,28.1958
50.99,0.09000,0.00000,0.00000,0.00000,28.4965
51.00,0.12000,0.00000,0.00000,0.00000,28.7471
51.01,0.15000,0.00000,0.00000,0.00000,28.9559
51.02,0.18000,0.00000,0.00000,0.00000,29.1299
51.03,0.20000,0.00000,0.00000,0.00000,29.2607
51.04,0.20000,0.00000,0.00000,0.00000,29.3126
51.05,0.20000,0.00000,0.00000,0.00000,29.2973
51.06,0.20000,0.00000,0.00000,0.00000,29.2251
51.07,0.20000,0.00000,0.00000,0.00000,29.1050
51.08,0.20000,0.00000,0.00000,0.00000,28.9445
51.09,0.20000,0.00000,0.00000,0.00000,28.7499
51.10,0.20000,0.00000,0.00000,0.00000,28.5266
51.11,0.20000,0.00000,0.00000,0.00000,28.2793
51.12,0.20000,0.00000,0.00000,0.00000,28.5661
51.13,0.20000,0.00000,0.00000,0.00000,28.8051
51.14,0.20000,0.00000,0.00000,0.00000,29.0042
51.15,0.20000,0.00000,0.00000,0.00000,29.1702
51.16,0.20000,0.00000,0.00000,0.00000,29.3085
51.17,0.20000,0.00000,0.00000,0.00000,29.4237
51.18,0.20000,0.00000,0.00000,0.00000,29.5198
51.19,0.20000,0.00000,0.00000,0.00000,29.5998
51.20,0.20000,0.00000,0.00000,0.00000,29.6665
51.21,0.20000,0.00000,0.00000,0.00000,29.7221
51.22,0.20000,0.00000,0.00000,0.00000,29.7684
51.23,0.20000,0.00000,0.00000,0.00000,29.8070
51.24,0.20000,0.00000,0.00000,0.00000,29.8392
51.25,0.20000,0.00000,0.00000,0.00000,29.8660
51.26,0.20000,0.00000,0.00000,0.00000,29.8883
51.27,0.14000,0.06400,0.03200,0.04000,29.9069
51.28,0.08000,0.12800,0.06400,0.08000,29.9224
51.29,0.02000,0.19200,0.09600,0.12000,29.9354
51.30,0.00000,0.25600,0.12800,0.16000,29.9461
51.31,0.00000,0.32000,0.16000,0.20000,29.9551
51.32,0.00000,0.38400,0.19200,0.24000,29.9626
51.33,0.00000,0.38900,0.19450,0.24313,29.9688
51.34,0.00000,0.38493,0.19246,0.24058,29.9740
51.35,0.00000,0.38087,0.19044,0.23805,29.9784
51.36,0.00000,0.37684,0.18842,0.23552,29.9820
51.37,0.00000,0.37282,0.18641,0.23301,29.9850
51.38,0.00000,0.36881,0.18441,0.23051,29.9875
51.39,0.00000,0.36483,0.18242,0.22802,29.9896
51.40,0.00000,0.36086,0.18043,0.22554,29.9913
51.41,0.00000,0.35691,0.17846,0.22307,29.9928
51.42,0.00000,0.35298,0.17649,0.22061,29.9940
51.43,0.00000,0.34906,0.17453,0.21816,29.9950
51.44,0.00000,0.34515,0.17258,0.21572,29.9958
51.45,0.00000,0.34126,0.17063,0.21329,29.9965
51.46,0.00000,0.33739,0.16869,0.21087,29.9971
51.47,0.00000,0.33350,0.16675,0.20844,29.9976
51.48,0.00000,0.32950,0.16475,0.20594,29.9980
51.49,0.00000,0.32551,0.16276,0.20345,29.9983
51.50,0.00000,0.32154,0.16077,0.20096,29.9986
51.51,0.00000,0.31757,0.15878,0.19848,29.9988
51.52,0.00000,0.31366,0.15683,0.19604,29.9990
51.53,0.00000,0.30973,0.15486,0.19358,29.9992
51.54,0.00000,0.30580,0.15290,0.19112,29.9993
51.55,0.00000,0.30188,0.15094,0.18868,29.9994
51.56,0.00000,0.29797,0.14899,0.18623,29.9995
51.57,0.00000,0.29407,0.14703,0.18379,29.9996
51.58,0.00000,0.29017,0.14509,0.18136,29.9997
51.59,0.00000,0.28629,0.14314,0.17893,29.9997
51.60,0.00000,0.28240,0.14120,0.17650,29.9998
51.61,0.00000,0.27853,0.13926,0.17408,29.9998
51.62,0.00000,0.27465,0.13733,0.17166,29.9998
51.63,0.00000,0.27079,0.13539,0.16924,29.9999
51.64,0.00000,0.26692,0.13346,0.16683,29.9999
51.65,0.00000,0.26306,0.13153,0.16441,29.9999
51.66,0.00000,0.25920,0.12960,0.16200,29.9999
51.67,0.00000,0.25534,0.12767,0.15959,29.9999
51.68,0.00000,0.25148,0.12574,0.15718,29.9999
51.69,0.00000,0.24753,0.12377,0.15471,30.0000
51.70,0.00000,0.24321,0.12161,0.15201,30.0000
51.71,0.00000,0.23888,0.11944,0.14930,30.0000
51.72,0.00000,0.23454,0.11727,0.14659,30.0000
51.73,0.00000,0.23018,0.11509,0.14386,30.0000
51.74,0.00000,0.22644,0.11322,0.14153,30.0000
51.75,0.00000,0.14644,0.07322,0.09153,30.0000
51.76,0.00000,0.06644,0.03322,0.04153,30.0000
51.77,0.03000,0.00000,0.00000,0.00000,30.0000
51.78,0.06000,0.00000,0.00000,0.00000,30.0000
51.79,0.09000,0.00000,0.00000,0.00000,30.0000
51.80,0.12000,0.00000,0.00000,0.00000,30.0000
51.81,0.15000,0.00000,0.00000,0.00000,30.0000
51.82,0.18000,0.00000,0.00000,0.00000,30.0000
51.83,0.20000,0.00000,0.00000,0.00000,30.0000
51.84,0.20000,0.00000,0.00000,0.00000,30.0000
51.85,0.20000,0.00000,0.00000,0.00000,30.0000
51.86,0.20000,0.00000,0.00000,0.00000,30.0000
51.87,0.20000,0.00000,0.00000,0.00000,30.0000
51.88,0.20000,0.00000,0.00000,0.00000,30.0000
51.89,0.20000,0.00000,0.00000,0.00000,30.0000
51.90,0.20000,0.00000,0.00000,0.00000,30.0000
51.91,0.20000,0.00000,0.00000,0.00000,30.0000
51.92,0.20000,0.00000,0.00000,0.00000,30.0000
51.93,0.20000,0.00000,0.00000,0.00000,30.0000
51.94,0.20000,0.00000,0.00000,0.00000,30.0000
51.95,0.20000,0.00000,0.00000,0.00000,30.0000
51.96,0.20000,0.00000,0.00000,0.00000,30.0000
51.97,0.20000,0.00000,0.00000,0.00000,30.0000
51.98,0.20000,0.00000,0.00000,0.00000,30.0000
51.99,0.20000,0.00000,0.00000,0.00000,30.0000
52.00,0.20000,0.00000,0.00000,0.00000,30.0000
52.01,0.20000,0.00000,0.00000,0.00000,30.0000
52.02,0.20000,0.00000,0.00000,0.00000,30.0000
52.03,0.20000,0.00000,0.00000,0.00000,30.0000
52.04,0.20000,0.00000,0.00000,0.00000,30.0000
52.05,0.20000,0.00000,0.00000,0.00000,30.0000
52.06,0.20000,0.00000,0.00000,0.00000,30.0000
52.07,0.20000,0.00000,0.00000,0.00000,30.0000
52.08,0.20000,0.00000,0.00000,0.00000,30.0000
52.09,0.20000,0.00000,0.00000,0.00000,30.0000
52.10,0.20000,0.00000,0.00000,0.00000,30.0000
52.11,0.20000,0.00000,0.00000,0.00000,30.0000
52.12,0.20000,0.00000,0.00000,0.00000,30.0000
52.13,0.14000,0.06400,0.03200,0.04000,30.0000
52.14,0.08000,0.12800,0.06400,0.08000,30.0000
52.15,0.02000,0.19200,0.09600,0.12000,30.0000
52.16,0.00000,0.25600,0.12800,0.16000,30.0000
52.17,0.00000,0.32000,0.16000,0.20000,30.0000
52.18,0.00000,0.38162,0.19081,0.23851,30.0000
52.19,0.00000,0.37544,0.18772,0.23465,30.0000
52.20,0.00000,0.36925,0.18462,0.23078,30.0000
52.21,0.00000,0.36305,0.18152,0.22691,30.0000
52.22,0.00000,0.35684,0.17842,0.22302,30.0000
52.23,0.00000,0.35062,0.17531,0.21914,30.0000
52.24,0.00000,0.34438,0.17219,0.21524,30.0000
52.25,0.00000,0.33813,0.16906,0.21133,30.0000
52.26,0.00000,0.33185,0.16593,0.20741,30.0000
52.27,0.00000,0.32556,0.16278,0.20347,30.0000
52.28,0.00000,0.31923,0.15962,0.19952,30.0000
52.29,0.00000,0.31288,0.15644,0.19555,30.0000
52.30,0.00000,0.30650,0.15325,0.19156,30.0000
52.31,0.00000,0.30008,0.15004,0.18755,30.0000
52.32,0.00000,0.29362,0.14681,0.18352,30.0000
52.33,0.00000,0.28712,0.14356,0.17945,30.0000
52.34,0.00000,0.28042,0.14021,0.17526,30.0000
52.35,0.00000,0.27156,0.13578,0.16972,30.0000
52.36,0.00000,0.26253,0.13127,0.16408,30.0000
52.37,0.00000,0.25333,0.12667,0.15833,30.0000
52.38,0.00000,0.24393,0.12197,0.15246,30.0000
52.39,0.00000,0.23431,0.11715,0.14644,30.0000
52.40,0.00000,0.23098,0.11549,0.14436,30.0000
52.41,0.00000,0.15098,0.07549,0.09436,30.0000
52.42,0.00000,0.07098,0.03549,0.04436,30.0000
52.43,0.03000,0.00000,0.00000,0.00000,30.0000
52.44,0.06000,0.00000,0.00000,0.00000,30.0000
52.45,0.09000,0.00000,0.00000,0.00000,30.0000
52.46,0.12000,0.00000,0.00000,0.00000,30.0000
52.47,0.15000,0.00000,0.00000,0.00000,30.0000
52.48,0.18000,0.00000,0.00000,0.00000,30.0000
52.49,0.20000,0.00000,0.00000,0.00000,30.0000
52.50,0.20000,0.00000,0.00000,0.00000,30.0000
52.51,0.20000,0.00000,0.00000,0.00000,30.0000
52.52,0.20000,0.00000,0.00000,0.00000,30.0000
52.53,0.20000,0.00000,0.00000,0.00000,29.9211
52.54,0.20000,0.00000,0.00000,0.00000,29.7757
52.55,0.20000,0.00000,0.00000,0.00000,29.5744
52.56,0.20000,0.00000,0.00000,0.00000,29.3263
52.57,0.20000,0.00000,0.00000,0.00000,29.0390
52.58,0.20000,0.00000,0.00000,0.00000,28.7189
52.59,0.20000,0.00000,0.00000,0.00000,28.3695
52.60,0.20000,0.00000,0.00000,0.00000,27.9955
52.61,0.20000,0.00000,0.00000,0.00000,28.1967
52.62,0.20000,0.00000,0.00000,0.00000,28.2845
52.63,0.20000,0.00000,0.00000,0.00000,28.2777
52.64,0.20000,0.00000,0.00000,0.00000,28.1920
52.65,0.20000,0.00000,0.00000,0.00000,28.0403
52.66,0.20000,0.00000,0.00000,0.00000,27.8333
52.67,0.20000,0.00000,0.00000,0.00000,27.5802
52.68,0.20000,0.00000,0.00000,0.00000,27.2884
52.69,0.20000,0.00000,0.00000,0.00000,26.9645
52.70,0.20000,0.00000,0.00000,0.00000,26.6137
52.71,0.20000,0.00000,0.00000,0.00000,26.2408
52.72,0.20000,0.00000,0.00000,0.00000,25.8505
52.73,0.20000,0.00000,0.00000,0.00000,25.4465
52.74,0.20000,0.00000,0.00000,0.00000,25.0313
52.75,0.20000,0.00000,0.00000,0.00000,24.6073
52.76,0.20000,0.00000,0.00000,0.00000,24.1763
52.77,0.20000,0.00000,0.00000,0.00000,23.7401
52.78,0.20000,0.00000,0.00000,0.00000,23.3000
52.79,0.20000,0.00000,0.00000,0.00000,22.8573
52.80,0.20000,0.00000,0.00000,0.00000,22.4131
52.81,0.20000,0.00000,0.00000,0.00000,21.9681
52.82,0.20000,0.00000,0.00000,0.00000,22.0217
52.83,0.20000,0.00000,0.00000,0.00000,21.9951
52.84,0.20000,0.00000,0.00000,0.00000,21.9020
52.85,0.20000,0.00000,0.00000,0.00000,21.7540
52.86,0.20000,0.00000,0.00000,0.00000,21.5602
52.87,0.20000,0.00000,0.00000,0.00000,21.3285
52.88,0.20000,0.00000,0.00000,0.00000,21.0652
52.89,0.20000,0.00000,0.00000,0.00000,20.7760
52.90,0.20000,0.00000,0.00000,0.00000,20.4651
52.91,0.20000,0.00000,0.00000,0.00000,20.1375
52.92,0.20000,0.00000,0.00000,0.00000,19.7972
52.93,0.20000,0.00000,0.00000,0.00000,19.4465
52.94,0.20000,0.00000,0.00000,0.00000,19.0876
52.95,0.20000,0.00000,0.00000,0.00000,18.7223
52.96,0.20000,0.00000,0.00000,0.00000,18.3521
52.97,0.20000,0.00000,0.00000,0.00000,17.9783
52.98,0.20000,0.00000,0.00000,0.00000,17.6021
52.99,0.20000,0.00000,0.00000,0.00000,17.2243
53.00,0.20000,0.00000,0.00000,0.00000,16.8458
53.01,0.20000,0.00000,0.00000,0.00000,16.8878
53.02,0.20000,0.00000,0.00000,0.00000,16.8621
53.03,0.20000,0.00000,0.00000,0.00000,16.7804
53.04,0.20000,0.00000,0.00000,0.00000,16.6522
53.05,0.20000,0.00000,0.00000,0.00000,16.4855
53.06,0.20000,0.00000,0.00000,0.00000,16.2868
53.07,0.20000,0.00000,0.00000,0.00000,16.0617
53.08,0.20000,0.00000,0.00000,0.00000,15.8146
53.09,0.20000,0.00000,0.00000,0.00000,15.5495
53.10,0.20000,0.00000,0.00000,0.00000,15.2716
53.11,0.20000,0.00000,0.00000,0.00000,14.9834
53.12,0.20000,0.00000,0.00000,0.00000,14.6870
53.13,0.20000,0.00000,0.00000,0.00000,14.3840
53.14,0.20000,0.00000,0.00000,0.00000,14.0760
53.15,0.20000,0.00000,0.00000,0.00000,13.7641
53.16,0.20000,0.00000,0.00000,0.00000,13.4495
53.17,0.20000,0.00000,0.00000,0.00000,13.1330
53.18,0.20000,0.00000,0.00000,0.00000,12.8155
53.19,0.20000,0.00000,0.00000,0.00000,12.4976
53.20,0.20000,0.00000,0.00000,0.00000,12.5405
53.21,0.20000,0.00000,0.00000,0.00000,12.5256
53.22,0.20000,0.00000,0.00000,0.00000,12.4627
53.23,0.20000,0.00000,0.00000,0.00000,12.3600
53.24,0.20000,0.00000,0.00000,0.00000,12.2245
53.25,0.20256,0.00000,0.00000,0.00000,12.0616
53.26,0.21029,0.00000,0.00000,0.00000,11.8761
53.27,0.21798,0.00000,0.00000,0.00000,11.6720
53.28,0.22564,0.00000,0.00000,0.00000,11.4547
53.29,0.23326,0.00000,0.00000,0.00000,11.2267
53.30,0.24085,0.00000,0.00000,0.00000,10.9901
53.31,0.24840,0.00000,0.00000,0.00000,10.7464
53.32,0.25721,0.00000,0.00000,0.00000,10.4973
53.33,0.26745,0.00000,0.00000,0.00000,10.2439
53.34,0.27766,0.00000,0.00000,0.00000,9.9873
53.35,0.28784,0.00000,0.00000,0.00000,9.7284
53.36,0.29800,0.00000,0.00000,0.00000,9.4679
53.37,0.30000,0.00000,0.00000,0.00000,9.2066
53.38,0.30000,0.00000,0.00000,0.00000,9.2560
53.39,0.30000,0.00000,0.00000,0.00000,9.2550
53.40,0.30000,0.00000,0.00000,0.00000,9.2122
53.41,0.30000,0.00000,0.00000,0.00000,9.1348
53.42,0.30000,0.00000,0.00000,0.00000,9.0286
53.43,0.30000,0.00000,0.00000,0.00000,8.8985
53.44,0.30000,0.00000,0.00000,0.00000,8.7486
53.45,0.30000,0.00000,0.00000,0.00000,8.5844
53.46,0.30000,0.00000,0.00000,0.00000,8.4086
53.47,0.30000,0.00000,0.00000,0.00000,8.2232
53.48,0.30000,0.00000,0.00000,0.00000,8.0301
53.49,0.30000,0.00000,0.00000,0.00000,7.8306
53.50,0.30000,0.00000,0.00000,0.00000,7.6262
53.51,0.30000,0.00000,0.00000,0.00000,7.4177
53.52,0.30000,0.00000,0.00000,0.00000,7.2063
53.53,0.30000,0.00000,0.00000,0.00000,6.9925
53.54,0.30000,0.00000,0.00000,0.00000,6.7772
53.55,0.30000,0.00000,0.00000,0.00000,6.5608
53.56,0.30000,0.00000,0.00000,0.00000,6.6145
53.57,0.30000,0.00000,0.00000,0.00000,6.6241
53.58,0.30000,0.00000,0.00000,0.00000,6.5972
53.59,0.30000,0.00000,0.00000,0.00000,6.5400
53.60,0.30000,0.00000,0.00000,0.00000,6.4575
53.61,0.30000,0.00000,0.00000,0.00000,6.3556
53.62,0.30000,0.00000,0.00000,0.00000,6.2382
53.63,0.30000,0.00000,0.00000,0.00000,6.1081
53.64,0.30000,0.00000,0.00000,0.00000,5.9675
53.65,0.30000,0.00000,0.00000,0.00000,5.8183
53.66,0.30000,0.00000,0.00000,0.00000,5.6620
53.67,0.30000,0.00000,0.00000,0.00000,5.4999
53.68,0.30000,0.00000,0.00000,0.00000,5.3332
53.69,0.30000,0.00000,0.00000,0.00000,5.1629
53.70,0.30000,0.00000,0.00000,0.00000,4.9897
53.71,0.30000,0.00000,0.00000,0.00000,4.8144
53.72,0.30000,0.00000,0.00000,0.00000,4.6375
53.73,0.30000,0.00000,0.00000,0.00000,4.6957
53.74,0.30006,0.00000,0.00000,0.00000,4.7150
53.75,0.30244,0.00000,0.00000,0.00000,4.7019
53.76,0.30482,0.00000,0.00000,0.00000,4.6620
53.77,0.30721,0.00000,0.00000,0.00000,4.6016
53.78,0.30960,0.00000,0.00000,0.00000,4.5245
53.79,0.31200,0.00000,0.00000,0.00000,4.4334
53.80,0.31440,0.00000,0.00000,0.00000,4.3307
53.81,0.31666,0.00000,0.00000,0.00000,4.2185
53.82,0.31885,0.00000,0.00000,0.00000,4.0984
53.83,0.32104,0.00000,0.00000,0.00000,3.9718
53.84,0.32323,0.00000,0.00000,0.00000,3.8399
53.85,0.32544,0.00000,0.00000,0.00000,3.7038
53.86,0.32764,0.00000,0.00000,0.00000,3.5643
53.87,0.32985,0.00000,0.00000,0.00000,3.4221
53.88,0.33207,0.00000,0.00000,0.00000,3.2779
53.89,0.33393,0.00000,0.00000,0.00000,3.3380
53.90,0.33616,0.00000,0.00000,0.00000,3.3636
53.91,0.33839,0.00000,0.00000,0.00000,3.3606
53.92,0.34063,0.00000,0.00000,0.00000,3.3352
53.93,0.34287,0.00000,0.00000,0.00000,3.2915
53.94,0.34512,0.00000,0.00000,0.00000,3.2328
53.95,0.34737,0.00000,0.00000,0.00000,3.1614
53.96,0.34963,0.00000,0.00000,0.00000,3.0796
53.97,0.35169,0.00000,0.00000,0.00000,2.9891
53.98,0.35370,0.00000,0.00000,0.00000,2.8914
53.99,0.35572,0.00000,0.00000,0.00000,2.7879
54.00,0.35775,0.00000,0.00000,0.00000,2.6795
54.01,0.35978,0.00000,0.00000,0.00000,2.5671
54.02,0.36181,0.00000,0.00000,0.00000,2.4516
54.03,0.36385,0.00000,0.00000,0.00000,2.3335
54.04,0.36565,0.00000,0.00000,0.00000,2.3928
54.05,0.36770,0.00000,0.00000,0.00000,2.4215
54.06,0.36975,0.00000,0.00000,0.00000,2.4252
54.07,0.37181,0.00000,0.00000,0.00000,2.4093
54.08,0.37388,0.00000,0.00000,0.00000,2.3771
54.09,0.37595,0.00000,0.00000,0.00000,2.3313
54.10,0.37803,0.00000,0.00000,0.00000,2.2741
54.11,0.38011,0.00000,0.00000,0.00000,2.2076
54.12,0.38203,0.00000,0.00000,0.00000,2.1332
54.13,0.38386,0.00000,0.00000,0.00000,2.0524
54.14,0.38569,0.00000,0.00000,0.00000,1.9661
54.15,0.38752,0.00000,0.00000,0.00000,1.8755
54.16,0.38937,0.00000,0.00000,0.00000,1.7813
54.17,0.39121,0.00000,0.00000,0.00000,1.6841
54.18,0.39306,0.00000,0.00000,0.00000,1.5846
54.19,0.39475,0.00000,0.00000,0.00000,1.6394
54.20,0.39661,0.00000,0.00000,0.00000,1.6680
54.21,0.39848,0.00000,0.00000,0.00000,1.6756
54.22,0.40087,0.00000,0.00000,0.00000,1.6657
54.23,0.40555,0.00000,0.00000,0.00000,1.6415
54.24,0.41025,0.00000,0.00000,0.00000,1.6051
54.25,0.41496,0.00000,0.00000,0.00000,1.5587
54.26,0.41968,0.00000,0.00000,0.00000,1.5039
54.27,0.42378,0.00000,0.00000,0.00000,1.4421
54.28,0.42787,0.00000,0.00000,0.00000,1.3746
54.29,0.43198,0.00000,0.00000,0.00000,1.3022
54.30,0.43610,0.00000,0.00000,0.00000,1.2259
54.31,0.44023,0.00000,0.00000,0.00000,1.1464
54.32,0.44437,0.00000,0.00000,0.00000,1.0642
54.33,0.44853,0.00000,0.00000,0.00000,0.9799
54.34,0.45242,0.00000,0.00000,0.00000,1.0311
54.35,0.45660,0.00000,0.00000,0.00000,1.0599
54.36,0.46079,0.00000,0.00000,0.00000,1.0702
54.37,0.46499,0.00000,0.00000,0.00000,1.0650
54.38,0.46921,0.00000,0.00000,0.00000,1.0469
54.39,0.47343,0.00000,0.00000,0.00000,1.0181
54.40,0.47767,0.00000,0.00000,0.00000,0.9803
54.41,0.48135,0.00000,0.00000,0.00000,0.9350
54.42,0.48500,0.00000,0.00000,0.00000,0.8835
54.43,0.48866,0.00000,0.00000,0.00000,0.8268
54.44,0.49233,0.00000,0.00000,0.00000,0.7658
54.45,0.49601,0.00000,0.00000,0.00000,0.7013
54.46,0.49970,0.00000,0.00000,0.00000,0.6340
54.47,0.50323,0.00000,0.00000,0.00000,0.6824
54.48,0.50695,0.00000,0.00000,0.00000,0.7108
54.49,0.51067,0.00000,0.00000,0.00000,0.7224
54.50,0.51441,0.00000,0.00000,0.00000,0.7202
54.51,0.51816,0.00000,0.00000,0.00000,0.7063
54.52,0.52191,0.00000,0.00000,0.00000,0.6828
54.53,0.52568,0.00000,0.00000,0.00000,0.6511
54.54,0.52924,0.00000,0.00000,0.00000,0.6126
54.55,0.53247,0.00000,0.00000,0.00000,0.5685
54.56,0.53572,0.00000,0.00000,0.00000,0.5196
54.57,0.53897,0.00000,0.00000,0.00000,0.4669
54.58,0.54223,0.00000,0.00000,0.00000,0.4108
54.59,0.54550,0.00000,0.00000,0.00000,0.3529
54.60,0.54879,0.00000,0.00000,0.00000,0.2936
54.61,0.55222,0.00000,0.00000,0.00000,0.3340
54.62,0.55594,0.00000,0.00000,0.00000,0.3573
54.63,0.55966,0.00000,0.00000,0.00000,0.3661
54.64,0.56340,0.00000,0.00000,0.00000,0.3630
54.65,0.56716,0.00000,0.00000,0.00000,0.3499
54.66,0.57092,0.00000,0.00000,0.00000,0.3284
54.67,0.57445,0.00000,0.00000,0.00000,0.3000
54.68,0.57768,0.00000,0.00000,0.00000,0.2657
54.69,0.58091,0.00000,0.00000,0.00000,0.2265
54.70,0.58416,0.00000,0.00000,0.00000,0.1834
54.71,0.58741,0.00000,0.00000,0.00000,0.1377
54.72,0.59068,0.00000,0.00000,0.00000,0.0899
54.73,0.59388,0.00000,0.00000,0.00000,0.1261
54.74,0.59717,0.00000,0.00000,0.00000,0.1470
54.75,0.60047,0.00000,0.00000,0.00000,0.1551
54.76,0.60377,0.00000,0.00000,0.00000,0.1526
54.77,0.60709,0.00000,0.00000,0.00000,0.1412
54.78,0.61042,0.00000,0.00000,0.00000,0.1223
54.79,0.61376,0.00000,0.00000,0.00000,0.0972
54.80,0.61664,0.00000,0.00000,0.00000,0.0669
54.81,0.61950,0.00000,0.00000,0.00000,0.0322
54.82,0.62238,0.00000,0.00000,0.00000,-0.0055
54.83,0.62527,0.00000,0.00000,0.00000,-0.0456
54.84,0.62817,0.00000,0.00000,0.00000,-0.0876
54.85,0.63107,0.00000,0.00000,0.00000,-0.1312
54.86,0.63394,0.00000,0.00000,0.00000,-0.1036
54.87,0.63686,0.00000,0.00000,0.00000,-0.0888
54.88,0.63980,0.00000,0.00000,0.00000,-0.0848
54.89,0.64274,0.00000,0.00000,0.00000,-0.0897
54.90,0.64569,0.00000,0.00000,0.00000,-0.1020
54.91,0.64865,0.00000,0.00000,0.00000,-0.1206
54.92,0.65121,0.00000,0.00000,0.00000,-0.1444
54.93,0.65376,0.00000,0.00000,0.00000,-0.1720
54.94,0.65632,0.00000,0.00000,0.00000,-0.2026
54.95,0.65889,0.00000,0.00000,0.00000,-0.2356
54.96,0.66147,0.00000,0.00000,0.00000,-0.2707
54.97,0.66403,0.00000,0.00000,0.00000,-0.2474
54.98,0.66663,0.00000,0.00000,0.00000,-0.2352
54.99,0.66923,0.00000,0.00000,0.00000,-0.2324
55.00,0.67184,0.00000,0.00000,0.00000,-0.2374
55.01,0.67446,0.00000,0.00000,0.00000,-0.2490
55.02,0.67709,0.00000,0.00000,0.00000,-0.2660
55.03,0.67957,0.00000,0.00000,0.00000,-0.2873
55.04,0.68185,0.00000,0.00000,0.00000,-0.3118
55.05,0.68413,0.00000,0.00000,0.00000,-0.3390
55.06,0.68643,0.00000,0.00000,0.00000,-0.3683
55.07,0.68873,0.00000,0.00000,0.00000,-0.3995
55.08,0.69104,0.00000,0.00000,0.00000,-0.4322
55.09,0.69334,0.00000,0.00000,0.00000,-0.4166
55.10,0.69566,0.00000,0.00000,0.00000,-0.4101
55.11,0.69799,0.00000,0.00000,0.00000,-0.4112
55.12,0.70104,0.00000,0.00000,0.00000,-0.4186
55.13,0.70854,0.00000,0.00000,0.00000,-0.4312
55.14,0.71576,0.00000,0.00000,0.00000,-0.4476
55.15,0.72230,0.00000,0.00000,0.00000,-0.4671
55.16,0.72887,0.00000,0.00000,0.00000,-0.4893
55.17,0.73545,0.00000,0.00000,0.00000,-0.5136
55.18,0.74205,0.00000,0.00000,0.00000,-0.5397
55.19,0.74868,0.00000,0.00000,0.00000,-0.5674
55.20,0.75530,0.00000,0.00000,0.00000,-0.5565
55.21,0.76196,0.00000,0.00000,0.00000,-0.5531
55.22,0.76865,0.00000,0.00000,0.00000,-0.5560
55.23,0.77536,0.00000,0.00000,0.00000,-0.5639
55.24,0.78210,0.00000,0.00000,0.00000,-0.5757
55.25,0.78838,0.00000,0.00000,0.00000,-0.5905
55.26,0.79429,0.00000,0.00000,0.00000,-0.6079
55.27,0.80021,0.00000,0.00000,0.00000,-0.6276
55.28,0.80615,0.00000,0.00000,0.00000,-0.6491
55.29,0.81211,0.00000,0.00000,0.00000,-0.6721
55.30,0.81808,0.00000,0.00000,0.00000,-0.6652
55.31,0.82408,0.00000,0.00000,0.00000,-0.6645
55.32,0.83010,0.00000,0.00000,0.00000,-0.6689
55.33,0.83615,0.00000,0.00000,0.00000,-0.6772
55.34,0.84221,0.00000,0.00000,0.00000,-0.6884
55.35,0.84818,0.00000,0.00000,0.00000,-0.7021
55.36,0.85352,0.00000,0.00000,0.00000,-0.7179
55.37,0.85887,0.00000,0.00000,0.00000,-0.7355
55.38,0.86425,0.00000,0.00000,0.00000,-0.7545
55.39,0.86964,0.00000,0.00000,0.00000,-0.7748
55.40,0.87504,0.00000,0.00000,0.00000,-0.7727
55.41,0.88047,0.00000,0.00000,0.00000,-0.7752
55.42,0.88591,0.00000,0.00000,0.00000,-0.7813
55.43,0.89138,0.00000,0.00000,0.00000,-0.7901
55.44,0.89686,0.00000,0.00000,0.00000,-0.8011
55.45,0.90230,0.00000,0.00000,0.00000,-0.8140
55.46,0.90713,0.00000,0.00000,0.00000,-0.8285
55.47,0.91198,0.00000,0.00000,0.00000,-0.8443
55.48,0.91685,0.00000,0.00000,0.00000,-0.8612
55.49,0.92174,0.00000,0.00000,0.00000,-0.8790
55.50,0.92664,0.00000,0.00000,0.00000,-0.8808
55.51,0.93155,0.00000,0.00000,0.00000,-0.8856
55.52,0.93649,0.00000,0.00000,0.00000,-0.8926
55.53,0.94144,0.00000,0.00000,0.00000,-0.9015
55.54,0.94641,0.00000,0.00000,0.00000,-0.9120
55.55,0.95115,0.00000,0.00000,0.00000,-0.9238
55.56,0.95553,0.00000,0.00000,0.00000,-0.9367
55.57,0.95991,0.00000,0.00000,0.00000,-0.9505
55.58,0.96431,0.00000,0.00000,0.00000,-0.9651
55.59,0.96873,0.00000,0.00000,0.00000,-0.9803
55.60,0.97316,0.00000,0.00000,0.00000,-0.9844
55.61,0.97761,0.00000,0.00000,0.00000,-0.9903
55.62,0.98207,0.00000,0.00000,0.00000,-0.9976
55.63,0.98654,0.00000,0.00000,0.00000,-1.0062
55.64,0.99103,0.00000,0.00000,0.00000,-1.0157
55.65,0.99495,0.00000,0.00000,0.00000,-1.0260
55.66,0.99887,0.00000,0.00000,0.00000,-1.0370
55.67,1.00000,0.00000,0.00000,0.00000,-1.0486
55.68,1.00000,0.00000,0.00000,0.00000,-1.0603
55.69,1.00000,0.00000,0.00000,0.00000,-1.0659
55.70,1.00000,0.00000,0.00000,0.00000,-1.0724
55.71,1.00000,0.00000,0.00000,0.00000,-1.0796
55.72,1.00000,0.00000,0.00000,0.00000,-1.0873
55.73,1.00000,0.00000,0.00000,0.00000,-1.0956
55.74,1.00000,0.00000,0.00000,0.00000,-1.1042
55.75,1.00000,0.00000,0.00000,0.00000,-1.1132
55.76,1.00000,0.00000,0.00000,0.00000,-1.1221
55.77,1.00000,0.00000,0.00000,0.00000,-1.1308
55.78,1.00000,0.00000,0.00000,0.00000,-1.1375
55.79,1.00000,0.00000,0.00000,0.00000,-1.1442
55.80,1.00000,0.00000,0.00000,0.00000,-1.1510
55.81,1.00000,0.00000,0.00000,0.00000,-1.1578
55.82,1.00000,0.00000,0.00000,0.00000,-1.1646
55.83,1.00000,0.00000,0.00000,0.00000,-1.1714
55.84,1.00000,0.00000,0.00000,0.00000,-1.1780
55.85,1.00000,0.00000,0.00000,0.00000,-1.1840
55.86,1.00000,0.00000,0.00000,0.00000,-1.1896
55.87,1.00000,0.00000,0.00000,0.00000,-1.1967
55.88,1.00000,0.00000,0.00000,0.00000,-1.2032
55.89,1.00000,0.00000,0.00000,0.00000,-1.2091
55.90,1.00000,0.00000,0.00000,0.00000,-1.2147
55.91,1.00000,0.00000,0.00000,0.00000,-1.2198
55.92,1.00000,0.00000,0.00000,0.00000,-1.2242
55.93,1.00000,0.00000,0.00000,0.00000,-1.2279
55.94,1.00000,0.00000,0.00000,0.00000,-1.2309
55.95,1.00000,0.00000,0.00000,0.00000,-1.2383
55.96,1.00000,0.00000,0.00000,0.00000,-1.2445
55.97,1.00000,0.00000,0.00000,0.00000,-1.2495
55.98,1.00000,0.00000,0.00000,0.00000,-1.2537
55.99,1.00000,0.00000,0.00000,0.00000,-1.2572
56.00,1.00000,0.00000,0.00000,0.00000,-1.2595
56.01,1.00000,0.00000,0.00000,0.00000,-1.2609
56.02,1.00000,0.00000,0.00000,0.00000,-1.2615
56.03,1.00000,0.00000,0.00000,0.00000,-1.2615
56.04,1.00000,0.00000,0.00000,0.00000,-1.2681
56.05,1.00000,0.00000,0.00000,0.00000,-1.2730
56.06,1.00000,0.00000,0.00000,0.00000,-1.2766
56.07,1.00000,0.00000,0.00000,0.00000,-1.2787
56.08,1.00000,0.00000,0.00000,0.00000,-1.2795
56.09,1.00000,0.00000,0.00000,0.00000,-1.2791
56.10,1.00000,0.00000,0.00000,0.00000,-1.2777
56.11,1.00000,0.00000,0.00000,0.00000,-1.2754
56.12,1.00000,0.00000,0.00000,0.00000,-1.2816
56.13,1.00000,0.00000,0.00000,0.00000,-1.2856
56.14,1.00000,0.00000,0.00000,0.00000,-1.2879
56.15,1.00000,0.00000,0.00000,0.00000,-1.2883
56.16,1.00000,0.00000,0.00000,0.00000,-1.2872
56.17,1.00000,0.00000,0.00000,0.00000,-1.2847
56.18,1.00000,0.00000,0.00000,0.00000,-1.2812
56.19,1.00000,0.00000,0.00000,0.00000,-1.2767
56.20,1.00000,0.00000,0.00000,0.00000,-1.2819
56.21,1.00000,0.00000,0.00000,0.00000,-1.2847
56.22,1.00000,0.00000,0.00000,0.00000,-1.2852
56.23,1.00000,0.00000,0.00000,0.00000,-1.2838
56.24,1.00000,0.00000,0.00000,0.00000,-1.2807
56.25,1.00000,0.00000,0.00000,0.00000,-1.2763
56.26,1.00000,0.00000,0.00000,0.00000,-1.2707
56.27,1.00000,0.00000,0.00000,0.00000,-1.2641
56.28,1.00000,0.00000,0.00000,0.00000,-1.2680
56.29,1.00000,0.00000,0.00000,0.00000,-1.2692
56.30,1.00000,0.00000,0.00000,0.00000,-1.2680
56.31,1.00000,0.00000,0.00000,0.00000,-1.2647
56.32,1.00000,0.00000,0.00000,0.00000,-1.2598
56.33,1.00000,0.00000,0.00000,0.00000,-1.2535
56.34,1.00000,0.00000,0.00000,0.00000,-1.2459
56.35,1.00000,0.00000,0.00000,0.00000,-1.2493
56.36,1.00000,0.00000,0.00000,0.00000,-1.2497
56.37,1.00000,0.00000,0.00000,0.00000,-1.2476
56.38,1.00000,0.00000,0.00000,0.00000,-1.2433
56.39,1.00000,0.00000,0.00000,0.00000,-1.2372
56.40,1.00000,0.00000,0.00000,0.00000,-1.2296
56.41,1.00000,0.00000,0.00000,0.00000,-1.2207
56.42,1.00000,0.00000,0.00000,0.00000,-1.2108
56.43,1.00000,0.00000,0.00000,0.00000,-1.2120
56.44,1.00000,0.00000,0.00000,0.00000,-1.2102
56.45,1.00000,0.00000,0.00000,0.00000,-1.2061
56.46,1.00000,0.00000,0.00000,0.00000,-1.1998
56.47,1.00000,0.00000,0.00000,0.00000,-1.1919
56.48,1.00000,0.00000,0.00000,0.00000,-1.1825
56.49,1.00000,0.00000,0.00000,0.00000,-1.1719
56.50,1.00000,0.00000,0.00000,0.00000,-1.1723
56.51,1.00000,0.00000,0.00000,0.00000,-1.1698
56.52,1.00000,0.00000,0.00000,0.00000,-1.1647
56.53,1.00000,0.00000,0.00000,0.00000,-1.1576
56.54,1.00000,0.00000,0.00000,0.00000,-1.1487
56.55,1.00000,0.00000,0.00000,0.00000,-1.1384
56.56,1.00000,0.00000,0.00000,0.00000,-1.1268
56.57,1.00000,0.00000,0.00000,0.00000,-1.1141
56.58,1.00000,0.00000,0.00000,0.00000,-1.1124
56.59,1.00000,0.00000,0.00000,0.00000,-1.1078
56.60,1.00000,0.00000,0.00000,0.00000,-1.1010
56.61,1.00000,0.00000,0.00000,0.00000,-1.0923
56.62,1.00000,0.00000,0.00000,0.00000,-1.0820
56.63,1.00000,0.00000,0.00000,0.00000,-1.0704
56.64,1.00000,0.00000,0.00000,0.00000,-1.0575
56.65,1.00000,0.00000,0.00000,0.00000,-1.0551
56.66,1.00000,0.00000,0.00000,0.00000,-1.0499
56.67,1.00000,0.00000,0.00000,0.00000,-1.0425
56.68,1.00000,0.00000,0.00000,0.00000,-1.0333
56.69,1.00000,0.00000,0.00000,0.00000,-1.0224
56.70,1.00000,0.00000,0.00000,0.00000,-1.0102
56.71,1.00000,0.00000,0.00000,0.00000,-0.9969
56.72,1.00000,0.00000,0.00000,0.00000,-0.9934
56.73,1.00000,0.00000,0.00000,0.00000,-0.9874
56.74,1.00000,0.00000,0.00000,0.00000,-0.9793
56.75,1.00000,0.00000,0.00000,0.00000,-0.9694
56.76,1.00000,0.00000,0.00000,0.00000,-0.9580
56.77,1.00000,0.00000,0.00000,0.00000,-0.9453
56.78,1.00000,0.00000,0.00000,0.00000,-0.9316
56.79,1.00000,0.00000,0.00000,0.00000,-0.9271
56.80,1.00000,0.00000,0.00000,0.00000,-0.9203
56.81,1.00000,0.00000,0.00000,0.00000,-0.9115
56.82,1.00000,0.00000,0.00000,0.00000,-0.9011
56.83,1.00000,0.00000,0.00000,0.00000,-0.8892
56.84,1.00000,0.00000,0.00000,0.00000,-0.8763
56.85,1.00000,0.00000,0.00000,0.00000,-0.8624
56.86,1.00000,0.00000,0.00000,0.00000,-0.8570
56.87,1.00000,0.00000,0.00000,0.00000,-0.8495
56.88,1.00000,0.00000,0.00000,0.00000,-0.8402
56.89,1.00000,0.00000,0.00000,0.00000,-0.8294
56.90,1.00000,0.00000,0.00000,0.00000,-0.8173
56.91,1.00000,0.00000,0.00000,0.00000,-0.8043
56.92,1.00000,0.00000,0.00000,0.00000,-0.7904
56.93,1.00000,0.00000,0.00000,0.00000,-0.7843
56.94,1.00000,0.00000,0.00000,0.00000,-0.7762
56.95,1.00000,0.00000,0.00000,0.00000,-0.7666
56.96,1.00000,0.00000,0.00000,0.00000,-0.7556
56.97,1.00000,0.00000,0.00000,0.00000,-0.7435
56.98,1.00000,0.00000,0.00000,0.00000,-0.7306
56.99,1.00000,0.00000,0.00000,0.00000,-0.7245
57.00,1.00000,0.00000,0.00000,0.00000,-0.7165
57.01,1.00000,0.00000,0.00000,0.00000,-0.7071
57.02,1.00000,0.00000,0.00000,0.00000,-0.6964
57.03,1.00000,0.00000,0.00000,0.00000,-0.6847
57.04,1.00000,0.00000,0.00000,0.00000,-0.6722
57.05,1.00000,0.00000,0.00000,0.00000,-0.6590
57.06,1.00000,0.00000,0.00000,0.00000,-0.6520
57.07,1.00000,0.00000,0.00000,0.00000,-0.6434
57.08,1.00000,0.00000,0.00000,0.00000,-0.6336
57.09,1.00000,0.00000,0.00000,0.00000,-0.6228
57.10,1.00000,0.00000,0.00000,0.00000,-0.6112
57.11,1.00000,0.00000,0.00000,0.00000,-0.5989
57.12,1.00000,0.00000,0.00000,0.00000,-0.5861
57.13,1.00000,0.00000,0.00000,0.00000,-0.5787
57.14,1.00000,0.00000,0.00000,0.00000,-0.5700
57.15,1.00000,0.00000,0.00000,0.00000,-0.5603
57.16,1.00000,0.00000,0.00000,0.00000,-0.5497
57.17,1.00000,0.00000,0.00000,0.00000,-0.5385
57.18,1.00000,0.00000,0.00000,0.00000,-0.5268
57.19,1.00000,0.00000,0.00000,0.00000,-0.5196
57.20,1.00000,0.00000,0.00000,0.00000,-0.5113
57.21,1.00000,0.00000,0.00000,0.00000,-0.5020
57.22,1.00000,0.00000,0.00000,0.00000,-0.4921
57.23,1.00000,0.00000,0.00000,0.00000,-0.4815
57.24,1.00000,0.00000,0.00000,0.00000,-0.4705
57.25,1.00000,0.00000,0.00000,0.00000,-0.4591
57.26,1.00000,0.00000,0.00000,0.00000,-0.4516
57.27,1.00000,0.00000,0.00000,0.00000,-0.4434
57.28,1.00000,0.00000,0.00000,0.00000,-0.4344
57.29,1.00000,0.00000,0.00000,0.00000,-0.4249
57.30,1.00000,0.00000,0.00000,0.00000,-0.4149
57.31,1.00000,0.00000,0.00000,0.00000,-0.4045
57.32,1.00000,0.00000,0.00000,0.00000,-0.3975
57.33,1.00000,0.00000,0.00000,0.00000,-0.3897
57.34,1.00000,0.00000,0.00000,0.00000,-0.3814
57.35,1.00000,0.00000,0.00000,0.00000,-0.3726
57.36,1.00000,0.00000,0.00000,0.00000,-0.3634
57.37,1.00000,0.00000,0.00000,0.00000,-0.3539
57.38,1.00000,0.00000,0.00000,0.00000,-0.3473
57.39,1.00000,0.00000,0.00000,0.00000,-0.3400
57.40,1.00000,0.00000,0.00000,0.00000,-0.3323
57.41,1.00000,0.00000,0.00000,0.00000,-0.3243
57.42,1.00000,0.00000,0.00000,0.00000,-0.3159
57.43,1.00000,0.00000,0.00000,0.00000,-0.3073
57.44,1.00000,0.00000,0.00000,0.00000,-0.2985
57.45,1.00000,0.00000,0.00000,0.00000,-0.2923
57.46,1.00000,0.00000,0.00000,0.00000,-0.2856
57.47,1.00000,0.00000,0.00000,0.00000,-0.2786
57.48,1.00000,0.00000,0.00000,0.00000,-0.2714
57.49,1.00000,0.00000,0.00000,0.00000,-0.2639
57.50,1.00000,0.00000,0.00000,0.00000,-0.2563
57.51,1.00000,0.00000,0.00000,0.00000,-0.2508
57.52,1.00000,0.00000,0.00000,0.00000,-0.2450
57.53,1.00000,0.00000,0.00000,0.00000,-0.2390
57.54,1.00000,0.00000,0.00000,0.00000,-0.2327
57.55,1.00000,0.00000,0.00000,0.00000,-0.2263
57.56,1.00000,0.00000,0.00000,0.00000,-0.2197
57.57,1.00000,0.00000,0.00000,0.00000,-0.2149
57.58,1.00000,0.00000,0.00000,0.00000,-0.2099
57.59,1.00000,0.00000,0.00000,0.00000,-0.2047
57.60,1.00000,0.00000,0.00000,0.00000,-0.1993
57.61,1.00000,0.00000,0.00000,0.00000,-0.1938
57.62,1.00000,0.00000,0.00000,0.00000,-0.1883
57.63,1.00000,0.00000,0.00000,0.00000,-0.1841
57.64,1.00000,0.00000,0.00000,0.00000,-0.1797
57.65,1.00000,0.00000,0.00000,0.00000,-0.1753
57.66,1.00000,0.00000,0.00000,0.00000,-0.1707
57.67,1.00000,0.00000,0.00000,0.00000,-0.1661
57.68,1.00000,0.00000,0.00000,0.00000,-0.1616
57.69,1.00000,0.00000,0.00000,0.00000,-0.1578
57.70,1.00000,0.00000,0.00000,0.00000,-0.1541
57.71,1.00000,0.00000,0.00000,0.00000,-0.1503
57.72,1.00000,0.00000,0.00000,0.00000,-0.1465
57.73,1.00000,0.00000,0.00000,0.00000,-0.1427
57.74,1.00000,0.00000,0.00000,0.00000,-0.1391
57.75,1.00000,0.00000,0.00000,0.00000,-0.1355
57.76,1.00000,0.00000,0.00000,0.00000,-0.1324
57.77,1.00000,0.00000,0.00000,0.00000,-0.1293
57.78,1.00000,0.00000,0.00000,0.00000,-0.1263
57.79,1.00000,0.00000,0.00000,0.00000,-0.1233
57.80,1.00000,0.00000,0.00000,0.00000,-0.1205
57.81,1.00000,0.00000,0.00000,0.00000,-0.1178
57.82,1.00000,0.00000,0.00000,0.00000,-0.1153
57.83,1.00000,0.00000,0.00000,0.00000,-0.1128
57.84,1.00000,0.00000,0.00000,0.00000,-0.1105
57.85,1.00000,0.00000,0.00000,0.00000,-0.1083
57.86,1.00000,0.00000,0.00000,0.00000,-0.1063
57.87,1.00000,0.00000,0.00000,0.00000,-0.1044
57.88,1.00000,0.00000,0.00000,0.00000,-0.1025
57.89,1.00000,0.00000,0.00000,0.00000,-0.1007
57.90,1.00000,0.00000,0.00000,0.00000,-0.0991
57.91,1.00000,0.00000,0.00000,0.00000,-0.0977
57.92,1.00000,0.00000,0.00000,0.00000,-0.0964
57.93,1.00000,0.00000,0.00000,0.00000,-0.0951
57.94,1.00000,0.00000,0.00000,0.00000,-0.0939
57.95,1.00000,0.00000,0.00000,0.00000,-0.0929
57.96,1.00000,0.00000,0.00000,0.00000,-0.0920
57.97,1.00000,0.00000,0.00000,0.00000,-0.0913
57.98,1.00000,0.00000,0.00000,0.00000,-0.0906
57.99,1.00000,0.00000,0.00000,0.00000,-0.0901
58.00,1.00000,0.00000,0.00000,0.00000,-0.0896
58.01,1.00000,0.00000,0.00000,0.00000,-0.0893
58.02,1.00000,0.00000,0.00000,0.00000,-0.0891
58.03,1.00000,0.00000,0.00000,0.00000,-0.0889
58.04,1.00000,0.00000,0.00000,0.00000,-0.0889
58.05,1.00000,0.00000,0.00000,0.00000,-0.0890
58.06,1.00000,0.00000,0.00000,0.00000,-0.0892
58.07,1.00000,0.00000,0.00000,0.00000,-0.0895
58.08,1.00000,0.00000,0.00000,0.00000,-0.0898
58.09,1.00000,0.00000,0.00000,0.00000,-0.0902
58.10,1.00000,0.00000,0.00000,0.00000,-0.0907
58.11,1.00000,0.00000,0.00000,0.00000,-0.0914
58.12,1.00000,0.00000,0.00000,0.00000,-0.0922
58.13,1.00000,0.00000,0.00000,0.00000,-0.0929
58.14,1.00000,0.00000,0.00000,0.00000,-0.0937
58.15,1.00000,0.00000,0.00000,0.00000,-0.0945
58.16,1.00000,0.00000,0.00000,0.00000,-0.0953
58.17,1.00000,0.00000,0.00000,0.00000,-0.0966
58.18,1.00000,0.00000,0.00000,0.00000,-0.0978
58.19,1.00000,0.00000,0.00000,0.00000,-0.0989
58.20,1.00000,0.00000,0.00000,0.00000,-0.1000
58.21,1.00000,0.00000,0.00000,0.00000,-0.1010
58.22,1.00000,0.00000,0.00000,0.00000,-0.1020
58.23,1.00000,0.00000,0.00000,0.00000,-0.1037
58.24,1.00000,0.00000,0.00000,0.00000,-0.1053
58.25,1.00000,0.00000,0.00000,0.00000,-0.1067
58.26,1.00000,0.00000,0.00000,0.00000,-0.1079
58.27,1.00000,0.00000,0.00000,0.00000,-0.1090
58.28,1.00000,0.00000,0.00000,0.00000,-0.1112
58.29,1.00000,0.00000,0.00000,0.00000,-0.1131
58.30,1.00000,0.00000,0.00000,0.00000,-0.1147
58.31,1.00000,0.00000,0.00000,0.00000,-0.1161
58.32,1.00000,0.00000,0.00000,0.00000,-0.1172
58.33,1.00000,0.00000,0.00000,0.00000,-0.1182
58.34,1.00000,0.00000,0.00000,0.00000,-0.1206
58.35,1.00000,0.00000,0.00000,0.00000,-0.1225
58.36,1.00000,0.00000,0.00000,0.00000,-0.1241
58.37,1.00000,0.00000,0.00000,0.00000,-0.1253
58.38,1.00000,0.00000,0.00000,0.00000,-0.1263
58.39,1.00000,0.00000,0.00000,0.00000,-0.1270
58.40,1.00000,0.00000,0.00000,0.00000,-0.1294
58.41,1.00000,0.00000,0.00000,0.00000,-0.1313
58.42,1.00000,0.00000,0.00000,0.00000,-0.1327
58.43,1.00000,0.00000,0.00000,0.00000,-0.1337
58.44,1.00000,0.00000,0.00000,0.00000,-0.1343
58.45,1.00000,0.00000,0.00000,0.00000,-0.1370
58.46,1.00000,0.00000,0.00000,0.00000,-0.1390
58.47,1.00000,0.00000,0.00000,0.00000,-0.1403
58.48,1.00000,0.00000,0.00000,0.00000,-0.1411
58.49,1.00000,0.00000,0.00000,0.00000,-0.1415
58.50,1.00000,0.00000,0.00000,0.00000,-0.1415
58.51,1.00000,0.00000,0.00000,0.00000,-0.1439
58.52,1.00000,0.00000,0.00000,0.00000,-0.1454
58.53,1.00000,0.00000,0.00000,0.00000,-0.1463
58.54,1.00000,0.00000,0.00000,0.00000,-0.1465
58.55,1.00000,0.00000,0.00000,0.00000,-0.1463
58.56,1.00000,0.00000,0.00000,0.00000,-0.1487
58.57,1.00000,0.00000,0.00000,0.00000,-0.1501
58.58,1.00000,0.00000,0.00000,0.00000,-0.1507
58.59,1.00000,0.00000,0.00000,0.00000,-0.1507
58.60,1.00000,0.00000,0.00000,0.00000,-0.1500
58.61,1.00000,0.00000,0.00000,0.00000,-0.1488
58.62,1.00000,0.00000,0.00000,0.00000,-0.1506
58.63,1.00000,0.00000,0.00000,0.00000,-0.1512
58.64,1.00000,0.00000,0.00000,0.00000,-0.1511
58.65,1.00000,0.00000,0.00000,0.00000,-0.1501
58.66,1.00000,0.00000,0.00000,0.00000,-0.1486
58.67,1.00000,0.00000,0.00000,0.00000,-0.1466
58.68,1.00000,0.00000,0.00000,0.00000,-0.1476
58.69,1.00000,0.00000,0.00000,0.00000,-0.1475
58.70,1.00000,0.00000,0.00000,0.00000,-0.1465
58.71,1.00000,0.00000,0.00000,0.00000,-0.1447
58.72,1.00000,0.00000,0.00000,0.00000,-0.1423
58.73,1.00000,0.00000,0.00000,0.00000,-0.1431
58.74,1.00000,0.00000,0.00000,0.00000,-0.1427
58.75,1.00000,0.00000,0.00000,0.00000,-0.1412
58.76,1.00000,0.00000,0.00000,0.00000,-0.1389
58.77,1.00000,0.00000,0.00000,0.00000,-0.1358
58.78,1.00000,0.00000,0.00000,0.00000,-0.1361
58.79,1.00000,0.00000,0.00000,0.00000,-0.1351
58.80,1.00000,0.00000,0.00000,0.00000,-0.1330
58.81,1.00000,0.00000,0.00000,0.00000,-0.1299
58.82,1.00000,0.00000,0.00000,0.00000,-0.1261
58.83,1.00000,0.00000,0.00000,0.00000,-0.1217
58.84,1.00000,0.00000,0.00000,0.00000,-0.1206
58.85,1.00000,0.00000,0.00000,0.00000,-0.1182
58.86,1.00000,0.00000,0.00000,0.00000,-0.1148
58.87,1.00000,0.00000,0.00000,0.00000,-0.1105
58.88,1.00000,0.00000,0.00000,0.00000,-0.1055
58.89,1.00000,0.00000,0.00000,0.00000,-0.1038
58.90,1.00000,0.00000,0.00000,0.00000,-0.1008
58.91,1.00000,0.00000,0.00000,0.00000,-0.0967
58.92,1.00000,0.00000,0.00000,0.00000,-0.0916
58.93,1.00000,0.00000,0.00000,0.00000,-0.0858
58.94,1.00000,0.00000,0.00000,0.00000,-0.0792
58.95,1.00000,0.00000,0.00000,0.00000,-0.0760
58.96,1.00000,0.00000,0.00000,0.00000,-0.0715
58.97,1.00000,0.00000,0.00000,0.00000,-0.0660
58.98,1.00000,0.00000,0.00000,0.00000,-0.0597
58.99,1.00000,0.00000,0.00000,0.00000,-0.0526
59.00,1.00000,0.00000,0.00000,0.00000,-0.0486
59.01,1.00000,0.00000,0.00000,0.00000,-0.0433
59.02,1.00000,0.00000,0.00000,0.00000,-0.0370
59.03,1.00000,0.00000,0.00000,0.00000,-0.0298
59.04,1.00000,0.00000,0.00000,0.00000,-0.0219
59.05,1.00000,0.00000,0.00000,0.00000,-0.0131
59.06,1.00000,0.00000,0.00000,0.00000,-0.0075
59.07,1.00000,0.00000,0.00000,0.00000,-0.0007
59.08,1.00000,0.00000,0.00000,0.00000,0.0071
59.09,1.00000,0.00000,0.00000,0.00000,0.0156
59.10,1.00000,0.00000,0.00000,0.00000,0.0249
59.11,0.99995,0.00000,0.00000,0.00000,0.0315
59.12,0.99931,0.00000,0.00000,0.00000,0.0392
59.13,0.99870,0.00000,0.00000,0.00000,0.0479
59.14,0.99812,0.00000,0.00000,0.00000,0.0573
59.15,0.99746,0.00000,0.00000,0.00000,0.0675
59.16,0.99682,0.00000,0.00000,0.00000,0.0753
59.17,0.99622,0.00000,0.00000,0.00000,0.0841
59.18,0.99565,0.00000,0.00000,0.00000,0.0938
59.19,0.99510,0.00000,0.00000,0.00000,0.1043
59.20,0.99451,0.00000,0.00000,0.00000,0.1154
59.21,0.99391,0.00000,0.00000,0.00000,0.1245
59.22,0.99334,0.00000,0.00000,0.00000,0.1346
59.23,0.99281,0.00000,0.00000,0.00000,0.1454
59.24,0.99230,0.00000,0.00000,0.00000,0.1569
59.25,0.99176,0.00000,0.00000,0.00000,0.1690
59.26,0.99120,0.00000,0.00000,0.00000,0.1816
59.27,0.99067,0.00000,0.00000,0.00000,0.1926
59.28,0.99017,0.00000,0.00000,0.00000,0.2044
59.29,0.98969,0.00000,0.00000,0.00000,0.2167
59.30,0.98921,0.00000,0.00000,0.00000,0.2295
59.31,0.98868,0.00000,0.00000,0.00000,0.2429
59.32,0.98819,0.00000,0.00000,0.00000,0.2552
59.33,0.98771,0.00000,0.00000,0.00000,0.2681
59.34,0.98727,0.00000,0.00000,0.00000,0.2814
59.35,0.98684,0.00000,0.00000,0.00000,0.2952
59.36,0.98635,0.00000,0.00000,0.00000,0.3094
59.37,0.98588,0.00000,0.00000,0.00000,0.3232
59.38,0.98544,0.00000,0.00000,0.00000,0.3374
59.39,0.98502,0.00000,0.00000,0.00000,0.3518
59.40,0.98463,0.00000,0.00000,0.00000,0.3666
59.41,0.98418,0.00000,0.00000,0.00000,0.3816
59.42,0.98374,0.00000,0.00000,0.00000,0.3969
59.43,0.98333,0.00000,0.00000,0.00000,0.4124
59.44,0.98294,0.00000,0.00000,0.00000,0.4280
59.45,0.98258,0.00000,0.00000,0.00000,0.4437
59.46,0.98217,0.00000,0.00000,0.00000,0.4596
59.47,0.98176,0.00000,0.00000,0.00000,0.4757
59.48,0.98137,0.00000,0.00000,0.00000,0.4927
59.49,0.98101,0.00000,0.00000,0.00000,0.5095
59.50,0.98067,0.00000,0.00000,0.00000,0.5263
59.51,0.98031,0.00000,0.00000,0.00000,0.5431
59.52,0.97992,0.00000,0.00000,0.00000,0.5599
59.53,0.97956,0.00000,0.00000,0.00000,0.5784
59.54,0.97922,0.00000,0.00000,0.00000,0.5966
59.55,0.97891,0.00000,0.00000,0.00000,0.6144
59.56,0.97859,0.00000,0.00000,0.00000,0.6321
59.57,0.97822,0.00000,0.00000,0.00000,0.6495
59.58,0.97789,0.00000,0.00000,0.00000,0.6697
59.59,0.97757,0.00000,0.00000,0.00000,0.6892
59.60,0.97729,0.00000,0.00000,0.00000,0.7081
59.61,0.97700,0.00000,0.00000,0.00000,0.7265
59.62,0.97666,0.00000,0.00000,0.00000,0.7447
59.63,0.97634,0.00000,0.00000,0.00000,0.7664
59.64,0.97605,0.00000,0.00000,0.00000,0.7871
59.65,0.97579,0.00000,0.00000,0.00000,0.8070
59.66,0.97553,0.00000,0.00000,0.00000,0.8263
59.67,0.97521,0.00000,0.00000,0.00000,0.8450
59.68,0.97492,0.00000,0.00000,0.00000,0.8683
59.69,0.97465,0.00000,0.00000,0.00000,0.8903
59.70,0.97440,0.00000,0.00000,0.00000,0.9112
59.71,0.97418,0.00000,0.00000,0.00000,0.9311
59.72,0.97388,0.00000,0.00000,0.00000,0.9503
59.73,0.97361,0.00000,0.00000,0.00000,0.9688
59.74,0.97336,0.00000,0.00000,0.00000,0.9931
59.75,0.97313,0.00000,0.00000,0.00000,1.0157
59.76,0.97293,0.00000,0.00000,0.00000,1.0371
59.77,0.97266,0.00000,0.00000,0.00000,1.0573
59.78,0.97240,0.00000,0.00000,0.00000,1.0766
59.79,0.97217,0.00000,0.00000,0.00000,1.1026
59.80,0.97196,0.00000,0.00000,0.00000,1.1266
59.81,0.97178,0.00000,0.00000,0.00000,1.1490
59.82,0.97153,0.00000,0.00000,0.00000,1.1699
59.83,0.97130,0.00000,0.00000,0.00000,1.1896
59.84,0.97108,0.00000,0.00000,0.00000,1.2172
59.85,0.97089,0.00000,0.00000,0.00000,1.2424
59.86,0.97072,0.00000,0.00000,0.00000,1.2656
59.87,0.97050,0.00000,0.00000,0.00000,1.2870
59.88,0.97028,0.00000,0.00000,0.00000,1.3069
59.89,0.97009,0.00000,0.00000,0.00000,1.3360
59.90,0.96991,0.00000,0.00000,0.00000,1.3622
59.91,0.96976,0.00000,0.00000,0.00000,1.3860
59.92,0.96956,0.00000,0.00000,0.00000,1.4078
59.93,0.96936,0.00000,0.00000,0.00000,1.4279
59.94,0.96918,0.00000,0.00000,0.00000,1.4583
59.95,0.96902,0.00000,0.00000,0.00000,1.4854
59.96,0.96888,0.00000,0.00000,0.00000,1.5098
59.97,0.96870,0.00000,0.00000,0.00000,1.5319
59.98,0.96851,0.00000,0.00000,0.00000,1.5519
59.99,0.96835,0.00000,0.00000,0.00000,1.5836
60.00,0.96821,0.00000,0.00000,0.00000,1.6115
60.01,0.96808,0.00000,0.00000,0.00000,1.6364
60.02,0.96792,0.00000,0.00000,0.00000,1.6585
60.03,0.96775,0.00000,0.00000,0.00000,1.6784
60.04,0.96760,0.00000,0.00000,0.00000,1.7112
60.05,0.96747,0.00000,0.00000,0.00000,1.7399
60.06,0.96736,0.00000,0.00000,0.00000,1.7650
60.07,0.96721,0.00000,0.00000,0.00000,1.7872
60.08,0.96705,0.00000,0.00000,0.00000,1.8067
60.09,0.96692,0.00000,0.00000,0.00000,1.8406
60.10,0.96680,0.00000,0.00000,0.00000,1.8698
60.11,0.96670,0.00000,0.00000,0.00000,1.8951
60.12,0.96657,0.00000,0.00000,0.00000,1.9171
60.13,0.96643,0.00000,0.00000,0.00000,1.9362
60.14,0.96630,0.00000,0.00000,0.00000,1.9710
60.15,0.96620,0.00000,0.00000,0.00000,2.0007
60.16,0.96611,0.00000,0.00000,0.00000,2.0261
60.17,0.96599,0.00000,0.00000,0.00000,2.0478
60.18,0.96586,0.00000,0.00000,0.00000,2.0663
60.19,0.96575,0.00000,0.00000,0.00000,2.1019
60.20,0.96566,0.00000,0.00000,0.00000,2.1319
60.21,0.96558,0.00000,0.00000,0.00000,2.1571
60.22,0.96548,0.00000,0.00000,0.00000,2.1784
60.23,0.96536,0.00000,0.00000,0.00000,2.1962
60.24,0.96526,0.00000,0.00000,0.00000,2.2324
60.25,0.96518,0.00000,0.00000,0.00000,2.2626
60.26,0.96511,0.00000,0.00000,0.00000,2.2876
60.27,0.96501,0.00000,0.00000,0.00000,2.3082
60.28,0.96491,0.00000,0.00000,0.00000,2.3251
60.29,0.96482,0.00000,0.00000,0.00000,2.3619
60.30,0.96475,0.00000,0.00000,0.00000,2.3921
60.31,0.96470,0.00000,0.00000,0.00000,2.4168
60.32,0.96461,0.00000,0.00000,0.00000,2.4367
60.33,0.96451,0.00000,0.00000,0.00000,2.4525
60.34,0.96443,0.00000,0.00000,0.00000,2.4897
60.35,0.96437,0.00000,0.00000,0.00000,2.5198
60.36,0.96433,0.00000,0.00000,0.00000,2.5439
60.37,0.96425,0.00000,0.00000,0.00000,2.5630
60.38,0.96416,0.00000,0.00000,0.00000,2.5777
60.39,0.96409,0.00000,0.00000,0.00000,2.6151
60.40,0.96404,0.00000,0.00000,0.00000,2.6450
60.41,0.96401,0.00000,0.00000,0.00000,2.6685
60.42,0.96393,0.00000,0.00000,0.00000,2.6865
60.43,0.96385,0.00000,0.00000,0.00000,2.7000
60.44,0.96380,0.00000,0.00000,0.00000,2.7376
60.45,0.96376,0.00000,0.00000,0.00000,2.7671
60.46,0.96373,0.00000,0.00000,0.00000,2.7899
60.47,0.96366,0.00000,0.00000,0.00000,2.8068
60.48,0.96359,0.00000,0.00000,0.00000,2.8189
60.49,0.96354,0.00000,0.00000,0.00000,2.8566
60.50,0.96351,0.00000,0.00000,0.00000,2.8857
60.51,0.96350,0.00000,0.00000,0.00000,2.9076
60.52,0.96343,0.00000,0.00000,0.00000,2.9234
60.53,0.96337,0.00000,0.00000,0.00000,2.9341
60.54,0.96333,0.00000,0.00000,0.00000,2.9717
60.55,0.96331,0.00000,0.00000,0.00000,3.0004
60.56,0.96330,0.00000,0.00000,0.00000,3.0214
60.57,0.96324,0.00000,0.00000,0.00000,3.0360
60.58,0.96319,0.00000,0.00000,0.00000,3.0452
60.59,0.96316,0.00000,0.00000,0.00000,3.0828
60.60,0.96314,0.00000,0.00000,0.00000,3.1109
60.61,0.96314,0.00000,0.00000,0.00000,3.1310
60.62,0.96308,0.00000,0.00000,0.00000,3.1444
60.63,0.96304,0.00000,0.00000,0.00000,3.1520
60.64,0.96302,0.00000,0.00000,0.00000,3.1895
60.65,0.96301,0.00000,0.00000,0.00000,3.2170
60.66,0.96301,0.00000,0.00000,0.00000,3.2362
60.67,0.96295,0.00000,0.00000,0.00000,3.2483
60.68,0.96292,0.00000,0.00000,0.00000,3.2545
60.69,0.96291,0.00000,0.00000,0.00000,3.2918
60.70,0.96291,0.00000,0.00000,0.00000,3.3187
60.71,0.96290,0.00000,0.00000,0.00000,3.3369
60.72,0.96286,0.00000,0.00000,0.00000,3.3478
60.73,0.96283,0.00000,0.00000,0.00000,3.3526
60.74,0.96283,0.00000,0.00000,0.00000,3.3896
60.75,0.96284,0.00000,0.00000,0.00000,3.4159
60.76,0.96283,0.00000,0.00000,0.00000,3.4331
60.77,0.96279,0.00000,0.00000,0.00000,3.4428
60.78,0.96278,0.00000,0.00000,0.00000,3.4461
60.79,0.96278,0.00000,0.00000,0.00000,3.4827
60.80,0.96279,0.00000,0.00000,0.00000,3.5083
60.81,0.96279,0.00000,0.00000,0.00000,3.5246
60.82,0.96276,0.00000,0.00000,0.00000,3.5330
60.83,0.96274,0.00000,0.00000,0.00000,3.5348
60.84,0.96275,0.00000,0.00000,0.00000,3.5709
60.85,0.96277,0.00000,0.00000,0.00000,3.5957
60.86,0.96277,0.00000,0.00000,0.00000,3.6109
60.87,0.96274,0.00000,0.00000,0.00000,3.6180
60.88,0.96274,0.00000,0.00000,0.00000,3.6183
60.89,0.96275,0.00000,0.00000,0.00000,3.6539
60.90,0.96278,0.00000,0.00000,0.00000,3.6777
60.91,0.96277,0.00000,0.00000,0.00000,3.6918
60.92,0.96275,0.00000,0.00000,0.00000,3.6976
60.93,0.96276,0.00000,0.00000,0.00000,3.6963
60.94,0.96278,0.00000,0.00000,0.00000,3.7313
60.95,0.96275,0.00000,0.00000,0.00000,3.7543
60.96,0.96237,0.00000,0.00000,0.00000,3.7672
60.97,0.96199,0.00000,0.00000,0.00000,3.7717
60.98,0.96161,0.00000,0.00000,0.00000,3.8120
60.99,0.96123,0.00000,0.00000,0.00000,3.8392
61.00,0.96085,0.00000,0.00000,0.00000,3.8554
61.01,0.96046,0.00000,0.00000,0.00000,3.8623
61.02,0.96007,0.00000,0.00000,0.00000,3.8614
61.03,0.95968,0.00000,0.00000,0.00000,3.8979
61.04,0.95929,0.00000,0.00000,0.00000,3.9215
61.05,0.95890,0.00000,0.00000,0.00000,3.9343
61.06,0.95850,0.00000,0.00000,0.00000,3.9381
61.07,0.95809,0.00000,0.00000,0.00000,3.9342
61.08,0.95768,0.00000,0.00000,0.00000,3.9688
61.09,0.95727,0.00000,0.00000,0.00000,3.9905
61.10,0.95686,0.00000,0.00000,0.00000,4.0014
61.11,0.95643,0.00000,0.00000,0.00000,4.0033
61.12,0.95599,0.00000,0.00000,0.00000,3.9976
61.13,0.95555,0.00000,0.00000,0.00000,4.0311
61.14,0.95512,0.00000,0.00000,0.00000,4.0516
61.15,0.95468,0.00000,0.00000,0.00000,4.0613
61.16,0.95420,0.00000,0.00000,0.00000,4.0619
61.17,0.95373,0.00000,0.00000,0.00000,4.0548
61.18,0.95325,0.00000,0.00000,0.00000,4.0876
61.19,0.95277,0.00000,0.00000,0.00000,4.1074
61.20,0.95229,0.00000,0.00000,0.00000,4.1162
61.21,0.95176,0.00000,0.00000,0.00000,4.1158
61.22,0.95124,0.00000,0.00000,0.00000,4.1076
61.23,0.95071,0.00000,0.00000,0.00000,4.1400
61.24,0.95018,0.00000,0.00000,0.00000,4.1592
61.25,0.94963,0.00000,0.00000,0.00000,4.1673
61.26,0.94905,0.00000,0.00000,0.00000,4.1662
61.27,0.94846,0.00000,0.00000,0.00000,4.1572
61.28,0.94788,0.00000,0.00000,0.00000,4.1894
61.29,0.94729,0.00000,0.00000,0.00000,4.2082
61.30,0.94666,0.00000,0.00000,0.00000,4.2159
61.31,0.94601,0.00000,0.00000,0.00000,4.2142
61.32,0.94535,0.00000,0.00000,0.00000,4.2527
61.33,0.94469,0.00000,0.00000,0.00000,4.2768
61.34,0.94403,0.00000,0.00000,0.00000,4.2888
61.35,0.94332,0.00000,0.00000,0.00000,4.2907
61.36,0.94258,0.00000,0.00000,0.00000,4.2840
61.37,0.94184,0.00000,0.00000,0.00000,4.3187
61.38,0.94110,0.00000,0.00000,0.00000,4.3395
61.39,0.94036,0.00000,0.00000,0.00000,4.3487
61.40,0.93953,0.00000,0.00000,0.00000,4.3481
61.41,0.93870,0.00000,0.00000,0.00000,4.3392
61.42,0.93787,0.00000,0.00000,0.00000,4.3726
61.43,0.93704,0.00000,0.00000,0.00000,4.3922
61.44,0.93620,0.00000,0.00000,0.00000,4.4003
61.45,0.93526,0.00000,0.00000,0.00000,4.3987
61.46,0.93433,0.00000,0.00000,0.00000,4.3890
61.47,0.93339,0.00000,0.00000,0.00000,4.4221
61.48,0.93246,0.00000,0.00000,0.00000,4.4414
61.49,0.93149,0.00000,0.00000,0.00000,4.4492
61.50,0.93045,0.00000,0.00000,0.00000,4.4474
61.51,0.92940,0.00000,0.00000,0.00000,4.4376
61.52,0.92835,0.00000,0.00000,0.00000,4.4708
61.53,0.92731,0.00000,0.00000,0.00000,4.4904
61.54,0.92620,0.00000,0.00000,0.00000,4.4984
61.55,0.92503,0.00000,0.00000,0.00000,4.4968
61.56,0.92387,0.00000,0.00000,0.00000,4.5371
61.57,0.92270,0.00000,0.00000,0.00000,4.5627
61.58,0.92153,0.00000,0.00000,0.00000,4.5759
61.59,0.92027,0.00000,0.00000,0.00000,4.5786
61.60,0.91898,0.00000,0.00000,0.00000,4.5728
61.61,0.91768,0.00000,0.00000,0.00000,4.6100
61.62,0.91638,0.00000,0.00000,0.00000,4.6330
61.63,0.91509,0.00000,0.00000,0.00000,4.6441
61.64,0.91366,0.00000,0.00000,0.00000,4.6452
61.65,0.91223,0.00000,0.00000,0.00000,4.6382
61.66,0.91079,0.00000,0.00000,0.00000,4.6748
61.67,0.90936,0.00000,0.00000,0.00000,4.6974
61.68,0.90791,0.00000,0.00000,0.00000,4.7084
61.69,0.90633,0.00000,0.00000,0.00000,4.7095
61.70,0.90475,0.00000,0.00000,0.00000,4.7026
61.71,0.90317,0.00000,0.00000,0.00000,4.7398
61.72,0.90159,0.00000,0.00000,0.00000,4.7631
61.73,0.89996,0.00000,0.00000,0.00000,4.7747
61.74,0.89823,0.00000,0.00000,0.00000,4.7766
61.75,0.89650,0.00000,0.00000,0.00000,4.7706
61.76,0.89477,0.00000,0.00000,0.00000,4.8091
61.77,0.89304,0.00000,0.00000,0.00000,4.8335
61.78,0.89122,0.00000,0.00000,0.00000,4.8463
61.79,0.88934,0.00000,0.00000,0.00000,4.8495
61.80,0.88745,0.00000,0.00000,0.00000,4.8960
61.81,0.88557,0.00000,0.00000,0.00000,4.9275
61.82,0.88368,0.00000,0.00000,0.00000,4.9464
61.83,0.88166,0.00000,0.00000,0.00000,4.9547
61.84,0.87961,0.00000,0.00000,0.00000,4.9546
61.85,0.87757,0.00000,0.00000,0.00000,4.9989
61.86,0.87552,0.00000,0.00000,0.00000,5.0287
61.87,0.87346,0.00000,0.00000,0.00000,5.0465
61.88,0.87125,0.00000,0.00000,0.00000,5.0542
61.89,0.86904,0.00000,0.00000,0.00000,5.0537
61.90,0.86682,0.00000,0.00000,0.00000,5.0984
61.91,0.86461,0.00000,0.00000,0.00000,5.1289
61.92,0.86234,0.00000,0.00000,0.00000,5.1473
61.93,0.85996,0.00000,0.00000,0.00000,5.1560
61.94,0.85758,0.00000,0.00000,0.00000,5.1565
61.95,0.85519,0.00000,0.00000,0.00000,5.2029
61.96,0.85281,0.00000,0.00000,0.00000,5.2349
61.97,0.85033,0.00000,0.00000,0.00000,5.2549
61.98,0.84778,0.00000,0.00000,0.00000,5.2652
61.99,0.84522,0.00000,0.00000,0.00000,5.3205
62.00,0.84266,0.00000,0.00000,0.00000,5.3603
62.01,0.84011,0.00000,0.00000,0.00000,5.3871
62.02,0.83741,0.00000,0.00000,0.00000,5.4030
62.03,0.83468,0.00000,0.00000,0.00000,5.4102
62.04,0.83194,0.00000,0.00000,0.00000,5.4638
62.05,0.82921,0.00000,0.00000,0.00000,5.5025
62.06,0.82647,0.00000,0.00000,0.00000,5.5286
62.07,0.82356,0.00000,0.00000,0.00000,5.5443
62.08,0.82065,0.00000,0.00000,0.00000,5.5516
62.09,0.81773,0.00000,0.00000,0.00000,5.6063
62.10,0.81482,0.00000,0.00000,0.00000,5.6462
62.11,0.81185,0.00000,0.00000,0.00000,5.6734
62.12,0.80876,0.00000,0.00000,0.00000,5.6905
62.13,0.80567,0.00000,0.00000,0.00000,5.6991
62.14,0.80258,0.00000,0.00000,0.00000,5.7562
62.15,0.79949,0.00000,0.00000,0.00000,5.7982
62.16,0.79629,0.00000,0.00000,0.00000,5.8275
62.17,0.79302,0.00000,0.00000,0.00000,5.8466
62.18,0.78974,0.00000,0.00000,0.00000,5.9136
62.19,0.78647,0.00000,0.00000,0.00000,5.9642
62.20,0.78320,0.00000,0.00000,0.00000,6.0010
62.21,0.77977,0.00000,0.00000,0.00000,6.0263
62.22,0.77631,0.00000,0.00000,0.00000,6.0423
62.23,0.77286,0.00000,0.00000,0.00000,6.1082
62.24,0.76940,0.00000,0.00000,0.00000,6.1581
62.25,0.76592,0.00000,0.00000,0.00000,6.1944
62.26,0.76229,0.00000,0.00000,0.00000,6.2196
62.27,0.75865,0.00000,0.00000,0.00000,6.2358
62.28,0.75501,0.00000,0.00000,0.00000,6.3034
62.29,0.75137,0.00000,0.00000,0.00000,6.3548
62.30,0.74766,0.00000,0.00000,0.00000,6.3925
62.31,0.74384,0.00000,0.00000,0.00000,6.4193
62.32,0.74002,0.00000,0.00000,0.00000,6.4974
62.33,0.73620,0.00000,0.00000,0.00000,6.5579
62.34,0.73238,0.00000,0.00000,0.00000,6.6034
62.35,0.72844,0.00000,0.00000,0.00000,6.6365
62.36,0.72444,0.00000,0.00000,0.00000,6.6596
62.37,0.72044,0.00000,0.00000,0.00000,6.7366
62.38,0.71644,0.00000,0.00000,0.00000,6.7961
62.39,0.71244,0.00000,0.00000,0.00000,6.8410
62.40,0.70827,0.00000,0.00000,0.00000,6.8738
62.41,0.70410,0.00000,0.00000,0.00000,6.8968
62.42,0.69997,0.00000,0.00000,0.00000,6.9756
62.43,0.69867,0.00000,0.00000,0.00000,7.0368
62.44,0.69735,0.00000,0.00000,0.00000,7.0832
62.45,0.69599,0.00000,0.00000,0.00000,7.1174
62.46,0.69463,0.00000,0.00000,0.00000,7.1416
62.47,0.69327,0.00000,0.00000,0.00000,7.2238
62.48,0.69191,0.00000,0.00000,0.00000,7.2878
62.49,0.69052,0.00000,0.00000,0.00000,7.3365
62.50,0.68911,0.00000,0.00000,0.00000,7.3730
62.51,0.68769,0.00000,0.00000,0.00000,7.4677
62.52,0.68628,0.00000,0.00000,0.00000,7.5423
62.53,0.68486,0.00000,0.00000,0.00000,7.6002
62.54,0.68341,0.00000,0.00000,0.00000,7.6440
62.55,0.68194,0.00000,0.00000,0.00000,7.6763
62.56,0.68047,0.00000,0.00000,0.00000,7.7701
62.57,0.67901,0.00000,0.00000,0.00000,7.8440
62.58,0.67754,0.00000,0.00000,0.00000,7.9011
62.59,0.67602,0.00000,0.00000,0.00000,7.9445
62.60,0.67450,0.00000,0.00000,0.00000,7.9765
62.61,0.67298,0.00000,0.00000,0.00000,8.0726
62.62,0.67146,0.00000,0.00000,0.00000,8.1485
62.63,0.66993,0.00000,0.00000,0.00000,8.2072
62.64,0.66836,0.00000,0.00000,0.00000,8.2520
62.65,0.66679,0.00000,0.00000,0.00000,8.2850
62.66,0.66522,0.00000,0.00000,0.00000,8.3849
62.67,0.66365,0.00000,0.00000,0.00000,8.4638
62.68,0.66205,0.00000,0.00000,0.00000,8.5251
62.69,0.66043,0.00000,0.00000,0.00000,8.5720
62.70,0.65881,0.00000,0.00000,0.00000,8.6863
62.71,0.65719,0.00000,0.00000,0.00000,8.7773
62.72,0.65557,0.00000,0.00000,0.00000,8.8486
62.73,0.65391,0.00000,0.00000,0.00000,8.9036
62.74,0.65224,0.00000,0.00000,0.00000,8.9450
62.75,0.65057,0.00000,0.00000,0.00000,9.0579
62.76,0.64890,0.00000,0.00000,0.00000,9.1475
62.77,0.64723,0.00000,0.00000,0.00000,9.2175
62.78,0.64551,0.00000,0.00000,0.00000,9.2713
62.79,0.64380,0.00000,0.00000,0.00000,9.3115
62.80,0.64208,0.00000,0.00000,0.00000,9.4267
62.81,0.64036,0.00000,0.00000,0.00000,9.5179
62.82,0.63862,0.00000,0.00000,0.00000,9.5890
62.83,0.63686,0.00000,0.00000,0.00000,9.6436
62.84,0.63509,0.00000,0.00000,0.00000,9.7740
62.85,0.63333,0.00000,0.00000,0.00000,9.8779
62.86,0.63156,0.00000,0.00000,0.00000,9.9595
62.87,0.62976,0.00000,0.00000,0.00000,10.0223
62.88,0.62795,0.00000,0.00000,0.00000,10.0697
62.89,0.62613,0.00000,0.00000,0.00000,10.1976
62.90,0.62223,0.00000,0.00000,0.00000,10.2990
62.91,0.56223,0.00000,0.00000,0.00000,10.3781
62.92,0.50223,0.00000,0.00000,0.00000,10.4386
62.93,0.44223,0.00000,0.00000,0.00000,10.4833
62.94,0.38223,0.06400,0.03200,0.04000,10.6124
62.95,0.32223,0.12800,0.06400,0.08000,10.7139
62.96,0.26223,0.19200,0.09600,0.12000,10.7919
62.97,0.20223,0.25600,0.12800,0.16000,10.8504
62.98,0.14223,0.32000,0.16000,0.20000,10.8920
62.99,0.08223,0.38400,0.19200,0.24000,11.0213
63.00,0.02223,0.44800,0.22400,0.28000,11.1212
63.01,0.00000,0.51200,0.25600,0.32000,11.1959
63.02,0.00000,0.57600,0.28800,0.36000,11.2493
63.03,0.00000,0.64000,0.32000,0.40000,11.3910
63.04,0.00000,0.66400,0.33200,0.44000,11.4993
63.05,0.00000,0.68800,0.34400,0.48000,11.5792
63.06,0.00000,0.71200,0.35600,0.52000,11.6348
63.07,0.00000,0.73600,0.36800,0.56000,11.6698
63.08,0.00000,0.76000,0.38000,0.60000,11.7985
63.09,0.00000,0.78400,0.39200,0.64000,11.8934
63.10,0.00000,0.80800,0.40400,0.68000,11.9595
63.11,0.00000,0.81159,0.40579,0.68598,12.0008
63.12,0.00000,0.81169,0.40584,0.68614,12.0213
63.13,0.00000,0.81180,0.40590,0.68634,12.1406
63.14,0.00000,0.81188,0.40594,0.68647,12.2258
63.15,0.00000,0.81200,0.40600,0.68666,12.2822
63.16,0.00000,0.81211,0.40606,0.68685,12.3141
63.17,0.00000,0.81222,0.40611,0.68703,12.3256
63.18,0.00000,0.81235,0.40617,0.68724,12.4414
63.19,0.00000,0.81243,0.40621,0.68738,12.5225
63.20,0.00000,0.81255,0.40627,0.68758,12.5745
63.21,0.00000,0.81267,0.40634,0.68779,12.6016
63.22,0.00000,0.81278,0.40639,0.68797,12.6078
63.23,0.00000,0.81292,0.40646,0.68820,12.7235
63.24,0.00000,0.81301,0.40650,0.68835,12.8036
63.25,0.00000,0.81313,0.40657,0.68856,12.8535
63.26,0.00000,0.81326,0.40663,0.68877,12.8780
63.27,0.00000,0.81342,0.40671,0.68904,13.0128
63.28,0.00000,0.81353,0.40676,0.68921,13.1081
63.29,0.00000,0.81362,0.40681,0.68936,13.1702
63.30,0.00000,0.81375,0.40687,0.68958,13.2041
63.31,0.00000,0.81388,0.40694,0.68980,13.2141
63.32,0.00000,0.81405,0.40703,0.69009,13.3415
63.33,0.00000,0.81416,0.40708,0.69027,13.4294
63.34,0.00000,0.81426,0.40713,0.69043,13.4843
63.35,0.00000,0.81438,0.40719,0.69064,13.5112
63.36,0.00000,0.81452,0.40726,0.69087,13.5144
63.37,0.00000,0.81471,0.40735,0.69118,13.6408
63.38,0.00000,0.81482,0.40741,0.69137,13.7268
63.39,0.00000,0.81492,0.40746,0.69154,13.7790
63.40,0.00000,0.81504,0.40752,0.69174,13.8027
63.41,0.00000,0.81519,0.40759,0.69198,13.8022
63.42,0.00000,0.81539,0.40769,0.69231,13.9305
63.43,0.00000,0.81551,0.40775,0.69251,14.0171
63.44,0.00000,0.81561,0.40781,0.69269,14.0686
63.45,0.00000,0.81572,0.40786,0.69287,14.0908
63.46,0.00000,0.81587,0.40794,0.69312,14.0881
63.47,0.00000,0.81609,0.40804,0.69348,14.2197
63.48,0.00000,0.81621,0.40811,0.69368,14.3080
63.49,0.00000,0.81632,0.40816,0.69387,14.3600
63.50,0.00000,0.81642,0.40821,0.69404,14.3815
63.51,0.00000,0.81658,0.40829,0.69430,14.3773
63.52,0.00000,0.81672,0.40836,0.69454,14.3513
63.53,0.00000,0.81694,0.40847,0.69489,14.4689
63.54,0.00000,0.81705,0.40853,0.69509,14.5444
63.55,0.00000,0.81716,0.40858,0.69526,14.5843
63.56,0.00000,0.81730,0.40865,0.69549,14.5947
63.57,0.00000,0.81745,0.40872,0.69575,14.5800
63.58,0.00000,0.81768,0.40884,0.69613,14.7124
63.59,0.00000,0.81780,0.40890,0.69634,14.7994
63.60,0.00000,0.81791,0.40896,0.69652,14.8482
63.61,0.00000,0.81803,0.40901,0.69671,14.8647
63.62,0.00000,0.81819,0.40909,0.69698,14.8544
63.63,0.00000,0.81843,0.40922,0.69739,14.9960
63.64,0.00000,0.81856,0.40928,0.69761,15.0898
63.65,0.00000,0.81868,0.40934,0.69780,15.1435
63.66,0.00000,0.81878,0.40939,0.69797,15.1632
63.67,0.00000,0.81894,0.40947,0.69823,15.1545
63.68,0.00000,0.81920,0.40960,0.69867,15.3030
63.69,0.00000,0.81934,0.40967,0.69890,15.4019
63.70,0.00000,0.81946,0.40973,0.69911,15.4588
63.71,0.00000,0.81957,0.40979,0.69929,15.4805
63.72,0.00000,0.81969,0.40985,0.69949,15.4724
63.73,0.00000,0.81986,0.40993,0.69976,15.4392
63.74,0.00000,0.82013,0.41006,0.70021,15.5735
63.75,0.00000,0.82026,0.41013,0.70043,15.6591
63.76,0.00000,0.82038,0.41019,0.70063,15.7039
63.77,0.00000,0.82048,0.41024,0.70080,15.7142
63.78,0.00000,0.82063,0.41031,0.70105,15.6954
63.79,0.00000,0.82092,0.41046,0.70154,15.8472
63.80,0.00000,0.82106,0.41053,0.70177,15.9468
63.81,0.00000,0.82119,0.41059,0.70198,16.0023
63.82,0.00000,0.82130,0.41065,0.70216,16.0207
63.83,0.00000,0.82141,0.41070,0.70234,16.0078
63.84,0.00000,0.82157,0.41078,0.70262,15.9683
63.85,0.00000,0.82188,0.41094,0.70313,16.1094
63.86,0.00000,0.82201,0.41100,0.70335,16.1987
63.87,0.00000,0.82213,0.41106,0.70355,16.2444
63.88,0.00000,0.82223,0.41112,0.70372,16.2534
63.89,0.00000,0.82224,0.41112,0.70374,16.2314
63.90,0.00000,0.82230,0.41115,0.70384,16.3929
63.91,0.00000,0.82219,0.41110,0.70365,16.4982
63.92,0.00000,0.82207,0.41103,0.70345,16.5564
63.93,0.00000,0.82194,0.41097,0.70323,16.5750
63.94,0.00000,0.82180,0.41090,0.70299,16.5600
63.95,0.00000,0.81944,0.40972,0.69907,16.5168
63.96,0.00000,0.81614,0.40807,0.69357,16.6674
63.97,0.00000,0.81282,0.40641,0.68803,16.7624
63.98,0.00000,0.80954,0.40477,0.68257,16.8109
63.99,0.00000,0.80631,0.40315,0.67718,16.8204
64.00,0.00000,0.80313,0.40156,0.67188,16.7970
64.01,0.00000,0.79670,0.39835,0.66117,16.9707
64.02,0.00000,0.78985,0.39493,0.64975,17.0846
64.03,0.00000,0.78307,0.39153,0.63844,17.1485
64.04,0.00000,0.77634,0.38817,0.62724,17.1704
64.05,0.00000,0.76968,0.38484,0.61613,17.1572
64.06,0.00000,0.76308,0.38154,0.60513,17.1144
64.07,0.00000,0.75549,0.37775,0.59249,17.2798
64.08,0.00000,0.74805,0.37402,0.58008,17.3866
64.09,0.00000,0.74065,0.37032,0.56775,17.4442
64.10,0.00000,0.73330,0.36665,0.55550,17.4605
64.11,0.00000,0.72600,0.36300,0.54333,17.4423
64.12,0.00000,0.71867,0.35933,0.53111,17.3950
64.13,0.00000,0.71035,0.35518,0.51726,17.5649
64.14,0.00000,0.70222,0.35111,0.50371,17.6751
64.15,0.00000,0.69412,0.34706,0.49020,17.7354
64.16,0.00000,0.68604,0.34302,0.47674,17.7537
64.17,0.00000,0.67799,0.33899,0.46331,17.7368
64.18,0.00000,0.66984,0.33492,0.44973,17.6903
64.19,0.00000,0.66074,0.33037,0.43456,17.8692
64.20,0.00000,0.65185,0.32593,0.41975,17.9868
64.21,0.00000,0.64296,0.32148,0.40493,18.0529
64.22,0.00000,0.62907,0.31454,0.39317,18.0759
64.23,0.00000,0.61261,0.30630,0.38288,18.0624
64.24,0.00000,0.59526,0.29763,0.37204,18.2764
64.25,0.00000,0.57725,0.28863,0.36078,18.4230
64.26,0.00000,0.55901,0.27950,0.34938,18.5132
64.27,0.00000,0.54048,0.27024,0.33780,18.5562
64.28,0.00000,0.52165,0.26083,0.32603,18.5594
64.29,0.00000,0.50246,0.25123,0.31404,18.5289
64.30,0.00000,0.48291,0.24146,0.30182,18.7370
64.31,0.00000,0.46599,0.23299,0.29124,18.8781
64.32,0.00000,0.44874,0.22437,0.28046,18.9630
64.33,0.00000,0.43111,0.21555,0.26944,19.0008
64.34,0.00000,0.41305,0.20652,0.25815,18.9990
64.35,0.00000,0.39449,0.19725,0.24656,18.9632
64.36,0.00000,0.37925,0.18962,0.23703,19.1753
64.37,0.00000,0.37753,0.18877,0.23596,19.3184
64.38,0.00000,0.37584,0.18792,0.23490,19.4038
64.39,0.00000,0.37417,0.18708,0.23385,19.4407
64.40,0.00000,0.37251,0.18626,0.23282,19.4367
64.41,0.00000,0.37088,0.18544,0.23180,19.3971
64.42,0.00000,0.36758,0.18379,0.22973,19.6134
64.43,0.00000,0.35847,0.17924,0.22405,19.7581
64.44,0.00000,0.34929,0.17465,0.21831,19.8427
64.45,0.00000,0.34003,0.17001,0.21252,19.8769
64.46,0.00000,0.33067,0.16533,0.20667,19.8688
64.47,0.00000,0.32120,0.16060,0.20075,19.8237
64.48,0.00000,0.30514,0.15257,0.19072,20.0426
64.49,0.00000,0.26916,0.13458,0.16822,20.1873
64.50,0.00000,0.22828,0.11414,0.14268,20.2701
64.51,0.00000,0.14828,0.07414,0.09268,20.3010
64.52,0.00000,0.06828,0.03414,0.04268,20.2886
64.53,0.03000,0.00000,0.00000,0.00000,20.2383
64.54,0.06000,0.00000,0.00000,0.00000,20.4607
64.55,0.09000,0.00000,0.00000,0.00000,20.6071
64.56,0.12000,0.00000,0.00000,0.00000,20.6899
64.57,0.15000,0.00000,0.00000,0.00000,20.7196
64.58,0.18000,0.00000,0.00000,0.00000,20.7048
64.59,0.21000,0.00000,0.00000,0.00000,20.6513
64.60,0.21955,0.00000,0.00000,0.00000,20.8788
64.61,0.21955,0.00000,0.00000,0.00000,21.0278
64.62,0.21955,0.00000,0.00000,0.00000,21.1111
64.63,0.21955,0.00000,0.00000,0.00000,21.1392
64.64,0.21955,0.00000,0.00000,0.00000,21.1209
64.65,0.21955,0.00000,0.00000,0.00000,21.0618
64.66,0.21955,0.00000,0.00000,0.00000,21.2912
64.67,0.21955,0.00000,0.00000,0.00000,21.4390
64.68,0.21955,0.00000,0.00000,0.00000,21.5184
64.69,0.21955,0.00000,0.00000,0.00000,21.5404
64.70,0.21955,0.00000,0.00000,0.00000,21.5142
64.71,0.21955,0.00000,0.00000,0.00000,21.4456
64.72,0.21955,0.00000,0.00000,0.00000,21.6733
64.73,0.21955,0.00000,0.00000,0.00000,21.8167
64.74,0.21980,0.00000,0.00000,0.00000,21.8896
64.75,0.22240,0.00000,0.00000,0.00000,21.9033
64.76,0.22497,0.00000,0.00000,0.00000,21.8673
64.77,0.22750,0.00000,0.00000,0.00000,21.7877
64.78,0.22975,0.00000,0.00000,0.00000,22.0121
64.79,0.23082,0.00000,0.00000,0.00000,22.1502
64.80,0.23188,0.00000,0.00000,0.00000,22.2158
64.81,0.23292,0.00000,0.00000,0.00000,22.2207
64.82,0.23395,0.00000,0.00000,0.00000,22.1747
64.83,0.23496,0.00000,0.00000,0.00000,22.0840
64.84,0.23582,0.00000,0.00000,0.00000,22.3051
64.85,0.23617,0.00000,0.00000,0.00000,22.4378
64.86,0.23652,0.00000,0.00000,0.00000,22.4964
64.87,0.23686,0.00000,0.00000,0.00000,22.4928
64.88,0.23719,0.00000,0.00000,0.00000,22.4371
64.89,0.23752,0.00000,0.00000,0.00000,22.3359
64.90,0.23779,0.00000,0.00000,0.00000,22.5543
64.91,0.23787,0.00000,0.00000,0.00000,22.6823
64.92,0.23795,0.00000,0.00000,0.00000,22.7346
64.93,0.23803,0.00000,0.00000,0.00000,22.7235
64.94,0.23811,0.00000,0.00000,0.00000,22.6592
64.95,0.23819,0.00000,0.00000,0.00000,22.5487
64.96,0.23827,0.00000,0.00000,0.00000,22.7650
64.97,0.23830,0.00000,0.00000,0.00000,22.8892
64.98,0.23834,0.00000,0.00000,0.00000,22.9364
64.99,0.23838,0.00000,0.00000,0.00000,22.9191
65.00,0.23842,0.00000,0.00000,0.00000,22.8475
65.01,0.23845,0.00000,0.00000,0.00000,22.7293
65.02,0.23856,0.00000,0.00000,0.00000,22.9435
65.03,0.23872,0.00000,0.00000,0.00000,23.0645
65.04,0.23888,0.00000,0.00000,0.00000,23.1073
65.05,0.23904,0.00000,0.00000,0.00000,23.0848
65.06,0.23919,0.00000,0.00000,0.00000,23.0073
65.07,0.23934,0.00000,0.00000,0.00000,22.8828
65.08,0.23971,0.00000,0.00000,0.00000,23.0921
65.09,0.24027,0.00000,0.00000,0.00000,23.2077
65.10,0.24081,0.00000,0.00000,0.00000,23.2449
65.11,0.24135,0.00000,0.00000,0.00000,23.2164
65.12,0.24187,0.00000,0.00000,0.00000,23.1327
65.13,0.24240,0.00000,0.00000,0.00000,23.0023
65.14,0.24347,0.00000,0.00000,0.00000,23.2008
65.15,0.24493,0.00000,0.00000,0.00000,23.3065
65.16,0.24637,0.00000,0.00000,0.00000,23.3346
65.17,0.24779,0.00000,0.00000,0.00000,23.2977
65.18,0.24919,0.00000,0.00000,0.00000,23.2063
65.19,0.25057,0.00000,0.00000,0.00000,23.0688
65.20,0.25312,0.00000,0.00000,0.00000,23.2537
65.21,0.25638,0.00000,0.00000,0.00000,23.3476
65.22,0.25960,0.00000,0.00000,0.00000,23.3654
65.23,0.26278,0.00000,0.00000,0.00000,23.3195
65.24,0.26591,0.00000,0.00000,0.00000,23.2201
65.25,0.26900,0.00000,0.00000,0.00000,23.0760
65.26,0.27423,0.00000,0.00000,0.00000,23.2489
65.27,0.28054,0.00000,0.00000,0.00000,23.3327
65.28,0.28678,0.00000,0.00000,0.00000,23.3420
65.29,0.29293,0.00000,0.00000,0.00000,23.2890
65.30,0.29901,0.00000,0.00000,0.00000,23.1837
65.31,0.30501,0.00000,0.00000,0.00000,23.0348
65.32,0.31437,0.00000,0.00000,0.00000,23.1983
65.33,0.32510,0.00000,0.00000,0.00000,23.2745
65.34,0.33571,0.00000,0.00000,0.00000,23.2778
65.35,0.34619,0.00000,0.00000,0.00000,23.2201
65.36,0.35654,0.00000,0.00000,0.00000,23.1114
65.37,0.36678,0.00000,0.00000,0.00000,22.9603
65.38,0.38159,0.00000,0.00000,0.00000,23.1169
65.39,0.39777,0.00000,0.00000,0.00000,23.1881
65.40,0.39935,0.00000,0.00000,0.00000,23.1878
65.41,0.39948,0.00000,0.00000,0.00000,23.1279
65.42,0.39963,0.00000,0.00000,0.00000,23.0180
65.43,0.39978,0.00000,0.00000,0.00000,22.8666
65.44,0.39993,0.00000,0.00000,0.00000,23.0184
65.45,0.40020,0.00000,0.00000,0.00000,23.0860
65.46,0.40057,0.00000,0.00000,0.00000,23.0834
65.47,0.40101,0.00000,0.00000,0.00000,23.0220
65.48,0.40147,0.00000,0.00000,0.00000,22.9114
65.49,0.40194,0.00000,0.00000,0.00000,22.7600
65.50,0.40243,0.00000,0.00000,0.00000,22.9075
65.51,0.40289,0.00000,0.00000,0.00000,22.9722
65.52,0.40336,0.00000,0.00000,0.00000,22.9677
65.53,0.40389,0.00000,0.00000,0.00000,22.9053
65.54,0.40443,0.00000,0.00000,0.00000,22.7947
65.55,0.40498,0.00000,0.00000,0.00000,22.6439
65.56,0.40556,0.00000,0.00000,0.00000,22.7881
65.57,0.40611,0.00000,0.00000,0.00000,22.8508
65.58,0.40666,0.00000,0.00000,0.00000,22.8452
65.59,0.40726,0.00000,0.00000,0.00000,22.7826
65.60,0.40787,0.00000,0.00000,0.00000,22.6726
65.61,0.40848,0.00000,0.00000,0.00000,22.5231
65.62,0.40913,0.00000,0.00000,0.00000,22.6650
65.63,0.40974,0.00000,0.00000,0.00000,22.7264
65.64,0.41036,0.00000,0.00000,0.00000,22.7206
65.65,0.41100,0.00000,0.00000,0.00000,22.6585
65.66,0.41166,0.00000,0.00000,0.00000,22.5497
65.67,0.41232,0.00000,0.00000,0.00000,22.4019
65.68,0.41301,0.00000,0.00000,0.00000,22.5423
65.69,0.41366,0.00000,0.00000,0.00000,22.6032
65.70,0.41432,0.00000,0.00000,0.00000,22.5977
65.71,0.41500,0.00000,0.00000,0.00000,22.5367
65.72,0.41567,0.00000,0.00000,0.00000,22.4296
65.73,0.41635,0.00000,0.00000,0.00000,22.2841
65.74,0.41706,0.00000,0.00000,0.00000,22.4235
65.75,0.41774,0.00000,0.00000,0.00000,22.4845
65.76,0.41842,0.00000,0.00000,0.00000,22.4798
65.77,0.41910,0.00000,0.00000,0.00000,22.4202
65.78,0.41978,0.00000,0.00000,0.00000,22.3152
65.79,0.42046,0.00000,0.00000,0.00000,22.1721
65.80,0.42116,0.00000,0.00000,0.00000,22.3113
65.81,0.42184,0.00000,0.00000,0.00000,22.3728
65.82,0.42252,0.00000,0.00000,0.00000,22.3693
65.83,0.42319,0.00000,0.00000,0.00000,22.3115
65.84,0.42385,0.00000,0.00000,0.00000,22.2087
65.85,0.42454,0.00000,0.00000,0.00000,22.3783
65.86,0.42520,0.00000,0.00000,0.00000,22.4660
65.87,0.42587,0.00000,0.00000,0.00000,22.4853
65.88,0.42653,0.00000,0.00000,0.00000,22.4473
65.89,0.42716,0.00000,0.00000,0.00000,22.3615
65.90,0.42779,0.00000,0.00000,0.00000,22.2359
65.91,0.42844,0.00000,0.00000,0.00000,22.3846
65.92,0.42907,0.00000,0.00000,0.00000,22.4555
65.93,0.42970,0.00000,0.00000,0.00000,22.4613
65.94,0.43032,0.00000,0.00000,0.00000,22.4126
65.95,0.43090,0.00000,0.00000,0.00000,22.3185
65.96,0.43148,0.00000,0.00000,0.00000,22.1865
65.97,0.43208,0.00000,0.00000,0.00000,22.3282
65.98,0.43266,0.00000,0.00000,0.00000,22.3938
65.99,0.43324,0.00000,0.00000,0.00000,22.3957
66.00,0.43381,0.00000,0.00000,0.00000,22.3443
66.01,0.43432,0.00000,0.00000,0.00000,22.2486
66.02,0.43483,0.00000,0.00000,0.00000,22.1158
66.03,0.43535,0.00000,0.00000,0.00000,22.2555
66.04,0.43587,0.00000,0.00000,0.00000,22.3199
66.05,0.43638,0.00000,0.00000,0.00000,22.3213
66.06,0.43687,0.00000,0.00000,0.00000,22.2701
66.07,0.43729,0.00000,0.00000,0.00000,22.1752
66.08,0.43771,0.00000,0.00000,0.00000,22.0436
66.09,0.43814,0.00000,0.00000,0.00000,22.1832
66.10,0.43856,0.00000,0.00000,0.00000,22.2481
66.11,0.43898,0.00000,0.00000,0.00000,22.2505
66.12,0.43936,0.00000,0.00000,0.00000,22.2007
66.13,0.43968,0.00000,0.00000,0.00000,22.1074
66.14,0.43999,0.00000,0.00000,0.00000,21.9779
66.15,0.44031,0.00000,0.00000,0.00000,22.1184
66.16,0.44062,0.00000,0.00000,0.00000,22.1845
66.17,0.44093,0.00000,0.00000,0.00000,22.1886
66.18,0.44119,0.00000,0.00000,0.00000,22.1406
66.19,0.44138,0.00000,0.00000,0.00000,22.0495
66.20,0.44157,0.00000,0.00000,0.00000,21.9222
66.21,0.44176,0.00000,0.00000,0.00000,22.0640
66.22,0.44196,0.00000,0.00000,0.00000,22.1318
66.23,0.44215,0.00000,0.00000,0.00000,22.1377
66.24,0.44227,0.00000,0.00000,0.00000,22.0918
66.25,0.44235,0.00000,0.00000,0.00000,22.0029
66.26,0.44242,0.00000,0.00000,0.00000,21.8780
66.27,0.44249,0.00000,0.00000,0.00000,22.0214
66.28,0.44256,0.00000,0.00000,0.00000,22.0910
66.29,0.44263,0.00000,0.00000,0.00000,22.0988
66.30,0.44264,0.00000,0.00000,0.00000,22.0550
66.31,0.44261,0.00000,0.00000,0.00000,21.9683
66.32,0.44257,0.00000,0.00000,0.00000,21.8456
66.33,0.44254,0.00000,0.00000,0.00000,21.9908
66.34,0.44251,0.00000,0.00000,0.00000,22.0622
66.35,0.44248,0.00000,0.00000,0.00000,22.0719
66.36,0.44238,0.00000,0.00000,0.00000,22.0302
66.37,0.44227,0.00000,0.00000,0.00000,21.9455
66.38,0.44216,0.00000,0.00000,0.00000,21.8248
66.39,0.44205,0.00000,0.00000,0.00000,21.9718
66.40,0.44193,0.00000,0.00000,0.00000,22.0451
66.41,0.44182,0.00000,0.00000,0.00000,22.0567
66.42,0.44166,0.00000,0.00000,0.00000,22.0169
66.43,0.44149,0.00000,0.00000,0.00000,21.9340
66.44,0.44133,0.00000,0.00000,0.00000,21.8151
66.45,0.44116,0.00000,0.00000,0.00000,21.9638
66.46,0.44099,0.00000,0.00000,0.00000,22.0388
66.47,0.44082,0.00000,0.00000,0.00000,22.0520
66.48,0.44062,0.00000,0.00000,0.00000,22.0138
66.49,0.44041,0.00000,0.00000,0.00000,21.9325
66.50,0.44021,0.00000,0.00000,0.00000,22.1119
66.51,0.44000,0.00000,0.00000,0.00000,22.2127
66.52,0.43980,0.00000,0.00000,0.00000,22.2479
66.53,0.43959,0.00000,0.00000,0.00000,22.2280
66.54,0.43936,0.00000,0.00000,0.00000,22.1622
66.55,0.43913,0.00000,0.00000,0.00000,22.0578
66.56,0.43889,0.00000,0.00000,0.00000,22.2185
66.57,0.43866,0.00000,0.00000,0.00000,22.3036
66.58,0.43543,0.00000,0.00000,0.00000,22.3256
66.59,0.42314,0.00000,0.00000,0.00000,22.2947
66.60,0.41101,0.00000,0.00000,0.00000,22.2194
66.61,0.39904,0.00000,0.00000,0.00000,22.1068
66.62,0.38867,0.00000,0.00000,0.00000,22.2610
66.63,0.37887,0.00000,0.00000,0.00000,22.3405
66.64,0.36921,0.00000,0.00000,0.00000,22.3572
66.65,0.35967,0.00000,0.00000,0.00000,22.3213
66.66,0.35026,0.00000,0.00000,0.00000,22.2414
66.67,0.34098,0.00000,0.00000,0.00000,22.1243
66.68,0.33244,0.00000,0.00000,0.00000,22.2754
66.69,0.32408,0.00000,0.00000,0.00000,22.3517
66.70,0.31583,0.00000,0.00000,0.00000,22.3653
66.71,0.30770,0.00000,0.00000,0.00000,22.3264
66.72,0.29967,0.00000,0.00000,0.00000,22.2434
66.73,0.29172,0.00000,0.00000,0.00000,22.1233
66.74,0.28360,0.00000,0.00000,0.00000,22.2726
66.75,0.27562,0.00000,0.00000,0.00000,22.3469
66.76,0.26775,0.00000,0.00000,0.00000,22.3584
66.77,0.25999,0.00000,0.00000,0.00000,22.3173
66.78,0.25913,0.00000,0.00000,0.00000,22.2319
66.79,0.25871,0.00000,0.00000,0.00000,22.1094
66.80,0.25828,0.00000,0.00000,0.00000,22.2580
66.81,0.25785,0.00000,0.00000,0.00000,22.3313
66.82,0.25743,0.00000,0.00000,0.00000,22.3417
66.83,0.25695,0.00000,0.00000,0.00000,22.2993
66.84,0.25647,0.00000,0.00000,0.00000,22.2128
66.85,0.25599,0.00000,0.00000,0.00000,22.3919
66.86,0.25552,0.00000,0.00000,0.00000,22.4907
66.87,0.25504,0.00000,0.00000,0.00000,22.5224
66.88,0.25455,0.00000,0.00000,0.00000,22.4979
66.89,0.25402,0.00000,0.00000,0.00000,22.4262
66.90,0.25348,0.00000,0.00000,0.00000,22.3149
66.91,0.25294,0.00000,0.00000,0.00000,22.4751
66.92,0.25241,0.00000,0.00000,0.00000,22.5579
66.93,0.25187,0.00000,0.00000,0.00000,22.5760
66.94,0.25132,0.00000,0.00000,0.00000,22.5398
66.95,0.25072,0.00000,0.00000,0.00000,22.4583
66.96,0.25013,0.00000,0.00000,0.00000,22.3385
66.97,0.24953,0.00000,0.00000,0.00000,22.4935
66.98,0.24893,0.00000,0.00000,0.00000,22.5718
66.99,0.24833,0.00000,0.00000,0.00000,22.5859
67.00,0.24771,0.00000,0.00000,0.00000,22.5463
67.01,0.24705,0.00000,0.00000,0.00000,22.4617
67.02,0.24638,0.00000,0.00000,0.00000,22.3393
67.03,0.24572,0.00000,0.00000,0.00000,22.4944
67.04,0.24506,0.00000,0.00000,0.00000,22.5726
67.05,0.24440,0.00000,0.00000,0.00000,22.5866
67.06,0.24369,0.00000,0.00000,0.00000,22.5469
67.07,0.24297,0.00000,0.00000,0.00000,22.4622
67.08,0.24224,0.00000,0.00000,0.00000,22.3398
67.09,0.24151,0.00000,0.00000,0.00000,22.4971
67.10,0.24078,0.00000,0.00000,0.00000,22.5773
67.11,0.24005,0.00000,0.00000,0.00000,22.5929
67.12,0.23927,0.00000,0.00000,0.00000,22.5547
67.13,0.23848,0.00000,0.00000,0.00000,22.4713
67.14,0.23768,0.00000,0.00000,0.00000,22.3501
67.15,0.23689,0.00000,0.00000,0.00000,22.5093
67.16,0.23609,0.00000,0.00000,0.00000,22.5912
67.17,0.23529,0.00000,0.00000,0.00000,22.6083
67.18,0.17529,0.06400,0.03200,0.04000,22.5716
67.19,0.11529,0.12800,0.06400,0.08000,22.4893
67.20,0.05529,0.19200,0.09600,0.12000,22.3685
67.21,0.00000,0.25600,0.12800,0.16000,22.5264
67.22,0.00000,0.32000,0.16000,0.20000,22.6056
67.23,0.00000,0.38400,0.19200,0.24000,22.6186
67.24,0.00000,0.44800,0.22400,0.28000,22.5762
67.25,0.00000,0.45488,0.22744,0.28430,22.4870
67.26,0.00000,0.46042,0.23021,0.28776,22.6686
67.27,0.00000,0.46593,0.23297,0.29121,22.7668
67.28,0.00000,0.47128,0.23564,0.29455,22.7951
67.29,0.00000,0.47647,0.23824,0.29780,22.7649
67.30,0.00000,0.48152,0.24076,0.30095,22.6858
67.31,0.00000,0.48642,0.24321,0.30401,22.5658
67.32,0.00000,0.49112,0.24556,0.30695,22.7219
67.33,0.00000,0.49573,0.24787,0.30983,22.7986
67.34,0.00000,0.50022,0.25011,0.31264,22.8089
67.35,0.00000,0.50458,0.25229,0.31536,22.7633
67.36,0.00000,0.50882,0.25441,0.31801,22.6713
67.37,0.00000,0.51295,0.25647,0.32059,22.5404
67.38,0.00000,0.51680,0.25840,0.32300,22.6879
67.39,0.00000,0.52049,0.26025,0.32531,22.7574
67.40,0.00000,0.52409,0.26204,0.32755,22.7615
67.41,0.00000,0.52759,0.26379,0.32974,22.7108
67.42,0.00000,0.53100,0.26550,0.33188,22.6145
67.43,0.00000,0.53433,0.26716,0.33396,22.4800
67.44,0.00000,0.55566,0.27783,0.34729,22.6253
67.45,0.00000,0.59217,0.29608,0.37010,22.6928
67.46,0.00000,0.62587,0.31294,0.39117,22.6950
67.47,0.00000,0.64942,0.32471,0.41570,22.6420
67.48,0.00000,0.66556,0.33278,0.44260,22.5428
67.49,0.00000,0.68083,0.34041,0.46805,22.4046
67.50,0.00000,0.69668,0.34834,0.49447,22.5464
67.51,0.00000,0.71366,0.35683,0.52277,22.6094
67.52,0.00000,0.72974,0.36487,0.54956,22.6060
67.53,0.00000,0.74499,0.37250,0.57499,22.5468
67.54,0.00000,0.75949,0.37974,0.59915,22.4404
67.55,0.00000,0.77329,0.38665,0.62215,22.2944
67.56,0.00000,0.78329,0.39165,0.63882,22.4291
67.57,0.00000,0.78381,0.39191,0.63969,22.4843
67.58,0.00000,0.78431,0.39216,0.64052,22.4731
67.59,0.00000,0.78479,0.39240,0.64132,22.4062
67.60,0.00000,0.78525,0.39262,0.64208,22.2926
67.61,0.00000,0.78568,0.39284,0.64280,22.1400
67.62,0.00000,0.78607,0.39304,0.64346,22.2704
67.63,0.00000,0.78494,0.39247,0.64156,22.3223
67.64,0.00000,0.78377,0.39188,0.63961,22.3085
67.65,0.00000,0.78261,0.39130,0.63768,22.2398
67.66,0.00000,0.78146,0.39073,0.63577,22.1251
67.67,0.00000,0.78033,0.39017,0.63389,21.9717
67.68,0.00000,0.77920,0.38960,0.63200,22.1034
67.69,0.00000,0.77751,0.38875,0.62918,22.1569
67.70,0.00000,0.77546,0.38773,0.62576,22.1451
67.71,0.00000,0.77343,0.38672,0.62239,22.0786
67.72,0.00000,0.77144,0.38572,0.61907,21.9664
67.73,0.00000,0.76948,0.38474,0.61579,21.8158
67.74,0.00000,0.76754,0.38377,0.61256,21.6332
67.75,0.00000,0.76543,0.38271,0.60904,21.7443
67.76,0.00000,0.76242,0.38121,0.60404,21.7813
67.77,0.00000,0.75946,0.37973,0.59911,21.7564
67.78,0.00000,0.75655,0.37827,0.59424,21.6798
67.79,0.00000,0.75367,0.37683,0.58945,21.5601
67.80,0.00000,0.75083,0.37542,0.58472,21.4042
67.81,0.00000,0.74803,0.37401,0.58005,21.5402
67.82,0.00000,0.74443,0.37222,0.57406,21.5992
67.83,0.00000,0.74046,0.37023,0.56744,21.5938
67.84,0.00000,0.73654,0.36827,0.56090,21.5346
67.85,0.00000,0.73267,0.36633,0.55445,21.4306
67.86,0.00000,0.72884,0.36442,0.54807,21.2890
67.87,0.00000,0.72507,0.36253,0.54178,21.4404
67.88,0.00000,0.72121,0.36060,0.53535,21.5131
67.89,0.00000,0.71617,0.35808,0.52694,21.5204
67.90,0.00000,0.71117,0.35559,0.51862,21.4730
67.91,0.00000,0.70623,0.35311,0.51038,21.3800
67.92,0.00000,0.70133,0.35067,0.50222,21.2490
67.93,0.00000,0.69649,0.34824,0.49414,21.0861
67.94,0.00000,0.69169,0.34584,0.48615,21.2247
67.95,0.00000,0.68629,0.34314,0.47714,21.2881
67.96,0.00000,0.68018,0.34009,0.46697,21.2887
67.97,0.00000,0.67412,0.33706,0.45686,21.2372
67.98,0.00000,0.66809,0.33405,0.44682,21.1420
67.99,0.00000,0.66211,0.33106,0.43685,21.0104
68.00,0.00000,0.65616,0.32808,0.42693,21.1792
68.01,0.00000,0.65025,0.32512,0.41708,21.2690
68.02,0.00000,0.64333,0.32167,0.40555,21.2929
68.03,0.00000,0.63296,0.31648,0.39560,21.2621
68.04,0.00000,0.61979,0.30990,0.38737,21.1855
68.05,0.00000,0.60659,0.30330,0.37912,21.0708
68.06,0.00000,0.59335,0.29668,0.37085,20.9242
68.07,0.00000,0.58003,0.29001,0.36252,21.0861
68.08,0.00000,0.56650,0.28325,0.35406,21.1715
68.09,0.00000,0.55109,0.27555,0.34443,21.1930
68.10,0.00000,0.53553,0.26776,0.33470,21.1615
68.11,0.00000,0.51979,0.25989,0.32487,21.0855
68.12,0.00000,0.50385,0.25192,0.31490,20.9726
68.13,0.00000,0.48761,0.24381,0.30476,21.1669
68.14,0.00000,0.47119,0.23559,0.29449,21.2806
68.15,0.00000,0.45410,0.22705,0.28381,21.3271
68.16,0.00000,0.43596,0.21798,0.27247,21.3173
68.17,0.00000,0.41736,0.20868,0.26085,21.2607
68.18,0.00000,0.39824,0.19912,0.24890,21.1649
68.19,0.00000,0.37850,0.18925,0.23656,21.0363
68.20,0.00000,0.35788,0.17894,0.22368,21.2234
68.21,0.00000,0.33654,0.16827,0.21034,21.3320
68.22,0.00000,0.31453,0.15726,0.19658,21.3752
68.23,0.00000,0.29153,0.14577,0.18221,21.3635
68.24,0.00000,0.26698,0.13349,0.16686,21.3059
68.25,0.00000,0.24040,0.12020,0.15025,21.2100
68.26,0.00000,0.16040,0.08020,0.10025,21.0821
68.27,0.00000,0.08040,0.04020,0.05025,21.2758
68.28,0.03000,0.00040,0.00020,0.00025,21.3907
68.29,0.06000,0.00000,0.00000,0.00000,21.4402
68.30,0.09000,0.00000,0.00000,0.00000,21.4348
68.31,0.12000,0.00000,0.00000,0.00000,21.3836
68.32,0.15000,0.00000,0.00000,0.00000,21.2943
68.33,0.18000,0.00000,0.00000,0.00000,21.1732
68.34,0.21000,0.00000,0.00000,0.00000,21.3795
68.35,0.21574,0.00000,0.00000,0.00000,21.5064
68.36,0.21574,0.00000,0.00000,0.00000,21.5671
68.37,0.21574,0.00000,0.00000,0.00000,21.5716
68.38,0.21574,0.00000,0.00000,0.00000,21.5291
68.39,0.21574,0.00000,0.00000,0.00000,21.4472
68.40,0.21574,0.00000,0.00000,0.00000,21.6904
68.41,0.21574,0.00000,0.00000,0.00000,21.8476
68.42,0.21573,0.00000,0.00000,0.00000,21.9331
68.43,0.21573,0.00000,0.00000,0.00000,21.9580
68.44,0.21573,0.00000,0.00000,0.00000,21.9316
68.45,0.21573,0.00000,0.00000,0.00000,21.8623
68.46,0.21573,0.00000,0.00000,0.00000,21.7569
68.47,0.21573,0.00000,0.00000,0.00000,21.9852
68.48,0.21573,0.00000,0.00000,0.00000,22.1288
68.49,0.21573,0.00000,0.00000,0.00000,22.2016
68.50,0.21573,0.00000,0.00000,0.00000,22.2143
68.51,0.21573,0.00000,0.00000,0.00000,22.1762
68.52,0.21573,0.00000,0.00000,0.00000,22.0956
68.53,0.21573,0.00000,0.00000,0.00000,21.9792
68.54,0.21573,0.00000,0.00000,0.00000,22.2030
68.55,0.21573,0.00000,0.00000,0.00000,22.3414
68.56,0.21573,0.00000,0.00000,0.00000,22.4081
68.57,0.21573,0.00000,0.00000,0.00000,22.4138
68.58,0.21573,0.00000,0.00000,0.00000,22.3681
68.59,0.21573,0.00000,0.00000,0.00000,22.2794
68.60,0.21573,0.00000,0.00000,0.00000,22.5296
68.61,0.21573,0.00000,0.00000,0.00000,22.6885
68.62,0.21573,0.00000,0.00000,0.00000,22.7710
68.63,0.21573,0.00000,0.00000,0.00000,22.7889
68.64,0.21573,0.00000,0.00000,0.00000,22.7518
68.65,0.21573,0.00000,0.00000,0.00000,22.6684
68.66,0.21573,0.00000,0.00000,0.00000,22.5462
68.67,0.21573,0.00000,0.00000,0.00000,22.7731
68.68,0.21573,0.00000,0.00000,0.00000,22.9104
68.69,0.21573,0.00000,0.00000,0.00000,22.9730
68.70,0.21573,0.00000,0.00000,0.00000,22.9716
68.71,0.21573,0.00000,0.00000,0.00000,22.9162
68.72,0.21573,0.00000,0.00000,0.00000,22.8155
68.73,0.21573,0.00000,0.00000,0.00000,22.6768
68.74,0.21573,0.00000,0.00000,0.00000,22.8945
68.75,0.21573,0.00000,0.00000,0.00000,23.0222
68.76,0.21573,0.00000,0.00000,0.00000,23.0744
68.77,0.21573,0.00000,0.00000,0.00000,23.0620
68.78,0.21573,0.00000,0.00000,0.00000,22.9954
68.79,0.21573,0.00000,0.00000,0.00000,22.8834
68.80,0.21573,0.00000,0.00000,0.00000,23.1266
68.81,0.21573,0.00000,0.00000,0.00000,23.2739
68.82,0.21573,0.00000,0.00000,0.00000,23.3410
68.83,0.21573,0.00000,0.00000,0.00000,23.3401
68.84,0.21573,0.00000,0.00000,0.00000,23.2813
68.85,0.21573,0.00000,0.00000,0.00000,23.1740
68.86,0.21573,0.00000,0.00000,0.00000,23.0260
68.87,0.21573,0.00000,0.00000,0.00000,23.2444
68.88,0.21573,0.00000,0.00000,0.00000,23.3690
68.89,0.21573,0.00000,0.00000,0.00000,23.4151
68.90,0.21573,0.00000,0.00000,0.00000,23.3942
68.91,0.21574,0.00000,0.00000,0.00000,23.3169
68.92,0.21574,0.00000,0.00000,0.00000,23.1923
68.93,0.21574,0.00000,0.00000,0.00000,23.0280
68.94,0.21574,0.00000,0.00000,0.00000,23.2378
68.95,0.21574,0.00000,0.00000,0.00000,23.3534
68.96,0.21574,0.00000,0.00000,0.00000,23.3901
68.97,0.21574,0.00000,0.00000,0.00000,23.3594
68.98,0.21574,0.00000,0.00000,0.00000,23.2723
68.99,0.21575,0.00000,0.00000,0.00000,23.1379
69.00,0.21575,0.00000,0.00000,0.00000,23.3744
69.01,0.21575,0.00000,0.00000,0.00000,23.5109
69.02,0.21575,0.00000,0.00000,0.00000,23.5639
69.03,0.21575,0.00000,0.00000,0.00000,23.5463
69.04,0.21576,0.00000,0.00000,0.00000,23.4688
69.05,0.21576,0.00000,0.00000,0.00000,23.3412
69.06,0.21577,0.00000,0.00000,0.00000,23.1716
69.07,0.21577,0.00000,0.00000,0.00000,23.3772
69.08,0.21578,0.00000,0.00000,0.00000,23.4865
69.09,0.21578,0.00000,0.00000,0.00000,23.5154
69.10,0.21579,0.00000,0.00000,0.00000,23.4758
69.11,0.21580,0.00000,0.00000,0.00000,23.3786
69.12,0.21580,0.00000,0.00000,0.00000,23.2333
69.13,0.21581,0.00000,0.00000,0.00000,23.0476
69.14,0.21582,0.00000,0.00000,0.00000,23.2332
69.15,0.21583,0.00000,0.00000,0.00000,23.3245
69.16,0.21584,0.00000,0.00000,0.00000,23.3369
69.17,0.21585,0.00000,0.00000,0.00000,23.2822
69.18,0.21587,0.00000,0.00000,0.00000,23.1715
69.19,0.21588,0.00000,0.00000,0.00000,23.0139
69.20,0.21590,0.00000,0.00000,0.00000,23.2129
69.21,0.21591,0.00000,0.00000,0.00000,23.3148
69.22,0.21592,0.00000,0.00000,0.00000,23.3353
69.23,0.21594,0.00000,0.00000,0.00000,23.2872
69.24,0.21596,0.00000,0.00000,0.00000,23.1811
69.25,0.21598,0.00000,0.00000,0.00000,23.0265
69.26,0.21601,0.00000,0.00000,0.00000,22.8312
69.27,0.21603,0.00000,0.00000,0.00000,22.9914
69.28,0.21605,0.00000,0.00000,0.00000,23.0599
69.29,0.21608,0.00000,0.00000,0.00000,23.0516
69.30,0.22536,0.00000,0.00000,0.00000,22.9781
69.31,0.23684,0.00000,0.00000,0.00000,22.8502
69.32,0.24818,0.00000,0.00000,0.00000,22.6766
69.33,0.25938,0.00000,0.00000,0.00000,22.4650
69.34,0.27069,0.00000,0.00000,0.00000,22.6047
69.35,0.28295,0.00000,0.00000,0.00000,22.6556
69.36,0.29942,0.00000,0.00000,0.00000,22.6321
69.37,0.31571,0.00000,0.00000,0.00000,22.5457
69.38,0.33181,0.00000,0.00000,0.00000,22.4070
69.39,0.34773,0.00000,0.00000,0.00000,22.2245
69.40,0.36380,0.00000,0.00000,0.00000,22.3805
69.41,0.37937,0.00000,0.00000,0.00000,22.4452
69.42,0.38284,0.00000,0.00000,0.00000,22.4338
69.43,0.38306,0.00000,0.00000,0.00000,22.3578
69.44,0.38334,0.00000,0.00000,0.00000,22.2277
69.45,0.38362,0.00000,0.00000,0.00000,22.0523
69.46,0.38391,0.00000,0.00000,0.00000,21.8390
69.47,0.38419,0.00000,0.00000,0.00000,21.9627
69.48,0.38448,0.00000,0.00000,0.00000,22.0000
69.49,0.38476,0.00000,0.00000,0.00000,21.9649
69.50,0.38506,0.00000,0.00000,0.00000,21.8685
69.51,0.38541,0.00000,0.00000,0.00000,21.7209
69.52,0.38575,0.00000,0.00000,0.00000,21.5305
69.53,0.38610,0.00000,0.00000,0.00000,21.3043
69.54,0.38645,0.00000,0.00000,0.00000,21.4109
69.55,0.38679,0.00000,0.00000,0.00000,21.4336
69.56,0.38714,0.00000,0.00000,0.00000,21.3854
69.57,0.38752,0.00000,0.00000,0.00000,21.2779
69.58,0.38793,0.00000,0.00000,0.00000,21.1207
69.59,0.38833,0.00000,0.00000,0.00000,20.9221
69.60,0.38874,0.00000,0.00000,0.00000,21.0443
69.61,0.38914,0.00000,0.00000,0.00000,21.0800
69.62,0.38955,0.00000,0.00000,0.00000,21.0430
69.63,0.38996,0.00000,0.00000,0.00000,20.9448
69.64,0.39042,0.00000,0.00000,0.00000,20.7953
69.65,0.39088,0.00000,0.00000,0.00000,20.6031
69.66,0.39134,0.00000,0.00000,0.00000,20.3750
69.67,0.39181,0.00000,0.00000,0.00000,20.4673
69.68,0.39227,0.00000,0.00000,0.00000,20.4777
69.69,0.39273,0.00000,0.00000,0.00000,20.4193
69.70,0.39322,0.00000,0.00000,0.00000,20.3031
69.71,0.39374,0.00000,0.00000,0.00000,20.1388
69.72,0.39425,0.00000,0.00000,0.00000,19.9342
69.73,0.39477,0.00000,0.00000,0.00000,20.0396
69.74,0.39529,0.00000,0.00000,0.00000,20.0612
69.75,0.39581,0.00000,0.00000,0.00000,20.0127
69.76,0.39633,0.00000,0.00000,0.00000,19.9052
69.77,0.39689,0.00000,0.00000,0.00000,19.7483
69.78,0.39747,0.00000,0.00000,0.00000,19.5503
69.79,0.39804,0.00000,0.00000,0.00000,19.3179
69.80,0.39861,0.00000,0.00000,0.00000,19.3956
69.81,0.39918,0.00000,0.00000,0.00000,19.3943
69.82,0.39976,0.00000,0.00000,0.00000,19.3268
69.83,0.40087,0.00000,0.00000,0.00000,19.2040
69.84,0.40243,0.00000,0.00000,0.00000,19.0349
69.85,0.40399,0.00000,0.00000,0.00000,18.8273
69.86,0.40555,0.00000,0.00000,0.00000,18.9184
69.87,0.40711,0.00000,0.00000,0.00000,18.9291
69.88,0.40867,0.00000,0.00000,0.00000,18.8724
69.89,0.41024,0.00000,0.00000,0.00000,18.7595
69.90,0.41191,0.00000,0.00000,0.00000,18.5996
69.91,0.41360,0.00000,0.00000,0.00000,18.4004
69.92,0.41529,0.00000,0.00000,0.00000,18.1686
69.93,0.41697,0.00000,0.00000,0.00000,18.2281
69.94,0.41866,0.00000,0.00000,0.00000,18.2132
69.95,0.42036,0.00000,0.00000,0.00000,18.1361
69.96,0.42209,0.00000,0.00000,0.00000,18.0072
69.97,0.42390,0.00000,0.00000,0.00000,17.8351
69.98,0.42572,0.00000,0.00000,0.00000,17.6269
69.99,0.42752,0.00000,0.00000,0.00000,17.6891
70.00,0.42934,0.00000,0.00000,0.00000,17.6776
70.01,0.43116,0.00000,0.00000,0.00000,17.6047
70.02,0.43298,0.00000,0.00000,0.00000,17.4806
70.03,0.43489,0.00000,0.00000,0.00000,17.3138
70.04,0.43682,0.00000,0.00000,0.00000,17.1114
70.05,0.43876,0.00000,0.00000,0.00000,16.8793
70.06,0.44068,0.00000,0.00000,0.00000,16.9075
70.07,0.44262,0.00000,0.00000,0.00000,16.8689
70.08,0.44456,0.00000,0.00000,0.00000,16.7750
70.09,0.44652,0.00000,0.00000,0.00000,16.6351
70.10,0.44857,0.00000,0.00000,0.00000,16.4567
70.11,0.45062,0.00000,0.00000,0.00000,16.2463
70.12,0.45264,0.00000,0.00000,0.00000,16.2787
70.13,0.45469,0.00000,0.00000,0.00000,16.2452
70.14,0.45674,0.00000,0.00000,0.00000,16.1574
70.15,0.45879,0.00000,0.00000,0.00000,16.0242
70.16,0.46092,0.00000,0.00000,0.00000,15.8534
70.17,0.46306,0.00000,0.00000,0.00000,15.6512
70.18,0.46521,0.00000,0.00000,0.00000,15.4228
70.19,0.46733,0.00000,0.00000,0.00000,15.4277
70.20,0.46948,0.00000,0.00000,0.00000,15.3737
70.21,0.47163,0.00000,0.00000,0.00000,15.2707
70.22,0.47380,0.00000,0.00000,0.00000,15.1271
70.23,0.47603,0.00000,0.00000,0.00000,14.9496
70.24,0.47827,0.00000,0.00000,0.00000,14.7440
70.25,0.48046,0.00000,0.00000,0.00000,14.7548
70.26,0.48269,0.00000,0.00000,0.00000,14.7074
70.27,0.48493,0.00000,0.00000,0.00000,14.6123
70.28,0.48716,0.00000,0.00000,0.00000,14.4774
70.29,0.48945,0.00000,0.00000,0.00000,14.3094
70.30,0.49175,0.00000,0.00000,0.00000,14.1139
70.31,0.49405,0.00000,0.00000,0.00000,13.8955
70.32,0.49631,0.00000,0.00000,0.00000,13.8843
70.33,0.49861,0.00000,0.00000,0.00000,13.8216
70.34,0.50091,0.00000,0.00000,0.00000,13.7160
70.35,0.50323,0.00000,0.00000,0.00000,13.5748
70.36,0.50558,0.00000,0.00000,0.00000,13.4040
70.37,0.50792,0.00000,0.00000,0.00000,13.2086
70.38,0.51022,0.00000,0.00000,0.00000,13.2047
70.39,0.51257,0.00000,0.00000,0.00000,13.1502
70.40,0.51492,0.00000,0.00000,0.00000,13.0538
70.41,0.51727,0.00000,0.00000,0.00000,12.9228
70.42,0.51964,0.00000,0.00000,0.00000,12.7629
70.43,0.52201,0.00000,0.00000,0.00000,12.5791
70.44,0.52438,0.00000,0.00000,0.00000,12.3753
70.45,0.52671,0.00000,0.00000,0.00000,12.3545
70.46,0.52908,0.00000,0.00000,0.00000,12.2886
70.47,0.53146,0.00000,0.00000,0.00000,12.1855
70.48,0.53383,0.00000,0.00000,0.00000,12.0513
70.49,0.53621,0.00000,0.00000,0.00000,11.8913
70.50,0.53858,0.00000,0.00000,0.00000,11.7100
70.51,0.54091,0.00000,0.00000,0.00000,11.6968
70.52,0.54329,0.00000,0.00000,0.00000,11.6398
70.53,0.54567,0.00000,0.00000,0.00000,11.5465
70.54,0.54804,0.00000,0.00000,0.00000,11.4230
70.55,0.55045,0.00000,0.00000,0.00000,11.2744
70.56,0.55310,0.00000,0.00000,0.00000,11.1050
70.57,0.55571,0.00000,0.00000,0.00000,11.0912
70.58,0.55836,0.00000,0.00000,0.00000,11.0361
70.59,0.56102,0.00000,0.00000,0.00000,10.9467
70.60,0.56368,0.00000,0.00000,0.00000,10.8288
70.61,0.56629,0.00000,0.00000,0.00000,10.6873
70.62,0.56891,0.00000,0.00000,0.00000,10.5261
70.63,0.57152,0.00000,0.00000,0.00000,10.3487
70.64,0.57409,0.00000,0.00000,0.00000,10.3201
70.65,0.57671,0.00000,0.00000,0.00000,10.2551
70.66,0.57933,0.00000,0.00000,0.00000,10.1597
70.67,0.58190,0.00000,0.00000,0.00000,10.0393
70.68,0.58446,0.00000,0.00000,0.00000,9.8980
70.69,0.58702,0.00000,0.00000,0.00000,9.7395
70.70,0.58952,0.00000,0.00000,0.00000,9.7172
70.71,0.59208,0.00000,0.00000,0.00000,9.6596
70.72,0.59465,0.00000,0.00000,0.00000,9.5727
70.73,0.59718,0.00000,0.00000,0.00000,9.4614
70.74,0.59966,0.00000,0.00000,0.00000,9.3300
70.75,0.60214,0.00000,0.00000,0.00000,9.1818
70.76,0.60457,0.00000,0.00000,0.00000,9.1593
70.77,0.60706,0.00000,0.00000,0.00000,9.1036
70.78,0.60955,0.00000,0.00000,0.00000,9.0201
70.79,0.61202,0.00000,0.00000,0.00000,8.9138
70.80,0.61441,0.00000,0.00000,0.00000,8.7885
70.81,0.61681,0.00000,0.00000,0.00000,8.6474
70.82,0.61916,0.00000,0.00000,0.00000,8.6226
70.83,0.62156,0.00000,0.00000,0.00000,8.5667
70.84,0.62396,0.00000,0.00000,0.00000,8.4850
70.85,0.62636,0.00000,0.00000,0.00000,8.3819
70.86,0.62866,0.00000,0.00000,0.00000,8.2610
70.87,0.63096,0.00000,0.00000,0.00000,8.1255
70.88,0.63326,0.00000,0.00000,0.00000,7.9780
70.89,0.63552,0.00000,0.00000,0.00000,7.9412
70.90,0.63782,0.00000,0.00000,0.00000,7.8771
70.91,0.64013,0.00000,0.00000,0.00000,7.7903
70.92,0.64235,0.00000,0.00000,0.00000,7.6846
70.93,0.64455,0.00000,0.00000,0.00000,7.5635
70.94,0.64675,0.00000,0.00000,0.00000,7.4296
70.95,0.64891,0.00000,0.00000,0.00000,7.3970
70.96,0.65111,0.00000,0.00000,0.00000,7.3379
70.97,0.65331,0.00000,0.00000,0.00000,7.2568
70.98,0.65545,0.00000,0.00000,0.00000,7.1575
70.99,0.65754,0.00000,0.00000,0.00000,7.0431
71.00,0.65964,0.00000,0.00000,0.00000,6.9163
71.01,0.66170,0.00000,0.00000,0.00000,6.8831
71.02,0.66379,0.00000,0.00000,0.00000,6.8248
71.03,0.66589,0.00000,0.00000,0.00000,6.7457
71.04,0.66795,0.00000,0.00000,0.00000,6.6494
71.05,0.66993,0.00000,0.00000,0.00000,6.5388
71.06,0.67192,0.00000,0.00000,0.00000,6.4166
71.07,0.67389,0.00000,0.00000,0.00000,6.3817
71.08,0.67588,0.00000,0.00000,0.00000,6.3233
71.09,0.67787,0.00000,0.00000,0.00000,6.2453
71.10,0.67984,0.00000,0.00000,0.00000,6.1511
71.11,0.68173,0.00000,0.00000,0.00000,6.0436
71.12,0.68362,0.00000,0.00000,0.00000,5.9250
71.13,0.68548,0.00000,0.00000,0.00000,5.8893
71.14,0.68738,0.00000,0.00000,0.00000,5.8313
71.15,0.68927,0.00000,0.00000,0.00000,5.7547
71.16,0.69115,0.00000,0.00000,0.00000,5.6629
71.17,0.69294,0.00000,0.00000,0.00000,5.5584
71.18,0.69473,0.00000,0.00000,0.00000,5.4434
71.19,0.69650,0.00000,0.00000,0.00000,5.4078
71.20,0.69830,0.00000,0.00000,0.00000,5.3508
71.21,0.70031,0.00000,0.00000,0.00000,5.2762
71.22,0.70602,0.00000,0.00000,0.00000,5.1870
71.23,0.71144,0.00000,0.00000,0.00000,5.0857
71.24,0.71686,0.00000,0.00000,0.00000,4.9745
71.25,0.72221,0.00000,0.00000,0.00000,4.9393
71.26,0.72764,0.00000,0.00000,0.00000,4.8836
71.27,0.73307,0.00000,0.00000,0.00000,4.8111
71.28,0.73847,0.00000,0.00000,0.00000,4.7246
71.29,0.74350,0.00000,0.00000,0.00000,4.6265
71.30,0.74853,0.00000,0.00000,0.00000,4.5189
71.31,0.75350,0.00000,0.00000,0.00000,4.4825
71.32,0.75854,0.00000,0.00000,0.00000,4.4268
71.33,0.76358,0.00000,0.00000,0.00000,4.3551
71.34,0.76858,0.00000,0.00000,0.00000,4.2702
71.35,0.77304,0.00000,0.00000,0.00000,4.1744
71.36,0.77749,0.00000,0.00000,0.00000,4.0694
71.37,0.78191,0.00000,0.00000,0.00000,4.0293
71.38,0.78637,0.00000,0.00000,0.00000,3.9714
71.39,0.79084,0.00000,0.00000,0.00000,3.8987
71.40,0.79523,0.00000,0.00000,0.00000,3.8137
71.41,0.79877,0.00000,0.00000,0.00000,3.7186
71.42,0.80232,0.00000,0.00000,0.00000,3.6150
71.43,0.80583,0.00000,0.00000,0.00000,3.5694
71.44,0.80938,0.00000,0.00000,0.00000,3.5077
71.45,0.81293,0.00000,0.00000,0.00000,3.4325
71.46,0.81629,0.00000,0.00000,0.00000,3.3462
71.47,0.81842,0.00000,0.00000,0.00000,3.2507
71.48,0.82055,0.00000,0.00000,0.00000,3.1474
71.49,0.82267,0.00000,0.00000,0.00000,3.0953
71.50,0.82480,0.00000,0.00000,0.00000,3.0287
71.51,0.82694,0.00000,0.00000,0.00000,2.9502
71.52,0.82864,0.00000,0.00000,0.00000,2.8618
71.53,0.82879,0.00000,0.00000,0.00000,2.7650
71.54,0.82893,0.00000,0.00000,0.00000,2.6613
71.55,0.82907,0.00000,0.00000,0.00000,2.6023
71.56,0.82922,0.00000,0.00000,0.00000,2.5306
71.57,0.82936,0.00000,0.00000,0.00000,2.4484
71.58,0.82869,0.00000,0.00000,0.00000,2.3574
71.59,0.82637,0.00000,0.00000,0.00000,2.2589
71.60,0.82404,0.00000,0.00000,0.00000,2.1543
71.61,0.82173,0.00000,0.00000,0.00000,2.0885
71.62,0.81940,0.00000,0.00000,0.00000,2.0116
71.63,0.81707,0.00000,0.00000,0.00000,1.9256
71.64,0.81348,0.00000,0.00000,0.00000,1.8317
71.65,0.80845,0.00000,0.00000,0.00000,1.7312
71.66,0.80343,0.00000,0.00000,0.00000,1.6253
71.67,0.79843,0.00000,0.00000,0.00000,1.5526
71.68,0.79340,0.00000,0.00000,0.00000,1.4704
71.69,0.78836,0.00000,0.00000,0.00000,1.3803
71.70,0.78168,0.00000,0.00000,0.00000,1.2830
71.71,0.77406,0.00000,0.00000,0.00000,1.1800
71.72,0.76643,0.00000,0.00000,0.00000,1.0723
71.73,0.75884,0.00000,0.00000,0.00000,0.9923
71.74,0.75120,0.00000,0.00000,0.00000,0.9043
71.75,0.74355,0.00000,0.00000,0.00000,0.8094
71.76,0.73406,0.00000,0.00000,0.00000,0.7083
71.77,0.72419,0.00000,0.00000,0.00000,0.6021
71.78,0.71430,0.00000,0.00000,0.00000,0.4919
71.79,0.70445,0.00000,0.00000,0.00000,0.4042
71.80,0.69830,0.00000,0.00000,0.00000,0.3098
71.81,0.69518,0.00000,0.00000,0.00000,0.2094
71.82,0.69153,0.00000,0.00000,0.00000,0.1036
71.83,0.68788,0.00000,0.00000,0.00000,-0.0064
71.84,0.68424,0.00000,0.00000,0.00000,-0.1002
71.85,0.68059,0.00000,0.00000,0.00000,-0.1997
71.86,0.62059,0.00000,0.00000,0.00000,-0.3040
71.87,0.56059,0.00000,0.00000,0.00000,-0.4133
71.88,0.50059,0.00000,0.00000,0.00000,-0.5264
71.89,0.44059,0.00000,0.00000,0.00000,-0.6425
71.90,0.43698,0.00000,0.00000,0.00000,-0.7469
71.91,0.37698,0.06400,0.03200,0.04000,-0.8551
71.92,0.31698,0.12800,0.06400,0.08000,-0.9667
71.93,0.25698,0.19200,0.09600,0.12000,-1.0818
71.94,0.19698,0.25600,0.12800,0.16000,-1.1995
71.95,0.13698,0.32000,0.16000,0.20000,-1.3188
71.96,0.07698,0.38400,0.19200,0.24000,-1.4312
71.97,0.01698,0.44800,0.22400,0.28000,-1.5451
71.98,0.00000,0.51200,0.25600,0.32000,-1.6606
71.99,0.00000,0.57600,0.28800,0.36000,-1.7779
72.00,0.00000,0.64000,0.32000,0.40000,-1.8959
72.01,0.00000,0.66400,0.33200,0.44000,-2.0141
72.02,0.00000,0.68800,0.34400,0.48000,-2.1304
72.03,0.00000,0.69680,0.34840,0.49467,-2.2460
72.04,0.00000,0.69910,0.34955,0.49850,-2.3616
72.05,0.00000,0.70134,0.35067,0.50223,-2.4778
72.06,0.00000,0.70352,0.35176,0.50586,-2.5941
72.07,0.00000,0.70571,0.35285,0.50951,-2.7151
72.08,0.00000,0.70787,0.35394,0.51312,-2.8346
72.09,0.00000,0.70999,0.35499,0.51664,-2.9525
72.10,0.00000,0.71204,0.35602,0.52007,-3.0692
72.11,0.00000,0.71405,0.35702,0.52341,-3.1860
72.12,0.00000,0.71600,0.35800,0.52666,-3.3025
72.13,0.00000,0.71797,0.35899,0.52995,-3.4302
72.14,0.00000,0.71992,0.35996,0.53320,-3.5549
72.15,0.00000,0.72182,0.36091,0.53637,-3.6768
72.16,0.00000,0.72367,0.36183,0.53945,-3.7958
72.17,0.00000,0.72547,0.36273,0.54245,-3.9142
72.18,0.00000,0.72722,0.36361,0.54537,-4.0317
72.19,0.00000,0.72901,0.36450,0.54835,-4.1672
72.20,0.00000,0.73077,0.36538,0.55128,-4.2981
72.21,0.00000,0.73248,0.36624,0.55414,-4.4247
72.22,0.00000,0.73415,0.36707,0.55692,-4.5472
72.23,0.00000,0.73577,0.36789,0.55962,-4.6673
72.24,0.00000,0.73735,0.36868,0.56225,-4.7857
72.25,0.00000,0.73897,0.36949,0.56495,-4.9296
72.26,0.00000,0.74057,0.37028,0.56761,-5.0670
72.27,0.00000,0.74212,0.37106,0.57020,-5.1984
72.28,0.00000,0.74363,0.37181,0.57271,-5.3245
72.29,0.00000,0.74509,0.37255,0.57516,-5.4459
72.30,0.00000,0.74652,0.37326,0.57754,-5.5648
72.31,0.00000,0.74799,0.37399,0.57998,-5.7172
72.32,0.00000,0.74944,0.37472,0.58240,-5.8611
72.33,0.00000,0.75085,0.37543,0.58475,-5.9973
72.34,0.00000,0.75222,0.37611,0.58704,-6.1266
72.35,0.00000,0.75355,0.37678,0.58926,-6.2496
72.36,0.00000,0.75485,0.37742,0.59141,-6.3682
72.37,0.00000,0.75617,0.37809,0.59362,-6.5291
72.38,0.00000,0.75750,0.37875,0.59583,-6.6791
72.39,0.00000,0.75879,0.37939,0.59798,-6.8196
72.40,0.00000,0.76004,0.38002,0.60006,-6.9514
72.41,0.00000,0.76125,0.38062,0.60208,-7.0756
72.42,0.00000,0.76243,0.38121,0.60405,-7.1928
72.43,0.00000,0.76364,0.38182,0.60606,-7.3619
72.44,0.00000,0.76483,0.38242,0.60805,-7.5177
72.45,0.00000,0.76601,0.38301,0.61002,-7.6616
72.46,0.00000,0.76716,0.38358,0.61193,-7.7951
72.47,0.00000,0.76827,0.38413,0.61378,-7.9192
72.48,0.00000,0.76934,0.38467,0.61557,-8.0350
72.49,0.00000,0.77047,0.38523,0.61744,-8.2121
72.50,0.00000,0.77152,0.38576,0.61920,-8.3727
72.51,0.00000,0.77261,0.38630,0.62101,-8.5191
72.52,0.00000,0.77366,0.38683,0.62277,-8.6529
72.53,0.00000,0.77468,0.38734,0.62446,-8.7756
72.54,0.00000,0.77566,0.38783,0.62611,-8.8885
72.55,0.00000,0.77662,0.38831,0.62770,-8.9924
72.56,0.00000,0.77764,0.38882,0.62940,-9.1709
72.57,0.00000,0.77864,0.38932,0.63107,-9.3299
72.58,0.00000,0.77961,0.38981,0.63269,-9.4722
72.59,0.00000,0.78055,0.39028,0.63425,-9.5997
72.60,0.00000,0.78146,0.39073,0.63576,-9.7144
72.61,0.00000,0.78233,0.39117,0.63722,-9.8177
72.62,0.00000,0.78331,0.39165,0.63884,-10.0075
72.63,0.00000,0.78417,0.39209,0.64028,-10.1730
72.64,0.00000,0.78507,0.39254,0.64178,-10.3180
72.65,0.00000,0.78594,0.39297,0.64323,-10.4451
72.66,0.00000,0.78678,0.39339,0.64463,-10.5568
72.67,0.00000,0.78759,0.39379,0.64598,-10.6549
72.68,0.00000,0.78852,0.39426,0.64753,-10.8541
72.69,0.00000,0.78927,0.39463,0.64878,-11.0242
72.70,0.00000,0.79008,0.39504,0.65014,-11.1697
72.71,0.00000,0.79089,0.39545,0.65149,-11.2941
72.72,0.00000,0.79167,0.39584,0.65279,-11.4002
72.73,0.00000,0.79243,0.39621,0.65404,-11.4904
72.74,0.00000,0.79315,0.39657,0.65525,-11.5667
72.75,0.00000,0.79403,0.39701,0.65671,-11.7626
72.76,0.00000,0.79470,0.39735,0.65783,-11.9262
72.77,0.00000,0.79546,0.39773,0.65910,-12.0622
72.78,0.00000,0.79619,0.39810,0.66032,-12.1742
72.79,0.00000,0.79689,0.39845,0.66149,-12.2656
72.80,0.00000,0.79757,0.39878,0.66261,-12.3392
72.81,0.00000,0.79821,0.39911,0.66369,-12.3972
72.82,0.00000,0.79906,0.39953,0.66510,-12.5947
72.83,0.00000,0.79968,0.39984,0.66613,-12.7553
72.84,0.00000,0.80036,0.40018,0.66727,-12.8844
72.85,0.00000,0.80102,0.40051,0.66837,-12.9860
72.86,0.00000,0.80166,0.40083,0.66943,-13.0639
72.87,0.00000,0.80226,0.40113,0.67044,-13.1215
72.88,0.00000,0.80312,0.40156,0.67186,-13.3373
72.89,0.00000,0.80366,0.40183,0.67277,-13.5092
72.90,0.00000,0.80422,0.40211,0.67371,-13.6439
72.91,0.00000,0.80485,0.40243,0.67475,-13.7469
72.92,0.00000,0.80545,0.40273,0.67575,-13.8218
72.93,0.00000,0.80602,0.40301,0.67670,-13.8725
72.94,0.00000,0.80657,0.40328,0.67761,-13.9022
72.95,0.00000,0.80742,0.40371,0.67904,-14.1155
72.96,0.00000,0.80791,0.40396,0.67985,-14.2804
72.97,0.00000,0.80747,0.40373,0.67911,-14.4043
72.98,0.00000,0.80414,0.40207,0.67356,-14.4934
72.99,0.00000,0.80086,0.40043,0.66810,-14.5525
73.00,0.00000,0.79763,0.39882,0.66272,-14.5849
73.01,0.00000,0.79445,0.39723,0.65742,-14.5946
73.02,0.00000,0.79147,0.39574,0.65245,-14.8146
73.03,0.00000,0.78839,0.39419,0.64732,-14.9807
73.04,0.00000,0.78473,0.39237,0.64122,-15.1013
73.05,0.00000,0.77472,0.38736,0.62453,-15.1836
73.06,0.00000,0.76475,0.38238,0.60792,-15.2336
73.07,0.00000,0.75483,0.37741,0.59138,-15.2551
73.08,0.00000,0.74494,0.37247,0.57490,-15.2520
73.09,0.00000,0.73467,0.36734,0.55779,-15.4883
73.10,0.00000,0.72485,0.36242,0.54141,-15.6649
73.11,0.00000,0.71505,0.35752,0.52508,-15.7915
73.12,0.00000,0.70279,0.35140,0.50465,-15.8762
73.13,0.00000,0.69011,0.34506,0.48352,-15.9257
73.14,0.00000,0.67736,0.33868,0.46226,-15.9456
73.15,0.00000,0.66452,0.33226,0.44086,-15.9385
73.16,0.00000,0.65071,0.32536,0.41785,-16.2014
73.17,0.00000,0.63565,0.31783,0.39728,-16.3979
73.18,0.00000,0.61128,0.30564,0.38205,-16.5389
73.19,0.00000,0.58803,0.29401,0.36752,-16.6336
73.20,0.00000,0.56528,0.28264,0.35330,-16.6894
73.21,0.00000,0.54202,0.27101,0.33876,-16.7127
73.22,0.00000,0.51817,0.25908,0.32385,-16.7070
73.23,0.00000,0.49157,0.24579,0.30723,-17.0003
73.24,0.00000,0.46613,0.23307,0.29133,-17.2199
73.25,0.00000,0.43970,0.21985,0.27482,-17.3779
73.26,0.00000,0.41372,0.20686,0.25857,-17.4843
73.27,0.00000,0.38920,0.19460,0.24325,-17.5474
73.28,0.00000,0.36349,0.18175,0.22718,-17.5742
73.29,0.00000,0.33631,0.16815,0.21019,-17.5698
73.30,0.00000,0.30427,0.15214,0.19017,-17.8891
73.31,0.00000,0.27241,0.13621,0.17026,-18.1276
73.32,0.00000,0.23693,0.11847,0.14808,-18.2986
73.33,0.00000,0.15693,0.07847,0.09808,-18.4129
73.34,0.00000,0.07693,0.03847,0.04808,-18.4799
73.35,0.03000,0.00000,0.00000,0.00000,-18.5072
73.36,0.06000,0.00000,0.00000,0.00000,-18.5013
73.37,0.09000,0.00000,0.00000,0.00000,-18.8381
73.38,0.12000,0.00000,0.00000,0.00000,-19.0889
73.39,0.15000,0.00000,0.00000,0.00000,-19.2679
73.40,0.18000,0.00000,0.00000,0.00000,-19.3869
73.41,0.21000,0.00000,0.00000,0.00000,-19.4557
73.42,0.21278,0.00000,0.00000,0.00000,-19.4825
73.43,0.21278,0.00000,0.00000,0.00000,-19.4738
73.44,0.21277,0.00000,0.00000,0.00000,-19.4331
73.45,0.21277,0.00000,0.00000,0.00000,-19.7545
73.46,0.21277,0.00000,0.00000,0.00000,-19.9892
73.47,0.21277,0.00000,0.00000,0.00000,-20.1511
73.48,0.21277,0.00000,0.00000,0.00000,-20.2519
73.49,0.21277,0.00000,0.00000,0.00000,-20.3012
73.50,0.21277,0.00000,0.00000,0.00000,-20.3073
73.51,0.21277,0.00000,0.00000,0.00000,-20.2751
73.52,0.21277,0.00000,0.00000,0.00000,-20.6108
73.53,0.21277,0.00000,0.00000,0.00000,-20.8534
73.54,0.21277,0.00000,0.00000,0.00000,-21.0179
73.55,0.21277,0.00000,0.00000,0.00000,-21.1168
73.56,0.21277,0.00000,0.00000,0.00000,-21.1605
73.57,0.21277,0.00000,0.00000,0.00000,-21.1578
73.58,0.21277,0.00000,0.00000,0.00000,-21.1145
73.59,0.21277,0.00000,0.00000,0.00000,-21.4461
73.60,0.21277,0.00000,0.00000,0.00000,-21.6814
73.61,0.21277,0.00000,0.00000,0.00000,-21.8359
73.62,0.21277,0.00000,0.00000,0.00000,-21.9225
73.63,0.21277,0.00000,0.00000,0.00000,-21.9521
73.64,0.21277,0.00000,0.00000,0.00000,-21.9337
73.65,0.21277,0.00000,0.00000,0.00000,-21.8737
73.66,0.21277,0.00000,0.00000,0.00000,-22.1959
73.67,0.21277,0.00000,0.00000,0.00000,-22.4196
73.68,0.21277,0.00000,0.00000,0.00000,-22.5609
73.69,0.21277,0.00000,0.00000,0.00000,-22.6329
73.70,0.21277,0.00000,0.00000,0.00000,-22.6466
73.71,0.21277,0.00000,0.00000,0.00000,-22.6113
73.72,0.21277,0.00000,0.00000,0.00000,-22.5341
73.73,0.21277,0.00000,0.00000,0.00000,-22.8488
73.74,0.21277,0.00000,0.00000,0.00000,-23.0631
73.75,0.21277,0.00000,0.00000,0.00000,-23.1933
73.76,0.21277,0.00000,0.00000,0.00000,-23.2528
73.77,0.21277,0.00000,0.00000,0.00000,-23.2530
73.78,0.21277,0.00000,0.00000,0.00000,-23.2031
73.79,0.21277,0.00000,0.00000,0.00000,-23.1108
73.80,0.21277,0.00000,0.00000,0.00000,-23.4227
73.81,0.21277,0.00000,0.00000,0.00000,-23.6318
73.82,0.21277,0.00000,0.00000,0.00000,-23.7549
73.83,0.21277,0.00000,0.00000,0.00000,-23.8057
73.84,0.21277,0.00000,0.00000,0.00000,-23.7959
73.85,0.21277,0.00000,0.00000,0.00000,-23.7350
73.86,0.21277,0.00000,0.00000,0.00000,-23.6308
73.87,0.21277,0.00000,0.00000,0.00000,-23.9356
73.88,0.21277,0.00000,0.00000,0.00000,-24.1363
73.89,0.21277,0.00000,0.00000,0.00000,-24.2500
73.90,0.21277,0.00000,0.00000,0.00000,-24.2906
73.91,0.21277,0.00000,0.00000,0.00000,-24.2699
73.92,0.21277,0.00000,0.00000,0.00000,-24.1976
73.93,0.21277,0.00000,0.00000,0.00000,-24.0817
73.94,0.21277,0.00000,0.00000,0.00000,-24.3698
73.95,0.21277,0.00000,0.00000,0.00000,-24.5546
73.96,0.21277,0.00000,0.00000,0.00000,-24.6529
73.97,0.21277,0.00000,0.00000,0.00000,-24.6786
73.98,0.21277,0.00000,0.00000,0.00000,-24.6435
73.99,0.21277,0.00000,0.00000,0.00000,-24.5572
74.00,0.21277,0.00000,0.00000,0.00000,-24.4277
74.01,0.21277,0.00000,0.00000,0.00000,-24.2611
74.02,0.21277,0.00000,0.00000,0.00000,-24.4986
74.03,0.21277,0.00000,0.00000,0.00000,-24.6392
74.04,0.21277,0.00000,0.00000,0.00000,-24.6985
74.05,0.21277,0.00000,0.00000,0.00000,-24.6898
74.06,0.21278,0.00000,0.00000,0.00000,-24.6241
74.07,0.21278,0.00000,0.00000,0.00000,-24.5104
74.08,0.21278,0.00000,0.00000,0.00000,-24.3557
74.09,0.21278,0.00000,0.00000,0.00000,-24.5937
74.10,0.21278,0.00000,0.00000,0.00000,-24.7334
74.11,0.21278,0.00000,0.00000,0.00000,-24.7909
74.12,0.21278,0.00000,0.00000,0.00000,-24.7794
74.13,0.21279,0.00000,0.00000,0.00000,-24.7102
74.14,0.21279,0.00000,0.00000,0.00000,-24.5925
74.15,0.21279,0.00000,0.00000,0.00000,-24.4333
74.16,0.21280,0.00000,0.00000,0.00000,-24.6603
74.17,0.21280,0.00000,0.00000,0.00000,-24.7898
74.18,0.21280,0.00000,0.00000,0.00000,-24.8376
74.19,0.21281,0.00000,0.00000,0.00000,-24.8170
74.20,0.21281,0.00000,0.00000,0.00000,-24.7391
74.21,0.21282,0.00000,0.00000,0.00000,-24.6132
74.22,0.21282,0.00000,0.00000,0.00000,-24.4462
74.23,0.21283,0.00000,0.00000,0.00000,-24.6610
74.24,0.21283,0.00000,0.00000,0.00000,-24.7792
74.25,0.21284,0.00000,0.00000,0.00000,-24.8167
74.26,0.21284,0.00000,0.00000,0.00000,-24.7865
74.27,0.21285,0.00000,0.00000,0.00000,-24.6997
74.28,0.21286,0.00000,0.00000,0.00000,-24.5653
74.29,0.21287,0.00000,0.00000,0.00000,-24.3903
74.30,0.21288,0.00000,0.00000,0.00000,-24.5939
74.31,0.21289,0.00000,0.00000,0.00000,-24.7017
74.32,0.21290,0.00000,0.00000,0.00000,-24.7295
74.33,0.21291,0.00000,0.00000,0.00000,-24.6904
74.34,0.21293,0.00000,0.00000,0.00000,-24.5951
74.35,0.21294,0.00000,0.00000,0.00000,-24.4529
74.36,0.21296,0.00000,0.00000,0.00000,-24.2704
74.37,0.21297,0.00000,0.00000,0.00000,-24.4646
74.38,0.21299,0.00000,0.00000,0.00000,-24.5636
74.39,0.21300,0.00000,0.00000,0.00000,-24.5832
74.40,0.21302,0.00000,0.00000,0.00000,-24.5362
74.41,0.21304,0.00000,0.00000,0.00000,-24.4336
74.42,0.21306,0.00000,0.00000,0.00000,-24.2843
74.43,0.21308,0.00000,0.00000,0.00000,-24.0951
74.44,0.21310,0.00000,0.00000,0.00000,-24.2817
74.45,0.21313,0.00000,0.00000,0.00000,-24.3736
74.46,0.21315,0.00000,0.00000,0.00000,-24.3862
74.47,0.21317,0.00000,0.00000,0.00000,-24.3326
74.48,0.21319,0.00000,0.00000,0.00000,-24.2236
74.49,0.21322,0.00000,0.00000,0.00000,-24.0681
74.50,0.21325,0.00000,0.00000,0.00000,-23.8730
74.51,0.21328,0.00000,0.00000,0.00000,-24.0529
74.52,0.21331,0.00000,0.00000,0.00000,-24.1383
74.53,0.21334,0.00000,0.00000,0.00000,-24.1447
74.54,0.22057,0.00000,0.00000,0.00000,-24.0851
74.55,0.23090,0.00000,0.00000,0.00000,-23.9702
74.56,0.24111,0.00000,0.00000,0.00000,-23.8092
74.57,0.25119,0.00000,0.00000,0.00000,-23.6089
74.58,0.26194,0.00000,0.00000,0.00000,-23.7853
74.59,0.27177,0.00000,0.00000,0.00000,-23.8673
74.60,0.28149,0.00000,0.00000,0.00000,-23.8706
74.61,0.29168,0.00000,0.00000,0.00000,-23.8080
74.62,0.30395,0.00000,0.00000,0.00000,-23.6904
74.63,0.31609,0.00000,0.00000,0.00000,-23.5270
74.64,0.32809,0.00000,0.00000,0.00000,-23.3244
74.65,0.33998,0.00000,0.00000,0.00000,-23.0885
74.66,0.35262,0.00000,0.00000,0.00000,-23.2425
74.67,0.36425,0.00000,0.00000,0.00000,-23.3056
74.68,0.36970,0.00000,0.00000,0.00000,-23.2929
74.69,0.36995,0.00000,0.00000,0.00000,-23.2170
74.70,0.37022,0.00000,0.00000,0.00000,-23.0881
74.71,0.37049,0.00000,0.00000,0.00000,-22.9141
74.72,0.37076,0.00000,0.00000,0.00000,-22.7018
74.73,0.37104,0.00000,0.00000,0.00000,-22.8749
74.74,0.37131,0.00000,0.00000,0.00000,-22.9535
74.75,0.37159,0.00000,0.00000,0.00000,-22.9532
74.76,0.37187,0.00000,0.00000,0.00000,-22.8870
74.77,0.37219,0.00000,0.00000,0.00000,-22.7657
74.78,0.37251,0.00000,0.00000,0.00000,-22.5973
74.79,0.37283,0.00000,0.00000,0.00000,-22.3890
74.80,0.37316,0.00000,0.00000,0.00000,-22.5522
74.81,0.37348,0.00000,0.00000,0.00000,-22.6218
74.82,0.37380,0.00000,0.00000,0.00000,-22.6133
74.83,0.37413,0.00000,0.00000,0.00000,-22.5395
74.84,0.37450,0.00000,0.00000,0.00000,-22.4112
74.85,0.37487,0.00000,0.00000,0.00000,-22.2360
74.86,0.37524,0.00000,0.00000,0.00000,-22.0213
74.87,0.37563,0.00000,0.00000,0.00000,-22.1640
74.88,0.37600,0.00000,0.00000,0.00000,-22.2157
74.89,0.37637,0.00000,0.00000,0.00000,-22.1914
74.90,0.37676,0.00000,0.00000,0.00000,-22.1037
74.91,0.37718,0.00000,0.00000,0.00000,-21.9629
74.92,0.37761,0.00000,0.00000,0.00000,-21.7764
74.93,0.37804,0.00000,0.00000,0.00000,-21.5514
74.94,0.37848,0.00000,0.00000,0.00000,-21.6740
74.95,0.37890,0.00000,0.00000,0.00000,-21.7081
74.96,0.37933,0.00000,0.00000,0.00000,-21.6684
74.97,0.37977,0.00000,0.00000,0.00000,-21.5670
74.98,0.38026,0.00000,0.00000,0.00000,-21.4141
74.99,0.38075,0.00000,0.00000,0.00000,-21.2166
75.00,0.38123,0.00000,0.00000,0.00000,-20.9819
75.01,0.38173,0.00000,0.00000,0.00000,-21.0853
75.02,0.38222,0.00000,0.00000,0.00000,-21.1029
75.03,0.38271,0.00000,0.00000,0.00000,-21.0487
75.04,0.38321,0.00000,0.00000,0.00000,-20.9346
75.05,0.38377,0.00000,0.00000,0.00000,-20.7704
75.06,0.38432,0.00000,0.00000,0.00000,-20.5629
75.07,0.38487,0.00000,0.00000,0.00000,-20.3193
75.08,0.38543,0.00000,0.00000,0.00000,-20.4047
75.09,0.38599,0.00000,0.00000,0.00000,-20.4067
75.10,0.38654,0.00000,0.00000,0.00000,-20.3392
75.11,0.38711,0.00000,0.00000,0.00000,-20.2135
75.12,0.38773,0.00000,0.00000,0.00000,-20.0392
75.13,0.38835,0.00000,0.00000,0.00000,-19.8230
75.14,0.38898,0.00000,0.00000,0.00000,-19.5719
75.15,0.38961,0.00000,0.00000,0.00000,-19.6412
75.16,0.39023,0.00000,0.00000,0.00000,-19.6296
75.17,0.39085,0.00000,0.00000,0.00000,-19.5506
75.18,0.39149,0.00000,0.00000,0.00000,-19.4153
75.19,0.39219,0.00000,0.00000,0.00000,-19.2326
75.20,0.39288,0.00000,0.00000,0.00000,-19.0096
75.21,0.39357,0.00000,0.00000,0.00000,-18.7530
75.22,0.39427,0.00000,0.00000,0.00000,-18.8085
75.23,0.39497,0.00000,0.00000,0.00000,-18.7855
75.24,0.39566,0.00000,0.00000,0.00000,-18.6972
75.25,0.39638,0.00000,0.00000,0.00000,-18.5544
75.26,0.39715,0.00000,0.00000,0.00000,-18.3657
75.27,0.39791,0.00000,0.00000,0.00000,-18.1382
75.28,0.39868,0.00000,0.00000,0.00000,-17.8784
75.29,0.39945,0.00000,0.00000,0.00000,-17.9221
75.30,0.40056,0.00000,0.00000,0.00000,-17.8899
75.31,0.40248,0.00000,0.00000,0.00000,-17.7945
75.32,0.40447,0.00000,0.00000,0.00000,-17.6464
75.33,0.40658,0.00000,0.00000,0.00000,-17.4540
75.34,0.40869,0.00000,0.00000,0.00000,-17.2244
75.35,0.41080,0.00000,0.00000,0.00000,-16.9640
75.36,0.41290,0.00000,0.00000,0.00000,-16.9974
75.37,0.41502,0.00000,0.00000,0.00000,-16.9577
75.38,0.41713,0.00000,0.00000,0.00000,-16.8572
75.39,0.41932,0.00000,0.00000,0.00000,-16.7059
75.40,0.42162,0.00000,0.00000,0.00000,-16.5121
75.41,0.42392,0.00000,0.00000,0.00000,-16.2829
75.42,0.42620,0.00000,0.00000,0.00000,-16.3291
75.43,0.42850,0.00000,0.00000,0.00000,-16.3015
75.44,0.43080,0.00000,0.00000,0.00000,-16.2123
75.45,0.43311,0.00000,0.00000,0.00000,-16.0719
75.46,0.43551,0.00000,0.00000,0.00000,-15.8888
75.47,0.43799,0.00000,0.00000,0.00000,-15.6703
75.48,0.44048,0.00000,0.00000,0.00000,-15.4222
75.49,0.44293,0.00000,0.00000,0.00000,-15.4366
75.50,0.44541,0.00000,0.00000,0.00000,-15.3841
75.51,0.44790,0.00000,0.00000,0.00000,-15.2759
75.52,0.45039,0.00000,0.00000,0.00000,-15.1214
75.53,0.45299,0.00000,0.00000,0.00000,-14.9286
75.54,0.45565,0.00000,0.00000,0.00000,-14.7040
75.55,0.45831,0.00000,0.00000,0.00000,-14.4532
75.56,0.46093,0.00000,0.00000,0.00000,-14.4445
75.57,0.46359,0.00000,0.00000,0.00000,-14.3749
75.58,0.46626,0.00000,0.00000,0.00000,-14.2547
75.59,0.46893,0.00000,0.00000,0.00000,-14.0923
75.60,0.47172,0.00000,0.00000,0.00000,-13.8955
75.61,0.47454,0.00000,0.00000,0.00000,-13.6703
75.62,0.47736,0.00000,0.00000,0.00000,-13.4215
75.63,0.48013,0.00000,0.00000,0.00000,-13.3907
75.64,0.48296,0.00000,0.00000,0.00000,-13.3051
75.65,0.48579,0.00000,0.00000,0.00000,-13.1742
75.66,0.48862,0.00000,0.00000,0.00000,-13.0057
75.67,0.49158,0.00000,0.00000,0.00000,-12.8069
75.68,0.49454,0.00000,0.00000,0.00000,-12.5830
75.69,0.49751,0.00000,0.00000,0.00000,-12.3382
75.70,0.50041,0.00000,0.00000,0.00000,-12.2870
75.71,0.50338,0.00000,0.00000,0.00000,-12.1875
75.72,0.50635,0.00000,0.00000,0.00000,-12.0478
75.73,0.50935,0.00000,0.00000,0.00000,-11.8755
75.74,0.51242,0.00000,0.00000,0.00000,-11.6768
75.75,0.51550,0.00000,0.00000,0.00000,-11.4561
75.76,0.51859,0.00000,0.00000,0.00000,-11.2174
75.77,0.52160,0.00000,0.00000,0.00000,-11.1499
75.78,0.52469,0.00000,0.00000,0.00000,-11.0400
75.79,0.52778,0.00000,0.00000,0.00000,-10.8950
75.80,0.53090,0.00000,0.00000,0.00000,-10.7222
75.81,0.53406,0.00000,0.00000,0.00000,-10.5264
75.82,0.53722,0.00000,0.00000,0.00000,-10.3117
75.83,0.54032,0.00000,0.00000,0.00000,-10.2444
75.84,0.54349,0.00000,0.00000,0.00000,-10.1379
75.85,0.54666,0.00000,0.00000,0.00000,-9.9988
75.86,0.54983,0.00000,0.00000,0.00000,-9.8335
75.87,0.55341,0.00000,0.00000,0.00000,-9.6473
75.88,0.55702,0.00000,0.00000,0.00000,-9.4438
75.89,0.56063,0.00000,0.00000,0.00000,-9.2261
75.90,0.56418,0.00000,0.00000,0.00000,-9.1394
75.91,0.56779,0.00000,0.00000,0.00000,-9.0200
75.92,0.57141,0.00000,0.00000,0.00000,-8.8737
75.93,0.57504,0.00000,0.00000,0.00000,-8.7066
75.94,0.57864,0.00000,0.00000,0.00000,-8.5223
75.95,0.58225,0.00000,0.00000,0.00000,-8.3239
75.96,0.58587,0.00000,0.00000,0.00000,-8.1139
75.97,0.58942,0.00000,0.00000,0.00000,-8.0186
75.98,0.59303,0.00000,0.00000,0.00000,-7.8956
75.99,0.59666,0.00000,0.00000,0.00000,-7.7503
76.00,0.60025,0.00000,0.00000,0.00000,-7.5875
76.01,0.60379,0.00000,0.00000,0.00000,-7.4103
76.02,0.60733,0.00000,0.00000,0.00000,-7.2212
76.03,0.61081,0.00000,0.00000,0.00000,-7.1293
76.04,0.61436,0.00000,0.00000,0.00000,-7.0122
76.05,0.61791,0.00000,0.00000,0.00000,-6.8746
76.06,0.62146,0.00000,0.00000,0.00000,-6.7211
76.07,0.62487,0.00000,0.00000,0.00000,-6.5547
76.08,0.62824,0.00000,0.00000,0.00000,-6.3778
76.09,0.63161,0.00000,0.00000,0.00000,-6.1922
76.10,0.63493,0.00000,0.00000,0.00000,-6.0914
76.11,0.63831,0.00000,0.00000,0.00000,-5.9701
76.12,0.64168,0.00000,0.00000,0.00000,-5.8329
76.13,0.64501,0.00000,0.00000,0.00000,-5.6829
76.14,0.64805,0.00000,0.00000,0.00000,-5.5224
76.15,0.65110,0.00000,0.00000,0.00000,-5.3535
76.16,0.65415,0.00000,0.00000,0.00000,-5.1777
76.17,0.65716,0.00000,0.00000,0.00000,-5.0745
76.18,0.66021,0.00000,0.00000,0.00000,-4.9546
76.19,0.66327,0.00000,0.00000,0.00000,-4.8218
76.20,0.66599,0.00000,0.00000,0.00000,-4.6783
76.21,0.66852,0.00000,0.00000,0.00000,-4.5261
76.22,0.67105,0.00000,0.00000,0.00000,-4.3670
76.23,0.67355,0.00000,0.00000,0.00000,-4.2675
76.24,0.67609,0.00000,0.00000,0.00000,-4.1532
76.25,0.67863,0.00000,0.00000,0.00000,-4.0272
76.26,0.68107,0.00000,0.00000,0.00000,-3.8919
76.27,0.68287,0.00000,0.00000,0.00000,-3.7490
76.28,0.68467,0.00000,0.00000,0.00000,-3.6000
76.29,0.68647,0.00000,0.00000,0.00000,-3.4461
76.30,0.68825,0.00000,0.00000,0.00000,-3.3422
76.31,0.69006,0.00000,0.00000,0.00000,-3.2271
76.32,0.69187,0.00000,0.00000,0.00000,-3.1030
76.33,0.69307,0.00000,0.00000,0.00000,-2.9715
76.34,0.69398,0.00000,0.00000,0.00000,-2.8342
76.35,0.69488,0.00000,0.00000,0.00000,-2.6921
76.36,0.69578,0.00000,0.00000,0.00000,-2.5897
76.37,0.69669,0.00000,0.00000,0.00000,-2.4776
76.38,0.69760,0.00000,0.00000,0.00000,-2.3578
76.39,0.69828,0.00000,0.00000,0.00000,-2.2319
76.40,0.69823,0.00000,0.00000,0.00000,-2.1010
76.41,0.69819,0.00000,0.00000,0.00000,-1.9663
76.42,0.69815,0.00000,0.00000,0.00000,-1.8619
76.43,0.69810,0.00000,0.00000,0.00000,-1.7499
76.44,0.69806,0.00000,0.00000,0.00000,-1.6319
76.45,0.69802,0.00000,0.00000,0.00000,-1.5090
76.46,0.69723,0.00000,0.00000,0.00000,-1.3823
76.47,0.69632,0.00000,0.00000,0.00000,-1.2527
76.48,0.69541,0.00000,0.00000,0.00000,-1.1209
76.49,0.69450,0.00000,0.00000,0.00000,-1.0117
76.50,0.69359,0.00000,0.00000,0.00000,-0.8974
76.51,0.69267,0.00000,0.00000,0.00000,-0.7790
76.52,0.69141,0.00000,0.00000,0.00000,-0.6575
76.53,0.68982,0.00000,0.00000,0.00000,-0.5337
76.54,0.68823,0.00000,0.00000,0.00000,-0.4080
76.55,0.68664,0.00000,0.00000,0.00000,-0.2967
76.56,0.68505,0.00000,0.00000,0.00000,-0.1819
76.57,0.68345,0.00000,0.00000,0.00000,-0.0643
76.58,0.68177,0.00000,0.00000,0.00000,0.0553
76.59,0.67972,0.00000,0.00000,0.00000,0.1763
76.60,0.67767,0.00000,0.00000,0.00000,0.2984
76.61,0.67562,0.00000,0.00000,0.00000,0.4138
76.62,0.67357,0.00000,0.00000,0.00000,0.5311
76.63,0.67152,0.00000,0.00000,0.00000,0.6495
76.64,0.66946,0.00000,0.00000,0.00000,0.7688
76.65,0.66718,0.00000,0.00000,0.00000,0.8884
76.66,0.66487,0.00000,0.00000,0.00000,1.0082
76.67,0.66255,0.00000,0.00000,0.00000,1.1279
76.68,0.66024,0.00000,0.00000,0.00000,1.2486
76.69,0.65792,0.00000,0.00000,0.00000,1.3689
76.70,0.65560,0.00000,0.00000,0.00000,1.4888
76.71,0.65321,0.00000,0.00000,0.00000,1.6080
76.72,0.65077,0.00000,0.00000,0.00000,1.7264
76.73,0.64833,0.00000,0.00000,0.00000,1.8439
76.74,0.64589,0.00000,0.00000,0.00000,1.9699
76.75,0.64344,0.00000,0.00000,0.00000,2.0937
76.76,0.64100,0.00000,0.00000,0.00000,2.2156
76.77,0.63854,0.00000,0.00000,0.00000,2.3355
76.78,0.63605,0.00000,0.00000,0.00000,2.4536
76.79,0.63356,0.00000,0.00000,0.00000,2.5698
76.80,0.63106,0.00000,0.00000,0.00000,2.7019
76.81,0.62857,0.00000,0.00000,0.00000,2.8300
76.82,0.62608,0.00000,0.00000,0.00000,2.9544
76.83,0.62358,0.00000,0.00000,0.00000,3.0755
76.84,0.62108,0.00000,0.00000,0.00000,3.1936
76.85,0.61858,0.00000,0.00000,0.00000,3.3089
76.86,0.61607,0.00000,0.00000,0.00000,3.4474
76.87,0.61356,0.00000,0.00000,0.00000,3.5799
76.88,0.61106,0.00000,0.00000,0.00000,3.7070
76.89,0.60855,0.00000,0.00000,0.00000,3.8294
76.90,0.60605,0.00000,0.00000,0.00000,3.9475
76.91,0.60356,0.00000,0.00000,0.00000,4.0619
76.92,0.60104,0.00000,0.00000,0.00000,4.2070
76.93,0.59854,0.00000,0.00000,0.00000,4.3439
76.94,0.59604,0.00000,0.00000,0.00000,4.4736
76.95,0.59353,0.00000,0.00000,0.00000,4.5970
76.96,0.59104,0.00000,0.00000,0.00000,4.7149
76.97,0.58855,0.00000,0.00000,0.00000,4.8279
76.98,0.58606,0.00000,0.00000,0.00000,4.9369
76.99,0.58355,0.00000,0.00000,0.00000,5.0851
77.00,0.58106,0.00000,0.00000,0.00000,5.2230
77.01,0.57856,0.00000,0.00000,0.00000,5.3520
77.02,0.57608,0.00000,0.00000,0.00000,5.4733
77.03,0.57360,0.00000,0.00000,0.00000,5.5880
77.04,0.57112,0.00000,0.00000,0.00000,5.6969
77.05,0.56862,0.00000,0.00000,0.00000,5.8530
77.06,0.56614,0.00000,0.00000,0.00000,5.9962
77.07,0.56365,0.00000,0.00000,0.00000,6.1282
77.08,0.56119,0.00000,0.00000,0.00000,6.2506
77.09,0.55872,0.00000,0.00000,0.00000,6.3647
77.10,0.55626,0.00000,0.00000,0.00000,6.4716
77.11,0.55376,0.00000,0.00000,0.00000,6.6345
77.12,0.55129,0.00000,0.00000,0.00000,6.7818
77.13,0.54895,0.00000,0.00000,0.00000,6.9156
77.14,0.54677,0.00000,0.00000,0.00000,7.0380
77.15,0.54460,0.00000,0.00000,0.00000,7.1504
77.16,0.54243,0.00000,0.00000,0.00000,7.2542
77.17,0.54022,0.00000,0.00000,0.00000,7.4237
77.18,0.53804,0.00000,0.00000,0.00000,7.5747
77.19,0.53587,0.00000,0.00000,0.00000,7.7099
77.20,0.53371,0.00000,0.00000,0.00000,7.8317
77.21,0.53156,0.00000,0.00000,0.00000,7.9418
77.22,0.52941,0.00000,0.00000,0.00000,8.0419
77.23,0.52722,0.00000,0.00000,0.00000,8.2180
77.24,0.52507,0.00000,0.00000,0.00000,8.3727
77.25,0.52291,0.00000,0.00000,0.00000,8.5092
77.26,0.52079,0.00000,0.00000,0.00000,8.6302
77.27,0.51867,0.00000,0.00000,0.00000,8.7377
77.28,0.51656,0.00000,0.00000,0.00000,8.8336
77.29,0.51440,0.00000,0.00000,0.00000,9.0170
77.30,0.51228,0.00000,0.00000,0.00000,9.1758
77.31,0.51016,0.00000,0.00000,0.00000,9.3137
77.32,0.50808,0.00000,0.00000,0.00000,9.4339
77.33,0.50601,0.00000,0.00000,0.00000,9.5388
77.34,0.50394,0.00000,0.00000,0.00000,9.6305
77.35,0.50183,0.00000,0.00000,0.00000,9.8225
77.36,0.49976,0.00000,0.00000,0.00000,9.9864
77.37,0.49769,0.00000,0.00000,0.00000,10.1267
77.38,0.49566,0.00000,0.00000,0.00000,10.2468
77.39,0.49366,0.00000,0.00000,0.00000,10.3495
77.40,0.49166,0.00000,0.00000,0.00000,10.4374
77.41,0.48961,0.00000,0.00000,0.00000,10.6398
77.42,0.48761,0.00000,0.00000,0.00000,10.8104
77.43,0.48560,0.00000,0.00000,0.00000,10.9542
77.44,0.48366,0.00000,0.00000,0.00000,11.0752
77.45,0.48174,0.00000,0.00000,0.00000,11.1767
77.46,0.47982,0.00000,0.00000,0.00000,11.2614
77.47,0.47785,0.00000,0.00000,0.00000,11.4748
77.48,0.47593,0.00000,0.00000,0.00000,11.6527
77.49,0.47401,0.00000,0.00000,0.00000,11.8005
77.50,0.47217,0.00000,0.00000,0.00000,11.9228
77.51,0.47035,0.00000,0.00000,0.00000,12.0234
77.52,0.46854,0.00000,0.00000,0.00000,12.1054
77.53,0.46666,0.00000,0.00000,0.00000,12.3289
77.54,0.46485,0.00000,0.00000,0.00000,12.5132
77.55,0.46303,0.00000,0.00000,0.00000,12.6643
77.56,0.46131,0.00000,0.00000,0.00000,12.7875
77.57,0.45962,0.00000,0.00000,0.00000,12.8867
77.58,0.45793,0.00000,0.00000,0.00000,12.9656
77.59,0.39793,0.00000,0.00000,0.00000,13.1958
77.60,0.33793,0.00000,0.00000,0.00000,13.3834
77.61,0.28334,0.00000,0.00000,0.00000,13.5347
77.62,0.28145,0.00000,0.00000,0.00000,13.6550
77.63,0.27958,0.00000,0.00000,0.00000,13.7487
77.64,0.21958,0.06400,0.03200,0.04000,13.8200
77.65,0.15958,0.12800,0.06400,0.08000,14.0490
77.66,0.09958,0.19200,0.09600,0.12000,14.2321
77.67,0.03958,0.25600,0.12800,0.16000,14.3758
77.68,0.00000,0.32000,0.16000,0.20000,14.4857
77.69,0.00000,0.38400,0.19200,0.24000,14.5662
77.70,0.00000,0.44800,0.22400,0.28000,14.6214
77.71,0.00000,0.51200,0.25600,0.32000,14.8403
77.72,0.00000,0.54859,0.27430,0.34287,15.0098
77.73,0.00000,0.55758,0.27879,0.34849,15.1371
77.74,0.00000,0.56626,0.28313,0.35391,15.2287
77.75,0.00000,0.57465,0.28733,0.35916,15.2897
77.76,0.00000,0.58280,0.29140,0.36425,15.5187
77.77,0.00000,0.58336,0.29168,0.36460,15.6938
77.78,0.00000,0.58391,0.29195,0.36494,15.8233
77.79,0.00000,0.58446,0.29223,0.36529,15.9144
77.80,0.00000,0.58500,0.29250,0.36563,15.9729
77.81,0.00000,0.58555,0.29277,0.36597,16.0033
77.82,0.00000,0.58631,0.29316,0.36645,16.2140
77.83,0.00000,0.57539,0.28769,0.35962,16.3711
77.84,0.00000,0.56448,0.28224,0.35280,16.4829
77.85,0.00000,0.55357,0.27679,0.34598,16.5567
77.86,0.00000,0.54268,0.27134,0.33917,16.5982
77.87,0.00000,0.53178,0.26589,0.33236,16.6122
77.88,0.00000,0.52071,0.26035,0.32544,16.8178
77.89,0.00000,0.50596,0.25298,0.31622,16.9683
77.90,0.00000,0.49066,0.24533,0.30666,17.0726
77.91,0.00000,0.47518,0.23759,0.29699,17.1380
77.92,0.00000,0.45949,0.22974,0.28718,17.1705
77.93,0.00000,0.44355,0.22177,0.27722,17.1751
77.94,0.00000,0.42689,0.21344,0.26681,17.3818
77.95,0.00000,0.41044,0.20522,0.25653,17.5312
77.96,0.00000,0.39366,0.19683,0.24604,17.6326
77.97,0.00000,0.37645,0.18823,0.23528,17.6936
77.98,0.00000,0.35876,0.17938,0.22422,17.7206
77.99,0.00000,0.34049,0.17024,0.21280,17.7188
78.00,0.00000,0.32154,0.16077,0.20096,17.6917
78.01,0.00000,0.30161,0.15081,0.18851,17.8818
78.02,0.00000,0.28161,0.14081,0.17601,18.0150
78.03,0.00000,0.26048,0.13024,0.16280,18.1005
78.04,0.00000,0.23788,0.11894,0.14868,18.1460
78.05,0.00000,0.15788,0.07894,0.09868,18.1577
78.06,0.00000,0.07788,0.03894,0.04868,18.1402
78.07,0.03000,0.00000,0.00000,0.00000,18.3478
78.08,0.06000,0.00000,0.00000,0.00000,18.4940
78.09,0.09000,0.00000,0.00000,0.00000,18.5889
78.10,0.12000,0.00000,0.00000,0.00000,18.6408
78.11,0.15000,0.00000,0.00000,0.00000,18.6567
78.12,0.18000,0.00000,0.00000,0.00000,18.6415
78.13,0.21000,0.00000,0.00000,0.00000,18.8612
78.14,0.22000,0.00000,0.00000,0.00000,19.0161
78.15,0.21996,0.00000,0.00000,0.00000,19.1167
78.16,0.21993,0.00000,0.00000,0.00000,19.1718
78.17,0.21989,0.00000,0.00000,0.00000,19.1884
78.18,0.21986,0.00000,0.00000,0.00000,19.1719
78.19,0.21983,0.00000,0.00000,0.00000,19.3997
78.20,0.21979,0.00000,0.00000,0.00000,19.5589
78.21,0.21976,0.00000,0.00000,0.00000,19.6604
78.22,0.21973,0.00000,0.00000,0.00000,19.7135
78.23,0.21971,0.00000,0.00000,0.00000,19.7258
78.24,0.21968,0.00000,0.00000,0.00000,19.7032
78.25,0.21965,0.00000,0.00000,0.00000,19.9352
78.26,0.21962,0.00000,0.00000,0.00000,20.0951
78.27,0.21960,0.00000,0.00000,0.00000,20.1945
78.28,0.21957,0.00000,0.00000,0.00000,20.2432
78.29,0.21955,0.00000,0.00000,0.00000,20.2490
78.30,0.21953,0.00000,0.00000,0.00000,20.2184
78.31,0.21951,0.00000,0.00000,0.00000,20.4530
78.32,0.21949,0.00000,0.00000,0.00000,20.6124
78.33,0.21947,0.00000,0.00000,0.00000,20.7087
78.34,0.21945,0.00000,0.00000,0.00000,20.7521
78.35,0.21943,0.00000,0.00000,0.00000,20.7509
78.36,0.21942,0.00000,0.00000,0.00000,20.7118
78.37,0.21940,0.00000,0.00000,0.00000,20.9483
78.38,0.21938,0.00000,0.00000,0.00000,21.1068
78.39,0.21937,0.00000,0.00000,0.00000,21.1998
78.40,0.21935,0.00000,0.00000,0.00000,21.2378
78.41,0.21934,0.00000,0.00000,0.00000,21.2295
78.42,0.21933,0.00000,0.00000,0.00000,21.1822
78.43,0.21932,0.00000,0.00000,0.00000,21.4226
78.44,0.21931,0.00000,0.00000,0.00000,21.5820
78.45,0.21930,0.00000,0.00000,0.00000,21.6734
78.46,0.21928,0.00000,0.00000,0.00000,21.7077
78.47,0.21928,0.00000,0.00000,0.00000,21.6941
78.48,0.21927,0.00000,0.00000,0.00000,21.6400
78.49,0.21926,0.00000,0.00000,0.00000,21.8877
78.50,0.21925,0.00000,0.00000,0.00000,22.0510
78.51,0.21925,0.00000,0.00000,0.00000,22.1436
78.52,0.21924,0.00000,0.00000,0.00000,22.1768
78.53,0.21924,0.00000,0.00000,0.00000,22.1601
78.54,0.21923,0.00000,0.00000,0.00000,22.1015
78.55,0.21923,0.00000,0.00000,0.00000,22.3517
78.56,0.21922,0.00000,0.00000,0.00000,22.5152
78.57,0.21922,0.00000,0.00000,0.00000,22.6061
78.58,0.21921,0.00000,0.00000,0.00000,22.6361
78.59,0.21921,0.00000,0.00000,0.00000,22.6148
78.60,0.21921,0.00000,0.00000,0.00000,22.5504
78.61,0.21920,0.00000,0.00000,0.00000,22.7935
78.62,0.21920,0.00000,0.00000,0.00000,22.9493
78.63,0.21920,0.00000,0.00000,0.00000,23.0321
78.64,0.21920,0.00000,0.00000,0.00000,23.0536
78.65,0.21920,0.00000,0.00000,0.00000,23.0235
78.66,0.21919,0.00000,0.00000,0.00000,22.9501
78.67,0.21919,0.00000,0.00000,0.00000,22.8396
78.68,0.21919,0.00000,0.00000,0.00000,23.0421
78.69,0.21919,0.00000,0.00000,0.00000,23.1622
78.70,0.21919,0.00000,0.00000,0.00000,23.2133
78.71,0.21919,0.00000,0.00000,0.00000,23.2065
78.72,0.21919,0.00000,0.00000,0.00000,23.1510
78.73,0.22232,0.00000,0.00000,0.00000,23.0543
78.74,0.22795,0.00000,0.00000,0.00000,23.2667
78.75,0.23211,0.00000,0.00000,0.00000,23.3938
78.76,0.23620,0.00000,0.00000,0.00000,23.4496
78.77,0.24025,0.00000,0.00000,0.00000,23.4456
78.78,0.24423,0.00000,0.00000,0.00000,23.3914
78.79,0.24817,0.00000,0.00000,0.00000,23.2947
78.80,0.25164,0.00000,0.00000,0.00000,23.5061
78.81,0.25379,0.00000,0.00000,0.00000,23.6313
78.82,0.25592,0.00000,0.00000,0.00000,23.6845
78.83,0.25801,0.00000,0.00000,0.00000,23.6773
78.84,0.26008,0.00000,0.00000,0.00000,23.6194
78.85,0.26212,0.00000,0.00000,0.00000,23.5185
78.86,0.26392,0.00000,0.00000,0.00000,23.7255
78.87,0.26470,0.00000,0.00000,0.00000,23.8460
78.88,0.26548,0.00000,0.00000,0.00000,23.8941
78.89,0.26625,0.00000,0.00000,0.00000,23.8814
78.90,0.26700,0.00000,0.00000,0.00000,23.8178
78.91,0.26775,0.00000,0.00000,0.00000,23.7111
78.92,0.26841,0.00000,0.00000,0.00000,23.9128
78.93,0.26842,0.00000,0.00000,0.00000,24.0275
78.94,0.26842,0.00000,0.00000,0.00000,24.0695
78.95,0.26842,0.00000,0.00000,0.00000,24.0506
78.96,0.26843,0.00000,0.00000,0.00000,23.9806
78.97,0.26843,0.00000,0.00000,0.00000,23.8672
78.98,0.26843,0.00000,0.00000,0.00000,24.0632
78.99,0.26806,0.00000,0.00000,0.00000,24.1720
79.00,0.26770,0.00000,0.00000,0.00000,24.2076
79.01,0.26734,0.00000,0.00000,0.00000,24.1820
79.02,0.26699,0.00000,0.00000,0.00000,24.1051
79.03,0.26665,0.00000,0.00000,0.00000,23.9847
79.04,0.26632,0.00000,0.00000,0.00000,24.1751
79.05,0.26582,0.00000,0.00000,0.00000,24.2777
79.06,0.26534,0.00000,0.00000,0.00000,24.3068
79.07,0.26486,0.00000,0.00000,0.00000,24.2743
79.08,0.26438,0.00000,0.00000,0.00000,24.1903
79.09,0.26392,0.00000,0.00000,0.00000,24.0626
79.10,0.26346,0.00000,0.00000,0.00000,24.2476
79.11,0.26297,0.00000,0.00000,0.00000,24.3443
79.12,0.26247,0.00000,0.00000,0.00000,24.3670
79.13,0.26199,0.00000,0.00000,0.00000,24.3277
79.14,0.26151,0.00000,0.00000,0.00000,24.2366
79.15,0.26104,0.00000,0.00000,0.00000,24.1017
79.16,0.26058,0.00000,0.00000,0.00000,24.2818
79.17,0.26014,0.00000,0.00000,0.00000,24.3730
79.18,0.25972,0.00000,0.00000,0.00000,24.3897
79.19,0.25930,0.00000,0.00000,0.00000,24.3440
79.20,0.25889,0.00000,0.00000,0.00000,24.2460
79.21,0.25849,0.00000,0.00000,0.00000,24.1042
79.22,0.25809,0.00000,0.00000,0.00000,24.2802
79.23,0.25781,0.00000,0.00000,0.00000,24.3665
79.24,0.25756,0.00000,0.00000,0.00000,24.3777
79.25,0.25732,0.00000,0.00000,0.00000,24.3262
79.26,0.25708,0.00000,0.00000,0.00000,24.2221
79.27,0.25685,0.00000,0.00000,0.00000,24.0738
79.28,0.25661,0.00000,0.00000,0.00000,23.8874
79.29,0.25665,0.00000,0.00000,0.00000,24.0297
79.30,0.25680,0.00000,0.00000,0.00000,24.0866
79.31,0.25696,0.00000,0.00000,0.00000,24.0720
79.32,0.25710,0.00000,0.00000,0.00000,23.9975
79.33,0.25725,0.00000,0.00000,0.00000,23.8730
79.34,0.25740,0.00000,0.00000,0.00000,23.7056
79.35,0.25807,0.00000,0.00000,0.00000,23.8671
79.36,0.25907,0.00000,0.00000,0.00000,23.9391
79.37,0.26006,0.00000,0.00000,0.00000,23.9363
79.38,0.26103,0.00000,0.00000,0.00000,23.8710
79.39,0.26199,0.00000,0.00000,0.00000,23.7533
79.40,0.26294,0.00000,0.00000,0.00000,23.5910
79.41,0.26476,0.00000,0.00000,0.00000,23.7586
79.42,0.26735,0.00000,0.00000,0.00000,23.8351
79.43,0.26991,0.00000,0.00000,0.00000,23.8355
79.44,0.27243,0.00000,0.00000,0.00000,23.7722
79.45,0.27493,0.00000,0.00000,0.00000,23.6558
79.46,0.27739,0.00000,0.00000,0.00000,23.4942
79.47,0.28109,0.00000,0.00000,0.00000,23.6601
79.48,0.28630,0.00000,0.00000,0.00000,23.7348
79.49,0.29145,0.00000,0.00000,0.00000,23.7334
79.50,0.29654,0.00000,0.00000,0.00000,23.6684
79.51,0.30156,0.00000,0.00000,0.00000,23.5501
79.52,0.30652,0.00000,0.00000,0.00000,23.3868
79.53,0.31296,0.00000,0.00000,0.00000,23.5468
79.54,0.32195,0.00000,0.00000,0.00000,23.6165
79.55,0.33083,0.00000,0.00000,0.00000,23.6108
79.56,0.33961,0.00000,0.00000,0.00000,23.5421
79.57,0.34828,0.00000,0.00000,0.00000,23.4207
79.58,0.35685,0.00000,0.00000,0.00000,23.2551
79.59,0.36692,0.00000,0.00000,0.00000,23.4079
79.60,0.38065,0.00000,0.00000,0.00000,23.4719
79.61,0.39423,0.00000,0.00000,0.00000,23.4617
79.62,0.39753,0.00000,0.00000,0.00000,23.3895
79.63,0.39767,0.00000,0.00000,0.00000,23.2654
79.64,0.39781,0.00000,0.00000,0.00000,23.0978
79.65,0.39795,0.00000,0.00000,0.00000,23.2439
79.66,0.39809,0.00000,0.00000,0.00000,23.3024
79.67,0.39823,0.00000,0.00000,0.00000,23.2879
79.68,0.39838,0.00000,0.00000,0.00000,23.2121
79.69,0.39857,0.00000,0.00000,0.00000,23.0852
79.70,0.39875,0.00000,0.00000,0.00000,22.9154
79.71,0.39893,0.00000,0.00000,0.00000,23.0544
79.72,0.39911,0.00000,0.00000,0.00000,23.1073
79.73,0.39929,0.00000,0.00000,0.00000,23.0883
79.74,0.39949,0.00000,0.00000,0.00000,23.0092
79.75,0.39971,0.00000,0.00000,0.00000,22.8796
79.76,0.39993,0.00000,0.00000,0.00000,22.7080
79.77,0.40040,0.00000,0.00000,0.00000,22.8400
79.78,0.40096,0.00000,0.00000,0.00000,22.8874
79.79,0.40152,0.00000,0.00000,0.00000,22.8642
79.80,0.40210,0.00000,0.00000,0.00000,22.7820
79.81,0.40276,0.00000,0.00000,0.00000,22.6505
79.82,0.40342,0.00000,0.00000,0.00000,22.4776
79.83,0.40409,0.00000,0.00000,0.00000,22.6027
79.84,0.40475,0.00000,0.00000,0.00000,22.6450
79.85,0.40541,0.00000,0.00000,0.00000,22.6181
79.86,0.40609,0.00000,0.00000,0.00000,22.5333
79.87,0.40684,0.00000,0.00000,0.00000,22.4002
79.88,0.40759,0.00000,0.00000,0.00000,22.2268
79.89,0.40836,0.00000,0.00000,0.00000,22.3455
79.90,0.40911,0.00000,0.00000,0.00000,22.3832
79.91,0.40986,0.00000,0.00000,0.00000,22.3531
79.92,0.41062,0.00000,0.00000,0.00000,22.2665
79.93,0.41145,0.00000,0.00000,0.00000,22.1325
79.94,0.41228,0.00000,0.00000,0.00000,21.9590
79.95,0.41312,0.00000,0.00000,0.00000,22.0722
79.96,0.41395,0.00000,0.00000,0.00000,22.1061
79.97,0.41479,0.00000,0.00000,0.00000,22.0737
79.98,0.41562,0.00000,0.00000,0.00000,21.9858
79.99,0.41652,0.00000,0.00000,0.00000,21.8517
80.00,0.41741,0.00000,0.00000,0.00000,21.6790
80.01,0.41832,0.00000,0.00000,0.00000,21.7876
80.02,0.41921,0.00000,0.00000,0.00000,21.8186
80.03,0.42011,0.00000,0.00000,0.00000,21.7846
80.04,0.42101,0.00000,0.00000,0.00000,21.6964
80.05,0.42195,0.00000,0.00000,0.00000,21.5628
80.06,0.42289,0.00000,0.00000,0.00000,21.3915
80.07,0.42384,0.00000,0.00000,0.00000,21.1888
80.08,0.42479,0.00000,0.00000,0.00000,21.2689
80.09,0.42573,0.00000,0.00000,0.00000,21.2769
80.10,0.42668,0.00000,0.00000,0.00000,21.2247
80.11,0.42766,0.00000,0.00000,0.00000,21.1222
80.12,0.42864,0.00000,0.00000,0.00000,20.9780
80.13,0.42961,0.00000,0.00000,0.00000,20.7990
80.14,0.43059,0.00000,0.00000,0.00000,20.8944
80.15,0.43157,0.00000,0.00000,0.00000,20.9164
80.16,0.43255,0.00000,0.00000,0.00000,20.8770
80.17,0.43355,0.00000,0.00000,0.00000,20.7863
80.18,0.43454,0.00000,0.00000,0.00000,20.6532
80.19,0.43554,0.00000,0.00000,0.00000,20.4846
80.20,0.43654,0.00000,0.00000,0.00000,20.5846
80.21,0.43753,0.00000,0.00000,0.00000,20.6115
80.22,0.43853,0.00000,0.00000,0.00000,20.5774
80.23,0.43953,0.00000,0.00000,0.00000,20.4924
80.24,0.44054,0.00000,0.00000,0.00000,20.3651
80.25,0.44154,0.00000,0.00000,0.00000,20.2027
80.26,0.44254,0.00000,0.00000,0.00000,20.3038
80.27,0.44354,0.00000,0.00000,0.00000,20.3328
80.28,0.44454,0.00000,0.00000,0.00000,20.3016
80.29,0.44554,0.00000,0.00000,0.00000,20.2202
80.30,0.44653,0.00000,0.00000,0.00000,20.0971
80.31,0.44753,0.00000,0.00000,0.00000,19.9392
80.32,0.44852,0.00000,0.00000,0.00000,20.0405
80.33,0.44952,0.00000,0.00000,0.00000,20.0707
80.34,0.45051,0.00000,0.00000,0.00000,20.0416
80.35,0.45149,0.00000,0.00000,0.00000,19.9630
80.36,0.45247,0.00000,0.00000,0.00000,19.8434
80.37,0.45345,0.00000,0.00000,0.00000,19.6896
80.38,0.45442,0.00000,0.00000,0.00000,19.7907
80.39,0.45540,0.00000,0.00000,0.00000,19.8219
80.40,0.45638,0.00000,0.00000,0.00000,19.7947
80.41,0.45734,0.00000,0.00000,0.00000,19.7187
80.42,0.45830,0.00000,0.00000,0.00000,19.6024
80.43,0.45925,0.00000,0.00000,0.00000,19.4524
80.44,0.46020,0.00000,0.00000,0.00000,19.5534
80.45,0.46115,0.00000,0.00000,0.00000,19.5854
80.46,0.46211,0.00000,0.00000,0.00000,19.5600
80.47,0.46304,0.00000,0.00000,0.00000,19.4866
80.48,0.46396,0.00000,0.00000,0.00000,19.3735
80.49,0.46488,0.00000,0.00000,0.00000,19.2272
80.50,0.46580,0.00000,0.00000,0.00000,19.3281
80.51,0.46672,0.00000,0.00000,0.00000,19.3613
80.52,0.46765,0.00000,0.00000,0.00000,19.3377
80.53,0.46854,0.00000,0.00000,0.00000,19.2669
80.54,0.46943,0.00000,0.00000,0.00000,19.1569
80.55,0.47032,0.00000,0.00000,0.00000,19.0142
80.56,0.47120,0.00000,0.00000,0.00000,19.1154
80.57,0.47209,0.00000,0.00000,0.00000,19.1497
80.58,0.47298,0.00000,0.00000,0.00000,19.1281
80.59,0.47383,0.00000,0.00000,0.00000,19.0599
80.60,0.47467,0.00000,0.00000,0.00000,18.9531
80.61,0.47551,0.00000,0.00000,0.00000,19.0805
80.62,0.47636,0.00000,0.00000,0.00000,19.1376
80.63,0.47721,0.00000,0.00000,0.00000,19.1361
80.64,0.47806,0.00000,0.00000,0.00000,19.0855
80.65,0.47887,0.00000,0.00000,0.00000,18.9941
80.66,0.47968,0.00000,0.00000,0.00000,18.8688
80.67,0.48047,0.00000,0.00000,0.00000,18.9782
80.68,0.48128,0.00000,0.00000,0.00000,19.0211
80.69,0.48209,0.00000,0.00000,0.00000,19.0085
80.70,0.48289,0.00000,0.00000,0.00000,18.9494
80.71,0.48366,0.00000,0.00000,0.00000,18.8518
80.72,0.48442,0.00000,0.00000,0.00000,18.7220
80.73,0.48517,0.00000,0.00000,0.00000,18.8254
80.74,0.48594,0.00000,0.00000,0.00000,18.8641
80.75,0.48670,0.00000,0.00000,0.00000,18.8487
80.76,0.48746,0.00000,0.00000,0.00000,18.7881
80.77,0.48818,0.00000,0.00000,0.00000,18.6900
80.78,0.48889,0.00000,0.00000,0.00000,18.5607
80.79,0.48960,0.00000,0.00000,0.00000,18.6624
80.80,0.49032,0.00000,0.00000,0.00000,18.7004
80.81,0.49104,0.00000,0.00000,0.00000,18.6852
80.82,0.49174,0.00000,0.00000,0.00000,18.6255
80.83,0.49241,0.00000,0.00000,0.00000,18.5291
80.84,0.49308,0.00000,0.00000,0.00000,18.4019
80.85,0.49374,0.00000,0.00000,0.00000,18.5036
80.86,0.49442,0.00000,0.00000,0.00000,18.5423
80.87,0.49509,0.00000,0.00000,0.00000,18.5286
80.88,0.49574,0.00000,0.00000,0.00000,18.4709
80.89,0.49636,0.00000,0.00000,0.00000,18.3769
80.90,0.49698,0.00000,0.00000,0.00000,18.2526
80.91,0.49759,0.00000,0.00000,0.00000,18.3551
80.92,0.49821,0.00000,0.00000,0.00000,18.3953
80.93,0.49883,0.00000,0.00000,0.00000,18.3834
80.94,0.49943,0.00000,0.00000,0.00000,18.3283
80.95,0.49999,0.00000,0.00000,0.00000,18.2372
80.96,0.50055,0.00000,0.00000,0.00000,18.1159
80.97,0.50111,0.00000,0.00000,0.00000,18.2197
80.98,0.50167,0.00000,0.00000,0.00000,18.2617
80.99,0.50223,0.00000,0.00000,0.00000,18.2522
81.00,0.50276,0.00000,0.00000,0.00000,18.1997
81.01,0.50326,0.00000,0.00000,0.00000,18.1116
81.02,0.50375,0.00000,0.00000,0.00000,17.9937
81.03,0.50424,0.00000,0.00000,0.00000,18.0991
81.04,0.50474,0.00000,0.00000,0.00000,18.1432
81.05,0.50524,0.00000,0.00000,0.00000,18.1361
81.06,0.50568,0.00000,0.00000,0.00000,18.0865
81.07,0.50609,0.00000,0.00000,0.00000,18.0016
81.08,0.50651,0.00000,0.00000,0.00000,17.8869
81.09,0.50692,0.00000,0.00000,0.00000,17.9941
81.10,0.50733,0.00000,0.00000,0.00000,18.0404
81.11,0.50775,0.00000,0.00000,0.00000,18.0359
81.12,0.50809,0.00000,0.00000,0.00000,17.9892
81.13,0.50841,0.00000,0.00000,0.00000,17.9073
81.14,0.50872,0.00000,0.00000,0.00000,17.7959
81.15,0.50904,0.00000,0.00000,0.00000,17.9050
81.16,0.50935,0.00000,0.00000,0.00000,17.9535
81.17,0.50967,0.00000,0.00000,0.00000,17.9515
81.18,0.50989,0.00000,0.00000,0.00000,17.9077
81.19,0.51009,0.00000,0.00000,0.00000,17.8287
81.20,0.51030,0.00000,0.00000,0.00000,17.9633
81.21,0.51050,0.00000,0.00000,0.00000,18.0339
81.22,0.51071,0.00000,0.00000,0.00000,18.0509
81.23,0.51091,0.00000,0.00000,0.00000,18.0233
81.24,0.51100,0.00000,0.00000,0.00000,17.9585
81.25,0.51109,0.00000,0.00000,0.00000,17.8625
81.26,0.51119,0.00000,0.00000,0.00000,17.9826
81.27,0.51128,0.00000,0.00000,0.00000,18.0414
81.28,0.51138,0.00000,0.00000,0.00000,18.0490
81.29,0.51144,0.00000,0.00000,0.00000,18.0140
81.30,0.51143,0.00000,0.00000,0.00000,17.9433
81.31,0.51142,0.00000,0.00000,0.00000,17.8429
81.32,0.51142,0.00000,0.00000,0.00000,17.9590
81.33,0.51141,0.00000,0.00000,0.00000,18.0149
81.34,0.51140,0.00000,0.00000,0.00000,18.0203
81.35,0.51135,0.00000,0.00000,0.00000,17.9840
81.36,0.51127,0.00000,0.00000,0.00000,17.9125
81.37,0.51118,0.00000,0.00000,0.00000,17.8117
81.38,0.51109,0.00000,0.00000,0.00000,17.9276
81.39,0.51100,0.00000,0.00000,0.00000,17.9835
81.40,0.51092,0.00000,0.00000,0.00000,17.9895
81.41,0.51079,0.00000,0.00000,0.00000,17.9538
81.42,0.51065,0.00000,0.00000,0.00000,17.8832
81.43,0.51052,0.00000,0.00000,0.00000,17.7834
81.44,0.51038,0.00000,0.00000,0.00000,17.9004
81.45,0.51024,0.00000,0.00000,0.00000,17.9577
81.46,0.51010,0.00000,0.00000,0.00000,17.9651
81.47,0.50994,0.00000,0.00000,0.00000,17.9308
81.48,0.50977,0.00000,0.00000,0.00000,17.8617
81.49,0.50960,0.00000,0.00000,0.00000,17.7632
81.50,0.50944,0.00000,0.00000,0.00000,17.8822
81.51,0.50927,0.00000,0.00000,0.00000,17.9412
81.52,0.50911,0.00000,0.00000,0.00000,17.9504
81.53,0.50893,0.00000,0.00000,0.00000,17.9178
81.54,0.50876,0.00000,0.00000,0.00000,17.8502
81.55,0.50859,0.00000,0.00000,0.00000,17.9948
81.56,0.50842,0.00000,0.00000,0.00000,18.0756
81.57,0.50824,0.00000,0.00000,0.00000,18.1031
81.58,0.50807,0.00000,0.00000,0.00000,18.0860
81.59,0.50790,0.00000,0.00000,0.00000,18.0316
81.60,0.50773,0.00000,0.00000,0.00000,17.9459
81.61,0.50756,0.00000,0.00000,0.00000,18.0762
81.62,0.50739,0.00000,0.00000,0.00000,18.1451
81.63,0.50722,0.00000,0.00000,0.00000,18.1626
81.64,0.50706,0.00000,0.00000,0.00000,18.1373
81.65,0.50690,0.00000,0.00000,0.00000,18.0759
81.66,0.50673,0.00000,0.00000,0.00000,17.9843
81.67,0.50658,0.00000,0.00000,0.00000,18.1106
81.68,0.50642,0.00000,0.00000,0.00000,18.1761
81.69,0.50625,0.00000,0.00000,0.00000,18.1908
81.70,0.50610,0.00000,0.00000,0.00000,18.1629
81.71,0.50595,0.00000,0.00000,0.00000,18.0994
81.72,0.50580,0.00000,0.00000,0.00000,18.0059
81.73,0.50565,0.00000,0.00000,0.00000,18.1316
81.74,0.50550,0.00000,0.00000,0.00000,18.1965
81.75,0.50535,0.00000,0.00000,0.00000,18.2106
81.76,0.50521,0.00000,0.00000,0.00000,18.1821
81.77,0.50507,0.00000,0.00000,0.00000,18.1179
81.78,0.50493,0.00000,0.00000,0.00000,18.2682
81.79,0.50479,0.00000,0.00000,0.00000,18.3537
81.80,0.50465,0.00000,0.00000,0.00000,18.3849
81.81,0.50451,0.00000,0.00000,0.00000,18.3707
81.82,0.50437,0.00000,0.00000,0.00000,18.3184
81.83,0.50424,0.00000,0.00000,0.00000,18.2341
81.84,0.50410,0.00000,0.00000,0.00000,18.3686
81.85,0.50397,0.00000,0.00000,0.00000,18.4407
81.86,0.50384,0.00000,0.00000,0.00000,18.4604
81.87,0.50370,0.00000,0.00000,0.00000,18.4362
81.88,0.50357,0.00000,0.00000,0.00000,18.3753
81.89,0.50344,0.00000,0.00000,0.00000,18.2835
81.90,0.50331,0.00000,0.00000,0.00000,18.4128
81.91,0.50318,0.00000,0.00000,0.00000,18.4802
81.92,0.50305,0.00000,0.00000,0.00000,18.4956
81.93,0.50291,0.00000,0.00000,0.00000,18.4675
81.94,0.50278,0.00000,0.00000,0.00000,18.4030
81.95,0.50265,0.00000,0.00000,0.00000,18.5553
81.96,0.50251,0.00000,0.00000,0.00000,18.6417
81.97,0.50238,0.00000,0.00000,0.00000,18.6730
81.98,0.50225,0.00000,0.00000,0.00000,18.6578
81.99,0.50211,0.00000,0.00000,0.00000,18.6039
82.00,0.50197,0.00000,0.00000,0.00000,18.5173
82.01,0.50183,0.00000,0.00000,0.00000,18.6524
82.02,0.50169,0.00000,0.00000,0.00000,18.7241
82.03,0.50155,0.00000,0.00000,0.00000,18.7424
82.04,0.50140,0.00000,0.00000,0.00000,18.7161
82.05,0.50125,0.00000,0.00000,0.00000,18.6524
82.06,0.50110,0.00000,0.00000,0.00000,18.5572
82.07,0.50095,0.00000,0.00000,0.00000,18.6863
82.08,0.50080,0.00000,0.00000,0.00000,18.7525
82.09,0.50065,0.00000,0.00000,0.00000,18.7659
82.10,0.50048,0.00000,0.00000,0.00000,18.7350
82.11,0.50031,0.00000,0.00000,0.00000,18.6669
82.12,0.50014,0.00000,0.00000,0.00000,18.8192
82.13,0.49997,0.00000,0.00000,0.00000,18.9044
82.14,0.49980,0.00000,0.00000,0.00000,18.9336
82.15,0.49963,0.00000,0.00000,0.00000,18.9156
82.16,0.49944,0.00000,0.00000,0.00000,18.8581
82.17,0.49924,0.00000,0.00000,0.00000,18.7674
82.18,0.49905,0.00000,0.00000,0.00000,18.9021
82.19,0.49886,0.00000,0.00000,0.00000,18.9723
82.20,0.49867,0.00000,0.00000,0.00000,18.9883
82.21,0.49846,0.00000,0.00000,0.00000,18.9590
82.22,0.49823,0.00000,0.00000,0.00000,18.8916
82.23,0.49801,0.00000,0.00000,0.00000,18.7922
82.24,0.49779,0.00000,0.00000,0.00000,18.9214
82.25,0.49757,0.00000,0.00000,0.00000,18.9864
82.26,0.49734,0.00000,0.00000,0.00000,18.9978
82.27,0.49709,0.00000,0.00000,0.00000,18.9643
82.28,0.49683,0.00000,0.00000,0.00000,18.8930
82.29,0.49657,0.00000,0.00000,0.00000,19.0464
82.30,0.49631,0.00000,0.00000,0.00000,19.1317
82.31,0.49605,0.00000,0.00000,0.00000,19.1598
82.32,0.49579,0.00000,0.00000,0.00000,19.1401
82.33,0.49548,0.00000,0.00000,0.00000,19.0803
82.34,0.49518,0.00000,0.00000,0.00000,18.9868
82.35,0.49488,0.00000,0.00000,0.00000,19.1231
82.36,0.49458,0.00000,0.00000,0.00000,19.1937
82.37,0.49428,0.00000,0.00000,0.00000,19.2094
82.38,0.49395,0.00000,0.00000,0.00000,19.1789
82.39,0.49360,0.00000,0.00000,0.00000,19.1099
82.40,0.49325,0.00000,0.00000,0.00000,19.0084
82.41,0.49290,0.00000,0.00000,0.00000,19.1390
82.42,0.49255,0.00000,0.00000,0.00000,19.2046
82.43,0.49220,0.00000,0.00000,0.00000,19.2158
82.44,0.49180,0.00000,0.00000,0.00000,19.1816
82.45,0.49139,0.00000,0.00000,0.00000,19.1092
82.46,0.49099,0.00000,0.00000,0.00000,19.2635
82.47,0.49059,0.00000,0.00000,0.00000,19.3489
82.48,0.49018,0.00000,0.00000,0.00000,19.3768
82.49,0.48976,0.00000,0.00000,0.00000,19.3565
82.50,0.48929,0.00000,0.00000,0.00000,19.2958
82.51,0.48882,0.00000,0.00000,0.00000,19.2012
82.52,0.48836,0.00000,0.00000,0.00000,19.3371
82.53,0.42865,0.00000,0.00000,0.00000,19.4071
82.54,0.36865,0.00000,0.00000,0.00000,19.4218
82.55,0.32429,0.00000,0.00000,0.00000,19.3899
82.56,0.32365,0.00000,0.00000,0.00000,19.3187
82.57,0.32301,0.00000,0.00000,0.00000,19.2145
82.58,0.32238,0.00000,0.00000,0.00000,19.3421
82.59,0.32174,0.00000,0.00000,0.00000,19.4046
82.60,0.26174,0.06400,0.03200,0.04000,19.4125
82.61,0.20174,0.12800,0.06400,0.08000,19.3744
82.62,0.14174,0.19200,0.09600,0.12000,19.2975
82.63,0.08174,0.25600,0.12800,0.16000,19.4465
82.64,0.02174,0.32000,0.16000,0.20000,19.5254
82.65,0.00000,0.38400,0.19200,0.24000,19.5454
82.66,0.00000,0.44800,0.22400,0.28000,19.5156
82.67,0.00000,0.51200,0.25600,0.32000,19.4438
82.68,0.00000,0.57600,0.28800,0.36000,19.3363
82.69,0.00000,0.64000,0.32000,0.40000,19.4580
82.70,0.00000,0.66400,0.33200,0.44000,19.5116
82.71,0.00000,0.68800,0.34400,0.48000,19.5080
82.72,0.00000,0.71029,0.35514,0.51715,19.4562
82.73,0.00000,0.71226,0.35613,0.52044,19.3634
82.74,0.00000,0.71417,0.35708,0.52361,19.4954
82.75,0.00000,0.71613,0.35807,0.52689,19.5564
82.76,0.00000,0.71805,0.35902,0.53008,19.5581
82.77,0.00000,0.71991,0.35996,0.53319,19.5103
82.78,0.00000,0.72173,0.36087,0.53622,19.4208
82.79,0.00000,0.72351,0.36175,0.53918,19.2965
82.80,0.00000,0.72523,0.36261,0.54205,19.4024
82.81,0.00000,0.72700,0.36350,0.54500,19.4415
82.82,0.00000,0.72873,0.36436,0.54788,19.4246
82.83,0.00000,0.73041,0.36521,0.55068,19.3612
82.84,0.00000,0.73205,0.36602,0.55341,19.2586
82.85,0.00000,0.73366,0.36683,0.55610,19.1232
82.86,0.00000,0.73521,0.36761,0.55869,19.2206
82.87,0.00000,0.73682,0.36841,0.56136,19.2525
82.88,0.00000,0.73838,0.36919,0.56397,19.2296
82.89,0.00000,0.73990,0.36995,0.56650,19.1613
82.90,0.00000,0.74138,0.37069,0.56897,19.0548
82.91,0.00000,0.74284,0.37142,0.57140,18.9163
82.92,0.00000,0.74425,0.37212,0.57375,19.0120
82.93,0.00000,0.74571,0.37285,0.57618,19.0427
82.94,0.00000,0.74712,0.37356,0.57854,19.0190
82.95,0.00000,0.74850,0.37425,0.58084,18.9502
82.96,0.00000,0.74984,0.37492,0.58307,18.8437
82.97,0.00000,0.75117,0.37559,0.58528,18.7055
82.98,0.00000,0.75245,0.37622,0.58741,18.8027
82.99,0.00000,0.75378,0.37689,0.58963,18.8350
83.00,0.00000,0.75507,0.37753,0.59178,18.8131
83.01,0.00000,0.75632,0.37816,0.59387,18.7461
83.02,0.00000,0.75754,0.37877,0.59590,18.6415
83.03,0.00000,0.75866,0.37933,0.59776,18.7670
83.04,0.00000,0.75991,0.37995,0.59985,18.8237
83.05,0.00000,0.76112,0.38056,0.60187,18.8227
83.06,0.00000,0.76230,0.38115,0.60383,18.7736
83.07,0.00000,0.76345,0.38172,0.60574,18.6841
83.08,0.00000,0.76456,0.38228,0.60759,18.5613
83.09,0.00000,0.76556,0.38278,0.60926,18.6728
83.10,0.00000,0.76671,0.38335,0.61118,18.7183
83.11,0.00000,0.76782,0.38391,0.61304,18.7085
83.12,0.00000,0.76890,0.38445,0.61484,18.6525
83.13,0.00000,0.76995,0.38497,0.61658,18.5577
83.14,0.00000,0.77097,0.38548,0.61828,18.4307
83.15,0.00000,0.77195,0.38597,0.61991,18.2769
83.16,0.00000,0.77292,0.38646,0.62153,18.3651
83.17,0.00000,0.77394,0.38697,0.62324,18.3915
83.18,0.00000,0.77494,0.38747,0.62489,18.3662
83.19,0.00000,0.77590,0.38795,0.62650,18.2976
83.20,0.00000,0.77683,0.38842,0.62805,18.1928
83.21,0.00000,0.77773,0.38887,0.62955,18.0582
83.22,0.00000,0.77860,0.38930,0.63099,18.1642
83.23,0.00000,0.77954,0.38977,0.63257,18.2061
83.24,0.00000,0.78046,0.39023,0.63411,18.1945
83.25,0.00000,0.78135,0.39068,0.63559,18.1381
83.26,0.00000,0.78221,0.39110,0.63702,18.0442
83.27,0.00000,0.78304,0.39152,0.63840,17.9189
83.28,0.00000,0.78380,0.39190,0.63966,18.0347
83.29,0.00000,0.78468,0.39234,0.64114,18.0856
83.30,0.00000,0.78553,0.39277,0.64256,18.0822
83.31,0.00000,0.78636,0.39318,0.64393,18.0334
83.32,0.00000,0.78715,0.39357,0.64525,17.9465
83.33,0.00000,0.78792,0.39396,0.64653,17.8277
83.34,0.00000,0.78861,0.39430,0.64768,17.9506
83.35,0.00000,0.78940,0.39470,0.64899,18.0082
83.36,0.00000,0.79019,0.39510,0.65032,18.0111
83.37,0.00000,0.79096,0.39548,0.65159,17.9682
83.38,0.00000,0.79170,0.39585,0.65283,17.8869
83.39,0.00000,0.79241,0.39620,0.65401,17.7734
83.40,0.00000,0.79305,0.39653,0.65509,17.9031
83.41,0.00000,0.79373,0.39686,0.65621,17.9665
83.42,0.00000,0.79447,0.39724,0.65745,17.9749
83.43,0.00000,0.79519,0.39760,0.65865,17.9372
83.44,0.00000,0.79588,0.39794,0.65980,17.8609
83.45,0.00000,0.79654,0.39827,0.66091,17.7522
83.46,0.00000,0.79718,0.39859,0.66197,17.6163
83.47,0.00000,0.79777,0.39888,0.66294,17.7309
83.48,0.00000,0.79841,0.39921,0.66402,17.7822
83.49,0.00000,0.79909,0.39954,0.66515,17.7810
83.50,0.00000,0.79974,0.39987,0.66623,17.7357
83.51,0.00000,0.80036,0.40018,0.66727,17.6535
83.52,0.00000,0.80096,0.40048,0.66827,17.5404
83.53,0.00000,0.80152,0.40076,0.66919,17.6771
83.54,0.00000,0.80206,0.40103,0.67011,17.7471
83.55,0.00000,0.80268,0.40134,0.67113,17.7617
83.56,0.00000,0.80330,0.40165,0.67216,17.7302
83.57,0.00000,0.80389,0.40194,0.67314,17.6601
83.58,0.00000,0.80445,0.40223,0.67409,17.5577
83.59,0.00000,0.80499,0.40249,0.67498,17.4281
83.60,0.00000,0.80550,0.40275,0.67584,17.5553
83.61,0.00000,0.80599,0.40300,0.67666,17.6179
83.62,0.00000,0.80657,0.40329,0.67762,17.6264
83.63,0.00000,0.80714,0.40357,0.67857,17.5904
83.64,0.00000,0.80768,0.40384,0.67946,17.5169
83.65,0.00000,0.80819,0.40410,0.68032,17.4120
83.66,0.00000,0.80868,0.40434,0.68113,17.2807
83.67,0.00000,0.80916,0.40458,0.68193,17.4114
83.68,0.00000,0.80960,0.40480,0.68266,17.4772
83.69,0.00000,0.81014,0.40507,0.68356,17.4888
83.70,0.00000,0.81066,0.40533,0.68443,17.4555
83.71,0.00000,0.81115,0.40558,0.68525,17.3848
83.72,0.00000,0.81162,0.40581,0.68603,17.2826
83.73,0.00000,0.81210,0.40605,0.68683,17.4415
83.74,0.00000,0.81252,0.40626,0.68753,17.5316
83.75,0.00000,0.81291,0.40646,0.68819,17.5641
83.76,0.00000,0.81340,0.40670,0.68900,17.5483
83.77,0.00000,0.81388,0.40694,0.68981,17.4920
83.78,0.00000,0.81434,0.40717,0.69057,17.4024
83.79,0.00000,0.81477,0.40738,0.69128,17.2849
83.80,0.00000,0.81523,0.40761,0.69204,17.4361
83.81,0.00000,0.81561,0.40780,0.69268,17.5201
83.82,0.00000,0.81597,0.40798,0.69328,17.5477
83.83,0.00000,0.81640,0.40820,0.69400,17.5281
83.84,0.00000,0.81685,0.40842,0.69475,17.4689
83.85,0.00000,0.81727,0.40864,0.69545,17.3766
83.86,0.00000,0.81767,0.40883,0.69612,17.2570
83.87,0.00000,0.81812,0.40906,0.69686,17.4120
83.88,0.00000,0.81847,0.40923,0.69744,17.4994
83.89,0.00000,0.81879,0.40940,0.69799,17.5300
83.90,0.00000,0.81915,0.40957,0.69858,17.5132
83.91,0.00000,0.81957,0.40979,0.69929,17.4565
83.92,0.00000,0.81997,0.40999,0.69995,17.3663
83.93,0.00000,0.82034,0.41017,0.70057,17.2482
83.94,0.00000,0.82079,0.41039,0.70131,17.4102
83.95,0.00000,0.82111,0.41056,0.70185,17.5036
83.96,0.00000,0.82141,0.41071,0.70236,17.5396
83.97,0.00000,0.82169,0.41085,0.70282,17.5273
83.98,0.00000,0.82208,0.41104,0.70346,17.4746
83.99,0.00000,0.82246,0.41123,0.70410,17.3878
84.00,0.00000,0.82281,0.41141,0.70469,17.2724
84.01,0.00000,0.82314,0.41157,0.70523,17.1332
84.02,0.00000,0.82357,0.41178,0.70595,17.2850
84.03,0.00000,0.82385,0.41192,0.70641,17.3697
84.04,0.00000,0.82411,0.41205,0.70684,17.3983
84.05,0.00000,0.82438,0.41219,0.70730,17.3799
84.06,0.00000,0.82475,0.41237,0.70792,17.3220
84.07,0.00000,0.82509,0.41255,0.70848,17.2310
84.08,0.00000,0.82541,0.41270,0.70901,17.1120
84.09,0.00000,0.82585,0.41292,0.70975,17.2867
84.10,0.00000,0.82611,0.41306,0.71019,17.3907
84.11,0.00000,0.82636,0.41318,0.71059,17.4357
84.12,0.00000,0.82658,0.41329,0.71096,17.4311
84.13,0.00000,0.82611,0.41305,0.71018,17.3849
84.14,0.00000,0.82497,0.41248,0.70828,17.3037
84.15,0.00000,0.82383,0.41192,0.70639,17.1932
84.16,0.00000,0.82271,0.41135,0.70451,17.0580
84.17,0.00000,0.82173,0.41087,0.70289,17.2271
84.18,0.00000,0.82063,0.41032,0.70106,17.3265
84.19,0.00000,0.81954,0.40977,0.69924,17.3677
84.20,0.00000,0.81846,0.40923,0.69743,17.3601
84.21,0.00000,0.81532,0.40766,0.69221,17.3116
84.22,0.00000,0.81061,0.40531,0.68436,17.2288
84.23,0.00000,0.80597,0.40299,0.67662,17.1173
84.24,0.00000,0.80142,0.40071,0.66904,17.3140
84.25,0.00000,0.79691,0.39846,0.66152,17.4368
84.26,0.00000,0.79247,0.39623,0.65411,17.4980
84.27,0.00000,0.78809,0.39404,0.64681,17.5080
84.28,0.00000,0.78377,0.39188,0.63961,17.4753
84.29,0.00000,0.77810,0.38905,0.63016,17.4067
84.30,0.00000,0.77095,0.38548,0.61825,17.3081
84.31,0.00000,0.76387,0.38194,0.60646,17.1844
84.32,0.00000,0.75677,0.37839,0.59462,17.3813
84.33,0.00000,0.74983,0.37491,0.58305,17.5053
84.34,0.00000,0.74295,0.37148,0.57158,17.5686
84.35,0.00000,0.73613,0.36807,0.56022,17.5816
84.36,0.00000,0.72938,0.36469,0.54897,17.5527
84.37,0.00000,0.72240,0.36120,0.53734,17.4886
84.38,0.00000,0.71477,0.35739,0.52462,17.3953
84.39,0.00000,0.70719,0.35360,0.51199,17.2776
84.40,0.00000,0.69950,0.34975,0.49917,17.4904
84.41,0.00000,0.69201,0.34601,0.48668,17.6292
84.42,0.00000,0.68456,0.34228,0.47427,17.7064
84.43,0.00000,0.67715,0.33858,0.46192,17.7323
84.44,0.00000,0.66978,0.33489,0.44964,17.7154
84.45,0.00000,0.66244,0.33122,0.43739,17.6629
84.46,0.00000,0.65442,0.32721,0.42403,17.5805
84.47,0.00000,0.64642,0.32321,0.41070,17.4732
84.48,0.00000,0.63669,0.31835,0.39793,17.7062
84.49,0.00000,0.62202,0.31101,0.38876,17.8633
84.50,0.00000,0.60729,0.30365,0.37956,17.9570
84.51,0.00000,0.59249,0.29624,0.37031,17.9980
84.52,0.00000,0.57760,0.28880,0.36100,17.9948
84.53,0.00000,0.56262,0.28131,0.35163,17.9547
84.54,0.00000,0.54717,0.27359,0.34198,17.8839
84.55,0.00000,0.53143,0.26571,0.33214,17.7873
84.56,0.00000,0.51488,0.25744,0.32180,18.0408
84.57,0.00000,0.49874,0.24937,0.31171,18.2161
84.58,0.00000,0.48237,0.24118,0.30148,18.3260
84.59,0.00000,0.46573,0.23287,0.29108,18.3813
84.60,0.00000,0.44879,0.22440,0.28049,18.3910
84.61,0.00000,0.43151,0.21575,0.26969,18.3624
84.62,0.00000,0.41410,0.20705,0.25881,18.3016
84.63,0.00000,0.39680,0.19840,0.24800,18.2139
84.64,0.00000,0.37904,0.18952,0.23690,18.1037
84.65,0.00000,0.35981,0.17991,0.22488,18.3594
84.66,0.00000,0.34082,0.17041,0.21301,18.5369
84.67,0.00000,0.32105,0.16053,0.20066,18.6491
84.68,0.00000,0.30036,0.15018,0.18772,18.7067
84.69,0.00000,0.27851,0.13925,0.17407,18.7185
84.70,0.00000,0.25520,0.12760,0.15950,18.6916
84.71,0.00000,0.23336,0.11668,0.14585,18.6323
84.72,0.00000,0.15336,0.07668,0.09585,18.5459
84.73,0.00000,0.07336,0.03668,0.04585,18.8340
84.74,0.03000,0.00000,0.00000,0.00000,19.0388
84.75,0.06000,0.00000,0.00000,0.00000,19.1745
84.76,0.09000,0.00000,0.00000,0.00000,19.2525
84.77,0.12000,0.00000,0.00000,0.00000,19.2825
84.78,0.15000,0.00000,0.00000,0.00000,19.2718
84.79,0.18000,0.00000,0.00000,0.00000,19.2273
84.80,0.20658,0.00000,0.00000,0.00000,19.1547
84.81,0.20658,0.00000,0.00000,0.00000,19.4686
84.82,0.20658,0.00000,0.00000,0.00000,19.6963
84.83,0.20658,0.00000,0.00000,0.00000,19.8519
84.84,0.20658,0.00000,0.00000,0.00000,19.9470
84.85,0.20658,0.00000,0.00000,0.00000,19.9913
84.86,0.20658,0.00000,0.00000,0.00000,19.9919
84.87,0.20658,0.00000,0.00000,0.00000,19.9555
84.88,0.20658,0.00000,0.00000,0.00000,19.8879
84.89,0.20657,0.00000,0.00000,0.00000,19.7941
84.90,0.20657,0.00000,0.00000,0.00000,20.1036
84.91,0.20657,0.00000,0.00000,0.00000,20.3253
84.92,0.20657,0.00000,0.00000,0.00000,20.4734
84.93,0.20657,0.00000,0.00000,0.00000,20.5599
84.94,0.20657,0.00000,0.00000,0.00000,20.5934
84.95,0.20657,0.00000,0.00000,0.00000,20.5822
84.96,0.20657,0.00000,0.00000,0.00000,20.5332
84.97,0.20657,0.00000,0.00000,0.00000,20.4523
84.98,0.20657,0.00000,0.00000,0.00000,20.7848
84.99,0.20657,0.00000,0.00000,0.00000,21.0231
85.00,0.20657,0.00000,0.00000,0.00000,21.1827
85.01,0.20657,0.00000,0.00000,0.00000,21.2761
85.02,0.20657,0.00000,0.00000,0.00000,21.3129
85.03,0.20657,0.00000,0.00000,0.00000,21.3014
85.04,0.20657,0.00000,0.00000,0.00000,21.2492
85.05,0.20657,0.00000,0.00000,0.00000,21.1627
85.06,0.20657,0.00000,0.00000,0.00000,21.5031
85.07,0.20657,0.00000,0.00000,0.00000,21.7451
85.08,0.20657,0.00000,0.00000,0.00000,21.9046
85.09,0.20657,0.00000,0.00000,0.00000,21.9950
85.10,0.20657,0.00000,0.00000,0.00000,22.0263
85.11,0.20657,0.00000,0.00000,0.00000,22.0069
85.12,0.20657,0.00000,0.00000,0.00000,21.9447
85.13,0.20657,0.00000,0.00000,0.00000,21.8465
85.14,0.20657,0.00000,0.00000,0.00000,22.1902
85.15,0.20657,0.00000,0.00000,0.00000,22.4317
85.16,0.20657,0.00000,0.00000,0.00000,22.5874
85.17,0.20657,0.00000,0.00000,0.00000,22.6712
85.18,0.20657,0.00000,0.00000,0.00000,22.6939
85.19,0.20657,0.00000,0.00000,0.00000,22.6637
85.20,0.20657,0.00000,0.00000,0.00000,22.5890
85.21,0.20657,0.00000,0.00000,0.00000,22.4768
85.22,0.20657,0.00000,0.00000,0.00000,22.8227
85.23,0.20657,0.00000,0.00000,0.00000,23.0623
85.24,0.20657,0.00000,0.00000,0.00000,23.2131
85.25,0.20657,0.00000,0.00000,0.00000,23.2894
85.26,0.20657,0.00000,0.00000,0.00000,23.3024
85.27,0.20657,0.00000,0.00000,0.00000,23.2605
85.28,0.20657,0.00000,0.00000,0.00000,23.1725
85.29,0.20657,0.00000,0.00000,0.00000,23.0456
85.30,0.20657,0.00000,0.00000,0.00000,22.8860
85.31,0.20657,0.00000,0.00000,0.00000,23.2081
85.32,0.20657,0.00000,0.00000,0.00000,23.4242
85.33,0.20657,0.00000,0.00000,0.00000,23.5516
85.34,0.20657,0.00000,0.00000,0.00000,23.6041
85.35,0.20657,0.00000,0.00000,0.00000,23.5921
85.36,0.20658,0.00000,0.00000,0.00000,23.5257
85.37,0.20658,0.00000,0.00000,0.00000,23.4138
85.38,0.20658,0.00000,0.00000,0.00000,23.2635
85.39,0.20658,0.00000,0.00000,0.00000,23.6060
85.40,0.20658,0.00000,0.00000,0.00000,23.8360
85.41,0.20658,0.00000,0.00000,0.00000,23.9721
85.42,0.20658,0.00000,0.00000,0.00000,24.0289
85.43,0.20658,0.00000,0.00000,0.00000,24.0175
85.44,0.20658,0.00000,0.00000,0.00000,23.9487
85.45,0.20658,0.00000,0.00000,0.00000,23.8317
85.46,0.20659,0.00000,0.00000,0.00000,23.6742
85.47,0.20659,0.00000,0.00000,0.00000,24.0146
85.48,0.20659,0.00000,0.00000,0.00000,24.2399
85.49,0.20659,0.00000,0.00000,0.00000,24.3690
85.50,0.20659,0.00000,0.00000,0.00000,24.4172
85.51,0.20660,0.00000,0.00000,0.00000,24.3957
85.52,0.20660,0.00000,0.00000,0.00000,24.3156
85.53,0.20661,0.00000,0.00000,0.00000,24.1864
85.54,0.20661,0.00000,0.00000,0.00000,24.0159
85.55,0.20662,0.00000,0.00000,0.00000,24.3378
85.56,0.20662,0.00000,0.00000,0.00000,24.5449
85.57,0.20662,0.00000,0.00000,0.00000,24.6560
85.58,0.20663,0.00000,0.00000,0.00000,24.6864
85.59,0.20663,0.00000,0.00000,0.00000,24.6474
85.60,0.20664,0.00000,0.00000,0.00000,24.5501
85.61,0.20665,0.00000,0.00000,0.00000,24.4040
85.62,0.20666,0.00000,0.00000,0.00000,24.2167
85.63,0.20667,0.00000,0.00000,0.00000,24.5114
85.64,0.20668,0.00000,0.00000,0.00000,24.6932
85.65,0.20669,0.00000,0.00000,0.00000,24.7807
85.66,0.20670,0.00000,0.00000,0.00000,24.7889
85.67,0.20671,0.00000,0.00000,0.00000,24.7292
85.68,0.20673,0.00000,0.00000,0.00000,24.6124
85.69,0.20674,0.00000,0.00000,0.00000,24.4477
85.70,0.20676,0.00000,0.00000,0.00000,24.2428
85.71,0.20678,0.00000,0.00000,0.00000,24.5080
85.72,0.20680,0.00000,0.00000,0.00000,24.6631
85.73,0.20681,0.00000,0.00000,0.00000,24.7261
85.74,0.20683,0.00000,0.00000,0.00000,24.7119
85.75,0.20685,0.00000,0.00000,0.00000,24.6316
85.76,0.20688,0.00000,0.00000,0.00000,24.4959
85.77,0.20691,0.00000,0.00000,0.00000,24.3138
85.78,0.20694,0.00000,0.00000,0.00000,24.0926
85.79,0.20697,0.00000,0.00000,0.00000,24.3304
85.80,0.20699,0.00000,0.00000,0.00000,24.4610
85.81,0.20702,0.00000,0.00000,0.00000,24.5020
85.82,0.20705,0.00000,0.00000,0.00000,24.4679
85.83,0.20708,0.00000,0.00000,0.00000,24.3697
85.84,0.20713,0.00000,0.00000,0.00000,24.2178
85.85,0.20717,0.00000,0.00000,0.00000,24.0210
85.86,0.20721,0.00000,0.00000,0.00000,23.7864
85.87,0.20726,0.00000,0.00000,0.00000,23.9999
85.88,0.20730,0.00000,0.00000,0.00000,24.1092
85.89,0.20735,0.00000,0.00000,0.00000,24.1313
85.90,0.20739,0.00000,0.00000,0.00000,24.0805
85.91,0.20744,0.00000,0.00000,0.00000,23.9676
85.92,0.20750,0.00000,0.00000,0.00000,23.8028
85.93,0.20756,0.00000,0.00000,0.00000,23.5945
85.94,0.20762,0.00000,0.00000,0.00000,23.3497
85.95,0.20769,0.00000,0.00000,0.00000,23.5423
85.96,0.20775,0.00000,0.00000,0.00000,23.6334
85.97,0.20781,0.00000,0.00000,0.00000,23.6400
85.98,0.20787,0.00000,0.00000,0.00000,23.5756
85.99,0.20794,0.00000,0.00000,0.00000,23.4512
86.00,0.20802,0.00000,0.00000,0.00000,23.2766
86.01,0.20810,0.00000,0.00000,0.00000,23.0600
86.02,0.20818,0.00000,0.00000,0.00000,22.8081
86.03,0.20827,0.00000,0.00000,0.00000,22.9842
86.04,0.20835,0.00000,0.00000,0.00000,23.0616
86.05,0.20843,0.00000,0.00000,0.00000,23.0565
86.06,0.21184,0.00000,0.00000,0.00000,22.9826
86.07,0.22592,0.00000,0.00000,0.00000,22.8504
86.08,0.23985,0.00000,0.00000,0.00000,22.6697
86.09,0.25865,0.00000,0.00000,0.00000,22.4486
86.10,0.27748,0.00000,0.00000,0.00000,22.1937
86.11,0.29674,0.00000,0.00000,0.00000,22.3582
86.12,0.31517,0.00000,0.00000,0.00000,22.4269
86.13,0.33344,0.00000,0.00000,0.00000,22.4159
86.14,0.34656,0.00000,0.00000,0.00000,22.3384
86.15,0.34708,0.00000,0.00000,0.00000,22.2049
86.16,0.34768,0.00000,0.00000,0.00000,22.0247
86.17,0.34829,0.00000,0.00000,0.00000,21.8055
86.18,0.34890,0.00000,0.00000,0.00000,21.5537
86.19,0.34952,0.00000,0.00000,0.00000,21.7076
86.20,0.35013,0.00000,0.00000,0.00000,21.7687
86.21,0.35074,0.00000,0.00000,0.00000,21.7522
86.22,0.35135,0.00000,0.00000,0.00000,21.6708
86.23,0.35197,0.00000,0.00000,0.00000,21.5350
86.24,0.35267,0.00000,0.00000,0.00000,21.3539
86.25,0.35337,0.00000,0.00000,0.00000,21.1348
86.26,0.35407,0.00000,0.00000,0.00000,20.8840
86.27,0.35478,0.00000,0.00000,0.00000,21.0209
86.28,0.35548,0.00000,0.00000,0.00000,21.0686
86.29,0.35618,0.00000,0.00000,0.00000,21.0418
86.30,0.35689,0.00000,0.00000,0.00000,20.9529
86.31,0.35759,0.00000,0.00000,0.00000,20.8120
86.32,0.35838,0.00000,0.00000,0.00000,20.6276
86.33,0.35916,0.00000,0.00000,0.00000,20.4071
86.34,0.35994,0.00000,0.00000,0.00000,20.1562
86.35,0.36073,0.00000,0.00000,0.00000,20.2731
86.36,0.36152,0.00000,0.00000,0.00000,20.3052
86.37,0.36230,0.00000,0.00000,0.00000,20.2666
86.38,0.36309,0.00000,0.00000,0.00000,20.1691
86.39,0.36388,0.00000,0.00000,0.00000,20.0224
86.40,0.36474,0.00000,0.00000,0.00000,19.8347
86.41,0.36559,0.00000,0.00000,0.00000,19.6127
86.42,0.36645,0.00000,0.00000,0.00000,19.3621
86.43,0.36730,0.00000,0.00000,0.00000,19.4592
86.44,0.36816,0.00000,0.00000,0.00000,19.4762
86.45,0.36901,0.00000,0.00000,0.00000,19.4265
86.46,0.36987,0.00000,0.00000,0.00000,19.3214
86.47,0.37074,0.00000,0.00000,0.00000,19.1700
86.48,0.37166,0.00000,0.00000,0.00000,18.9801
86.49,0.37257,0.00000,0.00000,0.00000,18.7579
86.50,0.37349,0.00000,0.00000,0.00000,18.5089
86.51,0.37440,0.00000,0.00000,0.00000,18.5889
86.52,0.37532,0.00000,0.00000,0.00000,18.5933
86.53,0.37623,0.00000,0.00000,0.00000,18.5350
86.54,0.37715,0.00000,0.00000,0.00000,18.4246
86.55,0.37809,0.00000,0.00000,0.00000,18.2707
86.56,0.37905,0.00000,0.00000,0.00000,18.0806
86.57,0.38002,0.00000,0.00000,0.00000,17.8603
86.58,0.38098,0.00000,0.00000,0.00000,17.6148
86.59,0.38193,0.00000,0.00000,0.00000,17.6805
86.60,0.38290,0.00000,0.00000,0.00000,17.6749
86.61,0.38387,0.00000,0.00000,0.00000,17.6104
86.62,0.38484,0.00000,0.00000,0.00000,17.4970
86.63,0.38582,0.00000,0.00000,0.00000,17.3428
86.64,0.38682,0.00000,0.00000,0.00000,17.1545
86.65,0.38783,0.00000,0.00000,0.00000,16.9379
86.66,0.38883,0.00000,0.00000,0.00000,16.6978
86.67,0.38981,0.00000,0.00000,0.00000,16.7513
86.68,0.39082,0.00000,0.00000,0.00000,16.7380
86.69,0.39182,0.00000,0.00000,0.00000,16.6695
86.70,0.39283,0.00000,0.00000,0.00000,16.5549
86.71,0.39385,0.00000,0.00000,0.00000,16.4021
86.72,0.39488,0.00000,0.00000,0.00000,16.2173
86.73,0.39591,0.00000,0.00000,0.00000,16.0060
86.74,0.39694,0.00000,0.00000,0.00000,15.7727
86.75,0.39794,0.00000,0.00000,0.00000,15.8162
86.76,0.39898,0.00000,0.00000,0.00000,15.7972
86.77,0.40002,0.00000,0.00000,0.00000,15.7263
86.78,0.40260,0.00000,0.00000,0.00000,15.6123
86.79,0.40520,0.00000,0.00000,0.00000,15.4623
86.80,0.40781,0.00000,0.00000,0.00000,15.2824
86.81,0.41043,0.00000,0.00000,0.00000,15.0777
86.82,0.41298,0.00000,0.00000,0.00000,15.1289
86.83,0.41559,0.00000,0.00000,0.00000,15.1183
86.84,0.41821,0.00000,0.00000,0.00000,15.0568
86.85,0.42083,0.00000,0.00000,0.00000,14.9530
86.86,0.42345,0.00000,0.00000,0.00000,14.8140
86.87,0.42607,0.00000,0.00000,0.00000,14.6456
86.88,0.42869,0.00000,0.00000,0.00000,14.4528
86.89,0.43132,0.00000,0.00000,0.00000,14.2396
86.90,0.43388,0.00000,0.00000,0.00000,14.2696
86.91,0.43651,0.00000,0.00000,0.00000,14.2440
86.92,0.43914,0.00000,0.00000,0.00000,14.1725
86.93,0.44178,0.00000,0.00000,0.00000,14.0627
86.94,0.44440,0.00000,0.00000,0.00000,13.9211
86.95,0.44701,0.00000,0.00000,0.00000,13.7530
86.96,0.44963,0.00000,0.00000,0.00000,13.5629
86.97,0.45225,0.00000,0.00000,0.00000,13.3545
86.98,0.45480,0.00000,0.00000,0.00000,13.3752
86.99,0.45742,0.00000,0.00000,0.00000,13.3446
87.00,0.46005,0.00000,0.00000,0.00000,13.2713
87.01,0.46267,0.00000,0.00000,0.00000,13.1625
87.02,0.46526,0.00000,0.00000,0.00000,13.0242
87.03,0.46785,0.00000,0.00000,0.00000,12.8614
87.04,0.47043,0.00000,0.00000,0.00000,12.6781
87.05,0.47296,0.00000,0.00000,0.00000,12.7057
87.06,0.47555,0.00000,0.00000,0.00000,12.6831
87.07,0.47815,0.00000,0.00000,0.00000,12.6188
87.08,0.48074,0.00000,0.00000,0.00000,12.5199
87.09,0.48331,0.00000,0.00000,0.00000,12.3921
87.10,0.48585,0.00000,0.00000,0.00000,12.2403
87.11,0.48840,0.00000,0.00000,0.00000,12.0686
87.12,0.49094,0.00000,0.00000,0.00000,11.8803
87.13,0.49342,0.00000,0.00000,0.00000,11.8920
87.14,0.49597,0.00000,0.00000,0.00000,11.8586
87.15,0.49852,0.00000,0.00000,0.00000,11.7875
87.16,0.50107,0.00000,0.00000,0.00000,11.6852
87.17,0.50355,0.00000,0.00000,0.00000,11.5569
87.18,0.50603,0.00000,0.00000,0.00000,11.4069
87.19,0.50852,0.00000,0.00000,0.00000,11.2390
87.20,0.51094,0.00000,0.00000,0.00000,11.2552
87.21,0.51342,0.00000,0.00000,0.00000,11.2275
87.22,0.51591,0.00000,0.00000,0.00000,11.1633
87.23,0.51840,0.00000,0.00000,0.00000,11.0688
87.24,0.52085,0.00000,0.00000,0.00000,10.9491
87.25,0.52326,0.00000,0.00000,0.00000,10.8084
87.26,0.52567,0.00000,0.00000,0.00000,10.6503
87.27,0.52808,0.00000,0.00000,0.00000,10.4779
87.28,0.53044,0.00000,0.00000,0.00000,10.4799
87.29,0.53285,0.00000,0.00000,0.00000,10.4424
87.30,0.53527,0.00000,0.00000,0.00000,10.3721
87.31,0.53768,0.00000,0.00000,0.00000,10.2744
87.32,0.54001,0.00000,0.00000,0.00000,10.1542
87.33,0.54234,0.00000,0.00000,0.00000,10.0150
87.34,0.54467,0.00000,0.00000,0.00000,9.8603
87.35,0.54694,0.00000,0.00000,0.00000,9.8661
87.36,0.54928,0.00000,0.00000,0.00000,9.8336
87.37,0.55182,0.00000,0.00000,0.00000,9.7692
87.38,0.55445,0.00000,0.00000,0.00000,9.6783
87.39,0.55700,0.00000,0.00000,0.00000,9.5655
87.40,0.55952,0.00000,0.00000,0.00000,9.4344
87.41,0.56204,0.00000,0.00000,0.00000,9.2881
87.42,0.56451,0.00000,0.00000,0.00000,9.2906
87.43,0.56704,0.00000,0.00000,0.00000,9.2569
87.44,0.56957,0.00000,0.00000,0.00000,9.1932
87.45,0.57211,0.00000,0.00000,0.00000,9.1045
87.46,0.57459,0.00000,0.00000,0.00000,8.9951
87.47,0.57701,0.00000,0.00000,0.00000,8.8683
87.48,0.57944,0.00000,0.00000,0.00000,8.7273
87.49,0.58186,0.00000,0.00000,0.00000,8.5747
87.50,0.58424,0.00000,0.00000,0.00000,8.5630
87.51,0.58667,0.00000,0.00000,0.00000,8.5190
87.52,0.58910,0.00000,0.00000,0.00000,8.4482
87.53,0.59151,0.00000,0.00000,0.00000,8.3551
87.54,0.59383,0.00000,0.00000,0.00000,8.2435
87.55,0.59615,0.00000,0.00000,0.00000,8.1165
87.56,0.59848,0.00000,0.00000,0.00000,7.9770
87.57,0.60076,0.00000,0.00000,0.00000,7.9672
87.58,0.60309,0.00000,0.00000,0.00000,7.9261
87.59,0.60542,0.00000,0.00000,0.00000,7.8590
87.60,0.60775,0.00000,0.00000,0.00000,7.7703
87.61,0.60996,0.00000,0.00000,0.00000,7.6636
87.62,0.61217,0.00000,0.00000,0.00000,7.5421
87.63,0.61439,0.00000,0.00000,0.00000,7.4083
87.64,0.61657,0.00000,0.00000,0.00000,7.3951
87.65,0.61879,0.00000,0.00000,0.00000,7.3524
87.66,0.62101,0.00000,0.00000,0.00000,7.2851
87.67,0.62324,0.00000,0.00000,0.00000,7.1974
87.68,0.62534,0.00000,0.00000,0.00000,7.0926
87.69,0.62743,0.00000,0.00000,0.00000,6.9738
87.70,0.62951,0.00000,0.00000,0.00000,6.8433
87.71,0.63157,0.00000,0.00000,0.00000,6.8265
87.72,0.63366,0.00000,0.00000,0.00000,6.7816
87.73,0.63576,0.00000,0.00000,0.00000,6.7135
87.74,0.63785,0.00000,0.00000,0.00000,6.6261
87.75,0.63980,0.00000,0.00000,0.00000,6.5227
87.76,0.64170,0.00000,0.00000,0.00000,6.4059
87.77,0.64361,0.00000,0.00000,0.00000,6.2781
87.78,0.64548,0.00000,0.00000,0.00000,6.2582
87.79,0.64739,0.00000,0.00000,0.00000,6.2118
87.80,0.64930,0.00000,0.00000,0.00000,6.1433
87.81,0.65122,0.00000,0.00000,0.00000,6.0565
87.82,0.65289,0.00000,0.00000,0.00000,5.9545
87.83,0.65450,0.00000,0.00000,0.00000,5.8396
87.84,0.65611,0.00000,0.00000,0.00000,5.7142
87.85,0.65769,0.00000,0.00000,0.00000,5.6921
87.86,0.60553,0.00000,0.00000,0.00000,5.6446
87.87,0.54553,0.00000,0.00000,0.00000,5.5761
87.88,0.48553,0.00000,0.00000,0.00000,5.4900
87.89,0.43791,0.00000,0.00000,0.00000,5.3894
87.90,0.43828,0.00000,0.00000,0.00000,5.2765
87.91,0.43865,0.00000,0.00000,0.00000,5.1536
87.92,0.43901,0.00000,0.00000,0.00000,5.1279
87.93,0.37901,0.06400,0.03200,0.04000,5.0783
87.94,0.31901,0.12800,0.06400,0.08000,5.0088
87.95,0.25901,0.19200,0.09600,0.12000,4.9228
87.96,0.19901,0.25600,0.12800,0.16000,4.8232
87.97,0.13901,0.32000,0.16000,0.20000,4.7121
87.98,0.07901,0.38400,0.19200,0.24000,4.5915
87.99,0.01901,0.44800,0.22400,0.28000,4.5598
88.00,0.00000,0.51200,0.25600,0.32000,4.5062
88.01,0.00000,0.57600,0.28800,0.36000,4.4346
88.02,0.00000,0.64000,0.32000,0.40000,4.3482
88.03,0.00000,0.66400,0.33200,0.44000,4.2495
88.04,0.00000,0.68287,0.34143,0.47144,4.1406
88.05,0.00000,0.68563,0.34282,0.47606,4.0233
88.06,0.00000,0.68823,0.34412,0.48039,3.9848
88.07,0.00000,0.69085,0.34543,0.48476,3.9270
88.08,0.00000,0.69340,0.34670,0.48901,3.8533
88.09,0.00000,0.69603,0.34802,0.49338,3.7665
88.10,0.00000,0.69858,0.34929,0.49764,3.6690
88.11,0.00000,0.70107,0.35053,0.50178,3.5625
88.12,0.00000,0.70348,0.35174,0.50581,3.4486
88.13,0.00000,0.70575,0.35287,0.50958,3.4027
88.14,0.00000,0.70804,0.35402,0.51339,3.3401
88.15,0.00000,0.71026,0.35513,0.51710,3.2637
88.16,0.00000,0.71254,0.35627,0.52089,3.1761
88.17,0.00000,0.71478,0.35739,0.52464,3.0794
88.18,0.00000,0.71696,0.35848,0.52827,2.9751
88.19,0.00000,0.71909,0.35954,0.53181,2.8644
88.20,0.00000,0.72108,0.36054,0.53513,2.8113
88.21,0.00000,0.72309,0.36154,0.53848,2.7441
88.22,0.00000,0.72503,0.36252,0.54172,2.6652
88.23,0.00000,0.72700,0.36350,0.54500,2.5768
88.24,0.00000,0.72899,0.36449,0.54832,2.4809
88.25,0.00000,0.73092,0.36546,0.55154,2.3788
88.26,0.00000,0.73280,0.36640,0.55467,2.2715
88.27,0.00000,0.73456,0.36728,0.55761,2.2123
88.28,0.00000,0.73633,0.36817,0.56056,2.1412
88.29,0.00000,0.73806,0.36903,0.56343,2.0604
88.30,0.00000,0.73973,0.36987,0.56622,1.9718
88.31,0.00000,0.74151,0.37075,0.56918,1.8770
88.32,0.00000,0.74323,0.37161,0.57205,1.7772
88.33,0.00000,0.74490,0.37245,0.57483,1.6735
88.34,0.00000,0.74652,0.37326,0.57754,1.5662
88.35,0.00000,0.74805,0.37402,0.58008,1.4991
88.36,0.00000,0.74957,0.37479,0.58262,1.4227
88.37,0.00000,0.75105,0.37553,0.58509,1.3390
88.38,0.00000,0.75257,0.37628,0.58762,1.2495
88.39,0.00000,0.75412,0.37706,0.59019,1.1555
88.40,0.00000,0.75561,0.37781,0.59269,1.0579
88.41,0.00000,0.75707,0.37853,0.59511,0.9576
88.42,0.00000,0.75844,0.37922,0.59739,0.8881
88.43,0.00000,0.75980,0.37990,0.59967,0.8109
88.44,0.00000,0.76112,0.38056,0.60187,0.7276
88.45,0.00000,0.76240,0.38120,0.60400,0.6395
88.46,0.00000,0.76377,0.38188,0.60628,0.5477
88.47,0.00000,0.76512,0.38256,0.60854,0.4532
88.48,0.00000,0.76643,0.38322,0.61072,0.3566
88.49,0.00000,0.76767,0.38384,0.61279,0.2828
88.50,0.00000,0.76890,0.38445,0.61483,0.2033
88.51,0.00000,0.77009,0.38504,0.61681,0.1191
88.52,0.00000,0.77123,0.38562,0.61872,0.0311
88.53,0.00000,0.77234,0.38617,0.62057,-0.0596
88.54,0.00000,0.77357,0.38679,0.62262,-0.1523
88.55,0.00000,0.77477,0.38738,0.62461,-0.2464
88.56,0.00000,0.77592,0.38796,0.62653,-0.3412
88.57,0.00000,0.77701,0.38851,0.62836,-0.4216
88.58,0.00000,0.77809,0.38904,0.63014,-0.5049
88.59,0.00000,0.77912,0.38956,0.63187,-0.5913
88.60,0.00000,0.78012,0.39006,0.63353,-0.6800
88.61,0.00000,0.78109,0.39054,0.63514,-0.7702
88.62,0.00000,0.78218,0.39109,0.63697,-0.8615
88.63,0.00000,0.78324,0.39162,0.63873,-0.9531
88.64,0.00000,0.78426,0.39213,0.64043,-1.0448
88.65,0.00000,0.78523,0.39262,0.64205,-1.1310
88.66,0.00000,0.78618,0.39309,0.64363,-1.2174
88.67,0.00000,0.78708,0.39354,0.64514,-1.3052
88.68,0.00000,0.78795,0.39398,0.64659,-1.3941
88.69,0.00000,0.78879,0.39439,0.64798,-1.4836
88.70,0.00000,0.78976,0.39488,0.64960,-1.5733
88.71,0.00000,0.79070,0.39535,0.65117,-1.6626
88.72,0.00000,0.79161,0.39580,0.65268,-1.7514
88.73,0.00000,0.79248,0.39624,0.65414,-1.8441
88.74,0.00000,0.79332,0.39666,0.65553,-1.9349
88.75,0.00000,0.79412,0.39706,0.65686,-2.0239
88.76,0.00000,0.79488,0.39744,0.65813,-2.1132
88.77,0.00000,0.79561,0.39781,0.65935,-2.2021
88.78,0.00000,0.79643,0.39821,0.66072,-2.2905
88.79,0.00000,0.79728,0.39864,0.66213,-2.3780
88.80,0.00000,0.79810,0.39905,0.66349,-2.4644
88.81,0.00000,0.79889,0.39945,0.66482,-2.5646
88.82,0.00000,0.79964,0.39982,0.66606,-2.6609
88.83,0.00000,0.80035,0.40017,0.66725,-2.7533
88.84,0.00000,0.80102,0.40051,0.66837,-2.8427
88.85,0.00000,0.80167,0.40083,0.66944,-2.9310
88.86,0.00000,0.80231,0.40115,0.67051,-3.0182
88.87,0.00000,0.80308,0.40154,0.67181,-3.1040
88.88,0.00000,0.80383,0.40191,0.67304,-3.1881
88.89,0.00000,0.80457,0.40228,0.67428,-3.2969
88.90,0.00000,0.80524,0.40262,0.67540,-3.3995
88.91,0.00000,0.80587,0.40294,0.67646,-3.4965
88.92,0.00000,0.80648,0.40324,0.67747,-3.5884
88.93,0.00000,0.80705,0.40353,0.67842,-3.6755
88.94,0.00000,0.80759,0.40380,0.67932,-3.7609
88.95,0.00000,0.80819,0.40410,0.68032,-3.8444
88.96,0.00000,0.80888,0.40444,0.68147,-3.9259
88.97,0.00000,0.80958,0.40479,0.68264,-4.0441
88.98,0.00000,0.81020,0.40510,0.68366,-4.1537
88.99,0.00000,0.81078,0.40539,0.68463,-4.2557
89.00,0.00000,0.81133,0.40566,0.68555,-4.3508
89.01,0.00000,0.81184,0.40592,0.68641,-4.4399
89.02,0.00000,0.81233,0.40616,0.68722,-4.5233
89.03,0.00000,0.81278,0.40639,0.68797,-4.6032
89.04,0.00000,0.81332,0.40666,0.68887,-4.6808
89.05,0.00000,0.81393,0.40697,0.68989,-4.7560
89.06,0.00000,0.81458,0.40729,0.69097,-4.8813
89.07,0.00000,0.81513,0.40756,0.69188,-4.9955
89.08,0.00000,0.81564,0.40782,0.69273,-5.1000
89.09,0.00000,0.81611,0.40806,0.69352,-5.1959
89.10,0.00000,0.81655,0.40828,0.69426,-5.2840
89.11,0.00000,0.81697,0.40848,0.69495,-5.3652
89.12,0.00000,0.81735,0.40867,0.69558,-5.4402
89.13,0.00000,0.81779,0.40889,0.69631,-5.5117
89.14,0.00000,0.81834,0.40917,0.69724,-5.5804
89.15,0.00000,0.81896,0.40948,0.69827,-5.7139
89.16,0.00000,0.81945,0.40972,0.69908,-5.8335
89.17,0.00000,0.81990,0.40995,0.69983,-5.9408
89.18,0.00000,0.82032,0.41016,0.70053,-6.0374
89.19,0.00000,0.82070,0.41035,0.70117,-6.1245
89.20,0.00000,0.82106,0.41053,0.70176,-6.2032
89.21,0.00000,0.82138,0.41069,0.70230,-6.2743
89.22,0.00000,0.82168,0.41084,0.70279,-6.3385
89.23,0.00000,0.82217,0.41109,0.70362,-6.3986
89.24,0.00000,0.82279,0.41139,0.70464,-6.5407
89.25,0.00000,0.82323,0.41162,0.70538,-6.6654
89.26,0.00000,0.82364,0.41182,0.70607,-6.7751
89.27,0.00000,0.82402,0.41201,0.70670,-6.8717
89.28,0.00000,0.82436,0.41218,0.70727,-6.9569
89.29,0.00000,0.82467,0.41234,0.70779,-7.0318
89.30,0.00000,0.82496,0.41248,0.70826,-7.0978
89.31,0.00000,0.82521,0.41260,0.70868,-7.1556
89.32,0.00000,0.82548,0.41274,0.70913,-7.2062
89.33,0.00000,0.82611,0.41306,0.71019,-7.3566
89.34,0.00000,0.82653,0.41327,0.71089,-7.4860
89.35,0.00000,0.82692,0.41346,0.71153,-7.5971
89.36,0.00000,0.82727,0.41364,0.71212,-7.6925
89.37,0.00000,0.82759,0.41379,0.71265,-7.7741
89.38,0.00000,0.82787,0.41394,0.71312,-7.8437
89.39,0.00000,0.82813,0.41406,0.71354,-7.9026
89.40,0.00000,0.82835,0.41417,0.71391,-7.9521
89.41,0.00000,0.82854,0.41427,0.71423,-7.9931
89.42,0.00000,0.82844,0.41422,0.71407,-8.0265
89.43,0.00000,0.82658,0.41329,0.71096,-8.1822
89.44,0.00000,0.82460,0.41230,0.70766,-8.3120
89.45,0.00000,0.82264,0.41132,0.70441,-8.4202
89.46,0.00000,0.82072,0.41036,0.70120,-8.5099
89.47,0.00000,0.81882,0.40941,0.69804,-8.5836
89.48,0.00000,0.81695,0.40848,0.69492,-8.6434
89.49,0.00000,0.81511,0.40755,0.69185,-8.6912
89.50,0.00000,0.81329,0.40665,0.68882,-8.7285
89.51,0.00000,0.81150,0.40575,0.68583,-8.7564
89.52,0.00000,0.80973,0.40487,0.68288,-8.7762
89.53,0.00000,0.80390,0.40195,0.67317,-8.9456
89.54,0.00000,0.79664,0.39832,0.66106,-9.0831
89.55,0.00000,0.78946,0.39473,0.64910,-9.1945
89.56,0.00000,0.78238,0.39119,0.63729,-9.2843
89.57,0.00000,0.77538,0.38769,0.62563,-9.3557
89.58,0.00000,0.76846,0.38423,0.61410,-9.4115
89.59,0.00000,0.76163,0.38082,0.60272,-9.4540
89.60,0.00000,0.75488,0.37744,0.59147,-9.4851
89.61,0.00000,0.74821,0.37411,0.58035,-9.5065
89.62,0.00000,0.74162,0.37081,0.56937,-9.5194
89.63,0.00000,0.73467,0.36733,0.55778,-9.7150
89.64,0.00000,0.72475,0.36237,0.54125,-9.8735
89.65,0.00000,0.71487,0.35744,0.52479,-10.0009
89.66,0.00000,0.70503,0.35251,0.50838,-10.1026
89.67,0.00000,0.69521,0.34761,0.49202,-10.1828
89.68,0.00000,0.68542,0.34271,0.47571,-10.2449
89.69,0.00000,0.67565,0.33783,0.45942,-10.2918
89.70,0.00000,0.66589,0.33295,0.44315,-10.3258
89.71,0.00000,0.65614,0.32807,0.42690,-10.3490
89.72,0.00000,0.64639,0.32319,0.41065,-10.3630
89.73,0.00000,0.63285,0.31642,0.39553,-10.5983
89.74,0.00000,0.61535,0.30767,0.38459,-10.7899
89.75,0.00000,0.59914,0.29957,0.37446,-10.9449
89.76,0.00000,0.58282,0.29141,0.36426,-11.0692
89.77,0.00000,0.56636,0.28318,0.35398,-11.1676
89.78,0.00000,0.54975,0.27488,0.34359,-11.2439
89.79,0.00000,0.53296,0.26648,0.33310,-11.3015
89.80,0.00000,0.51596,0.25798,0.32248,-11.3435
89.81,0.00000,0.49873,0.24937,0.31171,-11.3720
89.82,0.00000,0.48123,0.24061,0.30077,-11.3893
89.83,0.00000,0.46341,0.23170,0.28963,-11.3971
89.84,0.00000,0.44378,0.22189,0.27736,-11.6740
89.85,0.00000,0.42639,0.21320,0.26650,-11.8991
89.86,0.00000,0.41058,0.20529,0.25661,-12.0808
89.87,0.00000,0.39442,0.19721,0.24651,-12.2260
89.88,0.00000,0.37789,0.18894,0.23618,-12.3404
89.89,0.00000,0.36090,0.18045,0.22556,-12.4278
89.90,0.00000,0.34340,0.17170,0.21463,-12.4923
89.91,0.00000,0.32529,0.16264,0.20330,-12.5375
89.92,0.00000,0.30645,0.15322,0.19153,-12.5663
89.93,0.00000,0.28672,0.14336,0.17920,-12.5813
89.94,0.00000,0.26591,0.13296,0.16620,-12.5844
89.95,0.00000,0.24113,0.12057,0.15071,-12.9135
89.96,0.00000,0.16113,0.08057,0.10071,-13.1796
89.97,0.00000,0.08113,0.04057,0.05071,-13.3933
89.98,0.03000,0.00113,0.00057,0.00071,-13.5631
89.99,0.06000,0.00000,0.00000,0.00000,-13.6962
90.00,0.09000,0.00000,0.00000,0.00000,-13.7971
90.01,0.12000,0.00000,0.00000,0.00000,-13.8713
90.02,0.15000,0.00000,0.00000,0.00000,-13.9234
90.03,0.18000,0.00000,0.00000,0.00000,-13.9573
90.04,0.20000,0.00000,0.00000,0.00000,-13.9763
90.05,0.20000,0.00000,0.00000,0.00000,-14.3874
90.06,0.20000,0.00000,0.00000,0.00000,-14.7224
90.07,0.20000,0.00000,0.00000,0.00000,-14.9934
90.08,0.20000,0.00000,0.00000,0.00000,-15.2107
90.09,0.20000,0.00000,0.00000,0.00000,-15.3828
90.10,0.20000,0.00000,0.00000,0.00000,-15.5146
90.11,0.20000,0.00000,0.00000,0.00000,-15.6113
90.12,0.20000,0.00000,0.00000,0.00000,-15.6781
90.13,0.20000,0.00000,0.00000,0.00000,-15.7194
90.14,0.20000,0.00000,0.00000,0.00000,-15.7392
90.15,0.20000,0.00000,0.00000,0.00000,-15.7404
90.16,0.20000,0.00000,0.00000,0.00000,-16.2157
90.17,0.20000,0.00000,0.00000,0.00000,-16.5980
90.18,0.20000,0.00000,0.00000,0.00000,-16.9024
90.19,0.20000,0.00000,0.00000,0.00000,-17.1411
90.20,0.20000,0.00000,0.00000,0.00000,-17.3240
90.21,0.20000,0.00000,0.00000,0.00000,-17.4565
90.22,0.20000,0.00000,0.00000,0.00000,-17.5463
90.23,0.20000,0.00000,0.00000,0.00000,-17.6000
90.24,0.20000,0.00000,0.00000,0.00000,-17.6230
90.25,0.20000,0.00000,0.00000,0.00000,-17.6200
90.26,0.20000,0.00000,0.00000,0.00000,-17.5947
90.27,0.20000,0.00000,0.00000,0.00000,-18.1393
90.28,0.20000,0.00000,0.00000,0.00000,-18.5721
90.29,0.20000,0.00000,0.00000,0.00000,-18.9113
90.30,0.20000,0.00000,0.00000,0.00000,-19.1717
90.31,0.20000,0.00000,0.00000,0.00000,-19.3622
90.32,0.20000,0.00000,0.00000,0.00000,-19.4930
90.33,0.20000,0.00000,0.00000,0.00000,-19.5733
90.34,0.20000,0.00000,0.00000,0.00000,-19.6109
90.35,0.20000,0.00000,0.00000,0.00000,-19.6124
90.36,0.20000,0.00000,0.00000,0.00000,-19.5831
90.37,0.20000,0.00000,0.00000,0.00000,-20.2166
90.38,0.20000,0.00000,0.00000,0.00000,-20.7160
90.39,0.20000,0.00000,0.00000,0.00000,-21.1031
90.40,0.20000,0.00000,0.00000,0.00000,-21.3958
90.41,0.20000,0.00000,0.00000,0.00000,-21.6061
90.42,0.20000,0.00000,0.00000,0.00000,-21.7451
90.43,0.20000,0.00000,0.00000,0.00000,-21.8241
90.44,0.20000,0.00000,0.00000,0.00000,-21.8521
90.45,0.20000,0.00000,0.00000,0.00000,-21.8371
90.46,0.20000,0.00000,0.00000,0.00000,-21.7856
90.47,0.20000,0.00000,0.00000,0.00000,-22.4704
90.48,0.20000,0.00000,0.00000,0.00000,-23.0042
90.49,0.20000,0.00000,0.00000,0.00000,-23.4116
90.50,0.20000,0.00000,0.00000,0.00000,-23.7127
90.51,0.20000,0.00000,0.00000,0.00000,-23.9219
90.52,0.20000,0.00000,0.00000,0.00000,-24.0513
90.53,0.20000,0.00000,0.00000,0.00000,-24.1136
90.54,0.20000,0.00000,0.00000,0.00000,-24.1189
90.55,0.20000,0.00000,0.00000,0.00000,-24.0761
90.56,0.20000,0.00000,0.00000,0.00000,-23.9925
90.57,0.20000,0.00000,0.00000,0.00000,-23.8742
90.58,0.20000,0.00000,0.00000,0.00000,-24.5318
90.59,0.20000,0.00000,0.00000,0.00000,-25.0338
90.60,0.20000,0.00000,0.00000,0.00000,-25.4053
90.61,0.20000,0.00000,0.00000,0.00000,-25.6651
90.62,0.20000,0.00000,0.00000,0.00000,-25.8288
90.63,0.20000,0.00000,0.00000,0.00000,-25.9116
90.64,0.20000,0.00000,0.00000,0.00000,-25.9262
90.65,0.20000,0.00000,0.00000,0.00000,-25.8830
90.66,0.20000,0.00000,0.00000,0.00000,-25.7912
90.67,0.20000,0.00000,0.00000,0.00000,-25.6581
90.68,0.20000,0.00000,0.00000,0.00000,-26.2835
90.69,0.20000,0.00000,0.00000,0.00000,-26.7506
90.70,0.20000,0.00000,0.00000,0.00000,-27.0851
90.71,0.20000,0.00000,0.00000,0.00000,-27.3064
90.72,0.20000,0.00000,0.00000,0.00000,-27.4305
90.73,0.20000,0.00000,0.00000,0.00000,-27.4728
90.74,0.20000,0.00000,0.00000,0.00000,-27.4461
90.75,0.20000,0.00000,0.00000,0.00000,-27.3611
90.76,0.20000,0.00000,0.00000,0.00000,-27.2270
90.77,0.20000,0.00000,0.00000,0.00000,-27.0513
90.78,0.20000,0.00000,0.00000,0.00000,-27.5428
90.79,0.20000,0.00000,0.00000,0.00000,-27.9418
90.80,0.20000,0.00000,0.00000,0.00000,-28.2123
90.81,0.20000,0.00000,0.00000,0.00000,-28.3734
90.82,0.20000,0.00000,0.00000,0.00000,-28.4408
90.83,0.20000,0.00000,0.00000,0.00000,-28.4293
90.84,0.20000,0.00000,0.00000,0.00000,-28.3515
90.85,0.20000,0.00000,0.00000,0.00000,-28.2177
90.86,0.20000,0.00000,0.00000,0.00000,-28.0367
90.87,0.20000,0.00000,0.00000,0.00000,-27.8159
90.88,0.20000,0.00000,0.00000,0.00000,-28.1799
90.89,0.20000,0.00000,0.00000,0.00000,-28.4833
90.90,0.20000,0.00000,0.00000,0.00000,-28.6918
90.91,0.20000,0.00000,0.00000,0.00000,-28.7960
90.92,0.20000,0.00000,0.00000,0.00000,-28.8110
90.93,0.20000,0.00000,0.00000,0.00000,-28.7510
90.94,0.20000,0.00000,0.00000,0.00000,-28.6280
90.95,0.20000,0.00000,0.00000,0.00000,-28.4521
90.96,0.20000,0.00000,0.00000,0.00000,-28.2316
90.97,0.20000,0.00000,0.00000,0.00000,-27.9735
90.98,0.20000,0.00000,0.00000,0.00000,-27.6839
90.99,0.20000,0.00000,0.00000,0.00000,-28.0432
91.00,0.20000,0.00000,0.00000,0.00000,-28.2708
91.01,0.20000,0.00000,0.00000,0.00000,-28.3874
91.02,0.20000,0.00000,0.00000,0.00000,-28.4099
91.03,0.20000,0.00000,0.00000,0.00000,-28.3536
91.04,0.20000,0.00000,0.00000,0.00000,-28.2312
91.05,0.20000,0.00000,0.00000,0.00000,-28.0534
91.06,0.20000,0.00000,0.00000,0.00000,-27.8291
91.07,0.20000,0.00000,0.00000,0.00000,-27.5658
91.08,0.20000,0.00000,0.00000,0.00000,-27.2697
91.09,0.20000,0.00000,0.00000,0.00000,-27.5946
91.10,0.20000,0.00000,0.00000,0.00000,-27.7914
91.11,0.20000,0.00000,0.00000,0.00000,-27.8808
91.12,0.20000,0.00000,0.00000,0.00000,-27.8794
91.13,0.20000,0.00000,0.00000,0.00000,-27.8020
91.14,0.20000,0.00000,0.00000,0.00000,-27.6611
91.15,0.20000,0.00000,0.00000,0.00000,-27.4668
91.16,0.20000,0.00000,0.00000,0.00000,-27.2278
91.17,0.20000,0.00000,0.00000,0.00000,-26.9515
91.18,0.20000,0.00000,0.00000,0.00000,-26.6437
91.19,0.20000,0.00000,0.00000,0.00000,-26.9376
91.20,0.20000,0.00000,0.00000,0.00000,-27.1077
91.21,0.20000,0.00000,0.00000,0.00000,-27.1743
91.22,0.20000,0.00000,0.00000,0.00000,-27.1539
91.23,0.20000,0.00000,0.00000,0.00000,-27.0608
91.24,0.20000,0.00000,0.00000,0.00000,-26.9067
91.25,0.20000,0.00000,0.00000,0.00000,-26.7016
91.26,0.20000,0.00000,0.00000,0.00000,-26.4538
91.27,0.20000,0.00000,0.00000,0.00000,-26.1702
91.28,0.20000,0.00000,0.00000,0.00000,-25.8568
91.29,0.20000,0.00000,0.00000,0.00000,-26.1149
91.30,0.20000,0.00000,0.00000,0.00000,-26.2555
91.31,0.20000,0.00000,0.00000,0.00000,-26.2979
91.32,0.20000,0.00000,0.00000,0.00000,-26.2581
91.33,0.20000,0.00000,0.00000,0.00000,-26.1497
91.34,0.20000,0.00000,0.00000,0.00000,-25.9838
91.35,0.20000,0.00000,0.00000,0.00000,-25.7699
91.36,0.20000,0.00000,0.00000,0.00000,-25.5157
91.37,0.20000,0.00000,0.00000,0.00000,-25.2280
91.38,0.20000,0.00000,0.00000,0.00000,-24.9122
91.39,0.20000,0.00000,0.00000,0.00000,-25.1247
91.40,0.20000,0.00000,0.00000,0.00000,-25.2282
91.41,0.20000,0.00000,0.00000,0.00000,-25.2410
91.42,0.20000,0.00000,0.00000,0.00000,-25.1781
91.43,0.20000,0.00000,0.00000,0.00000,-25.0519
91.44,0.20000,0.00000,0.00000,0.00000,-24.8728
91.45,0.20000,0.00000,0.00000,0.00000,-24.6497
91.46,0.20000,0.00000,0.00000,0.00000,-24.3896
91.47,0.20000,0.00000,0.00000,0.00000,-24.0987
91.48,0.20000,0.00000,0.00000,0.00000,-23.7821
91.49,0.20000,0.00000,0.00000,0.00000,-23.9574
91.50,0.20000,0.00000,0.00000,0.00000,-24.0318
91.51,0.20000,0.00000,0.00000,0.00000,-24.0223
91.52,0.20000,0.00000,0.00000,0.00000,-23.9429
91.53,0.20000,0.00000,0.00000,0.00000,-23.8053
91.54,0.20000,0.00000,0.00000,0.00000,-23.6190
91.55,0.20000,0.00000,0.00000,0.00000,-23.3922
91.56,0.20000,0.00000,0.00000,0.00000,-23.1314
91.57,0.20000,0.00000,0.00000,0.00000,-22.8424
91.58,0.20000,0.00000,0.00000,0.00000,-22.5300
91.59,0.20000,0.00000,0.00000,0.00000,-22.6827
91.60,0.20000,0.00000,0.00000,0.00000,-22.7407
91.61,0.20400,0.00000,0.00000,0.00000,-22.7203
91.62,0.22130,0.00000,0.00000,0.00000,-22.6346
91.63,0.23844,0.00000,0.00000,0.00000,-22.4946
91.64,0.25544,0.00000,0.00000,0.00000,-22.3097
91.65,0.27230,0.00000,0.00000,0.00000,-22.0873
91.66,0.28902,0.00000,0.00000,0.00000,-21.8339
91.67,0.30178,0.00000,0.00000,0.00000,-21.5548
91.68,0.30282,0.00000,0.00000,0.00000,-21.2546
91.69,0.30383,0.00000,0.00000,0.00000,-21.3967
91.70,0.30487,0.00000,0.00000,0.00000,-21.4497
91.71,0.30592,0.00000,0.00000,0.00000,-21.4292
91.72,0.30697,0.00000,0.00000,0.00000,-21.3476
91.73,0.30801,0.00000,0.00000,0.00000,-21.2149
91.74,0.30908,0.00000,0.00000,0.00000,-21.0397
91.75,0.31021,0.00000,0.00000,0.00000,-20.8290
91.76,0.31133,0.00000,0.00000,0.00000,-20.5887
91.77,0.31246,0.00000,0.00000,0.00000,-20.3238
91.78,0.31359,0.00000,0.00000,0.00000,-20.0385
91.79,0.31467,0.00000,0.00000,0.00000,-20.1712
91.80,0.31580,0.00000,0.00000,0.00000,-20.2197
91.81,0.31693,0.00000,0.00000,0.00000,-20.1985
91.82,0.31806,0.00000,0.00000,0.00000,-20.1194
91.83,0.31919,0.00000,0.00000,0.00000,-19.9919
91.84,0.32034,0.00000,0.00000,0.00000,-19.8241
91.85,0.32152,0.00000,0.00000,0.00000,-19.6226
91.86,0.32270,0.00000,0.00000,0.00000,-19.3932
91.87,0.32388,0.00000,0.00000,0.00000,-19.1404
91.88,0.32507,0.00000,0.00000,0.00000,-18.8682
91.89,0.32619,0.00000,0.00000,0.00000,-18.9883
91.90,0.32738,0.00000,0.00000,0.00000,-19.0296
91.91,0.32856,0.00000,0.00000,0.00000,-19.0055
91.92,0.32975,0.00000,0.00000,0.00000,-18.9269
91.93,0.33093,0.00000,0.00000,0.00000,-18.8029
91.94,0.33213,0.00000,0.00000,0.00000,-18.6410
91.95,0.33334,0.00000,0.00000,0.00000,-18.4476
91.96,0.33455,0.00000,0.00000,0.00000,-18.2278
91.97,0.33575,0.00000,0.00000,0.00000,-17.9861
91.98,0.33696,0.00000,0.00000,0.00000,-17.7262
91.99,0.33811,0.00000,0.00000,0.00000,-17.8352
92.00,0.33932,0.00000,0.00000,0.00000,-17.8704
92.01,0.34053,0.00000,0.00000,0.00000,-17.8441
92.02,0.34175,0.00000,0.00000,0.00000,-17.7667
92.03,0.34296,0.00000,0.00000,0.00000,-17.6466
92.04,0.34417,0.00000,0.00000,0.00000,-17.4910
92.05,0.34538,0.00000,0.00000,0.00000,-17.3057
92.06,0.34659,0.00000,0.00000,0.00000,-17.0957
92.07,0.34780,0.00000,0.00000,0.00000,-16.8652
92.08,0.34895,0.00000,0.00000,0.00000,-16.9781
92.09,0.35016,0.00000,0.00000,0.00000,-17.0193
92.10,0.35138,0.00000,0.00000,0.00000,-17.0008
92.11,0.35259,0.00000,0.00000,0.00000,-16.9325
92.12,0.35381,0.00000,0.00000,0.00000,-16.8227
92.13,0.35502,0.00000,0.00000,0.00000,-16.6783
92.14,0.35621,0.00000,0.00000,0.00000,-16.5050
92.15,0.35741,0.00000,0.00000,0.00000,-16.3077
92.16,0.35861,0.00000,0.00000,0.00000,-16.0903
92.17,0.35980,0.00000,0.00000,0.00000,-15.8562
92.18,0.36094,0.00000,0.00000,0.00000,-15.9496
92.19,0.36214,0.00000,0.00000,0.00000,-15.9771
92.20,0.36334,0.00000,0.00000,0.00000,-15.9497
92.21,0.36454,0.00000,0.00000,0.00000,-15.8766
92.22,0.36575,0.00000,0.00000,0.00000,-15.7654
92.23,0.36692,0.00000,0.00000,0.00000,-15.6224
92.24,0.36808,0.00000,0.00000,0.00000,-15.4529
92.25,0.36925,0.00000,0.00000,0.00000,-15.2613
92.26,0.37042,0.00000,0.00000,0.00000,-15.0514
92.27,0.37153,0.00000,0.00000,0.00000,-15.1475
92.28,0.37270,0.00000,0.00000,0.00000,-15.1798
92.29,0.37387,0.00000,0.00000,0.00000,-15.1587
92.30,0.37505,0.00000,0.00000,0.00000,-15.0933
92.31,0.37622,0.00000,0.00000,0.00000,-14.9909
92.32,0.37738,0.00000,0.00000,0.00000,-14.8576
92.33,0.37851,0.00000,0.00000,0.00000,-14.6986
92.34,0.37964,0.00000,0.00000,0.00000,-14.5182
92.35,0.38077,0.00000,0.00000,0.00000,-14.3198
92.36,0.38190,0.00000,0.00000,0.00000,-14.1071
92.37,0.38297,0.00000,0.00000,0.00000,-14.1865
92.38,0.38411,0.00000,0.00000,0.00000,-14.2071
92.39,0.38525,0.00000,0.00000,0.00000,-14.1786
92.40,0.38638,0.00000,0.00000,0.00000,-14.1092
92.41,0.38752,0.00000,0.00000,0.00000,-14.0059
92.42,0.38860,0.00000,0.00000,0.00000,-13.8741
92.43,0.38969,0.00000,0.00000,0.00000,-13.7188
92.44,0.39078,0.00000,0.00000,0.00000,-13.5437
92.45,0.39187,0.00000,0.00000,0.00000,-13.3527
92.46,0.39290,0.00000,0.00000,0.00000,-13.4355
92.47,0.39399,0.00000,0.00000,0.00000,-13.4609
92.48,0.39509,0.00000,0.00000,0.00000,-13.4387
92.49,0.39618,0.00000,0.00000,0.00000,-13.3767
92.50,0.39727,0.00000,0.00000,0.00000,-13.2816
92.51,0.39832,0.00000,0.00000,0.00000,-13.1588
92.52,0.39936,0.00000,0.00000,0.00000,-13.0131
92.53,0.40101,0.00000,0.00000,0.00000,-12.8481
92.54,0.40362,0.00000,0.00000,0.00000,-12.6676
92.55,0.40610,0.00000,0.00000,0.00000,-12.7452
92.56,0.40871,0.00000,0.00000,0.00000,-12.7684
92.57,0.41133,0.00000,0.00000,0.00000,-12.7461
92.58,0.41395,0.00000,0.00000,0.00000,-12.6860
92.59,0.41657,0.00000,0.00000,0.00000,-12.5943
92.60,0.41908,0.00000,0.00000,0.00000,-12.4763
92.61,0.42157,0.00000,0.00000,0.00000,-12.3364
92.62,0.42406,0.00000,0.00000,0.00000,-12.1783
92.63,0.42655,0.00000,0.00000,0.00000,-12.0055
92.64,0.42893,0.00000,0.00000,0.00000,-12.0766
92.65,0.43143,0.00000,0.00000,0.00000,-12.0960
92.66,0.43393,0.00000,0.00000,0.00000,-12.0723
92.67,0.43643,0.00000,0.00000,0.00000,-12.0128
92.68,0.43894,0.00000,0.00000,0.00000,-11.9233
92.69,0.44134,0.00000,0.00000,0.00000,-11.8089
92.70,0.44372,0.00000,0.00000,0.00000,-11.6737
92.71,0.44610,0.00000,0.00000,0.00000,-11.5213
92.72,0.44848,0.00000,0.00000,0.00000,-11.3549
92.73,0.45075,0.00000,0.00000,0.00000,-11.4192
92.74,0.45314,0.00000,0.00000,0.00000,-11.4346
92.75,0.45553,0.00000,0.00000,0.00000,-11.4091
92.76,0.45792,0.00000,0.00000,0.00000,-11.3496
92.77,0.46032,0.00000,0.00000,0.00000,-11.2617
92.78,0.46261,0.00000,0.00000,0.00000,-11.1501
92.79,0.46488,0.00000,0.00000,0.00000,-11.0188
92.80,0.46715,0.00000,0.00000,0.00000,-10.8713
92.81,0.46943,0.00000,0.00000,0.00000,-10.7104
92.82,0.47161,0.00000,0.00000,0.00000,-10.7681
92.83,0.47389,0.00000,0.00000,0.00000,-10.7793
92.84,0.47618,0.00000,0.00000,0.00000,-10.7517
92.85,0.47847,0.00000,0.00000,0.00000,-10.6919
92.86,0.48076,0.00000,0.00000,0.00000,-10.6051
92.87,0.48293,0.00000,0.00000,0.00000,-10.4958
92.88,0.48511,0.00000,0.00000,0.00000,-10.3680
92.89,0.48729,0.00000,0.00000,0.00000,-10.2247
92.90,0.48947,0.00000,0.00000,0.00000,-10.0686
92.91,0.49157,0.00000,0.00000,0.00000,-10.1200
92.92,0.49376,0.00000,0.00000,0.00000,-10.1271
92.93,0.49595,0.00000,0.00000,0.00000,-10.0975
92.94,0.49815,0.00000,0.00000,0.00000,-10.0372
92.95,0.50032,0.00000,0.00000,0.00000,-9.9513
92.96,0.50241,0.00000,0.00000,0.00000,-9.8441
92.97,0.50451,0.00000,0.00000,0.00000,-9.7193
92.98,0.50661,0.00000,0.00000,0.00000,-9.5798
92.99,0.50871,0.00000,0.00000,0.00000,-9.4280
93.00,0.51074,0.00000,0.00000,0.00000,-9.4738
93.01,0.51285,0.00000,0.00000,0.00000,-9.4774
93.02,0.51496,0.00000,0.00000,0.00000,-9.4460
93.03,0.51707,0.00000,0.00000,0.00000,-9.3855
93.04,0.51913,0.00000,0.00000,0.00000,-9.3005
93.05,0.52115,0.00000,0.00000,0.00000,-9.1954
93.06,0.52318,0.00000,0.00000,0.00000,-9.0735
93.07,0.52522,0.00000,0.00000,0.00000,-8.9375
93.08,0.52718,0.00000,0.00000,0.00000,-8.9874
93.09,0.52922,0.00000,0.00000,0.00000,-8.9956
93.10,0.53126,0.00000,0.00000,0.00000,-8.9690
93.11,0.53330,0.00000,0.00000,0.00000,-8.9135
93.12,0.53534,0.00000,0.00000,0.00000,-8.8339
93.13,0.53731,0.00000,0.00000,0.00000,-8.7341
93.14,0.53929,0.00000,0.00000,0.00000,-8.6176
93.15,0.54126,0.00000,0.00000,0.00000,-8.4871
93.16,0.54324,0.00000,0.00000,0.00000,-8.3451
93.17,0.54516,0.00000,0.00000,0.00000,-8.3827
93.18,0.54715,0.00000,0.00000,0.00000,-8.3816
93.19,0.54914,0.00000,0.00000,0.00000,-8.3482
93.20,0.55127,0.00000,0.00000,0.00000,-8.2880
93.21,0.55346,0.00000,0.00000,0.00000,-8.2055
93.22,0.55563,0.00000,0.00000,0.00000,-8.1043
93.23,0.55781,0.00000,0.00000,0.00000,-7.9877
93.24,0.55999,0.00000,0.00000,0.00000,-7.8582
93.25,0.56211,0.00000,0.00000,0.00000,-7.8972
93.26,0.56430,0.00000,0.00000,0.00000,-7.8982
93.27,0.56649,0.00000,0.00000,0.00000,-7.8675
93.28,0.56868,0.00000,0.00000,0.00000,-7.8105
93.29,0.57086,0.00000,0.00000,0.00000,-7.7316
93.30,0.57300,0.00000,0.00000,0.00000,-7.6345
93.31,0.57515,0.00000,0.00000,0.00000,-7.5222
93.32,0.57730,0.00000,0.00000,0.00000,-7.3972
93.33,0.57939,0.00000,0.00000,0.00000,-7.4285
93.34,0.58154,0.00000,0.00000,0.00000,-7.4241
93.35,0.58370,0.00000,0.00000,0.00000,-7.3897
93.36,0.58586,0.00000,0.00000,0.00000,-7.3306
93.37,0.58802,0.00000,0.00000,0.00000,-7.2508
93.38,0.59014,0.00000,0.00000,0.00000,-7.1539
93.39,0.59227,0.00000,0.00000,0.00000,-7.0427
93.40,0.59440,0.00000,0.00000,0.00000,-6.9196
93.41,0.59648,0.00000,0.00000,0.00000,-6.9391
93.42,0.59861,0.00000,0.00000,0.00000,-6.9257
93.43,0.60075,0.00000,0.00000,0.00000,-6.8848
93.44,0.60290,0.00000,0.00000,0.00000,-6.8210
93.45,0.60504,0.00000,0.00000,0.00000,-6.7384
93.46,0.60715,0.00000,0.00000,0.00000,-6.6401
93.47,0.60927,0.00000,0.00000,0.00000,-6.5287
93.48,0.61139,0.00000,0.00000,0.00000,-6.4065
93.49,0.61346,0.00000,0.00000,0.00000,-6.4122
93.50,0.61558,0.00000,0.00000,0.00000,-6.3882
93.51,0.61771,0.00000,0.00000,0.00000,-6.3394
93.52,0.61984,0.00000,0.00000,0.00000,-6.2702
93.53,0.62197,0.00000,0.00000,0.00000,-6.1841
93.54,0.62407,0.00000,0.00000,0.00000,-6.0838
93.55,0.62618,0.00000,0.00000,0.00000,-5.9719
93.56,0.62828,0.00000,0.00000,0.00000,-5.8502
93.57,0.63035,0.00000,0.00000,0.00000,-5.8427
93.58,0.63246,0.00000,0.00000,0.00000,-5.8088
93.59,0.63457,0.00000,0.00000,0.00000,-5.7528
93.60,0.63669,0.00000,0.00000,0.00000,-5.6787
93.61,0.63881,0.00000,0.00000,0.00000,-5.5896
93.62,0.64088,0.00000,0.00000,0.00000,-5.4881
93.63,0.64295,0.00000,0.00000,0.00000,-5.3762
93.64,0.64503,0.00000,0.00000,0.00000,-5.2557
93.65,0.64707,0.00000,0.00000,0.00000,-5.2368
93.66,0.64915,0.00000,0.00000,0.00000,-5.1945
93.67,0.65124,0.00000,0.00000,0.00000,-5.1327
93.68,0.65333,0.00000,0.00000,0.00000,-5.0551
93.69,0.65540,0.00000,0.00000,0.00000,-4.9643
93.70,0.65739,0.00000,0.00000,0.00000,-4.8625
93.71,0.65939,0.00000,0.00000,0.00000,-4.7516
93.72,0.66139,0.00000,0.00000,0.00000,-4.6332
93.73,0.66336,0.00000,0.00000,0.00000,-4.6045
93.74,0.66536,0.00000,0.00000,0.00000,-4.5552
93.75,0.66737,0.00000,0.00000,0.00000,-4.4891
93.76,0.66938,0.00000,0.00000,0.00000,-4.4091
93.77,0.67131,0.00000,0.00000,0.00000,-4.3175
93.78,0.67314,0.00000,0.00000,0.00000,-4.2164
93.79,0.67497,0.00000,0.00000,0.00000,-4.1075
93.80,0.67681,0.00000,0.00000,0.00000,-3.9920
93.81,0.67862,0.00000,0.00000,0.00000,-3.9548
93.82,0.68046,0.00000,0.00000,0.00000,-3.8999
93.83,0.68230,0.00000,0.00000,0.00000,-3.8305
93.84,0.68414,0.00000,0.00000,0.00000,-3.7490
93.85,0.68574,0.00000,0.00000,0.00000,-3.6576
93.86,0.68727,0.00000,0.00000,0.00000,-3.5579
93.87,0.68880,0.00000,0.00000,0.00000,-3.4514
93.88,0.69033,0.00000,0.00000,0.00000,-3.3394
93.89,0.69185,0.00000,0.00000,0.00000,-3.2951
93.90,0.69338,0.00000,0.00000,0.00000,-3.2357
93.91,0.69492,0.00000,0.00000,0.00000,-3.1638
93.92,0.69638,0.00000,0.00000,0.00000,-3.0816
93.93,0.69744,0.00000,0.00000,0.00000,-2.9909
93.94,0.69850,0.00000,0.00000,0.00000,-2.8932
93.95,0.69957,0.00000,0.00000,0.00000,-2.7897
93.96,0.70199,0.00000,0.00000,0.00000,-2.7426
93.97,0.70541,0.00000,0.00000,0.00000,-2.6820
93.98,0.70883,0.00000,0.00000,0.00000,-2.6104
93.99,0.71225,0.00000,0.00000,0.00000,-2.5295
94.00,0.71437,0.00000,0.00000,0.00000,-2.4411
94.01,0.71582,0.00000,0.00000,0.00000,-2.3465
94.02,0.71728,0.00000,0.00000,0.00000,-2.2468
94.03,0.71875,0.00000,0.00000,0.00000,-2.1431
94.04,0.72020,0.00000,0.00000,0.00000,-2.0868
94.05,0.72166,0.00000,0.00000,0.00000,-2.0199
94.06,0.72313,0.00000,0.00000,0.00000,-1.9441
94.07,0.72407,0.00000,0.00000,0.00000,-1.8610
94.08,0.72336,0.00000,0.00000,0.00000,-1.7720
94.09,0.72265,0.00000,0.00000,0.00000,-1.6781
94.10,0.72194,0.00000,0.00000,0.00000,-1.5803
94.11,0.72124,0.00000,0.00000,0.00000,-1.5201
94.12,0.72053,0.00000,0.00000,0.00000,-1.4509
94.13,0.71982,0.00000,0.00000,0.00000,-1.3743
94.14,0.71911,0.00000,0.00000,0.00000,-1.2916
94.15,0.71654,0.00000,0.00000,0.00000,-1.2040
94.16,0.71377,0.00000,0.00000,0.00000,-1.1124
94.17,0.71099,0.00000,0.00000,0.00000,-1.0176
94.18,0.70823,0.00000,0.00000,0.00000,-0.9514
94.19,0.70545,0.00000,0.00000,0.00000,-0.8781
94.20,0.70266,0.00000,0.00000,0.00000,-0.7991
94.21,0.69996,0.00000,0.00000,0.00000,-0.7155
94.22,0.69876,0.00000,0.00000,0.00000,-0.6282
94.23,0.69737,0.00000,0.00000,0.00000,-0.5378
94.24,0.69598,0.00000,0.00000,0.00000,-0.4451
94.25,0.69459,0.00000,0.00000,0.00000,-0.3723
94.26,0.69320,0.00000,0.00000,0.00000,-0.2945
94.27,0.69180,0.00000,0.00000,0.00000,-0.2127
94.28,0.69040,0.00000,0.00000,0.00000,-0.1277
94.29,0.68885,0.00000,0.00000,0.00000,-0.0402
94.30,0.68709,0.00000,0.00000,0.00000,0.0494
94.31,0.68534,0.00000,0.00000,0.00000,0.1405
94.32,0.68358,0.00000,0.00000,0.00000,0.2329
94.33,0.68183,0.00000,0.00000,0.00000,0.3133
94.34,0.68007,0.00000,0.00000,0.00000,0.3963
94.35,0.67830,0.00000,0.00000,0.00000,0.4815
94.36,0.67648,0.00000,0.00000,0.00000,0.5682
94.37,0.67451,0.00000,0.00000,0.00000,0.6562
94.38,0.67254,0.00000,0.00000,0.00000,0.7451
94.39,0.67057,0.00000,0.00000,0.00000,0.8348
94.40,0.66860,0.00000,0.00000,0.00000,0.9208
94.41,0.66663,0.00000,0.00000,0.00000,1.0078
94.42,0.66465,0.00000,0.00000,0.00000,1.0953
94.43,0.66265,0.00000,0.00000,0.00000,1.1831
94.44,0.66058,0.00000,0.00000,0.00000,1.2711
94.45,0.65851,0.00000,0.00000,0.00000,1.3593
94.46,0.65644,0.00000,0.00000,0.00000,1.4475
94.47,0.65436,0.00000,0.00000,0.00000,1.5402
94.48,0.65229,0.00000,0.00000,0.00000,1.6318
94.49,0.65021,0.00000,0.00000,0.00000,1.7224
94.50,0.62085,0.00000,0.00000,0.00000,1.8120
94.51,0.56085,0.00000,0.00000,0.00000,1.9005
94.52,0.50085,0.00000,0.00000,0.00000,1.9881
94.53,0.44085,0.00000,0.00000,0.00000,2.0746
94.54,0.42990,0.00000,0.00000,0.00000,2.1733
94.55,0.42919,0.00000,0.00000,0.00000,2.2685
94.56,0.36919,0.06400,0.03200,0.04000,2.3605
94.57,0.30919,0.12800,0.06400,0.08000,2.4497
94.58,0.24919,0.19200,0.09600,0.12000,2.5361
94.59,0.18919,0.25600,0.12800,0.16000,2.6201
94.60,0.12919,0.32000,0.16000,0.20000,2.7014
94.61,0.06919,0.38400,0.19200,0.24000,2.8024
94.62,0.00919,0.44800,0.22400,0.28000,2.8970
94.63,0.00000,0.51200,0.25600,0.32000,2.9856
94.64,0.00000,0.53318,0.26659,0.33324,3.0687
94.65,0.00000,0.54311,0.27156,0.33944,3.1471
94.66,0.00000,0.55268,0.27634,0.34542,3.2215
94.67,0.00000,0.56190,0.28095,0.35119,3.2921
94.68,0.00000,0.57087,0.28544,0.35680,3.3906
94.69,0.00000,0.57946,0.28973,0.36216,3.4808
94.70,0.00000,0.58787,0.29393,0.36742,3.5639
94.71,0.00000,0.59619,0.29809,0.37262,3.6406
94.72,0.00000,0.60423,0.30211,0.37764,3.7118
94.73,0.00000,0.61201,0.30600,0.38250,3.7783
94.74,0.00000,0.61953,0.30977,0.38721,3.8406
94.75,0.00000,0.62691,0.31345,0.39182,3.9396
94.76,0.00000,0.63396,0.31698,0.39623,4.0285
94.77,0.00000,0.64047,0.32023,0.40078,4.1086
94.78,0.00000,0.64424,0.32212,0.40707,4.1812
94.79,0.00000,0.64791,0.32396,0.41319,4.2470
94.80,0.00000,0.65147,0.32574,0.41912,4.3071
94.81,0.00000,0.65493,0.32747,0.42489,4.3622
94.82,0.00000,0.65835,0.32918,0.43059,4.4630
94.83,0.00000,0.66162,0.33081,0.43603,4.5515
94.84,0.00000,0.66480,0.33240,0.44133,4.6295
94.85,0.00000,0.66804,0.33402,0.44673,4.6984
94.86,0.00000,0.67119,0.33559,0.45198,4.7594
94.87,0.00000,0.67425,0.33713,0.45709,4.8135
94.88,0.00000,0.67723,0.33862,0.46205,4.8616
94.89,0.00000,0.68019,0.34010,0.46699,4.9646
94.90,0.00000,0.68301,0.34150,0.47168,5.0531
94.91,0.00000,0.68574,0.34287,0.47624,5.1293
94.92,0.00000,0.68851,0.34425,0.48085,5.1947
94.93,0.00000,0.69125,0.34562,0.48541,5.2509
94.94,0.00000,0.69391,0.34696,0.48985,5.2991
94.95,0.00000,0.69650,0.34825,0.49417,5.3403
94.96,0.00000,0.69910,0.34955,0.49849,5.4459
94.97,0.00000,0.70154,0.35077,0.50257,5.5347
94.98,0.00000,0.70392,0.35196,0.50653,5.6091
94.99,0.00000,0.70627,0.35313,0.51045,5.6711
95.00,0.00000,0.70867,0.35434,0.51445,5.7225
95.01,0.00000,0.71101,0.35550,0.51835,5.7648
95.02,0.00000,0.71328,0.35664,0.52213,5.7991
95.03,0.00000,0.71557,0.35779,0.52596,5.9078
95.04,0.00000,0.71772,0.35886,0.52953,5.9971
95.05,0.00000,0.71980,0.35990,0.53300,6.0699
95.06,0.00000,0.72182,0.36091,0.53637,6.1287
95.07,0.00000,0.72390,0.36195,0.53984,6.1753
95.08,0.00000,0.72597,0.36298,0.54328,6.2116
95.09,0.00000,0.72797,0.36399,0.54662,6.2389
95.10,0.00000,0.72992,0.36496,0.54987,6.2584
95.11,0.00000,0.73192,0.36596,0.55319,6.3642
95.12,0.00000,0.73375,0.36688,0.55625,6.4487
95.13,0.00000,0.73553,0.36777,0.55922,6.5152
95.14,0.00000,0.73727,0.36864,0.56212,6.5663
95.15,0.00000,0.73912,0.36956,0.56519,6.6044
95.16,0.00000,0.74090,0.37045,0.56817,6.6311
95.17,0.00000,0.74264,0.37132,0.57106,6.6482
95.18,0.00000,0.74443,0.37222,0.57406,6.7621
95.19,0.00000,0.74606,0.37303,0.57677,6.8514
95.20,0.00000,0.74764,0.37382,0.57941,6.9199
95.21,0.00000,0.74918,0.37459,0.58196,6.9708
95.22,0.00000,0.75071,0.37535,0.58452,7.0066
95.23,0.00000,0.75231,0.37616,0.58719,7.0296
95.24,0.00000,0.75387,0.37694,0.58979,7.0415
95.25,0.00000,0.75538,0.37769,0.59230,7.0439
95.26,0.00000,0.75697,0.37848,0.59495,7.1563
95.27,0.00000,0.75838,0.37919,0.59730,7.2422
95.28,0.00000,0.75974,0.37987,0.59957,7.3056
95.29,0.00000,0.76107,0.38053,0.60178,7.3500
95.30,0.00000,0.76241,0.38121,0.60402,7.3782
95.31,0.00000,0.76382,0.38191,0.60636,7.3926
95.32,0.00000,0.76518,0.38259,0.60864,7.3952
95.33,0.00000,0.76665,0.38332,0.61108,7.5188
95.34,0.00000,0.76792,0.38396,0.61319,7.6124
95.35,0.00000,0.76914,0.38457,0.61524,7.6806
95.36,0.00000,0.77033,0.38516,0.61721,7.7271
95.37,0.00000,0.77147,0.38574,0.61912,7.7553
95.38,0.00000,0.77263,0.38632,0.62106,7.7678
95.39,0.00000,0.77388,0.38694,0.62313,7.7670
95.40,0.00000,0.77508,0.38754,0.62513,7.7548
95.41,0.00000,0.77640,0.38820,0.62734,7.8779
95.42,0.00000,0.77752,0.38876,0.62920,7.9690
95.43,0.00000,0.77859,0.38930,0.63098,8.0332
95.44,0.00000,0.77962,0.38981,0.63271,8.0744
95.45,0.00000,0.78062,0.39031,0.63437,8.0961
95.46,0.00000,0.78159,0.39080,0.63599,8.1013
95.47,0.00000,0.78270,0.39135,0.63783,8.0924
95.48,0.00000,0.78377,0.39188,0.63961,8.0715
95.49,0.00000,0.78498,0.39249,0.64163,8.2000
95.50,0.00000,0.78596,0.39298,0.64327,8.2938
95.51,0.00000,0.78691,0.39345,0.64485,8.3583
95.52,0.00000,0.78782,0.39391,0.64636,8.3981
95.53,0.00000,0.78869,0.39434,0.64781,8.4169
95.54,0.00000,0.78952,0.39476,0.64920,8.4178
95.55,0.00000,0.79045,0.39523,0.65075,8.4036
95.56,0.00000,0.79141,0.39570,0.65235,8.3764
95.57,0.00000,0.79254,0.39627,0.65423,8.5125
95.58,0.00000,0.79341,0.39671,0.65568,8.6108
95.59,0.00000,0.79425,0.39712,0.65708,8.6774
95.60,0.00000,0.79505,0.39753,0.65842,8.7172
95.61,0.00000,0.79582,0.39791,0.65970,8.7345
95.62,0.00000,0.79655,0.39827,0.66092,8.7326
95.63,0.00000,0.79726,0.39863,0.66210,8.7144
95.64,0.00000,0.79813,0.39907,0.66355,8.6824
95.65,0.00000,0.79896,0.39948,0.66494,8.6386
95.66,0.00000,0.79998,0.39999,0.66664,8.7714
95.67,0.00000,0.80074,0.40037,0.66790,8.8653
95.68,0.00000,0.80145,0.40073,0.66909,8.9264
95.69,0.00000,0.80214,0.40107,0.67023,8.9600
95.70,0.00000,0.80278,0.40139,0.67131,8.9704
95.71,0.00000,0.80340,0.40170,0.67233,8.9611
95.72,0.00000,0.80404,0.40202,0.67339,8.9352
95.73,0.00000,0.80480,0.40240,0.67467,8.8952
95.74,0.00000,0.80577,0.40289,0.67629,9.0384
95.75,0.00000,0.80646,0.40323,0.67743,9.1397
95.76,0.00000,0.80711,0.40356,0.67852,9.2058
95.77,0.00000,0.80773,0.40386,0.67955,9.2423
95.78,0.00000,0.80831,0.40416,0.68052,9.2538
95.79,0.00000,0.80886,0.40443,0.68143,9.2442
95.80,0.00000,0.80938,0.40469,0.68229,9.2168
95.81,0.00000,0.80991,0.40495,0.68318,9.1743
95.82,0.00000,0.81059,0.40530,0.68432,9.1190
95.83,0.00000,0.81150,0.40575,0.68583,9.2550
95.84,0.00000,0.81210,0.40605,0.68683,9.3489
95.85,0.00000,0.81267,0.40634,0.68778,9.4075
95.86,0.00000,0.81321,0.40660,0.68868,9.4364
95.87,0.00000,0.81371,0.40685,0.68951,9.4402
95.88,0.00000,0.81418,0.40709,0.69029,9.4230
95.89,0.00000,0.81461,0.40731,0.69102,9.3879
95.90,0.00000,0.81502,0.40751,0.69169,9.3377
95.91,0.00000,0.81561,0.40781,0.69268,9.2748
95.92,0.00000,0.81647,0.40823,0.69412,9.4093
95.93,0.00000,0.81701,0.40851,0.69502,9.5009
95.94,0.00000,0.81752,0.40876,0.69586,9.5565
95.95,0.00000,0.81799,0.40899,0.69665,9.5819
95.96,0.00000,0.81843,0.40921,0.69738,9.5818
95.97,0.00000,0.81883,0.40942,0.69805,9.5602
95.98,0.00000,0.81921,0.40960,0.69868,9.5205
95.99,0.00000,0.81955,0.40977,0.69925,9.4654
96.00,0.00000,0.81994,0.40997,0.69990,9.3973
96.01,0.00000,0.82077,0.41039,0.70129,9.5332
96.02,0.00000,0.82127,0.41064,0.70212,9.6250
96.03,0.00000,0.82173,0.41087,0.70289,9.6801
96.04,0.00000,0.82216,0.41108,0.70360,9.7041
96.05,0.00000,0.82255,0.41128,0.70426,9.7022
96.06,0.00000,0.82291,0.41146,0.70486,9.6782
96.07,0.00000,0.82324,0.41162,0.70540,9.6358
96.08,0.00000,0.82354,0.41177,0.70590,9.5776
96.09,0.00000,0.82380,0.41190,0.70634,9.5061
96.10,0.00000,0.82415,0.41207,0.70691,9.4234
96.11,0.00000,0.82494,0.41247,0.70824,9.5541
96.12,0.00000,0.82538,0.41269,0.70897,9.6409
96.13,0.00000,0.82578,0.41289,0.70964,9.6910
96.14,0.00000,0.82615,0.41308,0.71025,9.7102
96.15,0.00000,0.82648,0.41324,0.71081,9.7035
96.16,0.00000,0.82678,0.41339,0.71131,9.6749
96.17,0.00000,0.82705,0.41353,0.71175,9.6278
96.18,0.00000,0.82728,0.41364,0.71214,9.5652
96.19,0.00000,0.82749,0.41374,0.71248,9.4894
96.20,0.00000,0.82804,0.41402,0.71340,9.6328
96.21,0.00000,0.82848,0.41424,0.71413,9.7294
96.22,0.00000,0.82888,0.41444,0.71480,9.7870
96.23,0.00000,0.82924,0.41462,0.71540,9.8121
96.24,0.00000,0.82957,0.41478,0.71595,9.8100
96.25,0.00000,0.82986,0.41493,0.71643,9.7849
96.26,0.00000,0.83012,0.41506,0.71686,9.7403
96.27,0.00000,0.83034,0.41517,0.71723,9.6794
96.28,0.00000,0.83053,0.41527,0.71755,9.6047
96.29,0.00000,0.83069,0.41534,0.71781,9.5181
96.30,0.00000,0.83117,0.41558,0.71861,9.6611
96.31,0.00000,0.83143,0.41572,0.71906,9.7568
96.32,0.00000,0.83182,0.41591,0.71970,9.8128
96.33,0.00000,0.83216,0.41608,0.72027,9.8357
96.34,0.00000,0.83247,0.41624,0.72079,9.8312
96.35,0.00000,0.83274,0.41637,0.72124,9.8037
96.36,0.00000,0.83298,0.41649,0.72163,9.7568
96.37,0.00000,0.83318,0.41659,0.72196,9.6936
96.38,0.00000,0.83334,0.41667,0.72224,9.6165
96.39,0.00000,0.83347,0.41674,0.72246,9.5276
96.40,0.00000,0.83357,0.41679,0.72262,9.4288
96.41,0.00000,0.83402,0.41701,0.72337,9.5716
96.42,0.00000,0.83422,0.41711,0.72369,9.6666
96.43,0.00000,0.83457,0.41729,0.72428,9.7217
96.44,0.00000,0.83489,0.41744,0.72481,9.7434
96.45,0.00000,0.83516,0.41758,0.72527,9.7369
96.46,0.00000,0.83540,0.41770,0.72567,9.7075
96.47,0.00000,0.83560,0.41780,0.72600,9.6588
96.48,0.00000,0.83576,0.41788,0.72627,9.5938
96.49,0.00000,0.83589,0.41794,0.72648,9.5151
96.50,0.00000,0.83598,0.41799,0.72664,9.4246
96.51,0.00000,0.83604,0.41802,0.72673,9.3243
96.52,0.00000,0.83649,0.41824,0.72748,9.4764
96.53,0.00000,0.83647,0.41823,0.72745,9.5791
96.54,0.00000,0.83676,0.41838,0.72794,9.6404
96.55,0.00000,0.83708,0.41854,0.72846,9.6672
96.56,0.00000,0.83735,0.41867,0.72892,9.6648
96.57,0.00000,0.83758,0.41879,0.72930,9.6379
96.58,0.00000,0.83777,0.41889,0.72962,9.5909
96.59,0.00000,0.83792,0.41896,0.72987,9.5272
96.60,0.00000,0.83804,0.41902,0.73006,9.4494
96.61,0.00000,0.83811,0.41906,0.73019,9.3598
96.62,0.00000,0.83815,0.41908,0.73025,9.2602
96.63,0.00000,0.83862,0.41931,0.73104,9.4238
96.64,0.00000,0.83858,0.41929,0.73097,9.5361
96.65,0.00000,0.83851,0.41925,0.73084,9.6054
96.66,0.00000,0.83870,0.41935,0.73117,9.6388
96.67,0.00000,0.83901,0.41950,0.73168,9.6419
96.68,0.00000,0.83927,0.41963,0.73211,9.6195
96.69,0.00000,0.83948,0.41974,0.73247,9.5756
96.70,0.00000,0.83965,0.41983,0.73276,9.5137
96.71,0.00000,0.83979,0.41989,0.73298,9.4366
96.72,0.00000,0.83988,0.41994,0.73313,9.3475
96.73,0.00000,0.83993,0.41996,0.73321,9.2482
96.74,0.00000,0.83994,0.41997,0.73323,9.1403
96.75,0.00000,0.84043,0.42022,0.73406,9.3094
96.76,0.00000,0.84036,0.42018,0.73393,9.4261
96.77,0.00000,0.84025,0.42012,0.73375,9.4991
96.78,0.00000,0.84010,0.42005,0.73350,9.5354
96.79,0.00000,0.84034,0.42017,0.73389,9.5409
96.80,0.00000,0.84063,0.42031,0.73438,9.5204
96.81,0.00000,0.84087,0.42043,0.73478,9.4781
96.82,0.00000,0.84106,0.42053,0.73510,9.4173
96.83,0.00000,0.84121,0.42060,0.73535,9.3409
96.84,0.00000,0.84131,0.42066,0.73552,9.2512
96.85,0.00000,0.84137,0.42069,0.73562,9.1505
96.86,0.00000,0.84139,0.42070,0.73565,9.0414
96.87,0.00000,0.84137,0.42068,0.73561,8.9253
96.88,0.00000,0.84189,0.42095,0.73649,9.1014
96.89,0.00000,0.84177,0.42089,0.73629,9.2241
96.90,0.00000,0.84162,0.42081,0.73603,9.3020
96.91,0.00000,0.84142,0.42071,0.73571,9.3424
96.92,0.00000,0.84126,0.42063,0.73544,9.3514
96.93,0.00000,0.84159,0.42080,0.73599,9.3339
96.94,0.00000,0.84187,0.42093,0.73645,9.2941
96.95,0.00000,0.84209,0.42105,0.73682,9.2354
96.96,0.00000,0.84226,0.42113,0.73711,9.1608
96.97,0.00000,0.84239,0.42119,0.73731,9.0726
96.98,0.00000,0.84246,0.42123,0.73743,8.9730
96.99,0.00000,0.84249,0.42124,0.73748,8.8637
97.00,0.00000,0.84247,0.42123,0.73744,8.7463
97.01,0.00000,0.84308,0.42154,0.73846,8.9355
97.02,0.00000,0.84295,0.42148,0.73826,9.0693
97.03,0.00000,0.84279,0.42139,0.73798,9.1566
97.04,0.00000,0.84258,0.42129,0.73763,9.2051
97.05,0.00000,0.84233,0.42116,0.73722,9.2209
97.06,0.00000,0.84204,0.42102,0.73673,9.2091
97.07,0.00000,0.84153,0.42077,0.73589,9.1741
97.08,0.00000,0.84076,0.42038,0.73459,9.1196
97.09,0.00000,0.83996,0.41998,0.73327,9.0485
97.10,0.00000,0.83915,0.41958,0.73192,8.9634
97.11,0.00000,0.83832,0.41916,0.73053,8.8665
97.12,0.00000,0.83747,0.41874,0.72912,8.7596
97.13,0.00000,0.83660,0.41830,0.72767,8.6443
97.14,0.00000,0.83572,0.41786,0.72620,8.5219
97.15,0.00000,0.83549,0.41774,0.72581,8.7205
97.16,0.00000,0.83456,0.41728,0.72426,8.8612
97.17,0.00000,0.83361,0.41681,0.72269,8.9542
97.18,0.00000,0.83266,0.41633,0.72109,9.0078
97.19,0.00000,0.83168,0.41584,0.71947,9.0283
97.20,0.00000,0.83069,0.41535,0.71782,9.0210
97.21,0.00000,0.82969,0.41485,0.71615,8.9903
97.22,0.00000,0.82868,0.41434,0.71446,8.9397
97.23,0.00000,0.82631,0.41315,0.71051,8.8724
97.24,0.00000,0.82283,0.41141,0.70471,8.7911
97.25,0.00000,0.81940,0.40970,0.69900,8.6980
97.26,0.00000,0.81604,0.40802,0.69339,8.5950
97.27,0.00000,0.81273,0.40636,0.68788,8.4837
97.28,0.00000,0.80948,0.40474,0.68246,8.3657
97.29,0.00000,0.80628,0.40314,0.67713,8.2420
97.30,0.00000,0.80352,0.40176,0.67254,8.4559
97.31,0.00000,0.80043,0.40022,0.66739,8.6105
97.32,0.00000,0.79739,0.39870,0.66232,8.7157
97.33,0.00000,0.79440,0.39720,0.65734,8.7796
97.34,0.00000,0.79147,0.39573,0.65244,8.8090
97.35,0.00000,0.78858,0.39429,0.64763,8.8106
97.36,0.00000,0.78574,0.39287,0.64290,8.7891
97.37,0.00000,0.78295,0.39147,0.63825,8.7482
97.38,0.00000,0.78021,0.39010,0.63368,8.6909
97.39,0.00000,0.77751,0.38876,0.62919,8.6198
97.40,0.00000,0.77414,0.38707,0.62357,8.5372
97.41,0.00000,0.76931,0.38466,0.61552,8.4449
97.42,0.00000,0.76456,0.38228,0.60760,8.3446
97.43,0.00000,0.75989,0.37994,0.59981,8.2377
97.44,0.00000,0.75530,0.37765,0.59216,8.1254
97.45,0.00000,0.75079,0.37539,0.58465,8.0087
97.46,0.00000,0.74635,0.37318,0.57726,7.8885
97.47,0.00000,0.74211,0.37105,0.57018,8.1258
97.48,0.00000,0.73783,0.36891,0.56305,8.3026
97.49,0.00000,0.73362,0.36681,0.55604,8.4290
97.50,0.00000,0.72949,0.36474,0.54915,8.5133
97.51,0.00000,0.72543,0.36271,0.54238,8.5625
97.52,0.00000,0.72144,0.36072,0.53573,8.5822
97.53,0.00000,0.71752,0.35876,0.52920,8.5772
97.54,0.00000,0.71367,0.35683,0.52278,8.5527
97.55,0.00000,0.70989,0.35494,0.51648,8.5121
97.56,0.00000,0.70617,0.35308,0.51028,8.4580
97.57,0.00000,0.70252,0.35126,0.50420,8.3925
97.58,0.00000,0.69893,0.34947,0.49822,8.3174
97.59,0.00000,0.69492,0.34746,0.49153,8.2344
97.60,0.00000,0.69089,0.34545,0.48482,8.1448
97.61,0.00000,0.68693,0.34346,0.47821,8.0498
97.62,0.00000,0.68303,0.34151,0.47171,7.9504
97.63,0.00000,0.67919,0.33959,0.46531,7.8473
97.64,0.00000,0.67541,0.33771,0.45902,7.7414
97.65,0.00000,0.67176,0.33588,0.45294,8.0134
97.66,0.00000,0.66811,0.33405,0.44684,8.2220
97.67,0.00000,0.66451,0.33225,0.44085,8.3778
97.68,0.00000,0.66097,0.33048,0.43495,8.4894
97.69,0.00000,0.65749,0.32874,0.42915,8.5641
97.70,0.00000,0.65406,0.32703,0.42344,8.6076
97.71,0.00000,0.65069,0.32535,0.41782,8.6251
97.72,0.00000,0.64737,0.32369,0.41229,8.6205
97.73,0.00000,0.64411,0.32206,0.40685,8.5975
97.74,0.00000,0.64090,0.32045,0.40151,8.5603
97.75,0.00000,0.63587,0.31793,0.39742,8.5113
97.76,0.00000,0.63016,0.31508,0.39385,8.4523
97.77,0.00000,0.62454,0.31227,0.39034,8.3850
97.78,0.00000,0.61867,0.30933,0.38667,8.3106
97.79,0.00000,0.61228,0.30614,0.38268,8.2304
97.80,0.00000,0.60598,0.30299,0.37873,8.1454
97.81,0.00000,0.59975,0.29987,0.37484,8.0564
97.82,0.00000,0.59359,0.29680,0.37099,7.9642
97.83,0.00000,0.58753,0.29377,0.36721,8.2701
97.84,0.00000,0.58153,0.29076,0.36345,8.5089
97.85,0.00000,0.57560,0.28780,0.35975,8.6919
97.86,0.00000,0.56974,0.28487,0.35608,8.8280
97.87,0.00000,0.56395,0.28197,0.35247,8.9248
97.88,0.00000,0.55823,0.27911,0.34889,8.9886
97.89,0.00000,0.55257,0.27629,0.34536,9.0245
97.90,0.00000,0.54699,0.27350,0.34187,9.0370
97.91,0.00000,0.54148,0.27074,0.33842,9.0296
97.92,0.00000,0.53603,0.26801,0.33502,9.0065
97.93,0.00000,0.53064,0.26532,0.33165,8.9701
97.94,0.00000,0.52532,0.26266,0.32833,8.9228
97.95,0.00000,0.52006,0.26003,0.32504,8.8675
97.96,0.00000,0.51487,0.25744,0.32179,8.8053
97.97,0.00000,0.50974,0.25487,0.31859,8.7375
97.98,0.00000,0.50467,0.25234,0.31542,8.6648
97.99,0.00000,0.49887,0.24944,0.31179,8.5882
98.00,0.00000,0.49311,0.24656,0.30820,8.5084
98.01,0.00000,0.48741,0.24371,0.30463,8.4258
98.02,0.00000,0.48176,0.24088,0.30110,8.3411
98.03,0.00000,0.47606,0.23803,0.29754,8.6812
98.04,0.00000,0.47052,0.23526,0.29407,8.9508
98.05,0.00000,0.46502,0.23251,0.29064,9.1614
98.06,0.00000,0.45958,0.22979,0.28724,9.3226
98.07,0.00000,0.45418,0.22709,0.28386,9.4423
98.08,0.00000,0.44883,0.22442,0.28052,9.5271
98.09,0.00000,0.44353,0.22177,0.27721,9.5824
98.10,0.00000,0.43828,0.21914,0.27392,9.6127
98.11,0.00000,0.43307,0.21653,0.27067,9.6218
98.12,0.00000,0.42791,0.21395,0.26744,9.6132
98.13,0.00000,0.42279,0.21139,0.26424,9.5894
98.14,0.00000,0.41771,0.20885,0.26107,9.5528
98.15,0.00000,0.41267,0.20634,0.25792,9.5054
98.16,0.00000,0.40768,0.20384,0.25480,9.4504
98.17,0.00000,0.40273,0.20136,0.25171,9.3888
98.18,0.00000,0.39782,0.19891,0.24864,9.3218
98.19,0.00000,0.39295,0.19647,0.24559,9.2502
98.20,0.00000,0.38753,0.19377,0.24221,9.1748
98.21,0.00000,0.38211,0.19105,0.23882,9.0964
98.22,0.00000,0.37671,0.18835,0.23544,9.0153
98.23,0.00000,0.37134,0.18567,0.23209,8.9323
98.24,0.00000,0.36574,0.18287,0.22859,9.3047
98.25,0.00000,0.36043,0.18021,0.22527,9.6017
98.26,0.00000,0.35514,0.17757,0.22196,9.8355
98.27,0.00000,0.34987,0.17493,0.21867,10.0164
98.28,0.00000,0.34462,0.17231,0.21539,10.1528
98.29,0.00000,0.33940,0.16970,0.21213,10.2517
98.30,0.00000,0.33420,0.16710,0.20887,10.3188
98.31,0.00000,0.32901,0.16451,0.20563,10.3592
98.32,0.00000,0.32384,0.16192,0.20240,10.3769
98.33,0.00000,0.31869,0.15935,0.19918,10.3753
98.34,0.00000,0.31355,0.15678,0.19597,10.3575
98.35,0.00000,0.30843,0.15421,0.19277,10.3259
98.36,0.00000,0.30332,0.15166,0.18957,10.2826
98.37,0.00000,0.29822,0.14911,0.18639,10.2299
98.38,0.00000,0.29313,0.14656,0.18320,10.1701
98.39,0.00000,0.28804,0.14402,0.18003,10.1042
98.40,0.00000,0.28297,0.14148,0.17685,10.0333
98.41,0.00000,0.27774,0.13887,0.17359,9.9583
98.42,0.00000,0.27231,0.13615,0.17019,9.8797
98.43,0.00000,0.26687,0.13343,0.16679,9.7983
98.44,0.00000,0.26141,0.13070,0.16338,9.7147
98.45,0.00000,0.25547,0.12774,0.15967,10.1225
98.46,0.00000,0.24998,0.12499,0.15624,10.4487
98.47,0.00000,0.24446,0.12223,0.15279,10.7066
98.48,0.00000,0.23892,0.11946,0.14933,10.9073
98.49,0.00000,0.23335,0.11667,0.14584,11.0598
98.50,0.00000,0.22774,0.11387,0.14234,11.1717
98.51,0.00000,0.14774,0.07387,0.09234,11.2493
98.52,0.00000,0.06774,0.03387,0.04234,11.2983
98.53,0.03000,0.00000,0.00000,0.00000,11.3235
98.54,0.06000,0.00000,0.00000,0.00000,11.3294
98.55,0.09000,0.00000,0.00000,0.00000,11.3200
98.56,0.12000,0.00000,0.00000,0.00000,11.2985
98.57,0.15000,0.00000,0.00000,0.00000,11.2679
98.58,0.18000,0.00000,0.00000,0.00000,11.2304
98.59,0.20000,0.00000,0.00000,0.00000,11.1888
98.60,0.20000,0.00000,0.00000,0.00000,11.1448
98.61,0.20000,0.00000,0.00000,0.00000,11.0988
98.62,0.20000,0.00000,0.00000,0.00000,11.0511
98.63,0.20000,0.00000,0.00000,0.00000,11.0021
98.64,0.20000,0.00000,0.00000,0.00000,10.9521
98.65,0.20000,0.00000,0.00000,0.00000,10.9013
98.66,0.20000,0.00000,0.00000,0.00000,10.8498
98.67,0.20000,0.00000,0.00000,0.00000,11.3380
98.68,0.20000,0.00000,0.00000,0.00000,11.7381
98.69,0.20000,0.00000,0.00000,0.00000,12.0645
98.70,0.20000,0.00000,0.00000,0.00000,12.3292
98.71,0.20000,0.00000,0.00000,0.00000,12.5418
98.72,0.20000,0.00000,0.00000,0.00000,12.7105
98.73,0.20000,0.00000,0.00000,0.00000,12.8420
98.74,0.20000,0.00000,0.00000,0.00000,12.9419
98.75,0.20000,0.00000,0.00000,0.00000,13.0152
98.76,0.20000,0.00000,0.00000,0.00000,13.0656
98.77,0.20000,0.00000,0.00000,0.00000,13.0968
98.78,0.20000,0.00000,0.00000,0.00000,13.1115
98.79,0.20000,0.00000,0.00000,0.00000,13.1125
98.80,0.20000,0.00000,0.00000,0.00000,13.1021
98.81,0.20000,0.00000,0.00000,0.00000,13.0819
98.82,0.20000,0.00000,0.00000,0.00000,13.0536
98.83,0.20000,0.00000,0.00000,0.00000,13.0183
98.84,0.20000,0.00000,0.00000,0.00000,12.9771
98.85,0.20000,0.00000,0.00000,0.00000,12.9310
98.86,0.20000,0.00000,0.00000,0.00000,12.8806
98.87,0.20000,0.00000,0.00000,0.00000,13.4231
98.88,0.20000,0.00000,0.00000,0.00000,13.8659
98.89,0.14000,0.06400,0.03200,0.04000,14.2253
98.90,0.08000,0.12800,0.06400,0.08000,14.5122
98.91,0.02000,0.19200,0.09600,0.12000,14.7355
98.92,0.00000,0.25600,0.12800,0.16000,14.9022
98.93,0.00000,0.32000,0.16000,0.20000,15.0194
98.94,0.00000,0.38400,0.19200,0.24000,15.0938
98.95,0.00000,0.37926,0.18963,0.23704,15.1307
98.96,0.00000,0.37424,0.18712,0.23390,15.1358
98.97,0.00000,0.36923,0.18461,0.23077,15.1139
98.98,0.00000,0.36424,0.18212,0.22765,15.0691
98.99,0.00000,0.35926,0.17963,0.22454,15.0049
99.00,0.00000,0.35430,0.17715,0.22144,14.9240
99.01,0.00000,0.34935,0.17467,0.21834,14.8292
99.02,0.00000,0.34441,0.17220,0.21526,14.7226
99.03,0.00000,0.33961,0.16980,0.21225,14.6061
99.04,0.00000,0.33506,0.16753,0.20941,14.4815
99.05,0.00000,0.33052,0.16526,0.20658,14.3500
99.06,0.00000,0.32600,0.16300,0.20375,14.2129
99.07,0.00000,0.32148,0.16074,0.20093,14.0712
99.08,0.00000,0.31667,0.15834,0.19792,14.6038
99.09,0.00000,0.31217,0.15609,0.19511,15.0234
99.10,0.00000,0.30768,0.15384,0.19230,15.3486
99.11,0.00000,0.30320,0.15160,0.18950,15.5946
99.12,0.00000,0.29871,0.14936,0.18670,15.7741
99.13,0.00000,0.29424,0.14712,0.18390,15.8975
99.14,0.00000,0.28977,0.14488,0.18110,15.9736
99.15,0.00000,0.28530,0.14265,0.17831,16.0097
99.16,0.00000,0.28083,0.14041,0.17552,16.0120
99.17,0.00000,0.27636,0.13818,0.17272,15.9857
99.18,0.00000,0.27189,0.13594,0.16993,15.9352
99.19,0.00000,0.26742,0.13371,0.16713,15.8642
99.20,0.00000,0.26294,0.13147,0.16434,15.7756
99.21,0.00000,0.25846,0.12923,0.16154,15.6715
99.22,0.00000,0.25397,0.12698,0.15873,15.5545
99.23,0.00000,0.24947,0.12474,0.15592,15.4266
99.24,0.00000,0.24514,0.12257,0.15321,15.2897
99.25,0.00000,0.24104,0.12052,0.15065,15.1453
99.26,0.00000,0.23693,0.11846,0.14808,14.9948
99.27,0.00000,0.23281,0.11640,0.14550,14.8394
99.28,0.00000,0.22839,0.11420,0.14275,15.4707
99.29,0.00000,0.14839,0.07420,0.09275,15.9704
99.30,0.00000,0.06839,0.03420,0.04275,16.3608
99.31,0.03000,0.00000,0.00000,0.00000,16.6600
99.32,0.06000,0.00000,0.00000,0.00000,16.8841
99.33,0.09000,0.00000,0.00000,0.00000,17.0461
99.34,0.12000,0.00000,0.00000,0.00000,17.1570
99.35,0.15000,0.00000,0.00000,0.00000,17.2262
99.36,0.18000,0.00000,0.00000,0.00000,17.2613
99.37,0.20000,0.00000,0.00000,0.00000,17.2690
99.38,0.20000,0.00000,0.00000,0.00000,17.2544
99.39,0.20000,0.00000,0.00000,0.00000,17.2209
99.40,0.20000,0.00000,0.00000,0.00000,17.1715
99.41,0.20000,0.00000,0.00000,0.00000,17.1071
99.42,0.20000,0.00000,0.00000,0.00000,17.0295
99.43,0.20000,0.00000,0.00000,0.00000,16.9409
99.44,0.20000,0.00000,0.00000,0.00000,16.8431
99.45,0.20000,0.00000,0.00000,0.00000,16.7375
99.46,0.20000,0.00000,0.00000,0.00000,16.6256
99.47,0.20000,0.00000,0.00000,0.00000,16.5082
99.48,0.20000,0.00000,0.00000,0.00000,16.3866
99.49,0.20000,0.00000,0.00000,0.00000,17.2207
99.50,0.20000,0.00000,0.00000,0.00000,17.8961
99.51,0.20000,0.00000,0.00000,0.00000,18.4390
99.52,0.20000,0.00000,0.00000,0.00000,18.8706
99.53,0.20000,0.00000,0.00000,0.00000,19.2087
99.54,0.20000,0.00000,0.00000,0.00000,19.4677
99.55,0.20000,0.00000,0.00000,0.00000,19.6599
99.56,0.20000,0.00000,0.00000,0.00000,19.7955
99.57,0.20000,0.00000,0.00000,0.00000,19.8832
99.58,0.20000,0.00000,0.00000,0.00000,19.9301
99.59,0.20000,0.00000,0.00000,0.00000,19.9424
99.60,0.20000,0.00000,0.00000,0.00000,19.9239
99.61,0.20000,0.00000,0.00000,0.00000,19.8776
99.62,0.14000,0.06400,0.03200,0.04000,19.8077
99.63,0.08000,0.12800,0.06400,0.08000,19.7149
99.64,0.02000,0.19200,0.09600,0.12000,19.5994
99.65,0.00000,0.25600,0.12800,0.16000,19.4614
99.66,0.00000,0.32000,0.16000,0.20000,19.3026
99.67,0.00000,0.38400,0.19200,0.24000,19.1252
99.68,0.00000,0.38768,0.19384,0.24230,18.9308
99.69,0.00000,0.38354,0.19177,0.23972,19.9292
99.70,0.00000,0.37949,0.18975,0.23718,20.7200
99.71,0.00000,0.37546,0.18773,0.23466,21.3371
99.72,0.00000,0.37144,0.18572,0.23215,21.8086
99.73,0.00000,0.36744,0.18372,0.22965,22.1577
99.74,0.00000,0.36346,0.18173,0.22716,22.4037
99.75,0.00000,0.35949,0.17975,0.22468,22.5625
99.76,0.00000,0.35554,0.17777,0.22221,22.6478
99.77,0.00000,0.35161,0.17581,0.21976,22.6708
99.78,0.00000,0.34769,0.17385,0.21731,22.6411
99.79,0.00000,0.34379,0.17190,0.21487,22.5669
99.80,0.00000,0.33991,0.16995,0.21244,22.4527
99.81,0.00000,0.33604,0.16802,0.21002,22.3036
99.82,0.00000,0.33218,0.16609,0.20761,22.1252
99.83,0.00000,0.32833,0.16417,0.20521,21.9221
99.84,0.00000,0.32453,0.16227,0.20283,21.6985
99.85,0.00000,0.32077,0.16038,0.20048,21.4578
99.86,0.00000,0.31702,0.15851,0.19814,21.2030
99.87,0.00000,0.31328,0.15664,0.19580,20.9366
99.88,0.00000,0.30952,0.15476,0.19345,22.2178
99.89,0.00000,0.30580,0.15290,0.19113,23.2387
99.90,0.00000,0.30210,0.15105,0.18881,24.0420
99.91,0.00000,0.29841,0.14920,0.18650,24.6630
99.92,0.00000,0.29473,0.14736,0.18420,25.1306
99.93,0.00000,0.29105,0.14553,0.18191,25.4691
99.94,0.00000,0.28739,0.14369,0.17962,25.6984
99.95,0.00000,0.28374,0.14187,0.17733,25.8356
99.96,0.00000,0.28009,0.14004,0.17506,25.8947
99.97,0.00000,0.27645,0.13823,0.17278,25.8878
99.98,0.00000,0.27282,0.13641,0.17051,25.8250
99.99,0.00000,0.26919,0.13460,0.16825,25.7150
100.00,0.00000,0.26558,0.13279,0.16599,25.5635
100.01,0.00000,0.26196,0.13098,0.16373,25.3747
100.02,0.00000,0.25835,0.12918,0.16147,25.1546
100.03,0.00000,0.25475,0.12738,0.15922,24.9083
100.04,0.00000,0.25116,0.12558,0.15697,24.6402
100.05,0.00000,0.24758,0.12379,0.15474,24.3540
100.06,0.00000,0.24400,0.12200,0.15250,24.0529
100.07,0.00000,0.24043,0.12021,0.15027,23.7396
100.08,0.00000,0.23683,0.11841,0.14802,24.7830
100.09,0.00000,0.23326,0.11663,0.14579,25.6525
100.10,0.00000,0.22968,0.11484,0.14355,26.3771
100.11,0.00000,0.22611,0.11305,0.14132,26.9809
100.12,0.00000,0.14611,0.07305,0.09132,27.4841
100.13,0.00000,0.06611,0.03305,0.04132,27.9034
100.14,0.03000,0.00000,0.00000,0.00000,28.2528
100.15,0.06000,0.00000,0.00000,0.00000,28.5440
100.16,0.09000,0.00000,0.00000,0.00000,28.7867
100.17,0.12000,0.00000,0.00000,0.00000,28.9889
100.18,0.15000,0.00000,0.00000,0.00000,29.1574
100.19,0.18000,0.00000,0.00000,0.00000,29.2979
100.20,0.20000,0.00000,0.00000,0.00000,29.3595
100.21,0.20000,0.00000,0.00000,0.00000,29.3522
100.22,0.20000,0.00000,0.00000,0.00000,29.2867
100.23,0.20000,0.00000,0.00000,0.00000,29.1721
100.24,0.20000,0.00000,0.00000,0.00000,29.0161
100.25,0.20000,0.00000,0.00000,0.00000,28.8252
100.26,0.20000,0.00000,0.00000,0.00000,28.6049
100.27,0.20000,0.00000,0.00000,0.00000,28.3601
100.28,0.20000,0.00000,0.00000,0.00000,28.6334
100.29,0.20000,0.00000,0.00000,0.00000,28.8612
100.30,0.20000,0.00000,0.00000,0.00000,29.0510
100.31,0.20000,0.00000,0.00000,0.00000,29.2092
100.32,0.20000,0.00000,0.00000,0.00000,29.3410
100.33,0.20000,0.00000,0.00000,0.00000,29.4508
100.34,0.20000,0.00000,0.00000,0.00000,29.5423
100.35,0.20000,0.00000,0.00000,0.00000,29.6186
100.36,0.20000,0.00000,0.00000,0.00000,29.6822
100.37,0.20000,0.00000,0.00000,0.00000,29.7352
100.38,0.20000,0.00000,0.00000,0.00000,29.7793
100.39,0.20000,0.00000,0.00000,0.00000,29.8161
100.40,0.20000,0.00000,0.00000,0.00000,29.8467
100.41,0.20000,0.00000,0.00000,0.00000,29.8723
100.42,0.20000,0.00000,0.00000,0.00000,29.8936
100.43,0.20000,0.00000,0.00000,0.00000,29.9113
100.44,0.14000,0.06400,0.03200,0.04000,29.9261
100.45,0.08000,0.12800,0.06400,0.08000,29.9384
100.46,0.02000,0.19200,0.09600,0.12000,29.9487
100.47,0.00000,0.25600,0.12800,0.16000,29.9572
100.48,0.00000,0.32000,0.16000,0.20000,29.9644
100.49,0.00000,0.38400,0.19200,0.24000,29.9703
100.50,0.00000,0.38873,0.19437,0.24296,29.9752
100.51,0.00000,0.38466,0.19233,0.24041,29.9794
100.52,0.00000,0.38061,0.19030,0.23788,29.9828
100.53,0.00000,0.37657,0.18829,0.23536,29.9857
100.54,0.00000,0.37255,0.18628,0.23284,29.9881
100.55,0.00000,0.36855,0.18428,0.23034,29.9901
100.56,0.00000,0.36457,0.18228,0.22785,29.9917
100.57,0.00000,0.36060,0.18030,0.22538,29.9931
100.58,0.00000,0.35665,0.17833,0.22291,29.9942
100.59,0.00000,0.35272,0.17636,0.22045,29.9952
100.60,0.00000,0.34880,0.17440,0.21800,29.9960
100.61,0.00000,0.34489,0.17245,0.21556,29.9967
100.62,0.00000,0.34101,0.17050,0.21313,29.9972
100.63,0.00000,0.33713,0.16857,0.21071,29.9977
100.64,0.00000,0.33317,0.16659,0.20823,29.9981
100.65,0.00000,0.32917,0.16459,0.20573,29.9984
100.66,0.00000,0.32518,0.16259,0.20324,29.9987
100.67,0.00000,0.32121,0.16060,0.20076,29.9989
100.68,0.00000,0.31724,0.15862,0.19828,29.9991
100.69,0.00000,0.31334,0.15667,0.19584,29.9992
100.70,0.00000,0.30940,0.15470,0.19338,29.9994
100.71,0.00000,0.30548,0.15274,0.19092,29.9995
100.72,0.00000,0.30156,0.15078,0.18847,29.9996
100.73,0.00000,0.29765,0.14882,0.18603,29.9996
100.74,0.00000,0.29375,0.14687,0.18359,29.9997
100.75,0.00000,0.28985,0.14493,0.18116,29.9997
100.76,0.00000,0.28597,0.14298,0.17873,29.9998
100.77,0.00000,0.28208,0.14104,0.17630,29.9998
100.78,0.00000,0.27821,0.13910,0.17388,29.9998
100.79,0.00000,0.27434,0.13717,0.17146,29.9999
100.80,0.00000,0.27047,0.13523,0.16904,29.9999
100.81,0.00000,0.26660,0.13330,0.16663,29.9999
100.82,0.00000,0.26274,0.13137,0.16421,29.9999
100.83,0.00000,0.25888,0.12944,0.16180,29.9999
100.84,0.00000,0.25502,0.12751,0.15939,29.9999
100.85,0.00000,0.25116,0.12558,0.15698,30.0000
100.86,0.00000,0.24699,0.12349,0.15437,30.0000
100.87,0.00000,0.24266,0.12133,0.15166,30.0000
100.88,0.00000,0.23833,0.11917,0.14896,30.0000
100.89,0.00000,0.23398,0.11699,0.14624,30.0000
100.90,0.00000,0.22962,0.11481,0.14351,30.0000
100.91,0.00000,0.22589,0.11294,0.14118,30.0000
100.92,0.00000,0.14589,0.07294,0.09118,30.0000
100.93,0.00000,0.06589,0.03294,0.04118,30.0000
100.94,0.03000,0.00000,0.00000,0.00000,30.0000
100.95,0.06000,0.00000,0.00000,0.00000,30.0000
100.96,0.09000,0.00000,0.00000,0.00000,30.0000
100.97,0.12000,0.00000,0.00000,0.00000,30.0000
100.98,0.15000,0.00000,0.00000,0.00000,30.0000
100.99,0.18000,0.00000,0.00000,0.00000,30.0000
101.00,0.20000,0.00000,0.00000,0.00000,30.0000
101.01,0.20000,0.00000,0.00000,0.00000,30.0000
101.02,0.20000,0.00000,0.00000,0.00000,30.0000
101.03,0.20000,0.00000,0.00000,0.00000,30.0000
101.04,0.20000,0.00000,0.00000,0.00000,30.0000
101.05,0.20000,0.00000,0.00000,0.00000,30.0000
101.06,0.20000,0.00000,0.00000,0.00000,30.0000
101.07,0.20000,0.00000,0.00000,0.00000,30.0000
101.08,0.20000,0.00000,0.00000,0.00000,30.0000
101.09,0.20000,0.00000,0.00000,0.00000,30.0000
101.10,0.20000,0.00000,0.00000,0.00000,30.0000
101.11,0.20000,0.00000,0.00000,0.00000,30.0000
101.12,0.20000,0.00000,0.00000,0.00000,30.0000
101.13,0.20000,0.00000,0.00000,0.00000,30.0000
101.14,0.20000,0.00000,0.00000,0.00000,30.0000
101.15,0.20000,0.00000,0.00000,0.00000,30.0000
101.16,0.20000,0.00000,0.00000,0.00000,30.0000
101.17,0.20000,0.00000,0.00000,0.00000,30.0000
101.18,0.20000,0.00000,0.00000,0.00000,30.0000
101.19,0.20000,0.00000,0.00000,0.00000,30.0000
101.20,0.20000,0.00000,0.00000,0.00000,30.0000
101.21,0.20000,0.00000,0.00000,0.00000,30.0000
101.22,0.20000,0.00000,0.00000,0.00000,30.0000
101.23,0.20000,0.00000,0.00000,0.00000,30.0000
101.24,0.20000,0.00000,0.00000,0.00000,30.0000
101.25,0.20000,0.00000,0.00000,0.00000,30.0000
101.26,0.20000,0.00000,0.00000,0.00000,30.0000
101.27,0.20000,0.00000,0.00000,0.00000,30.0000
101.28,0.20000,0.00000,0.00000,0.00000,30.0000
101.29,0.20000,0.00000,0.00000,0.00000,30.0000
101.30,0.14000,0.06400,0.03200,0.04000,30.0000
101.31,0.08000,0.12800,0.06400,0.08000,30.0000
101.32,0.02000,0.19200,0.09600,0.12000,30.0000
101.33,0.00000,0.25600,0.12800,0.16000,30.0000
101.34,0.00000,0.32000,0.16000,0.20000,30.0000
101.35,0.00000,0.38040,0.19020,0.23775,30.0000
101.36,0.00000,0.37421,0.18711,0.23388,30.0000
101.37,0.00000,0.36802,0.18401,0.23001,30.0000
101.38,0.00000,0.36181,0.18091,0.22613,30.0000
101.39,0.00000,0.35560,0.17780,0.22225,30.0000
101.40,0.00000,0.34938,0.17469,0.21836,30.0000
101.41,0.00000,0.34313,0.17157,0.21446,30.0000
101.42,0.00000,0.33687,0.16844,0.21055,30.0000
101.43,0.00000,0.33059,0.16530,0.20662,30.0000
101.44,0.00000,0.32429,0.16215,0.20268,30.0000
101.45,0.00000,0.31796,0.15898,0.19873,30.0000
101.46,0.00000,0.31160,0.15580,0.19475,30.0000
101.47,0.00000,0.30521,0.15261,0.19076,30.0000
101.48,0.00000,0.29878,0.14939,0.18674,30.0000
101.49,0.00000,0.29232,0.14616,0.18270,30.0000
101.50,0.00000,0.28580,0.14290,0.17863,30.0000
101.51,0.00000,0.27792,0.13896,0.17370,30.0000
101.52,0.00000,0.26901,0.13451,0.16813,30.0000
101.53,0.00000,0.25994,0.12997,0.16246,30.0000
101.54,0.00000,0.25068,0.12534,0.15667,30.0000
101.55,0.00000,0.24121,0.12061,0.15076,30.0000
101.56,0.00000,0.23782,0.11891,0.14864,30.0000
101.57,0.00000,0.22807,0.11404,0.14255,30.0000
101.58,0.00000,0.14807,0.07404,0.09255,30.0000
101.59,0.00000,0.06807,0.03404,0.04255,30.0000
101.60,0.03000,0.00000,0.00000,0.00000,30.0000
101.61,0.06000,0.00000,0.00000,0.00000,30.0000
101.62,0.09000,0.00000,0.00000,0.00000,30.0000
101.63,0.12000,0.00000,0.00000,0.00000,30.0000
101.64,0.15000,0.00000,0.00000,0.00000,30.0000
101.65,0.18000,0.00000,0.00000,0.00000,30.0000
101.66,0.20000,0.00000,0.00000,0.00000,30.0000
101.67,0.20000,0.00000,0.00000,0.00000,30.0000
101.68,0.20000,0.00000,0.00000,0.00000,30.0000
101.69,0.20000,0.00000,0.00000,0.00000,29.9357
101.70,0.20000,0.00000,0.00000,0.00000,29.8025
101.71,0.20000,0.00000,0.00000,0.00000,29.6116
101.72,0.20000,0.00000,0.00000,0.00000,29.3723
101.73,0.20000,0.00000,0.00000,0.00000,29.0924
101.74,0.20000,0.00000,0.00000,0.00000,28.7786
101.75,0.20000,0.00000,0.00000,0.00000,28.4365
101.76,0.20000,0.00000,0.00000,0.00000,28.0689
101.77,0.20000,0.00000,0.00000,0.00000,27.6798
101.78,0.20000,0.00000,0.00000,0.00000,27.8701
101.79,0.20000,0.00000,0.00000,0.00000,27.9490
101.80,0.20000,0.00000,0.00000,0.00000,27.9354
101.81,0.20000,0.00000,0.00000,0.00000,27.8443
101.82,0.20000,0.00000,0.00000,0.00000,27.6887
101.83,0.20000,0.00000,0.00000,0.00000,27.4789
101.84,0.20000,0.00000,0.00000,0.00000,27.2240
101.85,0.20000,0.00000,0.00000,0.00000,26.9314
101.86,0.20000,0.00000,0.00000,0.00000,26.6073
101.87,0.20000,0.00000,0.00000,0.00000,26.2571
101.88,0.20000,0.00000,0.00000,0.00000,25.8855
101.89,0.20000,0.00000,0.00000,0.00000,25.4973
101.90,0.20000,0.00000,0.00000,0.00000,25.0957
101.91,0.20000,0.00000,0.00000,0.00000,24.6832
101.92,0.20000,0.00000,0.00000,0.00000,24.2621
101.93,0.20000,0.00000,0.00000,0.00000,23.8342
101.94,0.20000,0.00000,0.00000,0.00000,23.4012
101.95,0.20000,0.00000,0.00000,0.00000,22.9644
101.96,0.20000,0.00000,0.00000,0.00000,22.5252
101.97,0.20000,0.00000,0.00000,0.00000,22.0845
101.98,0.20000,0.00000,0.00000,0.00000,22.1404
101.99,0.20000,0.00000,0.00000,0.00000,22.1157
102.00,0.20000,0.00000,0.00000,0.00000,22.0243
102.01,0.20000,0.00000,0.00000,0.00000,21.8775
102.02,0.20000,0.00000,0.00000,0.00000,21.6848
102.03,0.20000,0.00000,0.00000,0.00000,21.4538
102.04,0.20000,0.00000,0.00000,0.00000,21.1911
102.05,0.20000,0.00000,0.00000,0.00000,20.9022
102.06,0.20000,0.00000,0.00000,0.00000,20.5916
102.07,0.20000,0.00000,0.00000,0.00000,20.2632
102.08,0.20000,0.00000,0.00000,0.00000,19.9220
102.09,0.20000,0.00000,0.00000,0.00000,19.5705
102.10,0.20000,0.00000,0.00000,0.00000,19.2108
102.11,0.20000,0.00000,0.00000,0.00000,18.8447
102.12,0.20000,0.00000,0.00000,0.00000,18.4738
102.13,0.20000,0.00000,0.00000,0.00000,18.0992
102.14,0.20000,0.00000,0.00000,0.00000,17.7222
102.15,0.20000,0.00000,0.00000,0.00000,17.3436
102.16,0.20000,0.00000,0.00000,0.00000,16.9643
102.17,0.20000,0.00000,0.00000,0.00000,16.5850
102.18,0.20000,0.00000,0.00000,0.00000,16.6277
102.19,0.20000,0.00000,0.00000,0.00000,16.6031
102.20,0.20000,0.00000,0.00000,0.00000,16.5227
102.21,0.20000,0.00000,0.00000,0.00000,16.3961
102.22,0.20000,0.00000,0.00000,0.00000,16.2312
102.23,0.20000,0.00000,0.00000,0.00000,16.0346
102.24,0.20000,0.00000,0.00000,0.00000,15.8116
102.25,0.20000,0.00000,0.00000,0.00000,15.5669
102.26,0.20000,0.00000,0.00000,0.00000,15.3052
102.27,0.20000,0.00000,0.00000,0.00000,15.0308
102.28,0.20000,0.00000,0.00000,0.00000,14.7460
102.29,0.20000,0.00000,0.00000,0.00000,14.4529
102.30,0.20000,0.00000,0.00000,0.00000,14.1533
102.31,0.20000,0.00000,0.00000,0.00000,13.8485
102.32,0.20000,0.00000,0.00000,0.00000,13.5398
102.33,0.20000,0.00000,0.00000,0.00000,13.2284
102.34,0.20000,0.00000,0.00000,0.00000,12.9151
102.35,0.20000,0.00000,0.00000,0.00000,12.6006
102.36,0.20000,0.00000,0.00000,0.00000,12.2858
102.37,0.20000,0.00000,0.00000,0.00000,12.3325
102.38,0.20000,0.00000,0.00000,0.00000,12.3211
102.39,0.20000,0.00000,0.00000,0.00000,12.2617
102.40,0.20000,0.00000,0.00000,0.00000,12.1624
102.41,0.20000,0.00000,0.00000,0.00000,12.0301
102.42,0.20709,0.00000,0.00000,0.00000,11.8704
102.43,0.21478,0.00000,0.00000,0.00000,11.6880
102.44,0.22244,0.00000,0.00000,0.00000,11.4880
102.45,0.23006,0.00000,0.00000,0.00000,11.2746
102.46,0.23765,0.00000,0.00000,0.00000,11.0502
102.47,0.24520,0.00000,0.00000,0.00000,10.8170
102.48,0.25273,0.00000,0.00000,0.00000,10.5767
102.49,0.26282,0.00000,0.00000,0.00000,10.3308
102.50,0.27303,0.00000,0.00000,0.00000,10.0805
102.51,0.28320,0.00000,0.00000,0.00000,9.8268
102.52,0.29336,0.00000,0.00000,0.00000,9.5708
102.53,0.30000,0.00000,0.00000,0.00000,9.3131
102.54,0.30000,0.00000,0.00000,0.00000,9.0545
102.55,0.30000,0.00000,0.00000,0.00000,9.1071
102.56,0.30000,0.00000,0.00000,0.00000,9.1092
102.57,0.30000,0.00000,0.00000,0.00000,9.0693
102.58,0.30000,0.00000,0.00000,0.00000,8.9946
102.59,0.30000,0.00000,0.00000,0.00000,8.8910
102.60,0.30000,0.00000,0.00000,0.00000,8.7635
102.61,0.30000,0.00000,0.00000,0.00000,8.6170
102.62,0.30000,0.00000,0.00000,0.00000,8.4561
102.63,0.30000,0.00000,0.00000,0.00000,8.2834
102.64,0.30000,0.00000,0.00000,0.00000,8.1009
102.65,0.30000,0.00000,0.00000,0.00000,7.9105
102.66,0.30000,0.00000,0.00000,0.00000,7.7136
102.67,0.30000,0.00000,0.00000,0.00000,7.5116
102.68,0.30000,0.00000,0.00000,0.00000,7.3055
102.69,0.30000,0.00000,0.00000,0.00000,7.0963
102.70,0.30000,0.00000,0.00000,0.00000,6.8847
102.71,0.30000,0.00000,0.00000,0.00000,6.6714
102.72,0.30000,0.00000,0.00000,0.00000,6.7270
102.73,0.30000,0.00000,0.00000,0.00000,6.7382
102.74,0.30000,0.00000,0.00000,0.00000,6.7125
102.75,0.30000,0.00000,0.00000,0.00000,6.6562
102.76,0.30000,0.00000,0.00000,0.00000,6.5744
102.77,0.30000,0.00000,0.00000,0.00000,6.4718
102.78,0.30000,0.00000,0.00000,0.00000,6.3537
102.79,0.30000,0.00000,0.00000,0.00000,6.2229
102.80,0.30000,0.00000,0.00000,0.00000,6.0816
102.81,0.30000,0.00000,0.00000,0.00000,5.9317
102.82,0.30000,0.00000,0.00000,0.00000,5.7746
102.83,0.30000,0.00000,0.00000,0.00000,5.6118
102.84,0.30000,0.00000,0.00000,0.00000,5.4444
102.85,0.30000,0.00000,0.00000,0.00000,5.2733
102.86,0.30000,0.00000,0.00000,0.00000,5.0993
102.87,0.30000,0.00000,0.00000,0.00000,4.9232
102.88,0.30000,0.00000,0.00000,0.00000,4.7455
102.89,0.30000,0.00000,0.00000,0.00000,4.8024
102.90,0.30000,0.00000,0.00000,0.00000,4.8204
102.91,0.30119,0.00000,0.00000,0.00000,4.8061
102.92,0.30357,0.00000,0.00000,0.00000,4.7651
102.93,0.30596,0.00000,0.00000,0.00000,4.7025
102.94,0.30835,0.00000,0.00000,0.00000,4.6234
102.95,0.31074,0.00000,0.00000,0.00000,4.5305
102.96,0.31314,0.00000,0.00000,0.00000,4.4263
102.97,0.31551,0.00000,0.00000,0.00000,4.3126
102.98,0.31770,0.00000,0.00000,0.00000,4.1911
102.99,0.31988,0.00000,0.00000,0.00000,4.0632
103.00,0.32208,0.00000,0.00000,0.00000,3.9302
103.01,0.32427,0.00000,0.00000,0.00000,3.7930
103.02,0.32648,0.00000,0.00000,0.00000,3.6524
103.03,0.32868,0.00000,0.00000,0.00000,3.5092
103.04,0.33089,0.00000,0.00000,0.00000,3.3640
103.05,0.33276,0.00000,0.00000,0.00000,3.4227
103.06,0.33498,0.00000,0.00000,0.00000,3.4470
103.07,0.33721,0.00000,0.00000,0.00000,3.4428
103.08,0.33944,0.00000,0.00000,0.00000,3.4153
103.09,0.34168,0.00000,0.00000,0.00000,3.3698
103.10,0.34393,0.00000,0.00000,0.00000,3.3094
103.11,0.34618,0.00000,0.00000,0.00000,3.2366
103.12,0.34843,0.00000,0.00000,0.00000,3.1534
103.13,0.35062,0.00000,0.00000,0.00000,3.0617
103.14,0.35263,0.00000,0.00000,0.00000,2.9629
103.15,0.35464,0.00000,0.00000,0.00000,2.8583
103.16,0.35667,0.00000,0.00000,0.00000,2.7489
103.17,0.35869,0.00000,0.00000,0.00000,2.6357
103.18,0.36072,0.00000,0.00000,0.00000,2.5193
103.19,0.36276,0.00000,0.00000,0.00000,2.4005
103.20,0.36480,0.00000,0.00000,0.00000,2.2797
103.21,0.36660,0.00000,0.00000,0.00000,2.3372
103.22,0.36865,0.00000,0.00000,0.00000,2.3644
103.23,0.37071,0.00000,0.00000,0.00000,2.3677
103.24,0.37277,0.00000,0.00000,0.00000,2.3516
103.25,0.37484,0.00000,0.00000,0.00000,2.3192
103.26,0.37691,0.00000,0.00000,0.00000,2.2734
103.27,0.37899,0.00000,0.00000,0.00000,2.2164
103.28,0.38105,0.00000,0.00000,0.00000,2.1501
103.29,0.38288,0.00000,0.00000,0.00000,2.0761
103.30,0.38470,0.00000,0.00000,0.00000,1.9956
103.31,0.38654,0.00000,0.00000,0.00000,1.9098
103.32,0.38837,0.00000,0.00000,0.00000,1.8197
103.33,0.39022,0.00000,0.00000,0.00000,1.7260
103.34,0.39206,0.00000,0.00000,0.00000,1.6295
103.35,0.39392,0.00000,0.00000,0.00000,1.5306
103.36,0.39561,0.00000,0.00000,0.00000,1.5864
103.37,0.39747,0.00000,0.00000,0.00000,1.6165
103.38,0.39934,0.00000,0.00000,0.00000,1.6256
103.39,0.40302,0.00000,0.00000,0.00000,1.6171
103.40,0.40771,0.00000,0.00000,0.00000,1.5941
103.41,0.41241,0.00000,0.00000,0.00000,1.5589
103.42,0.41713,0.00000,0.00000,0.00000,1.5136
103.43,0.42156,0.00000,0.00000,0.00000,1.4598
103.44,0.42566,0.00000,0.00000,0.00000,1.3991
103.45,0.42976,0.00000,0.00000,0.00000,1.3325
103.46,0.43387,0.00000,0.00000,0.00000,1.2611
103.47,0.43799,0.00000,0.00000,0.00000,1.1857
103.48,0.44213,0.00000,0.00000,0.00000,1.1071
103.49,0.44627,0.00000,0.00000,0.00000,1.0257
103.50,0.45016,0.00000,0.00000,0.00000,1.0784
103.51,0.45433,0.00000,0.00000,0.00000,1.1085
103.52,0.45852,0.00000,0.00000,0.00000,1.1198
103.53,0.46271,0.00000,0.00000,0.00000,1.1155
103.54,0.46691,0.00000,0.00000,0.00000,1.0982
103.55,0.47113,0.00000,0.00000,0.00000,1.0699
103.56,0.47536,0.00000,0.00000,0.00000,1.0326
103.57,0.47937,0.00000,0.00000,0.00000,0.9878
103.58,0.48301,0.00000,0.00000,0.00000,0.9365
103.59,0.48667,0.00000,0.00000,0.00000,0.8801
103.60,0.49033,0.00000,0.00000,0.00000,0.8192
103.61,0.49400,0.00000,0.00000,0.00000,0.7548
103.62,0.49769,0.00000,0.00000,0.00000,0.6873
103.63,0.50138,0.00000,0.00000,0.00000,0.6180
103.64,0.50492,0.00000,0.00000,0.00000,0.6651
103.65,0.50864,0.00000,0.00000,0.00000,0.6923
103.66,0.51237,0.00000,0.00000,0.00000,0.7031
103.67,0.51611,0.00000,0.00000,0.00000,0.7001
103.68,0.51986,0.00000,0.00000,0.00000,0.6856
103.69,0.52362,0.00000,0.00000,0.00000,0.6616
103.70,0.52739,0.00000,0.00000,0.00000,0.6296
103.71,0.53070,0.00000,0.00000,0.00000,0.5909
103.72,0.53394,0.00000,0.00000,0.00000,0.5466
103.73,0.53718,0.00000,0.00000,0.00000,0.4977
103.74,0.54044,0.00000,0.00000,0.00000,0.4448
103.75,0.54371,0.00000,0.00000,0.00000,0.3891
103.76,0.54698,0.00000,0.00000,0.00000,0.3317
103.77,0.55018,0.00000,0.00000,0.00000,0.3735
103.78,0.55389,0.00000,0.00000,0.00000,0.3978
103.79,0.55761,0.00000,0.00000,0.00000,0.4076
103.80,0.56135,0.00000,0.00000,0.00000,0.4052
103.81,0.56509,0.00000,0.00000,0.00000,0.3928
103.82,0.56884,0.00000,0.00000,0.00000,0.3718
103.83,0.57261,0.00000,0.00000,0.00000,0.3438
103.84,0.57590,0.00000,0.00000,0.00000,0.3098
103.85,0.57913,0.00000,0.00000,0.00000,0.2709
103.86,0.58237,0.00000,0.00000,0.00000,0.2279
103.87,0.58562,0.00000,0.00000,0.00000,0.1819
103.88,0.58888,0.00000,0.00000,0.00000,0.1338
103.89,0.59215,0.00000,0.00000,0.00000,0.0840
103.90,0.59535,0.00000,0.00000,0.00000,0.1186
103.91,0.59864,0.00000,0.00000,0.00000,0.1382
103.92,0.60194,0.00000,0.00000,0.00000,0.1453
103.93,0.60526,0.00000,0.00000,0.00000,0.1419
103.94,0.60858,0.00000,0.00000,0.00000,0.1297
103.95,0.61191,0.00000,0.00000,0.00000,0.1102
103.96,0.61505,0.00000,0.00000,0.00000,0.0846
103.97,0.61791,0.00000,0.00000,0.00000,0.0539
103.98,0.62079,0.00000,0.00000,0.00000,0.0191
103.99,0.62367,0.00000,0.00000,0.00000,-0.0185
104.00,0.62656,0.00000,0.00000,0.00000,-0.0585
104.01,0.62946,0.00000,0.00000,0.00000,-0.1004
104.02,0.63232,0.00000,0.00000,0.00000,-0.0715
104.03,0.63524,0.00000,0.00000,0.00000,-0.0557
104.04,0.63817,0.00000,0.00000,0.00000,-0.0507
104.05,0.64110,0.00000,0.00000,0.00000,-0.0548
104.06,0.64405,0.00000,0.00000,0.00000,-0.0666
104.07,0.64700,0.00000,0.00000,0.00000,-0.0846
104.08,0.64979,0.00000,0.00000,0.00000,-0.1080
104.09,0.65234,0.00000,0.00000,0.00000,-0.1357
104.10,0.65490,0.00000,0.00000,0.00000,-0.1663
104.11,0.65746,0.00000,0.00000,0.00000,-0.1995
104.12,0.66003,0.00000,0.00000,0.00000,-0.2347
104.13,0.66262,0.00000,0.00000,0.00000,-0.2717
104.14,0.66518,0.00000,0.00000,0.00000,-0.2498
104.15,0.66778,0.00000,0.00000,0.00000,-0.2389
104.16,0.67039,0.00000,0.00000,0.00000,-0.2371
104.17,0.67300,0.00000,0.00000,0.00000,-0.2429
104.18,0.67562,0.00000,0.00000,0.00000,-0.2552
104.19,0.67825,0.00000,0.00000,0.00000,-0.2728
104.20,0.68057,0.00000,0.00000,0.00000,-0.2943
104.21,0.68285,0.00000,0.00000,0.00000,-0.3190
104.22,0.68514,0.00000,0.00000,0.00000,-0.3462
104.23,0.68744,0.00000,0.00000,0.00000,-0.3756
104.24,0.68974,0.00000,0.00000,0.00000,-0.4069
104.25,0.69204,0.00000,0.00000,0.00000,-0.3902
104.26,0.69436,0.00000,0.00000,0.00000,-0.3827
104.27,0.69668,0.00000,0.00000,0.00000,-0.3831
104.28,0.69901,0.00000,0.00000,0.00000,-0.3898
104.29,0.70433,0.00000,0.00000,0.00000,-0.4020
104.30,0.71184,0.00000,0.00000,0.00000,-0.4183
104.31,0.71863,0.00000,0.00000,0.00000,-0.4378
104.32,0.72518,0.00000,0.00000,0.00000,-0.4599
104.33,0.73175,0.00000,0.00000,0.00000,-0.4842
104.34,0.73834,0.00000,0.00000,0.00000,-0.5103
104.35,0.74496,0.00000,0.00000,0.00000,-0.5380
104.36,0.75156,0.00000,0.00000,0.00000,-0.5272
104.37,0.75822,0.00000,0.00000,0.00000,-0.5240
104.38,0.76489,0.00000,0.00000,0.00000,-0.5270
104.39,0.77159,0.00000,0.00000,0.00000,-0.5352
104.40,0.77831,0.00000,0.00000,0.00000,-0.5474
104.41,0.78505,0.00000,0.00000,0.00000,-0.5627
104.42,0.79096,0.00000,0.00000,0.00000,-0.5805
104.43,0.79687,0.00000,0.00000,0.00000,-0.6005
104.44,0.80280,0.00000,0.00000,0.00000,-0.6223
104.45,0.80875,0.00000,0.00000,0.00000,-0.6456
104.46,0.81472,0.00000,0.00000,0.00000,-0.6701
104.47,0.82070,0.00000,0.00000,0.00000,-0.6646
104.48,0.82671,0.00000,0.00000,0.00000,-0.6649
104.49,0.83274,0.00000,0.00000,0.00000,-0.6701
104.50,0.83879,0.00000,0.00000,0.00000,-0.6789
104.51,0.84486,0.00000,0.00000,0.00000,-0.6905
104.52,0.85050,0.00000,0.00000,0.00000,-0.7046
104.53,0.85585,0.00000,0.00000,0.00000,-0.7207
104.54,0.86121,0.00000,0.00000,0.00000,-0.7386
104.55,0.86659,0.00000,0.00000,0.00000,-0.7579
104.56,0.87199,0.00000,0.00000,0.00000,-0.7784
104.57,0.87740,0.00000,0.00000,0.00000,-0.7764
104.58,0.88283,0.00000,0.00000,0.00000,-0.7790
104.59,0.88829,0.00000,0.00000,0.00000,-0.7849
104.60,0.89376,0.00000,0.00000,0.00000,-0.7935
104.61,0.89925,0.00000,0.00000,0.00000,-0.8044
104.62,0.90440,0.00000,0.00000,0.00000,-0.8172
104.63,0.90924,0.00000,0.00000,0.00000,-0.8316
104.64,0.91410,0.00000,0.00000,0.00000,-0.8473
104.65,0.91897,0.00000,0.00000,0.00000,-0.8641
104.66,0.92386,0.00000,0.00000,0.00000,-0.8818
104.67,0.92877,0.00000,0.00000,0.00000,-0.8834
104.68,0.93369,0.00000,0.00000,0.00000,-0.8879
104.69,0.93863,0.00000,0.00000,0.00000,-0.8946
104.70,0.94359,0.00000,0.00000,0.00000,-0.9032
104.71,0.94856,0.00000,0.00000,0.00000,-0.9135
104.72,0.95304,0.00000,0.00000,0.00000,-0.9251
104.73,0.95742,0.00000,0.00000,0.00000,-0.9378
104.74,0.96181,0.00000,0.00000,0.00000,-0.9515
104.75,0.96622,0.00000,0.00000,0.00000,-0.9659
104.76,0.97064,0.00000,0.00000,0.00000,-0.9698
104.77,0.97508,0.00000,0.00000,0.00000,-0.9755
104.78,0.97953,0.00000,0.00000,0.00000,-0.9826
104.79,0.98400,0.00000,0.00000,0.00000,-0.9909
104.80,0.98848,0.00000,0.00000,0.00000,-1.0003
104.81,0.99273,0.00000,0.00000,0.00000,-1.0105
104.82,0.99664,0.00000,0.00000,0.00000,-1.0214
104.83,1.00000,0.00000,0.00000,0.00000,-1.0329
104.84,1.00000,0.00000,0.00000,0.00000,-1.0449
104.85,1.00000,0.00000,0.00000,0.00000,-1.0567
104.86,1.00000,0.00000,0.00000,0.00000,-1.0624
104.87,1.00000,0.00000,0.00000,0.00000,-1.0689
104.88,1.00000,0.00000,0.00000,0.00000,-1.0762
104.89,1.00000,0.00000,0.00000,0.00000,-1.0840
104.90,1.00000,0.00000,0.00000,0.00000,-1.0923
104.91,1.00000,0.00000,0.00000,0.00000,-1.1009
104.92,1.00000,0.00000,0.00000,0.00000,-1.1099
104.93,1.00000,0.00000,0.00000,0.00000,-1.1187
104.94,1.00000,0.00000,0.00000,0.00000,-1.1271
104.95,1.00000,0.00000,0.00000,0.00000,-1.1337
104.96,1.00000,0.00000,0.00000,0.00000,-1.1403
104.97,1.00000,0.00000,0.00000,0.00000,-1.1470
104.98,1.00000,0.00000,0.00000,0.00000,-1.1537
104.99,1.00000,0.00000,0.00000,0.00000,-1.1605
105.00,1.00000,0.00000,0.00000,0.00000,-1.1672
105.01,1.00000,0.00000,0.00000,0.00000,-1.1735
105.02,1.00000,0.00000,0.00000,0.00000,-1.1793
105.03,1.00000,0.00000,0.00000,0.00000,-1.1866
105.04,1.00000,0.00000,0.00000,0.00000,-1.1932
105.05,1.00000,0.00000,0.00000,0.00000,-1.1993
105.06,1.00000,0.00000,0.00000,0.00000,-1.2050
105.07,1.00000,0.00000,0.00000,0.00000,-1.2102
105.08,1.00000,0.00000,0.00000,0.00000,-1.2150
105.09,1.00000,0.00000,0.00000,0.00000,-1.2190
105.10,1.00000,0.00000,0.00000,0.00000,-1.2224
105.11,1.00000,0.00000,0.00000,0.00000,-1.2252
105.12,1.00000,0.00000,0.00000,0.00000,-1.2324
105.13,1.00000,0.00000,0.00000,0.00000,-1.2383
105.14,1.00000,0.00000,0.00000,0.00000,-1.2433
105.15,1.00000,0.00000,0.00000,0.00000,-1.2474
105.16,1.00000,0.00000,0.00000,0.00000,-1.2505
105.17,1.00000,0.00000,0.00000,0.00000,-1.2526
105.18,1.00000,0.00000,0.00000,0.00000,-1.2538
105.19,1.00000,0.00000,0.00000,0.00000,-1.2542
105.20,1.00000,0.00000,0.00000,0.00000,-1.2612
105.21,1.00000,0.00000,0.00000,0.00000,-1.2665
105.22,1.00000,0.00000,0.00000,0.00000,-1.2704
105.23,1.00000,0.00000,0.00000,0.00000,-1.2731
105.24,1.00000,0.00000,0.00000,0.00000,-1.2743
105.25,1.00000,0.00000,0.00000,0.00000,-1.2743
105.26,1.00000,0.00000,0.00000,0.00000,-1.2732
105.27,1.00000,0.00000,0.00000,0.00000,-1.2713
105.28,1.00000,0.00000,0.00000,0.00000,-1.2776
105.29,1.00000,0.00000,0.00000,0.00000,-1.2819
105.30,1.00000,0.00000,0.00000,0.00000,-1.2844
105.31,1.00000,0.00000,0.00000,0.00000,-1.2852
105.32,1.00000,0.00000,0.00000,0.00000,-1.2844
105.33,1.00000,0.00000,0.00000,0.00000,-1.2822
105.34,1.00000,0.00000,0.00000,0.00000,-1.2789
105.35,1.00000,0.00000,0.00000,0.00000,-1.2747
105.36,1.00000,0.00000,0.00000,0.00000,-1.2800
105.37,1.00000,0.00000,0.00000,0.00000,-1.2830
105.38,1.00000,0.00000,0.00000,0.00000,-1.2838
105.39,1.00000,0.00000,0.00000,0.00000,-1.2827
105.40,1.00000,0.00000,0.00000,0.00000,-1.2799
105.41,1.00000,0.00000,0.00000,0.00000,-1.2756
105.42,1.00000,0.00000,0.00000,0.00000,-1.2702
105.43,1.00000,0.00000,0.00000,0.00000,-1.2637
105.44,1.00000,0.00000,0.00000,0.00000,-1.2678
105.45,1.00000,0.00000,0.00000,0.00000,-1.2693
105.46,1.00000,0.00000,0.00000,0.00000,-1.2683
105.47,1.00000,0.00000,0.00000,0.00000,-1.2652
105.48,1.00000,0.00000,0.00000,0.00000,-1.2605
105.49,1.00000,0.00000,0.00000,0.00000,-1.2543
105.50,1.00000,0.00000,0.00000,0.00000,-1.2469
105.51,1.00000,0.00000,0.00000,0.00000,-1.2384
105.52,1.00000,0.00000,0.00000,0.00000,-1.2410
105.53,1.00000,0.00000,0.00000,0.00000,-1.2407
105.54,1.00000,0.00000,0.00000,0.00000,-1.2380
105.55,1.00000,0.00000,0.00000,0.00000,-1.2332
105.56,1.00000,0.00000,0.00000,0.00000,-1.2267
105.57,1.00000,0.00000,0.00000,0.00000,-1.2187
105.58,1.00000,0.00000,0.00000,0.00000,-1.2095
105.59,1.00000,0.00000,0.00000,0.00000,-1.2115
105.60,1.00000,0.00000,0.00000,0.00000,-1.2104
105.61,1.00000,0.00000,0.00000,0.00000,-1.2068
105.62,1.00000,0.00000,0.00000,0.00000,-1.2010
105.63,1.00000,0.00000,0.00000,0.00000,-1.1935
105.64,1.00000,0.00000,0.00000,0.00000,-1.1844
105.65,1.00000,0.00000,0.00000,0.00000,-1.1741
105.66,1.00000,0.00000,0.00000,0.00000,-1.1627
105.67,1.00000,0.00000,0.00000,0.00000,-1.1624
105.68,1.00000,0.00000,0.00000,0.00000,-1.1593
105.69,1.00000,0.00000,0.00000,0.00000,-1.1538
105.70,1.00000,0.00000,0.00000,0.00000,-1.1463
105.71,1.00000,0.00000,0.00000,0.00000,-1.1371
105.72,1.00000,0.00000,0.00000,0.00000,-1.1265
105.73,1.00000,0.00000,0.00000,0.00000,-1.1147
105.74,1.00000,0.00000,0.00000,0.00000,-1.1136
105.75,1.00000,0.00000,0.00000,0.00000,-1.1097
105.76,1.00000,0.00000,0.00000,0.00000,-1.1034
105.77,1.00000,0.00000,0.00000,0.00000,-1.0952
105.78,1.00000,0.00000,0.00000,0.00000,-1.0852
105.79,1.00000,0.00000,0.00000,0.00000,-1.0739
105.80,1.00000,0.00000,0.00000,0.00000,-1.0614
105.81,1.00000,0.00000,0.00000,0.00000,-1.0592
105.82,1.00000,0.00000,0.00000,0.00000,-1.0543
105.83,1.00000,0.00000,0.00000,0.00000,-1.0470
105.84,1.00000,0.00000,0.00000,0.00000,-1.0379
105.85,1.00000,0.00000,0.00000,0.00000,-1.0272
105.86,1.00000,0.00000,0.00000,0.00000,-1.0152
105.87,1.00000,0.00000,0.00000,0.00000,-1.0020
105.88,1.00000,0.00000,0.00000,0.00000,-0.9986
105.89,1.00000,0.00000,0.00000,0.00000,-0.9927
105.90,1.00000,0.00000,0.00000,0.00000,-0.9846
105.91,1.00000,0.00000,0.00000,0.00000,-0.9747
105.92,1.00000,0.00000,0.00000,0.00000,-0.9634
105.93,1.00000,0.00000,0.00000,0.00000,-0.9507
105.94,1.00000,0.00000,0.00000,0.00000,-0.9371
105.95,1.00000,0.00000,0.00000,0.00000,-0.9326
105.96,1.00000,0.00000,0.00000,0.00000,-0.9258
105.97,1.00000,0.00000,0.00000,0.00000,-0.9170
105.98,1.00000,0.00000,0.00000,0.00000,-0.9065
105.99,1.00000,0.00000,0.00000,0.00000,-0.8947
106.00,1.00000,0.00000,0.00000,0.00000,-0.8817
106.01,1.00000,0.00000,0.00000,0.00000,-0.8678
106.02,1.00000,0.00000,0.00000,0.00000,-0.8624
106.03,1.00000,0.00000,0.00000,0.00000,-0.8548
106.04,1.00000,0.00000,0.00000,0.00000,-0.8455
106.05,1.00000,0.00000,0.00000,0.00000,-0.8346
106.06,1.00000,0.00000,0.00000,0.00000,-0.8226
106.07,1.00000,0.00000,0.00000,0.00000,-0.8095
106.08,1.00000,0.00000,0.00000,0.00000,-0.7955
106.09,1.00000,0.00000,0.00000,0.00000,-0.7894
106.10,1.00000,0.00000,0.00000,0.00000,-0.7812
106.11,1.00000,0.00000,0.00000,0.00000,-0.7715
106.12,1.00000,0.00000,0.00000,0.00000,-0.7605
106.13,1.00000,0.00000,0.00000,0.00000,-0.7484
106.14,1.00000,0.00000,0.00000,0.00000,-0.7354
106.15,1.00000,0.00000,0.00000,0.00000,-0.7216
106.16,1.00000,0.00000,0.00000,0.00000,-0.7149
106.17,1.00000,0.00000,0.00000,0.00000,-0.7064
106.18,1.00000,0.00000,0.00000,0.00000,-0.6965
106.19,1.00000,0.00000,0.00000,0.00000,-0.6855
106.20,1.00000,0.00000,0.00000,0.00000,-0.6735
106.21,1.00000,0.00000,0.00000,0.00000,-0.6608
106.22,1.00000,0.00000,0.00000,0.00000,-0.6474
106.23,1.00000,0.00000,0.00000,0.00000,-0.6403
106.24,1.00000,0.00000,0.00000,0.00000,-0.6316
106.25,1.00000,0.00000,0.00000,0.00000,-0.6217
106.26,1.00000,0.00000,0.00000,0.00000,-0.6109
106.27,1.00000,0.00000,0.00000,0.00000,-0.5993
106.28,1.00000,0.00000,0.00000,0.00000,-0.5870
106.29,1.00000,0.00000,0.00000,0.00000,-0.5801
106.30,1.00000,0.00000,0.00000,0.00000,-0.5717
106.31,1.00000,0.00000,0.00000,0.00000,-0.5623
106.32,1.00000,0.00000,0.00000,0.00000,-0.5520
106.33,1.00000,0.00000,0.00000,0.00000,-0.5409
106.34,1.00000,0.00000,0.00000,0.00000,-0.5293
106.35,1.00000,0.00000,0.00000,0.00000,-0.5172
106.36,1.00000,0.00000,0.00000,0.00000,-0.5098
106.37,1.00000,0.00000,0.00000,0.00000,-0.5013
106.38,1.00000,0.00000,0.00000,0.00000,-0.4920
106.39,1.00000,0.00000,0.00000,0.00000,-0.4819
106.40,1.00000,0.00000,0.00000,0.00000,-0.4713
106.41,1.00000,0.00000,0.00000,0.00000,-0.4603
106.42,1.00000,0.00000,0.00000,0.00000,-0.4532
106.43,1.00000,0.00000,0.00000,0.00000,-0.4451
106.44,1.00000,0.00000,0.00000,0.00000,-0.4362
106.45,1.00000,0.00000,0.00000,0.00000,-0.4268
106.46,1.00000,0.00000,0.00000,0.00000,-0.4170
106.47,1.00000,0.00000,0.00000,0.00000,-0.4067
106.48,1.00000,0.00000,0.00000,0.00000,-0.3961
106.49,1.00000,0.00000,0.00000,0.00000,-0.3890
106.50,1.00000,0.00000,0.00000,0.00000,-0.3811
106.51,1.00000,0.00000,0.00000,0.00000,-0.3728
106.52,1.00000,0.00000,0.00000,0.00000,-0.3639
106.53,1.00000,0.00000,0.00000,0.00000,-0.3547
106.54,1.00000,0.00000,0.00000,0.00000,-0.3453
106.55,1.00000,0.00000,0.00000,0.00000,-0.3387
106.56,1.00000,0.00000,0.00000,0.00000,-0.3315
106.57,1.00000,0.00000,0.00000,0.00000,-0.3239
106.58,1.00000,0.00000,0.00000,0.00000,-0.3159
106.59,1.00000,0.00000,0.00000,0.00000,-0.3076
106.60,1.00000,0.00000,0.00000,0.00000,-0.2991
106.61,1.00000,0.00000,0.00000,0.00000,-0.2930
106.62,1.00000,0.00000,0.00000,0.00000,-0.2865
106.63,1.00000,0.00000,0.00000,0.00000,-0.2796
106.64,1.00000,0.00000,0.00000,0.00000,-0.2724
106.65,1.00000,0.00000,0.00000,0.00000,-0.2650
106.66,1.00000,0.00000,0.00000,0.00000,-0.2575
106.67,1.00000,0.00000,0.00000,0.00000,-0.2498
106.68,1.00000,0.00000,0.00000,0.00000,-0.2444
106.69,1.00000,0.00000,0.00000,0.00000,-0.2386
106.70,1.00000,0.00000,0.00000,0.00000,-0.2325
106.71,1.00000,0.00000,0.00000,0.00000,-0.2263
106.72,1.00000,0.00000,0.00000,0.00000,-0.2199
106.73,1.00000,0.00000,0.00000,0.00000,-0.2134
106.74,1.00000,0.00000,0.00000,0.00000,-0.2088
106.75,1.00000,0.00000,0.00000,0.00000,-0.2038
106.76,1.00000,0.00000,0.00000,0.00000,-0.1987
106.77,1.00000,0.00000,0.00000,0.00000,-0.1934
106.78,1.00000,0.00000,0.00000,0.00000,-0.1881
106.79,1.00000,0.00000,0.00000,0.00000,-0.1827
106.80,1.00000,0.00000,0.00000,0.00000,-0.1786
106.81,1.00000,0.00000,0.00000,0.00000,-0.1744
106.82,1.00000,0.00000,0.00000,0.00000,-0.1700
106.83,1.00000,0.00000,0.00000,0.00000,-0.1656
106.84,1.00000,0.00000,0.00000,0.00000,-0.1611
106.85,1.00000,0.00000,0.00000,0.00000,-0.1567
106.86,1.00000,0.00000,0.00000,0.00000,-0.1531
106.87,1.00000,0.00000,0.00000,0.00000,-0.1494
106.88,1.00000,0.00000,0.00000,0.00000,-0.1458
106.89,1.00000,0.00000,0.00000,0.00000,-0.1421
106.90,1.00000,0.00000,0.00000,0.00000,-0.1385
106.91,1.00000,0.00000,0.00000,0.00000,-0.1349
106.92,1.00000,0.00000,0.00000,0.00000,-0.1318
106.93,1.00000,0.00000,0.00000,0.00000,-0.1287
106.94,1.00000,0.00000,0.00000,0.00000,-0.1257
106.95,1.00000,0.00000,0.00000,0.00000,-0.1228
106.96,1.00000,0.00000,0.00000,0.00000,-0.1199
106.97,1.00000,0.00000,0.00000,0.00000,-0.1172
106.98,1.00000,0.00000,0.00000,0.00000,-0.1146
106.99,1.00000,0.00000,0.00000,0.00000,-0.1122
107.00,1.00000,0.00000,0.00000,0.00000,-0.1098
107.01,1.00000,0.00000,0.00000,0.00000,-0.1076
107.02,1.00000,0.00000,0.00000,0.00000,-0.1055
107.03,1.00000,0.00000,0.00000,0.00000,-0.1036
107.04,1.00000,0.00000,0.00000,0.00000,-0.1016
107.05,1.00000,0.00000,0.00000,0.00000,-0.0999
107.06,1.00000,0.00000,0.00000,0.00000,-0.0982
107.07,1.00000,0.00000,0.00000,0.00000,-0.0967
107.08,1.00000,0.00000,0.00000,0.00000,-0.0954
107.09,1.00000,0.00000,0.00000,0.00000,-0.0942
107.10,1.00000,0.00000,0.00000,0.00000,-0.0930
107.11,1.00000,0.00000,0.00000,0.00000,-0.0919
107.12,1.00000,0.00000,0.00000,0.00000,-0.0910
107.13,1.00000,0.00000,0.00000,0.00000,-0.0902
107.14,1.00000,0.00000,0.00000,0.00000,-0.0895
107.15,1.00000,0.00000,0.00000,0.00000,-0.0890
107.16,1.00000,0.00000,0.00000,0.00000,-0.0885
107.17,1.00000,0.00000,0.00000,0.00000,-0.0881
107.18,1.00000,0.00000,0.00000,0.00000,-0.0879
107.19,1.00000,0.00000,0.00000,0.00000,-0.0877
107.20,1.00000,0.00000,0.00000,0.00000,-0.0876
107.21,1.00000,0.00000,0.00000,0.00000,-0.0877
107.22,1.00000,0.00000,0.00000,0.00000,-0.0879
107.23,1.00000,0.00000,0.00000,0.00000,-0.0881
107.24,1.00000,0.00000,0.00000,0.00000,-0.0884
107.25,1.00000,0.00000,0.00000,0.00000,-0.0888
107.26,1.00000,0.00000,0.00000,0.00000,-0.0893
107.27,1.00000,0.00000,0.00000,0.00000,-0.0898
107.28,1.00000,0.00000,0.00000,0.00000,-0.0906
107.29,1.00000,0.00000,0.00000,0.00000,-0.0914
107.30,1.00000,0.00000,0.00000,0.00000,-0.0922
107.31,1.00000,0.00000,0.00000,0.00000,-0.0930
107.32,1.00000,0.00000,0.00000,0.00000,-0.0938
107.33,1.00000,0.00000,0.00000,0.00000,-0.0951
107.34,1.00000,0.00000,0.00000,0.00000,-0.0964
107.35,1.00000,0.00000,0.00000,0.00000,-0.0975
107.36,1.00000,0.00000,0.00000,0.00000,-0.0987
107.37,1.00000,0.00000,0.00000,0.00000,-0.0997
107.38,1.00000,0.00000,0.00000,0.00000,-0.1007
107.39,1.00000,0.00000,0.00000,0.00000,-0.1025
107.40,1.00000,0.00000,0.00000,0.00000,-0.1041
107.41,1.00000,0.00000,0.00000,0.00000,-0.1055
107.42,1.00000,0.00000,0.00000,0.00000,-0.1068
107.43,1.00000,0.00000,0.00000,0.00000,-0.1079
107.44,1.00000,0.00000,0.00000,0.00000,-0.1090
107.45,1.00000,0.00000,0.00000,0.00000,-0.1111
107.46,1.00000,0.00000,0.00000,0.00000,-0.1129
107.47,1.00000,0.00000,0.00000,0.00000,-0.1145
107.48,1.00000,0.00000,0.00000,0.00000,-0.1158
107.49,1.00000,0.00000,0.00000,0.00000,-0.1169
107.50,1.00000,0.00000,0.00000,0.00000,-0.1179
107.51,1.00000,0.00000,0.00000,0.00000,-0.1202
107.52,1.00000,0.00000,0.00000,0.00000,-0.1221
107.53,1.00000,0.00000,0.00000,0.00000,-0.1236
107.54,1.00000,0.00000,0.00000,0.00000,-0.1248
107.55,1.00000,0.00000,0.00000,0.00000,-0.1258
107.56,1.00000,0.00000,0.00000,0.00000,-0.1284
107.57,1.00000,0.00000,0.00000,0.00000,-0.1305
107.58,1.00000,0.00000,0.00000,0.00000,-0.1321
107.59,1.00000,0.00000,0.00000,0.00000,-0.1332
107.60,1.00000,0.00000,0.00000,0.00000,-0.1340
107.61,1.00000,0.00000,0.00000,0.00000,-0.1344
107.62,1.00000,0.00000,0.00000,0.00000,-0.1369
107.63,1.00000,0.00000,0.00000,0.00000,-0.1387
107.64,1.00000,0.00000,0.00000,0.00000,-0.1400
107.65,1.00000,0.00000,0.00000,0.00000,-0.1407
107.66,1.00000,0.00000,0.00000,0.00000,-0.1410
107.67,1.00000,0.00000,0.00000,0.00000,-0.1435
107.68,1.00000,0.00000,0.00000,0.00000,-0.1454
107.69,1.00000,0.00000,0.00000,0.00000,-0.1464
107.70,1.00000,0.00000,0.00000,0.00000,-0.1469
107.71,1.00000,0.00000,0.00000,0.00000,-0.1468
107.72,1.00000,0.00000,0.00000,0.00000,-0.1463
107.73,1.00000,0.00000,0.00000,0.00000,-0.1485
107.74,1.00000,0.00000,0.00000,0.00000,-0.1497
107.75,1.00000,0.00000,0.00000,0.00000,-0.1501
107.76,1.00000,0.00000,0.00000,0.00000,-0.1498
107.77,1.00000,0.00000,0.00000,0.00000,-0.1490
107.78,1.00000,0.00000,0.00000,0.00000,-0.1477
107.79,1.00000,0.00000,0.00000,0.00000,-0.1493
107.80,1.00000,0.00000,0.00000,0.00000,-0.1499
107.81,1.00000,0.00000,0.00000,0.00000,-0.1496
107.82,1.00000,0.00000,0.00000,0.00000,-0.1486
107.83,1.00000,0.00000,0.00000,0.00000,-0.1470
107.84,1.00000,0.00000,0.00000,0.00000,-0.1484
107.85,1.00000,0.00000,0.00000,0.00000,-0.1487
107.86,1.00000,0.00000,0.00000,0.00000,-0.1480
107.87,1.00000,0.00000,0.00000,0.00000,-0.1466
107.88,1.00000,0.00000,0.00000,0.00000,-0.1444
107.89,1.00000,0.00000,0.00000,0.00000,-0.1416
107.90,1.00000,0.00000,0.00000,0.00000,-0.1421
107.91,1.00000,0.00000,0.00000,0.00000,-0.1413
107.92,1.00000,0.00000,0.00000,0.00000,-0.1396
107.93,1.00000,0.00000,0.00000,0.00000,-0.1371
107.94,1.00000,0.00000,0.00000,0.00000,-0.1339
107.95,1.00000,0.00000,0.00000,0.00000,-0.1340
107.96,1.00000,0.00000,0.00000,0.00000,-0.1328
107.97,1.00000,0.00000,0.00000,0.00000,-0.1305
107.98,1.00000,0.00000,0.00000,0.00000,-0.1274
107.99,1.00000,0.00000,0.00000,0.00000,-0.1235
108.00,1.00000,0.00000,0.00000,0.00000,-0.1189
108.01,1.00000,0.00000,0.00000,0.00000,-0.1177
108.02,1.00000,0.00000,0.00000,0.00000,-0.1152
108.03,1.00000,0.00000,0.00000,0.00000,-0.1117
108.04,1.00000,0.00000,0.00000,0.00000,-0.1074
108.05,1.00000,0.00000,0.00000,0.00000,-0.1023
108.06,1.00000,0.00000,0.00000,0.00000,-0.1005
108.07,1.00000,0.00000,0.00000,0.00000,-0.0974
108.08,1.00000,0.00000,0.00000,0.00000,-0.0932
108.09,1.00000,0.00000,0.00000,0.00000,-0.0881
108.10,1.00000,0.00000,0.00000,0.00000,-0.0822
108.11,1.00000,0.00000,0.00000,0.00000,-0.0796
108.12,1.00000,0.00000,0.00000,0.00000,-0.0756
108.13,1.00000,0.00000,0.00000,0.00000,-0.0706
108.14,1.00000,0.00000,0.00000,0.00000,-0.0645
108.15,1.00000,0.00000,0.00000,0.00000,-0.0578
108.16,1.00000,0.00000,0.00000,0.00000,-0.0502
108.17,1.00000,0.00000,0.00000,0.00000,-0.0459
108.18,1.00000,0.00000,0.00000,0.00000,-0.0403
108.19,1.00000,0.00000,0.00000,0.00000,-0.0338
108.20,1.00000,0.00000,0.00000,0.00000,-0.0264
108.21,1.00000,0.00000,0.00000,0.00000,-0.0182
108.22,1.00000,0.00000,0.00000,0.00000,-0.0130
108.23,1.00000,0.00000,0.00000,0.00000,-0.0066
108.24,1.00000,0.00000,0.00000,0.00000,0.0008
108.25,1.00000,0.00000,0.00000,0.00000,0.0091
108.26,1.00000,0.00000,0.00000,0.00000,0.0181
108.27,1.00000,0.00000,0.00000,0.00000,0.0245
108.28,0.99983,0.00000,0.00000,0.00000,0.0320
108.29,0.99920,0.00000,0.00000,0.00000,0.0405
108.30,0.99860,0.00000,0.00000,0.00000,0.0498
108.31,0.99798,0.00000,0.00000,0.00000,0.0597
108.32,0.99733,0.00000,0.00000,0.00000,0.0704
108.33,0.99671,0.00000,0.00000,0.00000,0.0786
108.34,0.99612,0.00000,0.00000,0.00000,0.0878
108.35,0.99555,0.00000,0.00000,0.00000,0.0978
108.36,0.99500,0.00000,0.00000,0.00000,0.1084
108.37,0.99439,0.00000,0.00000,0.00000,0.1198
108.38,0.99380,0.00000,0.00000,0.00000,0.1291
108.39,0.99325,0.00000,0.00000,0.00000,0.1394
108.40,0.99272,0.00000,0.00000,0.00000,0.1504
108.41,0.99222,0.00000,0.00000,0.00000,0.1620
108.42,0.99165,0.00000,0.00000,0.00000,0.1742
108.43,0.99110,0.00000,0.00000,0.00000,0.1849
108.44,0.99058,0.00000,0.00000,0.00000,0.1963
108.45,0.99008,0.00000,0.00000,0.00000,0.2084
108.46,0.98962,0.00000,0.00000,0.00000,0.2210
108.47,0.98910,0.00000,0.00000,0.00000,0.2342
108.48,0.98859,0.00000,0.00000,0.00000,0.2478
108.49,0.98810,0.00000,0.00000,0.00000,0.2603
108.50,0.98764,0.00000,0.00000,0.00000,0.2734
108.51,0.98720,0.00000,0.00000,0.00000,0.2869
108.52,0.98674,0.00000,0.00000,0.00000,0.3008
108.53,0.98626,0.00000,0.00000,0.00000,0.3151
108.54,0.98580,0.00000,0.00000,0.00000,0.3290
108.55,0.98537,0.00000,0.00000,0.00000,0.3432
108.56,0.98496,0.00000,0.00000,0.00000,0.3578
108.57,0.98455,0.00000,0.00000,0.00000,0.3726
108.58,0.98409,0.00000,0.00000,0.00000,0.3877
108.59,0.98366,0.00000,0.00000,0.00000,0.4031
108.60,0.98326,0.00000,0.00000,0.00000,0.4186
108.61,0.98288,0.00000,0.00000,0.00000,0.4343
108.62,0.98252,0.00000,0.00000,0.00000,0.4500
108.63,0.98209,0.00000,0.00000,0.00000,0.4660
108.64,0.98169,0.00000,0.00000,0.00000,0.4829
108.65,0.98131,0.00000,0.00000,0.00000,0.4997
108.66,0.98096,0.00000,0.00000,0.00000,0.5165
108.67,0.98063,0.00000,0.00000,0.00000,0.5332
108.68,0.98023,0.00000,0.00000,0.00000,0.5499
108.69,0.97985,0.00000,0.00000,0.00000,0.5666
108.70,0.97950,0.00000,0.00000,0.00000,0.5851
108.71,0.97918,0.00000,0.00000,0.00000,0.6032
108.72,0.97887,0.00000,0.00000,0.00000,0.6210
108.73,0.97851,0.00000,0.00000,0.00000,0.6387
108.74,0.97816,0.00000,0.00000,0.00000,0.6561
108.75,0.97783,0.00000,0.00000,0.00000,0.6762
108.76,0.97753,0.00000,0.00000,0.00000,0.6956
108.77,0.97725,0.00000,0.00000,0.00000,0.7145
108.78,0.97693,0.00000,0.00000,0.00000,0.7330
108.79,0.97660,0.00000,0.00000,0.00000,0.7511
108.80,0.97629,0.00000,0.00000,0.00000,0.7728
108.81,0.97601,0.00000,0.00000,0.00000,0.7935
108.82,0.97575,0.00000,0.00000,0.00000,0.8134
108.83,0.97547,0.00000,0.00000,0.00000,0.8326
108.84,0.97516,0.00000,0.00000,0.00000,0.8513
108.85,0.97487,0.00000,0.00000,0.00000,0.8746
108.86,0.97461,0.00000,0.00000,0.00000,0.8965
108.87,0.97438,0.00000,0.00000,0.00000,0.9174
108.88,0.97412,0.00000,0.00000,0.00000,0.9373
108.89,0.97383,0.00000,0.00000,0.00000,0.9565
108.90,0.97357,0.00000,0.00000,0.00000,0.9813
108.91,0.97333,0.00000,0.00000,0.00000,1.0044
108.92,0.97311,0.00000,0.00000,0.00000,1.0262
108.93,0.97288,0.00000,0.00000,0.00000,1.0468
108.94,0.97261,0.00000,0.00000,0.00000,1.0663
108.95,0.97237,0.00000,0.00000,0.00000,1.0927
108.96,0.97214,0.00000,0.00000,0.00000,1.1169
108.97,0.97194,0.00000,0.00000,0.00000,1.1395
108.98,0.97174,0.00000,0.00000,0.00000,1.1606
108.99,0.97149,0.00000,0.00000,0.00000,1.1805
109.00,0.97126,0.00000,0.00000,0.00000,1.2083
109.01,0.97106,0.00000,0.00000,0.00000,1.2337
109.02,0.97088,0.00000,0.00000,0.00000,1.2570
109.03,0.97070,0.00000,0.00000,0.00000,1.2785
109.04,0.97046,0.00000,0.00000,0.00000,1.2986
109.05,0.97025,0.00000,0.00000,0.00000,1.3174
109.06,0.97007,0.00000,0.00000,0.00000,1.3455
109.07,0.96990,0.00000,0.00000,0.00000,1.3709
109.08,0.96974,0.00000,0.00000,0.00000,1.3940
109.09,0.96952,0.00000,0.00000,0.00000,1.4152
109.10,0.96933,0.00000,0.00000,0.00000,1.4347
109.11,0.96916,0.00000,0.00000,0.00000,1.4647
109.12,0.96901,0.00000,0.00000,0.00000,1.4914
109.13,0.96887,0.00000,0.00000,0.00000,1.5155
109.14,0.96867,0.00000,0.00000,0.00000,1.5372
109.15,0.96849,0.00000,0.00000,0.00000,1.5569
109.16,0.96833,0.00000,0.00000,0.00000,1.5883
109.17,0.96820,0.00000,0.00000,0.00000,1.6161
109.18,0.96808,0.00000,0.00000,0.00000,1.6407
109.19,0.96789,0.00000,0.00000,0.00000,1.6626
109.20,0.96773,0.00000,0.00000,0.00000,1.6823
109.21,0.96758,0.00000,0.00000,0.00000,1.7149
109.22,0.96746,0.00000,0.00000,0.00000,1.7435
109.23,0.96736,0.00000,0.00000,0.00000,1.7685
109.24,0.96718,0.00000,0.00000,0.00000,1.7904
109.25,0.96703,0.00000,0.00000,0.00000,1.8099
109.26,0.96691,0.00000,0.00000,0.00000,1.8436
109.27,0.96680,0.00000,0.00000,0.00000,1.8727
109.28,0.96670,0.00000,0.00000,0.00000,1.8979
109.29,0.96655,0.00000,0.00000,0.00000,1.9198
109.30,0.96641,0.00000,0.00000,0.00000,1.9388
109.31,0.96629,0.00000,0.00000,0.00000,1.9734
109.32,0.96620,0.00000,0.00000,0.00000,2.0030
109.33,0.96612,0.00000,0.00000,0.00000,2.0283
109.34,0.96597,0.00000,0.00000,0.00000,2.0498
109.35,0.96585,0.00000,0.00000,0.00000,2.0683
109.36,0.96574,0.00000,0.00000,0.00000,2.1037
109.37,0.96566,0.00000,0.00000,0.00000,2.1337
109.38,0.96559,0.00000,0.00000,0.00000,2.1588
109.39,0.96546,0.00000,0.00000,0.00000,2.1799
109.40,0.96534,0.00000,0.00000,0.00000,2.1976
109.41,0.96525,0.00000,0.00000,0.00000,2.2338
109.42,0.96518,0.00000,0.00000,0.00000,2.2639
109.43,0.96512,0.00000,0.00000,0.00000,2.2888
109.44,0.96500,0.00000,0.00000,0.00000,2.3093
109.45,0.96490,0.00000,0.00000,0.00000,2.3261
109.46,0.96482,0.00000,0.00000,0.00000,2.3628
109.47,0.96475,0.00000,0.00000,0.00000,2.3929
109.48,0.96470,0.00000,0.00000,0.00000,2.4174
109.49,0.96459,0.00000,0.00000,0.00000,2.4372
109.50,0.96450,0.00000,0.00000,0.00000,2.4530
109.51,0.96443,0.00000,0.00000,0.00000,2.4901
109.52,0.96438,0.00000,0.00000,0.00000,2.5201
109.53,0.96433,0.00000,0.00000,0.00000,2.5441
109.54,0.96423,0.00000,0.00000,0.00000,2.5630
109.55,0.96415,0.00000,0.00000,0.00000,2.5776
109.56,0.96409,0.00000,0.00000,0.00000,2.6150
109.57,0.96405,0.00000,0.00000,0.00000,2.6448
109.58,0.96401,0.00000,0.00000,0.00000,2.6682
109.59,0.96392,0.00000,0.00000,0.00000,2.6861
109.60,0.96385,0.00000,0.00000,0.00000,2.6995
109.61,0.96380,0.00000,0.00000,0.00000,2.7370
109.62,0.96377,0.00000,0.00000,0.00000,2.7665
109.63,0.96373,0.00000,0.00000,0.00000,2.7891
109.64,0.96365,0.00000,0.00000,0.00000,2.8060
109.65,0.96359,0.00000,0.00000,0.00000,2.8180
109.66,0.96355,0.00000,0.00000,0.00000,2.8556
109.67,0.96353,0.00000,0.00000,0.00000,2.8846
109.68,0.96350,0.00000,0.00000,0.00000,2.9065
109.69,0.96342,0.00000,0.00000,0.00000,2.9222
109.70,0.96337,0.00000,0.00000,0.00000,2.9327
109.71,0.96334,0.00000,0.00000,0.00000,2.9703
109.72,0.96332,0.00000,0.00000,0.00000,2.9989
109.73,0.96330,0.00000,0.00000,0.00000,3.0198
109.74,0.96323,0.00000,0.00000,0.00000,3.0343
109.75,0.96319,0.00000,0.00000,0.00000,3.0434
109.76,0.96317,0.00000,0.00000,0.00000,3.0809
109.77,0.96316,0.00000,0.00000,0.00000,3.1089
109.78,0.96313,0.00000,0.00000,0.00000,3.1290
109.79,0.96308,0.00000,0.00000,0.00000,3.1423
109.80,0.96304,0.00000,0.00000,0.00000,3.1499
109.81,0.96303,0.00000,0.00000,0.00000,3.1873
109.82,0.96303,0.00000,0.00000,0.00000,3.2147
109.83,0.96300,0.00000,0.00000,0.00000,3.2339
109.84,0.96296,0.00000,0.00000,0.00000,3.2459
109.85,0.96293,0.00000,0.00000,0.00000,3.2521
109.86,0.96292,0.00000,0.00000,0.00000,3.2893
109.87,0.96293,0.00000,0.00000,0.00000,3.3162
109.88,0.96290,0.00000,0.00000,0.00000,3.3343
109.89,0.96286,0.00000,0.00000,0.00000,3.3452
109.90,0.96284,0.00000,0.00000,0.00000,3.3499
109.91,0.96285,0.00000,0.00000,0.00000,3.3868
109.92,0.96286,0.00000,0.00000,0.00000,3.4131
109.93,0.96283,0.00000,0.00000,0.00000,3.4303
109.94,0.96280,0.00000,0.00000,0.00000,3.4399
109.95,0.96279,0.00000,0.00000,0.00000,3.4820
109.96,0.96280,0.00000,0.00000,0.00000,3.5122
109.97,0.96282,0.00000,0.00000,0.00000,3.5323
109.98,0.96279,0.00000,0.00000,0.00000,3.5440
109.99,0.96276,0.00000,0.00000,0.00000,3.5486
110.00,0.96276,0.00000,0.00000,0.00000,3.5872
110.01,0.96277,0.00000,0.00000,0.00000,3.6141
110.02,0.96280,0.00000,0.00000,0.00000,3.6310
110.03,0.96277,0.00000,0.00000,0.00000,3.6397
110.04,0.96275,0.00000,0.00000,0.00000,3.6413
110.05,0.96276,0.00000,0.00000,0.00000,3.6780
110.06,0.96278,0.00000,0.00000,0.00000,3.7029
110.07,0.96280,0.00000,0.00000,0.00000,3.7178
110.08,0.96277,0.00000,0.00000,0.00000,3.7243
110.09,0.96277,0.00000,0.00000,0.00000,3.7238
110.10,0.96278,0.00000,0.00000,0.00000,3.7593
110.11,0.96280,0.00000,0.00000,0.00000,3.7827
110.12,0.96259,0.00000,0.00000,0.00000,3.7961
110.13,0.96221,0.00000,0.00000,0.00000,3.8009
110.14,0.96183,0.00000,0.00000,0.00000,3.7986
110.15,0.96145,0.00000,0.00000,0.00000,3.8332
110.16,0.96107,0.00000,0.00000,0.00000,3.8555
110.17,0.96069,0.00000,0.00000,0.00000,3.8676
110.18,0.96030,0.00000,0.00000,0.00000,3.8709
110.19,0.95991,0.00000,0.00000,0.00000,3.8670
110.20,0.95952,0.00000,0.00000,0.00000,3.9009
110.21,0.95913,0.00000,0.00000,0.00000,3.9224
110.22,0.95874,0.00000,0.00000,0.00000,3.9333
110.23,0.95833,0.00000,0.00000,0.00000,3.9355
110.24,0.95792,0.00000,0.00000,0.00000,3.9302
110.25,0.95751,0.00000,0.00000,0.00000,3.9636
110.26,0.95710,0.00000,0.00000,0.00000,3.9842
110.27,0.95668,0.00000,0.00000,0.00000,3.9943
110.28,0.95625,0.00000,0.00000,0.00000,3.9953
110.29,0.95581,0.00000,0.00000,0.00000,3.9888
110.30,0.95537,0.00000,0.00000,0.00000,4.0217
110.31,0.95494,0.00000,0.00000,0.00000,4.0418
110.32,0.95448,0.00000,0.00000,0.00000,4.0510
110.33,0.95400,0.00000,0.00000,0.00000,4.0511
110.34,0.95353,0.00000,0.00000,0.00000,4.0900
110.35,0.95305,0.00000,0.00000,0.00000,4.1148
110.36,0.95258,0.00000,0.00000,0.00000,4.1278
110.37,0.95207,0.00000,0.00000,0.00000,4.1310
110.38,0.95154,0.00000,0.00000,0.00000,4.1259
110.39,0.95102,0.00000,0.00000,0.00000,4.1607
110.40,0.95049,0.00000,0.00000,0.00000,4.1820
110.41,0.94996,0.00000,0.00000,0.00000,4.1919
110.42,0.94939,0.00000,0.00000,0.00000,4.1923
110.43,0.94881,0.00000,0.00000,0.00000,4.1845
110.44,0.94822,0.00000,0.00000,0.00000,4.2177
110.45,0.94763,0.00000,0.00000,0.00000,4.2374
110.46,0.94705,0.00000,0.00000,0.00000,4.2457
110.47,0.94639,0.00000,0.00000,0.00000,4.2446
110.48,0.94573,0.00000,0.00000,0.00000,4.2355
110.49,0.94507,0.00000,0.00000,0.00000,4.2679
110.50,0.94442,0.00000,0.00000,0.00000,4.2868
110.51,0.94375,0.00000,0.00000,0.00000,4.2944
110.52,0.94301,0.00000,0.00000,0.00000,4.2925
110.53,0.94227,0.00000,0.00000,0.00000,4.2827
110.54,0.94153,0.00000,0.00000,0.00000,4.3149
110.55,0.94079,0.00000,0.00000,0.00000,4.3335
110.56,0.94002,0.00000,0.00000,0.00000,4.3407
110.57,0.93919,0.00000,0.00000,0.00000,4.3385
110.58,0.93836,0.00000,0.00000,0.00000,4.3283
110.59,0.93752,0.00000,0.00000,0.00000,4.3605
110.60,0.93669,0.00000,0.00000,0.00000,4.3791
110.61,0.93581,0.00000,0.00000,0.00000,4.3864
110.62,0.93487,0.00000,0.00000,0.00000,4.3841
110.63,0.93394,0.00000,0.00000,0.00000,4.4231
110.64,0.93301,0.00000,0.00000,0.00000,4.4475
110.65,0.93207,0.00000,0.00000,0.00000,4.4595
110.66,0.93106,0.00000,0.00000,0.00000,4.4612
110.67,0.93001,0.00000,0.00000,0.00000,4.4544
110.68,0.92896,0.00000,0.00000,0.00000,4.4900
110.69,0.92792,0.00000,0.00000,0.00000,4.5115
110.70,0.92687,0.00000,0.00000,0.00000,4.5212
110.71,0.92572,0.00000,0.00000,0.00000,4.5209
110.72,0.92455,0.00000,0.00000,0.00000,4.5125
110.73,0.92338,0.00000,0.00000,0.00000,4.5472
110.74,0.92221,0.00000,0.00000,0.00000,4.5680
110.75,0.92103,0.00000,0.00000,0.00000,4.5771
110.76,0.91973,0.00000,0.00000,0.00000,4.5764
110.77,0.91844,0.00000,0.00000,0.00000,4.5678
110.78,0.91714,0.00000,0.00000,0.00000,4.6027
110.79,0.91584,0.00000,0.00000,0.00000,4.6237
110.80,0.91450,0.00000,0.00000,0.00000,4.6332
110.81,0.91307,0.00000,0.00000,0.00000,4.6329
110.82,0.91163,0.00000,0.00000,0.00000,4.6248
110.83,0.91020,0.00000,0.00000,0.00000,4.6605
110.84,0.90877,0.00000,0.00000,0.00000,4.6823
110.85,0.90725,0.00000,0.00000,0.00000,4.6926
110.86,0.90567,0.00000,0.00000,0.00000,4.6932
110.87,0.90409,0.00000,0.00000,0.00000,4.7366
110.88,0.90252,0.00000,0.00000,0.00000,4.7651
110.89,0.90094,0.00000,0.00000,0.00000,4.7811
110.90,0.89924,0.00000,0.00000,0.00000,4.7866
110.91,0.89751,0.00000,0.00000,0.00000,4.7835
110.92,0.89578,0.00000,0.00000,0.00000,4.8243
110.93,0.89406,0.00000,0.00000,0.00000,4.8508
110.94,0.89232,0.00000,0.00000,0.00000,4.8653
110.95,0.89044,0.00000,0.00000,0.00000,4.8698
110.96,0.88855,0.00000,0.00000,0.00000,4.8661
110.97,0.88667,0.00000,0.00000,0.00000,4.9069
110.98,0.88478,0.00000,0.00000,0.00000,4.9336
110.99,0.88286,0.00000,0.00000,0.00000,4.9485
111.00,0.88081,0.00000,0.00000,0.00000,4.9536
111.01,0.87877,0.00000,0.00000,0.00000,4.9507
111.02,0.87672,0.00000,0.00000,0.00000,4.9927
111.03,0.87467,0.00000,0.00000,0.00000,5.0207
111.04,0.87254,0.00000,0.00000,0.00000,5.0368
111.05,0.87033,0.00000,0.00000,0.00000,5.0432
111.06,0.86812,0.00000,0.00000,0.00000,5.0937
111.07,0.86590,0.00000,0.00000,0.00000,5.1289
111.08,0.86369,0.00000,0.00000,0.00000,5.1514
111.09,0.86135,0.00000,0.00000,0.00000,5.1632
111.10,0.85897,0.00000,0.00000,0.00000,5.1664
111.11,0.85659,0.00000,0.00000,0.00000,5.2150
111.12,0.85421,0.00000,0.00000,0.00000,5.2488
111.13,0.85182,0.00000,0.00000,0.00000,5.2704
111.14,0.84927,0.00000,0.00000,0.00000,5.2817
111.15,0.84672,0.00000,0.00000,0.00000,5.2849
111.16,0.84416,0.00000,0.00000,0.00000,5.3341
111.17,0.84160,0.00000,0.00000,0.00000,5.3689
111.18,0.83901,0.00000,0.00000,0.00000,5.3914
111.19,0.83627,0.00000,0.00000,0.00000,5.4039
111.20,0.83354,0.00000,0.00000,0.00000,5.4082
111.21,0.83081,0.00000,0.00000,0.00000,5.4595
111.22,0.82808,0.00000,0.00000,0.00000,5.4961
111.23,0.82526,0.00000,0.00000,0.00000,5.5205
111.24,0.82235,0.00000,0.00000,0.00000,5.5349
111.25,0.81944,0.00000,0.00000,0.00000,5.5955
111.26,0.81653,0.00000,0.00000,0.00000,5.6403
111.27,0.81361,0.00000,0.00000,0.00000,5.6718
111.28,0.81057,0.00000,0.00000,0.00000,5.6921
111.29,0.80748,0.00000,0.00000,0.00000,5.7035
111.30,0.80439,0.00000,0.00000,0.00000,5.7628
111.31,0.80130,0.00000,0.00000,0.00000,5.8066
111.32,0.79820,0.00000,0.00000,0.00000,5.8375
111.33,0.79493,0.00000,0.00000,0.00000,5.8578
111.34,0.79166,0.00000,0.00000,0.00000,5.8693
111.35,0.78838,0.00000,0.00000,0.00000,5.9300
111.36,0.78511,0.00000,0.00000,0.00000,5.9752
111.37,0.78179,0.00000,0.00000,0.00000,6.0075
111.38,0.77833,0.00000,0.00000,0.00000,6.0292
111.39,0.77488,0.00000,0.00000,0.00000,6.0421
111.40,0.77142,0.00000,0.00000,0.00000,6.1055
111.41,0.76797,0.00000,0.00000,0.00000,6.1531
111.42,0.76441,0.00000,0.00000,0.00000,6.1875
111.43,0.76078,0.00000,0.00000,0.00000,6.2114
111.44,0.75714,0.00000,0.00000,0.00000,6.2854
111.45,0.75350,0.00000,0.00000,0.00000,6.3422
111.46,0.74986,0.00000,0.00000,0.00000,6.3845
111.47,0.74608,0.00000,0.00000,0.00000,6.4148
111.48,0.74226,0.00000,0.00000,0.00000,6.4354
111.49,0.73843,0.00000,0.00000,0.00000,6.5084
111.50,0.73461,0.00000,0.00000,0.00000,6.5644
111.51,0.73078,0.00000,0.00000,0.00000,6.6063
111.52,0.72678,0.00000,0.00000,0.00000,6.6365
111.53,0.72278,0.00000,0.00000,0.00000,6.6571
111.54,0.71878,0.00000,0.00000,0.00000,6.7320
111.55,0.71478,0.00000,0.00000,0.00000,6.7898
111.56,0.71072,0.00000,0.00000,0.00000,6.8332
111.57,0.70654,0.00000,0.00000,0.00000,6.8650
111.58,0.70236,0.00000,0.00000,0.00000,6.8870
111.59,0.69943,0.00000,0.00000,0.00000,6.9651
111.60,0.69813,0.00000,0.00000,0.00000,7.0256
111.61,0.69679,0.00000,0.00000,0.00000,7.0715
111.62,0.69543,0.00000,0.00000,0.00000,7.1055
111.63,0.69406,0.00000,0.00000,0.00000,7.1957
111.64,0.69270,0.00000,0.00000,0.00000,7.2666
111.65,0.69134,0.00000,0.00000,0.00000,7.3212
111.66,0.68993,0.00000,0.00000,0.00000,7.3624
111.67,0.68852,0.00000,0.00000,0.00000,7.3924
111.68,0.68710,0.00000,0.00000,0.00000,7.4818
111.69,0.68569,0.00000,0.00000,0.00000,7.5520
111.70,0.68427,0.00000,0.00000,0.00000,7.6060
111.71,0.68280,0.00000,0.00000,0.00000,7.6469
111.72,0.68133,0.00000,0.00000,0.00000,7.6768
111.73,0.67986,0.00000,0.00000,0.00000,7.7685
111.74,0.67840,0.00000,0.00000,0.00000,7.8406
111.75,0.67691,0.00000,0.00000,0.00000,7.8963
111.76,0.67539,0.00000,0.00000,0.00000,7.9387
111.77,0.67387,0.00000,0.00000,0.00000,8.0434
111.78,0.67235,0.00000,0.00000,0.00000,8.1265
111.79,0.67083,0.00000,0.00000,0.00000,8.1915
111.80,0.66927,0.00000,0.00000,0.00000,8.2413
111.81,0.66771,0.00000,0.00000,0.00000,8.2786
111.82,0.66613,0.00000,0.00000,0.00000,8.3820
111.83,0.66456,0.00000,0.00000,0.00000,8.4640
111.84,0.66300,0.00000,0.00000,0.00000,8.5278
111.85,0.66138,0.00000,0.00000,0.00000,8.5767
111.86,0.65976,0.00000,0.00000,0.00000,8.6132
111.87,0.65814,0.00000,0.00000,0.00000,8.7189
111.88,0.65652,0.00000,0.00000,0.00000,8.8026
111.89,0.65488,0.00000,0.00000,0.00000,8.8677
111.90,0.65322,0.00000,0.00000,0.00000,8.9177
111.91,0.65155,0.00000,0.00000,0.00000,8.9548
111.92,0.64988,0.00000,0.00000,0.00000,9.0642
111.93,0.64821,0.00000,0.00000,0.00000,9.1508
111.94,0.64652,0.00000,0.00000,0.00000,9.2183
111.95,0.64480,0.00000,0.00000,0.00000,9.2700
111.96,0.64308,0.00000,0.00000,0.00000,9.3947
111.97,0.64136,0.00000,0.00000,0.00000,9.4941
111.98,0.63965,0.00000,0.00000,0.00000,9.5720
111.99,0.63789,0.00000,0.00000,0.00000,9.6322
112.00,0.63613,0.00000,0.00000,0.00000,9.6775
112.01,0.63436,0.00000,0.00000,0.00000,9.8003
112.02,0.63259,0.00000,0.00000,0.00000,9.8977
112.03,0.63082,0.00000,0.00000,0.00000,9.9738
112.04,0.62901,0.00000,0.00000,0.00000,10.0322
112.05,0.62720,0.00000,0.00000,0.00000,10.0757
112.06,0.62538,0.00000,0.00000,0.00000,10.2005
112.07,0.56538,0.00000,0.00000,0.00000,10.2992
112.08,0.50538,0.00000,0.00000,0.00000,10.3759
112.09,0.44538,0.00000,0.00000,0.00000,10.4343
112.10,0.38538,0.06400,0.03200,0.04000,10.5747
112.11,0.32538,0.12800,0.06400,0.08000,10.6859
112.12,0.26538,0.19200,0.09600,0.12000,10.7722
112.13,0.20538,0.25600,0.12800,0.16000,10.8374
112.14,0.14538,0.32000,0.16000,0.20000,10.8848
112.15,0.08538,0.38400,0.19200,0.24000,11.0189
112.16,0.02538,0.44800,0.22400,0.28000,11.1230
112.17,0.00000,0.51200,0.25600,0.32000,11.2012
112.18,0.00000,0.57600,0.28800,0.36000,11.2576
112.19,0.00000,0.64000,0.32000,0.40000,11.2953
112.20,0.00000,0.66400,0.33200,0.44000,11.4234
112.21,0.00000,0.68800,0.34400,0.48000,11.5200
112.22,0.00000,0.71200,0.35600,0.52000,11.5896
112.23,0.00000,0.73600,0.36800,0.56000,11.6362
112.24,0.00000,0.76000,0.38000,0.60000,11.6633
112.25,0.00000,0.78400,0.39200,0.64000,11.7849
112.26,0.00000,0.80793,0.40396,0.67988,11.8734
112.27,0.00000,0.80810,0.40405,0.68016,11.9336
112.28,0.00000,0.80826,0.40413,0.68043,11.9698
112.29,0.00000,0.80843,0.40422,0.68072,12.1021
112.30,0.00000,0.80857,0.40428,0.68094,12.1985
112.31,0.00000,0.80870,0.40435,0.68117,12.2645
112.32,0.00000,0.80887,0.40444,0.68145,12.3047
112.33,0.00000,0.80903,0.40452,0.68172,12.3230
112.34,0.00000,0.80922,0.40461,0.68203,12.4445
112.35,0.00000,0.80935,0.40468,0.68225,12.5306
112.36,0.00000,0.80949,0.40474,0.68248,12.5869
112.37,0.00000,0.80966,0.40483,0.68277,12.6180
112.38,0.00000,0.80983,0.40491,0.68304,12.6275
112.39,0.00000,0.81002,0.40501,0.68336,12.7458
112.40,0.00000,0.81015,0.40508,0.68359,12.8282
112.41,0.00000,0.81029,0.40515,0.68382,12.8803
112.42,0.00000,0.81047,0.40523,0.68411,12.9068
112.43,0.00000,0.81063,0.40532,0.68439,12.9115
112.44,0.00000,0.81083,0.40542,0.68472,13.0299
112.45,0.00000,0.81097,0.40549,0.68495,13.1115
112.46,0.00000,0.81110,0.40555,0.68517,13.1618
112.47,0.00000,0.81129,0.40564,0.68548,13.1858
112.48,0.00000,0.81145,0.40573,0.68576,13.1874
112.49,0.00000,0.81166,0.40583,0.68610,13.3079
112.50,0.00000,0.81180,0.40590,0.68633,13.3900
112.51,0.00000,0.81193,0.40596,0.68655,13.4398
112.52,0.00000,0.81211,0.40606,0.68685,13.4624
112.53,0.00000,0.81228,0.40614,0.68714,13.4619
112.54,0.00000,0.81250,0.40625,0.68750,13.5853
112.55,0.00000,0.81264,0.40632,0.68774,13.6688
112.56,0.00000,0.81277,0.40639,0.68795,13.7188
112.57,0.00000,0.81295,0.40647,0.68825,13.7407
112.58,0.00000,0.81312,0.40656,0.68854,13.7385
112.59,0.00000,0.81335,0.40667,0.68891,13.8657
112.60,0.00000,0.81349,0.40675,0.68916,13.9512
112.61,0.00000,0.81363,0.40681,0.68938,14.0019
112.62,0.00000,0.81379,0.40689,0.68965,14.0234
112.63,0.00000,0.81397,0.40698,0.68995,14.0201
112.64,0.00000,0.81420,0.40710,0.69034,14.1513
112.65,0.00000,0.81435,0.40718,0.69059,14.2394
112.66,0.00000,0.81449,0.40725,0.69082,14.2911
112.67,0.00000,0.81464,0.40732,0.69106,14.3125
112.68,0.00000,0.81482,0.40741,0.69137,14.3083
112.69,0.00000,0.81507,0.40753,0.69178,14.4439
112.70,0.00000,0.81522,0.40761,0.69204,14.5348
112.71,0.00000,0.81536,0.40768,0.69227,14.5880
112.72,0.00000,0.81549,0.40774,0.69248,14.6095
112.73,0.00000,0.81568,0.40784,0.69279,14.6045
112.74,0.00000,0.81594,0.40797,0.69323,14.7448
112.75,0.00000,0.81610,0.40805,0.69350,14.8388
112.76,0.00000,0.81624,0.40812,0.69374,14.8936
112.77,0.00000,0.81637,0.40819,0.69395,14.9155
112.78,0.00000,0.81653,0.40827,0.69422,14.9097
112.79,0.00000,0.81671,0.40836,0.69452,14.8806
112.80,0.00000,0.81698,0.40849,0.69496,15.0067
112.81,0.00000,0.81713,0.40856,0.69521,15.0876
112.82,0.00000,0.81726,0.40863,0.69544,15.1303
112.83,0.00000,0.81740,0.40870,0.69566,15.1408
112.84,0.00000,0.81758,0.40879,0.69597,15.1244
112.85,0.00000,0.81786,0.40893,0.69644,15.2667
112.86,0.00000,0.81802,0.40901,0.69669,15.3603
112.87,0.00000,0.81816,0.40908,0.69693,15.4127
112.88,0.00000,0.81828,0.40914,0.69714,15.4306
112.89,0.00000,0.81845,0.40922,0.69741,15.4192
112.90,0.00000,0.81875,0.40937,0.69791,15.5714
112.91,0.00000,0.81891,0.40945,0.69818,15.6723
112.92,0.00000,0.81905,0.40953,0.69842,15.7301
112.93,0.00000,0.81919,0.40959,0.69864,15.7516
112.94,0.00000,0.81931,0.40966,0.69885,15.7423
112.95,0.00000,0.81949,0.40975,0.69916,15.7071
112.96,0.00000,0.81980,0.40990,0.69967,15.8456
112.97,0.00000,0.81996,0.40998,0.69993,15.9339
112.98,0.00000,0.82009,0.41005,0.70015,15.9799
112.99,0.00000,0.82022,0.41011,0.70036,15.9903
113.00,0.00000,0.82036,0.41018,0.70061,15.9706
113.01,0.00000,0.82070,0.41035,0.70116,16.1277
113.02,0.00000,0.82086,0.41043,0.70143,16.2306
113.03,0.00000,0.82100,0.41050,0.70167,16.2879
113.04,0.00000,0.82113,0.41056,0.70188,16.3069
113.05,0.00000,0.82124,0.41062,0.70207,16.2934
113.06,0.00000,0.82120,0.41060,0.70201,16.2525
113.07,0.00000,0.82128,0.41064,0.70213,16.3985
113.08,0.00000,0.82118,0.41059,0.70196,16.4908
113.09,0.00000,0.82106,0.41053,0.70177,16.5380
113.10,0.00000,0.82094,0.41047,0.70157,16.5473
113.11,0.00000,0.82073,0.41036,0.70121,16.5244
113.12,0.00000,0.81741,0.40870,0.69568,16.6916
113.13,0.00000,0.81406,0.40703,0.69011,16.8006
113.14,0.00000,0.81077,0.40538,0.68461,16.8610
113.15,0.00000,0.80752,0.40376,0.67920,16.8805
113.16,0.00000,0.80431,0.40216,0.67386,16.8657
113.17,0.00000,0.80038,0.40019,0.66731,16.8218
113.18,0.00000,0.79345,0.39672,0.65575,16.9787
113.19,0.00000,0.78663,0.39332,0.64438,17.0785
113.20,0.00000,0.77987,0.38994,0.63312,17.1305
113.21,0.00000,0.77318,0.38659,0.62196,17.1424
113.22,0.00000,0.76654,0.38327,0.61090,17.1208
113.23,0.00000,0.75965,0.37983,0.59942,17.0708
113.24,0.00000,0.75208,0.37604,0.58680,17.2307
113.25,0.00000,0.74465,0.37233,0.57442,17.3326
113.26,0.00000,0.73728,0.36864,0.56213,17.3862
113.27,0.00000,0.72995,0.36497,0.54992,17.3991
113.28,0.00000,0.72267,0.36133,0.53778,17.3780
113.29,0.00000,0.71488,0.35744,0.52481,17.5693
113.30,0.00000,0.70674,0.35337,0.51123,17.6974
113.31,0.00000,0.69862,0.34931,0.49770,17.7728
113.32,0.00000,0.69053,0.34526,0.48421,17.8039
113.33,0.00000,0.68246,0.34123,0.47077,17.7979
113.34,0.00000,0.67441,0.33721,0.45736,17.7605
113.35,0.00000,0.66576,0.33288,0.44294,17.9465
113.36,0.00000,0.65688,0.32844,0.42813,18.0700
113.37,0.00000,0.64799,0.32400,0.41332,18.1411
113.38,0.00000,0.63834,0.31917,0.39896,18.1685
113.39,0.00000,0.62195,0.31097,0.38872,18.1588
113.40,0.00000,0.60543,0.30271,0.37839,18.1181
113.41,0.00000,0.58759,0.29380,0.36725,18.3095
113.42,0.00000,0.56949,0.28474,0.35593,18.4371
113.43,0.00000,0.55113,0.27556,0.34446,18.5113
113.44,0.00000,0.53248,0.26624,0.33280,18.5408
113.45,0.00000,0.51351,0.25675,0.32094,18.5325
113.46,0.00000,0.49416,0.24708,0.30885,18.4922
113.47,0.00000,0.47546,0.23773,0.29717,18.6925
113.48,0.00000,0.45840,0.22920,0.28650,18.8269
113.49,0.00000,0.44099,0.22050,0.27562,18.9061
113.50,0.00000,0.42318,0.21159,0.26449,18.9391
113.51,0.00000,0.40492,0.20246,0.25307,18.9330
113.52,0.00000,0.38612,0.19306,0.24133,18.8935
113.53,0.00000,0.37671,0.18835,0.23544,19.1028
113.54,0.00000,0.37502,0.18751,0.23439,19.2436
113.55,0.00000,0.37336,0.18668,0.23335,19.3270
113.56,0.00000,0.37171,0.18586,0.23232,19.3622
113.57,0.00000,0.37008,0.18504,0.23130,19.3563
113.58,0.00000,0.36848,0.18424,0.23030,19.3151
113.59,0.00000,0.36265,0.18132,0.22666,19.5305
113.60,0.00000,0.35350,0.17675,0.22094,19.6745
113.61,0.00000,0.34428,0.17214,0.21517,19.7585
113.62,0.00000,0.33496,0.16748,0.20935,19.7922
113.63,0.00000,0.32554,0.16277,0.20347,19.7833
113.64,0.00000,0.31601,0.15801,0.19751,19.7376
113.65,0.00000,0.29131,0.14566,0.18207,19.9565
113.66,0.00000,0.25364,0.12682,0.15853,20.1013
113.67,0.00000,0.17364,0.08682,0.10853,20.1843
113.68,0.00000,0.09364,0.04682,0.05853,20.2156
113.69,0.03000,0.01364,0.00682,0.00853,20.2034
113.70,0.06000,0.00000,0.00000,0.00000,20.1533
113.71,0.09000,0.00000,0.00000,0.00000,20.3767
113.72,0.12000,0.00000,0.00000,0.00000,20.5242
113.73,0.15000,0.00000,0.00000,0.00000,20.6082
113.74,0.18000,0.00000,0.00000,0.00000,20.6392
113.75,0.21000,0.00000,0.00000,0.00000,20.6255
113.76,0.21955,0.00000,0.00000,0.00000,20.5729
113.77,0.21955,0.00000,0.00000,0.00000,20.8018
113.78,0.21955,0.00000,0.00000,0.00000,20.9521
113.79,0.21955,0.00000,0.00000,0.00000,21.0366
113.80,0.21955,0.00000,0.00000,0.00000,21.0658
113.81,0.21955,0.00000,0.00000,0.00000,21.0481
113.82,0.21955,0.00000,0.00000,0.00000,20.9894
113.83,0.21955,0.00000,0.00000,0.00000,21.2197
113.84,0.21955,0.00000,0.00000,0.00000,21.3684
113.85,0.21955,0.00000,0.00000,0.00000,21.4487
113.86,0.21955,0.00000,0.00000,0.00000,21.4715
113.87,0.21955,0.00000,0.00000,0.00000,21.4457
113.88,0.21955,0.00000,0.00000,0.00000,21.3772
113.89,0.21955,0.00000,0.00000,0.00000,21.6056
113.90,0.21954,0.00000,0.00000,0.00000,21.7498
113.91,0.21972,0.00000,0.00000,0.00000,21.8235
113.92,0.22233,0.00000,0.00000,0.00000,21.8379
113.93,0.22490,0.00000,0.00000,0.00000,21.8021
113.94,0.22744,0.00000,0.00000,0.00000,21.7226
113.95,0.22920,0.00000,0.00000,0.00000,21.9478
113.96,0.23028,0.00000,0.00000,0.00000,22.0865
113.97,0.23135,0.00000,0.00000,0.00000,22.1529
113.98,0.23240,0.00000,0.00000,0.00000,22.1585
113.99,0.23344,0.00000,0.00000,0.00000,22.1126
114.00,0.23446,0.00000,0.00000,0.00000,22.0220
114.01,0.23511,0.00000,0.00000,0.00000,22.2439
114.02,0.23547,0.00000,0.00000,0.00000,22.3773
114.03,0.23583,0.00000,0.00000,0.00000,22.4366
114.04,0.23618,0.00000,0.00000,0.00000,22.4337
114.05,0.23652,0.00000,0.00000,0.00000,22.3782
114.06,0.23686,0.00000,0.00000,0.00000,22.2771
114.07,0.23706,0.00000,0.00000,0.00000,22.4963
114.08,0.23715,0.00000,0.00000,0.00000,22.6250
114.09,0.23724,0.00000,0.00000,0.00000,22.6781
114.10,0.23733,0.00000,0.00000,0.00000,22.6678
114.11,0.23742,0.00000,0.00000,0.00000,22.6037
114.12,0.23751,0.00000,0.00000,0.00000,22.4934
114.13,0.23758,0.00000,0.00000,0.00000,22.7105
114.14,0.23763,0.00000,0.00000,0.00000,22.8356
114.15,0.23768,0.00000,0.00000,0.00000,22.8836
114.16,0.23773,0.00000,0.00000,0.00000,22.8671
114.17,0.23777,0.00000,0.00000,0.00000,22.7958
114.18,0.23782,0.00000,0.00000,0.00000,22.6780
114.19,0.23798,0.00000,0.00000,0.00000,22.8932
114.20,0.23815,0.00000,0.00000,0.00000,23.0151
114.21,0.23832,0.00000,0.00000,0.00000,23.0588
114.22,0.23848,0.00000,0.00000,0.00000,23.0370
114.23,0.23865,0.00000,0.00000,0.00000,22.9600
114.24,0.23881,0.00000,0.00000,0.00000,22.8360
114.25,0.23933,0.00000,0.00000,0.00000,23.0464
114.26,0.23988,0.00000,0.00000,0.00000,23.1630
114.27,0.24043,0.00000,0.00000,0.00000,23.2011
114.28,0.24097,0.00000,0.00000,0.00000,23.1734
114.29,0.24151,0.00000,0.00000,0.00000,23.0904
114.30,0.24204,0.00000,0.00000,0.00000,22.9605
114.31,0.24344,0.00000,0.00000,0.00000,23.1602
114.32,0.24490,0.00000,0.00000,0.00000,23.2670
114.33,0.24635,0.00000,0.00000,0.00000,23.2960
114.34,0.24777,0.00000,0.00000,0.00000,23.2601
114.35,0.24917,0.00000,0.00000,0.00000,23.1694
114.36,0.25055,0.00000,0.00000,0.00000,23.0326
114.37,0.25377,0.00000,0.00000,0.00000,23.2187
114.38,0.25702,0.00000,0.00000,0.00000,23.3138
114.39,0.26023,0.00000,0.00000,0.00000,23.3326
114.40,0.26340,0.00000,0.00000,0.00000,23.2876
114.41,0.26653,0.00000,0.00000,0.00000,23.1890
114.42,0.26988,0.00000,0.00000,0.00000,23.3994
114.43,0.27597,0.00000,0.00000,0.00000,23.5146
114.44,0.28227,0.00000,0.00000,0.00000,23.5504
114.45,0.28848,0.00000,0.00000,0.00000,23.5196
114.46,0.29461,0.00000,0.00000,0.00000,23.4331
114.47,0.30067,0.00000,0.00000,0.00000,23.3000
114.48,0.30713,0.00000,0.00000,0.00000,23.4757
114.49,0.31766,0.00000,0.00000,0.00000,23.5621
114.50,0.32836,0.00000,0.00000,0.00000,23.5739
114.51,0.33893,0.00000,0.00000,0.00000,23.5233
114.52,0.34938,0.00000,0.00000,0.00000,23.4204
114.53,0.35969,0.00000,0.00000,0.00000,23.2739
114.54,0.37067,0.00000,0.00000,0.00000,23.4332
114.55,0.38678,0.00000,0.00000,0.00000,23.5064
114.56,0.39927,0.00000,0.00000,0.00000,23.5077
114.57,0.39938,0.00000,0.00000,0.00000,23.4488
114.58,0.39953,0.00000,0.00000,0.00000,23.3396
114.59,0.39968,0.00000,0.00000,0.00000,23.1882
114.60,0.39984,0.00000,0.00000,0.00000,23.3388
114.61,0.39998,0.00000,0.00000,0.00000,23.4052
114.62,0.40033,0.00000,0.00000,0.00000,23.4012
114.63,0.40070,0.00000,0.00000,0.00000,23.3383
114.64,0.40117,0.00000,0.00000,0.00000,23.2260
114.65,0.40163,0.00000,0.00000,0.00000,23.0727
114.66,0.40212,0.00000,0.00000,0.00000,23.2172
114.67,0.40259,0.00000,0.00000,0.00000,23.2790
114.68,0.40305,0.00000,0.00000,0.00000,23.2717
114.69,0.40352,0.00000,0.00000,0.00000,23.2065
114.70,0.40407,0.00000,0.00000,0.00000,23.0929
114.71,0.40462,0.00000,0.00000,0.00000,22.9391
114.72,0.40520,0.00000,0.00000,0.00000,23.0794
114.73,0.40574,0.00000,0.00000,0.00000,23.1383
114.74,0.40629,0.00000,0.00000,0.00000,23.1291
114.75,0.40685,0.00000,0.00000,0.00000,23.0631
114.76,0.40746,0.00000,0.00000,0.00000,22.9494
114.77,0.40808,0.00000,0.00000,0.00000,22.7962
114.78,0.40872,0.00000,0.00000,0.00000,22.9337
114.79,0.40933,0.00000,0.00000,0.00000,22.9909
114.80,0.40995,0.00000,0.00000,0.00000,22.9811
114.81,0.41057,0.00000,0.00000,0.00000,22.9152
114.82,0.41123,0.00000,0.00000,0.00000,22.8024
114.83,0.41188,0.00000,0.00000,0.00000,22.6508
114.84,0.41257,0.00000,0.00000,0.00000,22.7865
114.85,0.41323,0.00000,0.00000,0.00000,22.8430
114.86,0.41388,0.00000,0.00000,0.00000,22.8334
114.87,0.41454,0.00000,0.00000,0.00000,22.7684
114.88,0.41522,0.00000,0.00000,0.00000,22.6572
114.89,0.41590,0.00000,0.00000,0.00000,22.5077
114.90,0.41661,0.00000,0.00000,0.00000,22.6425
114.91,0.41729,0.00000,0.00000,0.00000,22.6990
114.92,0.41797,0.00000,0.00000,0.00000,22.6902
114.93,0.41865,0.00000,0.00000,0.00000,22.6267
114.94,0.41933,0.00000,0.00000,0.00000,22.5175
114.95,0.42001,0.00000,0.00000,0.00000,22.3705
114.96,0.42071,0.00000,0.00000,0.00000,22.5051
114.97,0.42139,0.00000,0.00000,0.00000,22.5622
114.98,0.42207,0.00000,0.00000,0.00000,22.5547
114.99,0.42275,0.00000,0.00000,0.00000,22.4930
115.00,0.42341,0.00000,0.00000,0.00000,22.3863
115.01,0.42407,0.00000,0.00000,0.00000,22.2421
115.02,0.42476,0.00000,0.00000,0.00000,22.3770
115.03,0.42542,0.00000,0.00000,0.00000,22.4352
115.04,0.42609,0.00000,0.00000,0.00000,22.4293
115.05,0.42674,0.00000,0.00000,0.00000,22.3699
115.06,0.42737,0.00000,0.00000,0.00000,22.2658
115.07,0.42800,0.00000,0.00000,0.00000,22.1246
115.08,0.42865,0.00000,0.00000,0.00000,22.2603
115.09,0.42928,0.00000,0.00000,0.00000,22.3200
115.10,0.42991,0.00000,0.00000,0.00000,22.3161
115.11,0.43052,0.00000,0.00000,0.00000,22.2590
115.12,0.43110,0.00000,0.00000,0.00000,22.1578
115.13,0.43168,0.00000,0.00000,0.00000,22.0197
115.14,0.43227,0.00000,0.00000,0.00000,22.1565
115.15,0.43285,0.00000,0.00000,0.00000,22.2179
115.16,0.43343,0.00000,0.00000,0.00000,22.2161
115.17,0.43398,0.00000,0.00000,0.00000,22.1615
115.18,0.43449,0.00000,0.00000,0.00000,22.0632
115.19,0.43500,0.00000,0.00000,0.00000,21.9282
115.20,0.43552,0.00000,0.00000,0.00000,22.0665
115.21,0.43603,0.00000,0.00000,0.00000,22.1297
115.22,0.43655,0.00000,0.00000,0.00000,22.1301
115.23,0.43700,0.00000,0.00000,0.00000,22.0782
115.24,0.43743,0.00000,0.00000,0.00000,21.9827
115.25,0.43785,0.00000,0.00000,0.00000,21.8509
115.26,0.43828,0.00000,0.00000,0.00000,21.9908
115.27,0.43870,0.00000,0.00000,0.00000,22.0560
115.28,0.43912,0.00000,0.00000,0.00000,22.0589
115.29,0.43947,0.00000,0.00000,0.00000,22.0095
115.30,0.43978,0.00000,0.00000,0.00000,21.9170
115.31,0.44009,0.00000,0.00000,0.00000,21.7882
115.32,0.44041,0.00000,0.00000,0.00000,21.9299
115.33,0.44072,0.00000,0.00000,0.00000,21.9973
115.34,0.44103,0.00000,0.00000,0.00000,22.0025
115.35,0.44125,0.00000,0.00000,0.00000,21.9559
115.36,0.44144,0.00000,0.00000,0.00000,21.8661
115.37,0.44163,0.00000,0.00000,0.00000,21.7402
115.38,0.44183,0.00000,0.00000,0.00000,21.8838
115.39,0.44202,0.00000,0.00000,0.00000,21.9533
115.40,0.44221,0.00000,0.00000,0.00000,21.9609
115.41,0.44230,0.00000,0.00000,0.00000,21.9168
115.42,0.44237,0.00000,0.00000,0.00000,21.8296
115.43,0.44244,0.00000,0.00000,0.00000,21.7064
115.44,0.44251,0.00000,0.00000,0.00000,21.8519
115.45,0.44259,0.00000,0.00000,0.00000,21.9235
115.46,0.44266,0.00000,0.00000,0.00000,21.9333
115.47,0.44263,0.00000,0.00000,0.00000,21.8916
115.48,0.44259,0.00000,0.00000,0.00000,21.8068
115.49,0.44256,0.00000,0.00000,0.00000,21.9833
115.50,0.44253,0.00000,0.00000,0.00000,22.0812
115.51,0.44250,0.00000,0.00000,0.00000,22.1135
115.52,0.44246,0.00000,0.00000,0.00000,22.0908
115.53,0.44235,0.00000,0.00000,0.00000,22.0223
115.54,0.44223,0.00000,0.00000,0.00000,21.9155
115.55,0.44212,0.00000,0.00000,0.00000,22.0735
115.56,0.44201,0.00000,0.00000,0.00000,22.1563
115.57,0.44190,0.00000,0.00000,0.00000,22.1761
115.58,0.44177,0.00000,0.00000,0.00000,22.1431
115.59,0.44160,0.00000,0.00000,0.00000,22.0662
115.60,0.44144,0.00000,0.00000,0.00000,21.9524
115.61,0.44127,0.00000,0.00000,0.00000,22.1048
115.62,0.44110,0.00000,0.00000,0.00000,22.1829
115.63,0.44093,0.00000,0.00000,0.00000,22.1989
115.64,0.44075,0.00000,0.00000,0.00000,22.1629
115.65,0.44055,0.00000,0.00000,0.00000,22.0834
115.66,0.44035,0.00000,0.00000,0.00000,21.9676
115.67,0.44014,0.00000,0.00000,0.00000,22.1185
115.68,0.43993,0.00000,0.00000,0.00000,22.1954
115.69,0.43973,0.00000,0.00000,0.00000,22.2104
115.70,0.43951,0.00000,0.00000,0.00000,22.1736
115.71,0.43928,0.00000,0.00000,0.00000,22.0936
115.72,0.43905,0.00000,0.00000,0.00000,21.9771
115.73,0.43882,0.00000,0.00000,0.00000,22.1281
115.74,0.43858,0.00000,0.00000,0.00000,22.2050
115.75,0.43100,0.00000,0.00000,0.00000,22.2200
115.76,0.41877,0.00000,0.00000,0.00000,22.1832
115.77,0.40670,0.00000,0.00000,0.00000,22.1029
115.78,0.39501,0.00000,0.00000,0.00000,21.9860
115.79,0.38509,0.00000,0.00000,0.00000,22.1371
115.80,0.37534,0.00000,0.00000,0.00000,22.2138
115.81,0.36572,0.00000,0.00000,0.00000,22.2283
115.82,0.35623,0.00000,0.00000,0.00000,22.1906
115.83,0.34687,0.00000,0.00000,0.00000,22.1090
115.84,0.33783,0.00000,0.00000,0.00000,21.9907
115.85,0.32936,0.00000,0.00000,0.00000,22.1412
115.86,0.32104,0.00000,0.00000,0.00000,22.2170
115.87,0.31283,0.00000,0.00000,0.00000,22.2303
115.88,0.30474,0.00000,0.00000,0.00000,22.1912
115.89,0.29676,0.00000,0.00000,0.00000,22.1080
115.90,0.28872,0.00000,0.00000,0.00000,22.2876
115.91,0.28066,0.00000,0.00000,0.00000,22.3876
115.92,0.27272,0.00000,0.00000,0.00000,22.4208
115.93,0.26489,0.00000,0.00000,0.00000,22.3980
115.94,0.25942,0.00000,0.00000,0.00000,22.3283
115.95,0.25899,0.00000,0.00000,0.00000,22.2191
115.96,0.25856,0.00000,0.00000,0.00000,22.3781
115.97,0.25814,0.00000,0.00000,0.00000,22.4604
115.98,0.25771,0.00000,0.00000,0.00000,22.4784
115.99,0.25727,0.00000,0.00000,0.00000,22.4426
116.00,0.25679,0.00000,0.00000,0.00000,22.3616
116.01,0.25631,0.00000,0.00000,0.00000,22.2428
116.02,0.25583,0.00000,0.00000,0.00000,22.3952
116.03,0.25535,0.00000,0.00000,0.00000,22.4717
116.04,0.25488,0.00000,0.00000,0.00000,22.4847
116.05,0.25437,0.00000,0.00000,0.00000,22.4444
116.06,0.25384,0.00000,0.00000,0.00000,22.3594
116.07,0.25330,0.00000,0.00000,0.00000,22.2369
116.08,0.25276,0.00000,0.00000,0.00000,22.3882
116.09,0.25223,0.00000,0.00000,0.00000,22.4635
116.10,0.25169,0.00000,0.00000,0.00000,22.4752
116.11,0.25112,0.00000,0.00000,0.00000,22.4337
116.12,0.25052,0.00000,0.00000,0.00000,22.3476
116.13,0.24992,0.00000,0.00000,0.00000,22.2240
116.14,0.24933,0.00000,0.00000,0.00000,22.3763
116.15,0.24873,0.00000,0.00000,0.00000,22.4523
116.16,0.24813,0.00000,0.00000,0.00000,22.4645
116.17,0.24748,0.00000,0.00000,0.00000,22.4234
116.18,0.24682,0.00000,0.00000,0.00000,22.3376
116.19,0.24616,0.00000,0.00000,0.00000,22.2142
116.20,0.24550,0.00000,0.00000,0.00000,22.3690
116.21,0.24483,0.00000,0.00000,0.00000,22.4471
116.22,0.24417,0.00000,0.00000,0.00000,22.4610
116.23,0.24345,0.00000,0.00000,0.00000,22.4214
116.24,0.24272,0.00000,0.00000,0.00000,22.3369
116.25,0.24199,0.00000,0.00000,0.00000,22.5253
116.26,0.24126,0.00000,0.00000,0.00000,22.6316
116.27,0.24053,0.00000,0.00000,0.00000,22.6694
116.28,0.23980,0.00000,0.00000,0.00000,22.6498
116.29,0.23900,0.00000,0.00000,0.00000,22.5822
116.30,0.23821,0.00000,0.00000,0.00000,22.4745
116.31,0.23741,0.00000,0.00000,0.00000,22.6442
116.32,0.23661,0.00000,0.00000,0.00000,22.7350
116.33,0.23582,0.00000,0.00000,0.00000,22.7598
116.34,0.23501,0.00000,0.00000,0.00000,22.7293
116.35,0.17501,0.06400,0.03200,0.04000,22.6528
116.36,0.11501,0.12800,0.06400,0.08000,22.5373
116.37,0.05501,0.19200,0.09600,0.12000,22.6993
116.38,0.00000,0.25600,0.12800,0.16000,22.7825
116.39,0.00000,0.32000,0.16000,0.20000,22.7992
116.40,0.00000,0.38400,0.19200,0.24000,22.7600
116.41,0.00000,0.44800,0.22400,0.28000,22.6738
116.42,0.00000,0.45918,0.22959,0.28699,22.5478
116.43,0.00000,0.46467,0.23234,0.29042,22.6990
116.44,0.00000,0.47007,0.23503,0.29379,22.7715
116.45,0.00000,0.47530,0.23765,0.29706,22.7780
116.46,0.00000,0.48039,0.24019,0.30024,22.7295
116.47,0.00000,0.48533,0.24267,0.30333,22.6349
116.48,0.00000,0.49013,0.24507,0.30633,22.5017
116.49,0.00000,0.49475,0.24737,0.30922,22.6471
116.50,0.00000,0.49926,0.24963,0.31204,22.7146
116.51,0.00000,0.50366,0.25183,0.31479,22.7170
116.52,0.00000,0.50794,0.25397,0.31746,22.6648
116.53,0.00000,0.51210,0.25605,0.32006,22.5671
116.54,0.00000,0.51615,0.25807,0.32259,22.4313
116.55,0.00000,0.51985,0.25993,0.32491,22.5752
116.56,0.00000,0.52347,0.26174,0.32717,22.6415
116.57,0.00000,0.52700,0.26350,0.32937,22.6428
116.58,0.00000,0.53043,0.26522,0.33152,22.5898
116.59,0.00000,0.53378,0.26689,0.33361,22.4916
116.60,0.00000,0.53705,0.26852,0.33565,22.3555
116.61,0.00000,0.57039,0.28519,0.35649,22.5000
116.62,0.00000,0.60575,0.30288,0.37859,22.5667
116.63,0.00000,0.63850,0.31925,0.39906,22.5680
116.64,0.00000,0.65591,0.32795,0.42651,22.5143
116.65,0.00000,0.67170,0.33585,0.45283,22.4145
116.66,0.00000,0.68666,0.34333,0.47777,22.2759
116.67,0.00000,0.70341,0.35171,0.50569,22.4177
116.68,0.00000,0.72004,0.36002,0.53340,22.4806
116.69,0.00000,0.73580,0.36790,0.55966,22.4772
116.70,0.00000,0.75075,0.37538,0.58459,22.4178
116.71,0.00000,0.76498,0.38249,0.60830,22.3114
116.72,0.00000,0.77853,0.38927,0.63089,22.1655
116.73,0.00000,0.78398,0.39199,0.63996,22.3007
116.74,0.00000,0.78448,0.39224,0.64080,22.3564
116.75,0.00000,0.78497,0.39248,0.64161,22.3458
116.76,0.00000,0.78543,0.39271,0.64238,22.2794
116.77,0.00000,0.78587,0.39294,0.64312,22.1664
116.78,0.00000,0.78629,0.39315,0.64382,22.0146
116.79,0.00000,0.78616,0.39308,0.64360,22.1463
116.80,0.00000,0.78497,0.39248,0.64162,22.1995
116.81,0.00000,0.78380,0.39190,0.63966,22.1869
116.82,0.00000,0.78264,0.39132,0.63773,22.1194
116.83,0.00000,0.78149,0.39075,0.63582,22.0057
116.84,0.00000,0.78036,0.39018,0.63394,21.8536
116.85,0.00000,0.77923,0.38962,0.63205,21.9870
116.86,0.00000,0.77719,0.38859,0.62865,22.0422
116.87,0.00000,0.77514,0.38757,0.62523,22.0319
116.88,0.00000,0.77312,0.38656,0.62187,21.9670
116.89,0.00000,0.77113,0.38557,0.61856,21.8562
116.90,0.00000,0.76917,0.38459,0.61529,21.7071
116.91,0.00000,0.76723,0.38362,0.61206,21.8453
116.92,0.00000,0.76473,0.38237,0.60789,21.9051
116.93,0.00000,0.76174,0.38087,0.60290,21.8996
116.94,0.00000,0.75879,0.37940,0.59799,21.8394
116.95,0.00000,0.75588,0.37794,0.59314,21.7335
116.96,0.00000,0.75302,0.37651,0.58836,21.5893
116.97,0.00000,0.75019,0.37509,0.58365,21.4131
116.98,0.00000,0.74736,0.37368,0.57894,21.5329
116.99,0.00000,0.74336,0.37168,0.57226,21.5784
117.00,0.00000,0.73940,0.36970,0.56566,21.5617
117.01,0.00000,0.73549,0.36775,0.55915,21.4932
117.02,0.00000,0.73163,0.36582,0.55272,21.3814
117.03,0.00000,0.72782,0.36391,0.54637,21.2334
117.04,0.00000,0.72406,0.36203,0.54010,21.3800
117.05,0.00000,0.71972,0.35986,0.53287,21.4489
117.06,0.00000,0.71469,0.35735,0.52449,21.4530
117.07,0.00000,0.70971,0.35486,0.51619,21.4030
117.08,0.00000,0.70478,0.35239,0.50797,21.3080
117.09,0.00000,0.69990,0.34995,0.49984,21.1753
117.10,0.00000,0.69507,0.34754,0.49179,21.3383
117.11,0.00000,0.69029,0.34514,0.48381,21.4219
117.12,0.00000,0.68439,0.34219,0.47398,21.4395
117.13,0.00000,0.67830,0.33915,0.46383,21.4021
117.14,0.00000,0.67225,0.33612,0.45374,21.3188
117.15,0.00000,0.66624,0.33312,0.44373,21.1971
117.16,0.00000,0.66026,0.33013,0.43377,21.0433
117.17,0.00000,0.65432,0.32716,0.42387,21.1941
117.18,0.00000,0.64821,0.32411,0.41369,21.2687
117.19,0.00000,0.64103,0.32052,0.40172,21.2801
117.20,0.00000,0.62874,0.31437,0.39297,21.2387
117.21,0.00000,0.61557,0.30778,0.38473,21.1534
117.22,0.00000,0.60236,0.30118,0.37647,21.0312
117.23,0.00000,0.58906,0.29453,0.36816,21.2125
117.24,0.00000,0.57575,0.28788,0.35985,21.3141
117.25,0.00000,0.56149,0.28074,0.35093,21.3490
117.26,0.00000,0.54603,0.27301,0.34127,21.3285
117.27,0.00000,0.53041,0.26520,0.33150,21.2618
117.28,0.00000,0.51460,0.25730,0.32163,21.1564
117.29,0.00000,0.49859,0.24930,0.31162,21.0187
117.30,0.00000,0.48227,0.24113,0.30142,21.1928
117.31,0.00000,0.46575,0.23288,0.29110,21.2895
117.32,0.00000,0.44817,0.22408,0.28010,21.3216
117.33,0.00000,0.42988,0.21494,0.26868,21.2997
117.34,0.00000,0.41112,0.20556,0.25695,21.2328
117.35,0.00000,0.39180,0.19590,0.24487,21.1284
117.36,0.00000,0.37183,0.18592,0.23239,20.9925
117.37,0.00000,0.35093,0.17547,0.21933,21.1739
117.38,0.00000,0.32926,0.16463,0.20579,21.2778
117.39,0.00000,0.30710,0.15355,0.19194,21.3169
117.40,0.00000,0.28363,0.14182,0.17727,21.3017
117.41,0.00000,0.25848,0.12924,0.16155,21.2412
117.42,0.00000,0.23108,0.11554,0.14442,21.1428
117.43,0.00000,0.15108,0.07554,0.09442,21.3600
117.44,0.00000,0.07108,0.03554,0.04442,21.4946
117.45,0.03000,0.00000,0.00000,0.00000,21.5603
117.46,0.06000,0.00000,0.00000,0.00000,21.5684
117.47,0.09000,0.00000,0.00000,0.00000,21.5284
117.48,0.12000,0.00000,0.00000,0.00000,21.4481
117.49,0.15000,0.00000,0.00000,0.00000,21.3344
117.50,0.18000,0.00000,0.00000,0.00000,21.5456
117.51,0.21000,0.00000,0.00000,0.00000,21.6763
117.52,0.21574,0.00000,0.00000,0.00000,21.7401
117.53,0.21574,0.00000,0.00000,0.00000,21.7475
117.54,0.21574,0.00000,0.00000,0.00000,21.7074
117.55,0.21574,0.00000,0.00000,0.00000,21.6274
117.56,0.21574,0.00000,0.00000,0.00000,21.5139
117.57,0.21574,0.00000,0.00000,0.00000,21.7309
117.58,0.21574,0.00000,0.00000,0.00000,21.8661
117.59,0.21573,0.00000,0.00000,0.00000,21.9328
117.60,0.21573,0.00000,0.00000,0.00000,21.9414
117.61,0.21573,0.00000,0.00000,0.00000,21.9013
117.62,0.21573,0.00000,0.00000,0.00000,21.8202
117.63,0.21573,0.00000,0.00000,0.00000,21.7047
117.64,0.21573,0.00000,0.00000,0.00000,21.9250
117.65,0.21573,0.00000,0.00000,0.00000,22.0617
117.66,0.21573,0.00000,0.00000,0.00000,22.1285
117.67,0.21573,0.00000,0.00000,0.00000,22.1356
117.68,0.21573,0.00000,0.00000,0.00000,22.0929
117.69,0.21573,0.00000,0.00000,0.00000,22.0082
117.70,0.21573,0.00000,0.00000,0.00000,22.2576
117.71,0.21573,0.00000,0.00000,0.00000,22.4175
117.72,0.21573,0.00000,0.00000,0.00000,22.5025
117.73,0.21573,0.00000,0.00000,0.00000,22.5241
117.74,0.21573,0.00000,0.00000,0.00000,22.4919
117.75,0.21573,0.00000,0.00000,0.00000,22.4145
117.76,0.21573,0.00000,0.00000,0.00000,22.2991
117.77,0.21573,0.00000,0.00000,0.00000,22.5275
117.78,0.21573,0.00000,0.00000,0.00000,22.6680
117.79,0.21573,0.00000,0.00000,0.00000,22.7350
117.80,0.21573,0.00000,0.00000,0.00000,22.7393
117.81,0.21573,0.00000,0.00000,0.00000,22.6906
117.82,0.21573,0.00000,0.00000,0.00000,22.5974
117.83,0.21573,0.00000,0.00000,0.00000,22.4669
117.84,0.21573,0.00000,0.00000,0.00000,22.6874
117.85,0.21573,0.00000,0.00000,0.00000,22.8193
117.86,0.21573,0.00000,0.00000,0.00000,22.8770
117.87,0.21573,0.00000,0.00000,0.00000,22.8712
117.88,0.21573,0.00000,0.00000,0.00000,22.8120
117.89,0.21573,0.00000,0.00000,0.00000,22.7082
117.90,0.21573,0.00000,0.00000,0.00000,22.9542
117.91,0.21573,0.00000,0.00000,0.00000,23.1057
117.92,0.21573,0.00000,0.00000,0.00000,23.1782
117.93,0.21573,0.00000,0.00000,0.00000,23.1837
117.94,0.21573,0.00000,0.00000,0.00000,23.1323
117.95,0.21573,0.00000,0.00000,0.00000,23.0331
117.96,0.21573,0.00000,0.00000,0.00000,22.8937
117.97,0.21573,0.00000,0.00000,0.00000,23.1146
117.98,0.21573,0.00000,0.00000,0.00000,23.2431
117.99,0.21573,0.00000,0.00000,0.00000,23.2944
118.00,0.21573,0.00000,0.00000,0.00000,23.2796
118.01,0.21573,0.00000,0.00000,0.00000,23.2092
118.02,0.21573,0.00000,0.00000,0.00000,23.0920
118.03,0.21573,0.00000,0.00000,0.00000,22.9357
118.04,0.21573,0.00000,0.00000,0.00000,23.1478
118.05,0.21573,0.00000,0.00000,0.00000,23.2670
118.06,0.21573,0.00000,0.00000,0.00000,23.3083
118.07,0.21574,0.00000,0.00000,0.00000,23.2831
118.08,0.21574,0.00000,0.00000,0.00000,23.2022
118.09,0.21574,0.00000,0.00000,0.00000,23.0746
118.10,0.21574,0.00000,0.00000,0.00000,23.3142
118.11,0.21574,0.00000,0.00000,0.00000,23.4550
118.12,0.21574,0.00000,0.00000,0.00000,23.5130
118.13,0.21574,0.00000,0.00000,0.00000,23.5010
118.14,0.21574,0.00000,0.00000,0.00000,23.4297
118.15,0.21574,0.00000,0.00000,0.00000,23.3087
118.16,0.21575,0.00000,0.00000,0.00000,23.1458
118.17,0.21575,0.00000,0.00000,0.00000,23.3591
118.18,0.21575,0.00000,0.00000,0.00000,23.4762
118.19,0.21575,0.00000,0.00000,0.00000,23.5128
118.20,0.21576,0.00000,0.00000,0.00000,23.4809
118.21,0.21576,0.00000,0.00000,0.00000,23.3915
118.22,0.21576,0.00000,0.00000,0.00000,23.2539
118.23,0.21577,0.00000,0.00000,0.00000,23.0758
118.24,0.21577,0.00000,0.00000,0.00000,23.2749
118.25,0.21578,0.00000,0.00000,0.00000,23.3789
118.26,0.21578,0.00000,0.00000,0.00000,23.4028
118.27,0.21579,0.00000,0.00000,0.00000,23.3590
118.28,0.21580,0.00000,0.00000,0.00000,23.2584
118.29,0.21581,0.00000,0.00000,0.00000,23.1102
118.30,0.21582,0.00000,0.00000,0.00000,23.3261
118.31,0.21582,0.00000,0.00000,0.00000,23.4431
118.32,0.21583,0.00000,0.00000,0.00000,23.4773
118.33,0.21584,0.00000,0.00000,0.00000,23.4414
118.34,0.21586,0.00000,0.00000,0.00000,23.3466
118.35,0.21587,0.00000,0.00000,0.00000,23.2023
118.36,0.21589,0.00000,0.00000,0.00000,23.0165
118.37,0.21590,0.00000,0.00000,0.00000,23.1926
118.38,0.21592,0.00000,0.00000,0.00000,23.2753
118.39,0.21593,0.00000,0.00000,0.00000,23.2796
118.40,0.21595,0.00000,0.00000,0.00000,23.2175
118.41,0.21597,0.00000,0.00000,0.00000,23.0997
118.42,0.21599,0.00000,0.00000,0.00000,22.9353
118.43,0.21602,0.00000,0.00000,0.00000,22.7318
118.44,0.21604,0.00000,0.00000,0.00000,22.8857
118.45,0.21606,0.00000,0.00000,0.00000,22.9489
118.46,0.21862,0.00000,0.00000,0.00000,22.9358
118.47,0.23019,0.00000,0.00000,0.00000,22.8583
118.48,0.24161,0.00000,0.00000,0.00000,22.7271
118.49,0.25289,0.00000,0.00000,0.00000,22.5509
118.50,0.26427,0.00000,0.00000,0.00000,22.7191
118.51,0.27526,0.00000,0.00000,0.00000,22.7941
118.52,0.28950,0.00000,0.00000,0.00000,22.7911
118.53,0.30589,0.00000,0.00000,0.00000,22.7222
118.54,0.32210,0.00000,0.00000,0.00000,22.5981
118.55,0.33812,0.00000,0.00000,0.00000,22.4278
118.56,0.35397,0.00000,0.00000,0.00000,22.2190
118.57,0.36996,0.00000,0.00000,0.00000,22.3535
118.58,0.38269,0.00000,0.00000,0.00000,22.4003
118.59,0.38292,0.00000,0.00000,0.00000,22.3736
118.60,0.38316,0.00000,0.00000,0.00000,22.2847
118.61,0.38344,0.00000,0.00000,0.00000,22.1438
118.62,0.38372,0.00000,0.00000,0.00000,21.9593
118.63,0.38401,0.00000,0.00000,0.00000,21.7384
118.64,0.38430,0.00000,0.00000,0.00000,21.8563
118.65,0.38458,0.00000,0.00000,0.00000,21.8888
118.66,0.38486,0.00000,0.00000,0.00000,21.8492
118.67,0.38519,0.00000,0.00000,0.00000,21.7492
118.68,0.38553,0.00000,0.00000,0.00000,21.5986
118.69,0.38588,0.00000,0.00000,0.00000,21.4057
118.70,0.38623,0.00000,0.00000,0.00000,21.5392
118.71,0.38657,0.00000,0.00000,0.00000,21.5844
118.72,0.38692,0.00000,0.00000,0.00000,21.5559
118.73,0.38726,0.00000,0.00000,0.00000,21.4648
118.74,0.38767,0.00000,0.00000,0.00000,21.3214
118.75,0.38807,0.00000,0.00000,0.00000,21.1343
118.76,0.38847,0.00000,0.00000,0.00000,20.9106
118.77,0.38888,0.00000,0.00000,0.00000,21.0125
118.78,0.38929,0.00000,0.00000,0.00000,21.0311
118.79,0.38969,0.00000,0.00000,0.00000,20.9795
118.80,0.39012,0.00000,0.00000,0.00000,20.8690
118.81,0.39058,0.00000,0.00000,0.00000,20.7093
118.82,0.39104,0.00000,0.00000,0.00000,20.5084
118.83,0.39151,0.00000,0.00000,0.00000,20.6223
118.84,0.39197,0.00000,0.00000,0.00000,20.6509
118.85,0.39243,0.00000,0.00000,0.00000,20.6081
118.86,0.39290,0.00000,0.00000,0.00000,20.5050
118.87,0.39340,0.00000,0.00000,0.00000,20.3514
118.88,0.39392,0.00000,0.00000,0.00000,20.1558
118.89,0.39444,0.00000,0.00000,0.00000,19.9251
118.90,0.39496,0.00000,0.00000,0.00000,20.0091
118.91,0.39548,0.00000,0.00000,0.00000,20.0127
118.92,0.39599,0.00000,0.00000,0.00000,19.9488
118.93,0.39653,0.00000,0.00000,0.00000,19.8284
118.94,0.39710,0.00000,0.00000,0.00000,19.6606
118.95,0.39767,0.00000,0.00000,0.00000,19.4535
118.96,0.39824,0.00000,0.00000,0.00000,19.2134
118.97,0.39881,0.00000,0.00000,0.00000,19.2851
118.98,0.39939,0.00000,0.00000,0.00000,19.2788
118.99,0.39996,0.00000,0.00000,0.00000,19.2070
119.00,0.40142,0.00000,0.00000,0.00000,19.0805
119.01,0.40298,0.00000,0.00000,0.00000,18.9084
119.02,0.40455,0.00000,0.00000,0.00000,18.6983
119.03,0.40610,0.00000,0.00000,0.00000,18.7880
119.04,0.40767,0.00000,0.00000,0.00000,18.7975
119.05,0.40923,0.00000,0.00000,0.00000,18.7399
119.06,0.41081,0.00000,0.00000,0.00000,18.6262
119.07,0.41251,0.00000,0.00000,0.00000,18.4657
119.08,0.41420,0.00000,0.00000,0.00000,18.2662
119.09,0.41589,0.00000,0.00000,0.00000,18.0342
119.10,0.41757,0.00000,0.00000,0.00000,18.0943
119.11,0.41926,0.00000,0.00000,0.00000,18.0799
119.12,0.42096,0.00000,0.00000,0.00000,18.0034
119.13,0.42273,0.00000,0.00000,0.00000,17.8752
119.14,0.42455,0.00000,0.00000,0.00000,17.7038
119.15,0.42636,0.00000,0.00000,0.00000,17.4964
119.16,0.42816,0.00000,0.00000,0.00000,17.5599
119.17,0.42998,0.00000,0.00000,0.00000,17.5497
119.18,0.43180,0.00000,0.00000,0.00000,17.4780
119.19,0.43364,0.00000,0.00000,0.00000,17.3552
119.20,0.43557,0.00000,0.00000,0.00000,17.1896
119.21,0.43751,0.00000,0.00000,0.00000,16.9885
119.22,0.43945,0.00000,0.00000,0.00000,16.7577
119.23,0.44136,0.00000,0.00000,0.00000,16.7876
119.24,0.44330,0.00000,0.00000,0.00000,16.7507
119.25,0.44524,0.00000,0.00000,0.00000,16.6585
119.26,0.44725,0.00000,0.00000,0.00000,16.5202
119.27,0.44929,0.00000,0.00000,0.00000,16.3433
119.28,0.45134,0.00000,0.00000,0.00000,16.1345
119.29,0.45336,0.00000,0.00000,0.00000,16.1688
119.30,0.45541,0.00000,0.00000,0.00000,16.1372
119.31,0.45746,0.00000,0.00000,0.00000,16.0513
119.32,0.45953,0.00000,0.00000,0.00000,15.9199
119.33,0.46167,0.00000,0.00000,0.00000,15.7508
119.34,0.46382,0.00000,0.00000,0.00000,15.5502
119.35,0.46597,0.00000,0.00000,0.00000,15.3234
119.36,0.46808,0.00000,0.00000,0.00000,15.3303
119.37,0.47023,0.00000,0.00000,0.00000,15.2783
119.38,0.47238,0.00000,0.00000,0.00000,15.1773
119.39,0.47459,0.00000,0.00000,0.00000,15.0355
119.40,0.47682,0.00000,0.00000,0.00000,14.8597
119.41,0.47905,0.00000,0.00000,0.00000,14.6558
119.42,0.48124,0.00000,0.00000,0.00000,14.6685
119.43,0.48348,0.00000,0.00000,0.00000,14.6233
119.44,0.48571,0.00000,0.00000,0.00000,14.5301
119.45,0.48796,0.00000,0.00000,0.00000,14.3971
119.46,0.49026,0.00000,0.00000,0.00000,14.2308
119.47,0.49256,0.00000,0.00000,0.00000,14.0370
119.48,0.49481,0.00000,0.00000,0.00000,14.0456
119.49,0.49711,0.00000,0.00000,0.00000,13.9989
119.50,0.49942,0.00000,0.00000,0.00000,13.9068
119.51,0.50172,0.00000,0.00000,0.00000,13.7769
119.52,0.50405,0.00000,0.00000,0.00000,13.6155
119.53,0.50640,0.00000,0.00000,0.00000,13.4279
119.54,0.50874,0.00000,0.00000,0.00000,13.2186
119.55,0.51104,0.00000,0.00000,0.00000,13.2035
119.56,0.51339,0.00000,0.00000,0.00000,13.1400
119.57,0.51574,0.00000,0.00000,0.00000,13.0362
119.58,0.51810,0.00000,0.00000,0.00000,12.8990
119.59,0.52047,0.00000,0.00000,0.00000,12.7340
119.60,0.52284,0.00000,0.00000,0.00000,12.5459
119.61,0.52516,0.00000,0.00000,0.00000,12.5370
119.62,0.52754,0.00000,0.00000,0.00000,12.4808
119.63,0.52991,0.00000,0.00000,0.00000,12.3856
119.64,0.53229,0.00000,0.00000,0.00000,12.2579
119.65,0.53466,0.00000,0.00000,0.00000,12.1032
119.66,0.53703,0.00000,0.00000,0.00000,11.9261
119.67,0.53941,0.00000,0.00000,0.00000,11.7305
119.68,0.54174,0.00000,0.00000,0.00000,11.7059
119.69,0.54412,0.00000,0.00000,0.00000,11.6393
119.70,0.54650,0.00000,0.00000,0.00000,11.5380
119.71,0.54886,0.00000,0.00000,0.00000,11.4077
119.72,0.55137,0.00000,0.00000,0.00000,11.2534
119.73,0.55403,0.00000,0.00000,0.00000,11.0792
119.74,0.55663,0.00000,0.00000,0.00000,11.0620
119.75,0.55929,0.00000,0.00000,0.00000,11.0040
119.76,0.56195,0.00000,0.00000,0.00000,10.9121
119.77,0.56459,0.00000,0.00000,0.00000,10.7922
119.78,0.56720,0.00000,0.00000,0.00000,10.6489
119.79,0.56982,0.00000,0.00000,0.00000,10.4862
119.80,0.57238,0.00000,0.00000,0.00000,10.4687
119.81,0.57500,0.00000,0.00000,0.00000,10.4128
119.82,0.57762,0.00000,0.00000,0.00000,10.3249
119.83,0.58024,0.00000,0.00000,0.00000,10.2106
119.84,0.58279,0.00000,0.00000,0.00000,10.0742
119.85,0.58534,0.00000,0.00000,0.00000,9.9196
119.86,0.58790,0.00000,0.00000,0.00000,9.7499
119.87,0.59041,0.00000,0.00000,0.00000,9.7188
119.88,0.59297,0.00000,0.00000,0.00000,9.6537
119.89,0.59553,0.00000,0.00000,0.00000,9.5605
119.90,0.59803,0.00000,0.00000,0.00000,9.4439
119.91,0.60051,0.00000,0.00000,0.00000,9.3080
119.92,0.60300,0.00000,0.00000,0.00000,9.1561
119.93,0.60543,0.00000,0.00000,0.00000,9.1308
119.94,0.60792,0.00000,0.00000,0.00000,9.0728
119.95,0.61040,0.00000,0.00000,0.00000,8.9874
119.96,0.61285,0.00000,0.00000,0.00000,8.8794
119.97,0.61524,0.00000,0.00000,0.00000,8.7526
119.98,0.61763,0.00000,0.00000,0.00000,8.6104
119.99,0.61999,0.00000,0.00000,0.00000,8.5850
120.00,0.62238,0.00000,0.00000,0.00000,8.5286
120.01,0.62478,0.00000,0.00000,0.00000,8.4465
120.02,0.62716,0.00000,0.00000,0.00000,8.3430
120.03,0.62945,0.00000,0.00000,0.00000,8.2219
120.04,0.63175,0.00000,0.00000,0.00000,8.0861
120.05,0.63401,0.00000,0.00000,0.00000,8.0585
120.06,0.63631,0.00000,0.00000,0.00000,8.0019
120.07,0.63862,0.00000,0.00000,0.00000,7.9213
120.08,0.64091,0.00000,0.00000,0.00000,7.8208
120.09,0.64311,0.00000,0.00000,0.00000,7.7037
120.10,0.64530,0.00000,0.00000,0.00000,7.5729
120.11,0.64750,0.00000,0.00000,0.00000,7.4312
120.12,0.64966,0.00000,0.00000,0.00000,7.3922
120.13,0.65186,0.00000,0.00000,0.00000,7.3277
120.14,0.65407,0.00000,0.00000,0.00000,7.2420
120.15,0.65617,0.00000,0.00000,0.00000,7.1389
120.16,0.65826,0.00000,0.00000,0.00000,7.0213
120.17,0.66035,0.00000,0.00000,0.00000,6.8919
120.18,0.66242,0.00000,0.00000,0.00000,6.8567
120.19,0.66451,0.00000,0.00000,0.00000,6.7966
120.20,0.66661,0.00000,0.00000,0.00000,6.7161
120.21,0.66863,0.00000,0.00000,0.00000,6.6186
120.22,0.67061,0.00000,0.00000,0.00000,6.5071
120.23,0.67260,0.00000,0.00000,0.00000,6.3840
120.24,0.67457,0.00000,0.00000,0.00000,6.3487
120.25,0.67656,0.00000,0.00000,0.00000,6.2898
120.26,0.67855,0.00000,0.00000,0.00000,6.2115
120.27,0.68048,0.00000,0.00000,0.00000,6.1171
120.28,0.68237,0.00000,0.00000,0.00000,6.0093
120.29,0.68426,0.00000,0.00000,0.00000,5.8906
120.30,0.68613,0.00000,0.00000,0.00000,5.8550
120.31,0.68802,0.00000,0.00000,0.00000,5.7970
120.32,0.68992,0.00000,0.00000,0.00000,5.7205
120.33,0.69176,0.00000,0.00000,0.00000,5.6288
120.34,0.69355,0.00000,0.00000,0.00000,5.5244
120.35,0.69534,0.00000,0.00000,0.00000,5.4096
120.36,0.69711,0.00000,0.00000,0.00000,5.3742
120.37,0.69891,0.00000,0.00000,0.00000,5.3175
120.38,0.70227,0.00000,0.00000,0.00000,5.2432
120.39,0.70787,0.00000,0.00000,0.00000,5.1542
120.40,0.71329,0.00000,0.00000,0.00000,5.0532
120.41,0.71871,0.00000,0.00000,0.00000,4.9422
120.42,0.72406,0.00000,0.00000,0.00000,4.9074
120.43,0.72949,0.00000,0.00000,0.00000,4.8521
120.44,0.73492,0.00000,0.00000,0.00000,4.7799
120.45,0.74018,0.00000,0.00000,0.00000,4.6937
120.46,0.74521,0.00000,0.00000,0.00000,4.5960
120.47,0.75024,0.00000,0.00000,0.00000,4.4886
120.48,0.75521,0.00000,0.00000,0.00000,4.4526
120.49,0.76025,0.00000,0.00000,0.00000,4.3973
120.50,0.76529,0.00000,0.00000,0.00000,4.3260
120.51,0.77009,0.00000,0.00000,0.00000,4.2415
120.52,0.77455,0.00000,0.00000,0.00000,4.1459
120.53,0.77901,0.00000,0.00000,0.00000,4.0413
120.54,0.78342,0.00000,0.00000,0.00000,4.0016
120.55,0.78789,0.00000,0.00000,0.00000,3.9441
120.56,0.79236,0.00000,0.00000,0.00000,3.8717
120.57,0.79643,0.00000,0.00000,0.00000,3.7871
120.58,0.79997,0.00000,0.00000,0.00000,3.6922
120.59,0.80352,0.00000,0.00000,0.00000,3.5889
120.60,0.80703,0.00000,0.00000,0.00000,3.5438
120.61,0.81058,0.00000,0.00000,0.00000,3.4824
120.62,0.81414,0.00000,0.00000,0.00000,3.4075
120.63,0.81701,0.00000,0.00000,0.00000,3.3216
120.64,0.81914,0.00000,0.00000,0.00000,3.2263
120.65,0.82128,0.00000,0.00000,0.00000,3.1233
120.66,0.82339,0.00000,0.00000,0.00000,3.0716
120.67,0.82553,0.00000,0.00000,0.00000,3.0053
120.68,0.82766,0.00000,0.00000,0.00000,2.9271
120.69,0.82869,0.00000,0.00000,0.00000,2.8389
120.70,0.82883,0.00000,0.00000,0.00000,2.7423
120.71,0.82898,0.00000,0.00000,0.00000,2.6388
120.72,0.82912,0.00000,0.00000,0.00000,2.5802
120.73,0.82927,0.00000,0.00000,0.00000,2.5087
120.74,0.82941,0.00000,0.00000,0.00000,2.4268
120.75,0.82791,0.00000,0.00000,0.00000,2.3359
120.76,0.82558,0.00000,0.00000,0.00000,2.2376
120.77,0.82326,0.00000,0.00000,0.00000,2.1331
120.78,0.82094,0.00000,0.00000,0.00000,2.0676
120.79,0.81861,0.00000,0.00000,0.00000,1.9910
120.80,0.81628,0.00000,0.00000,0.00000,1.9052
120.81,0.81178,0.00000,0.00000,0.00000,1.8114
120.82,0.80676,0.00000,0.00000,0.00000,1.7110
120.83,0.80173,0.00000,0.00000,0.00000,1.6052
120.84,0.79673,0.00000,0.00000,0.00000,1.5327
120.85,0.79170,0.00000,0.00000,0.00000,1.4506
120.86,0.78666,0.00000,0.00000,0.00000,1.3605
120.87,0.77911,0.00000,0.00000,0.00000,1.2633
120.88,0.77149,0.00000,0.00000,0.00000,1.1603
120.89,0.76390,0.00000,0.00000,0.00000,1.0841
120.90,0.75626,0.00000,0.00000,0.00000,0.9990
120.91,0.74862,0.00000,0.00000,0.00000,0.9068
120.92,0.74061,0.00000,0.00000,0.00000,0.8081
120.93,0.73074,0.00000,0.00000,0.00000,0.7038
120.94,0.72086,0.00000,0.00000,0.00000,0.5951
120.95,0.71101,0.00000,0.00000,0.00000,0.5083
120.96,0.70112,0.00000,0.00000,0.00000,0.4146
120.97,0.69726,0.00000,0.00000,0.00000,0.3153
120.98,0.69395,0.00000,0.00000,0.00000,0.2103
120.99,0.69031,0.00000,0.00000,0.00000,0.1008
121.00,0.68666,0.00000,0.00000,0.00000,-0.0123
121.01,0.68301,0.00000,0.00000,0.00000,-0.1086
121.02,0.65871,0.00000,0.00000,0.00000,-0.2103
121.03,0.59871,0.00000,0.00000,0.00000,-0.3168
121.04,0.53871,0.00000,0.00000,0.00000,-0.4278
121.05,0.47871,0.00000,0.00000,0.00000,-0.5424
121.06,0.43788,0.00000,0.00000,0.00000,-0.6596
121.07,0.43652,0.00000,0.00000,0.00000,-0.7649
121.08,0.37652,0.06400,0.03200,0.04000,-0.8738
121.09,0.31652,0.12800,0.06400,0.08000,-0.9866
121.10,0.25652,0.19200,0.09600,0.12000,-1.1026
121.11,0.19652,0.25600,0.12800,0.16000,-1.2210
121.12,0.13652,0.32000,0.16000,0.20000,-1.3331
121.13,0.07652,0.38400,0.19200,0.24000,-1.4473
121.14,0.01652,0.44800,0.22400,0.28000,-1.5626
121.15,0.00000,0.51200,0.25600,0.32000,-1.6799
121.16,0.00000,0.57600,0.28800,0.36000,-1.7985
121.17,0.00000,0.64000,0.32000,0.40000,-1.9178
121.18,0.00000,0.66400,0.33200,0.44000,-2.0353
121.19,0.00000,0.68800,0.34400,0.48000,-2.1526
121.20,0.00000,0.69929,0.34964,0.49881,-2.2689
121.21,0.00000,0.70153,0.35076,0.50255,-2.3858
121.22,0.00000,0.70372,0.35186,0.50619,-2.5030
121.23,0.00000,0.70584,0.35292,0.50974,-2.6200
121.24,0.00000,0.70802,0.35401,0.51336,-2.7415
121.25,0.00000,0.71014,0.35507,0.51689,-2.8613
121.26,0.00000,0.71220,0.35610,0.52033,-2.9794
121.27,0.00000,0.71421,0.35710,0.52368,-3.0970
121.28,0.00000,0.71617,0.35808,0.52694,-3.2144
121.29,0.00000,0.71807,0.35904,0.53012,-3.3313
121.30,0.00000,0.72004,0.36002,0.53340,-3.4593
121.31,0.00000,0.72194,0.36097,0.53657,-3.5841
121.32,0.00000,0.72380,0.36190,0.53967,-3.7060
121.33,0.00000,0.72561,0.36280,0.54268,-3.8257
121.34,0.00000,0.72737,0.36368,0.54561,-3.9446
121.35,0.00000,0.72908,0.36454,0.54846,-4.0624
121.36,0.00000,0.73086,0.36543,0.55144,-4.1980
121.37,0.00000,0.73258,0.36629,0.55431,-4.3289
121.38,0.00000,0.73426,0.36713,0.55710,-4.4554
121.39,0.00000,0.73589,0.36794,0.55981,-4.5777
121.40,0.00000,0.73747,0.36874,0.56246,-4.6983
121.41,0.00000,0.73902,0.36951,0.56503,-4.8170
121.42,0.00000,0.74064,0.37032,0.56773,-4.9611
121.43,0.00000,0.74220,0.37110,0.57033,-5.0985
121.44,0.00000,0.74372,0.37186,0.57286,-5.2298
121.45,0.00000,0.74519,0.37260,0.57532,-5.3556
121.46,0.00000,0.74663,0.37331,0.57771,-5.4775
121.47,0.00000,0.74802,0.37401,0.58004,-5.5967
121.48,0.00000,0.74949,0.37475,0.58249,-5.7493
121.49,0.00000,0.75091,0.37546,0.58485,-5.8932
121.50,0.00000,0.75229,0.37615,0.58715,-6.0292
121.51,0.00000,0.75363,0.37682,0.58939,-6.1582
121.52,0.00000,0.75494,0.37747,0.59156,-6.2808
121.53,0.00000,0.75620,0.37810,0.59367,-6.3997
121.54,0.00000,0.75753,0.37877,0.59589,-6.5608
121.55,0.00000,0.75883,0.37942,0.59805,-6.7109
121.56,0.00000,0.76009,0.38005,0.60015,-6.8512
121.57,0.00000,0.76131,0.38066,0.60219,-6.9828
121.58,0.00000,0.76250,0.38125,0.60416,-7.1065
121.59,0.00000,0.76365,0.38182,0.60608,-7.2239
121.60,0.00000,0.76485,0.38243,0.60809,-7.3932
121.61,0.00000,0.76604,0.38302,0.61007,-7.5489
121.62,0.00000,0.76720,0.38360,0.61199,-7.6926
121.63,0.00000,0.76831,0.38416,0.61386,-7.8257
121.64,0.00000,0.76940,0.38470,0.61566,-7.9494
121.65,0.00000,0.77045,0.38522,0.61742,-8.0647
121.66,0.00000,0.77155,0.38578,0.61925,-8.2419
121.67,0.00000,0.77262,0.38631,0.62104,-8.4024
121.68,0.00000,0.77368,0.38684,0.62281,-8.5486
121.69,0.00000,0.77471,0.38736,0.62452,-8.6820
121.70,0.00000,0.77571,0.38785,0.62618,-8.8042
121.71,0.00000,0.77667,0.38834,0.62778,-8.9165
121.72,0.00000,0.77770,0.38885,0.62951,-9.1014
121.73,0.00000,0.77864,0.38932,0.63107,-9.2661
121.74,0.00000,0.77962,0.38981,0.63270,-9.4136
121.75,0.00000,0.78057,0.39029,0.63429,-9.5459
121.76,0.00000,0.78149,0.39074,0.63581,-9.6650
121.77,0.00000,0.78237,0.39119,0.63729,-9.7725
121.78,0.00000,0.78323,0.39161,0.63872,-9.8695
121.79,0.00000,0.78418,0.39209,0.64030,-10.0540
121.80,0.00000,0.78507,0.39253,0.64178,-10.2152
121.81,0.00000,0.78595,0.39297,0.64325,-10.3563
121.82,0.00000,0.78680,0.39340,0.64466,-10.4800
121.83,0.00000,0.78762,0.39381,0.64603,-10.5886
121.84,0.00000,0.78841,0.39420,0.64734,-10.6839
121.85,0.00000,0.78932,0.39466,0.64887,-10.8807
121.86,0.00000,0.79007,0.39503,0.65011,-11.0486
121.87,0.00000,0.79089,0.39544,0.65148,-11.1922
121.88,0.00000,0.79168,0.39584,0.65280,-11.3148
121.89,0.00000,0.79244,0.39622,0.65407,-11.4191
121.90,0.00000,0.79317,0.39659,0.65529,-11.5077
121.91,0.00000,0.79388,0.39694,0.65646,-11.5824
121.92,0.00000,0.79474,0.39737,0.65791,-11.7770
121.93,0.00000,0.79544,0.39772,0.65907,-11.9393
121.94,0.00000,0.79618,0.39809,0.66031,-12.0739
121.95,0.00000,0.79690,0.39845,0.66149,-12.1846
121.96,0.00000,0.79758,0.39879,0.66263,-12.2747
121.97,0.00000,0.79824,0.39912,0.66373,-12.3470
121.98,0.00000,0.79910,0.39955,0.66516,-12.5564
121.99,0.00000,0.79969,0.39985,0.66616,-12.7275
122.00,0.00000,0.80034,0.40017,0.66724,-12.8659
122.01,0.00000,0.80101,0.40051,0.66836,-12.9760
122.02,0.00000,0.80166,0.40083,0.66943,-13.0615
122.03,0.00000,0.80227,0.40114,0.67046,-13.1258
122.04,0.00000,0.80286,0.40143,0.67144,-13.1717
122.05,0.00000,0.80370,0.40185,0.67284,-13.3779
122.06,0.00000,0.80424,0.40212,0.67373,-13.5415
122.07,0.00000,0.80483,0.40241,0.67472,-13.6690
122.08,0.00000,0.80544,0.40272,0.67573,-13.7655
122.09,0.00000,0.80602,0.40301,0.67671,-13.8346
122.10,0.00000,0.80658,0.40329,0.67763,-13.8801
122.11,0.00000,0.80711,0.40355,0.67851,-13.9053
122.12,0.00000,0.80795,0.40398,0.67992,-14.1150
122.13,0.00000,0.80843,0.40421,0.68071,-14.2766
122.14,0.00000,0.80657,0.40328,0.67761,-14.3976
122.15,0.00000,0.80325,0.40163,0.67208,-14.4841
122.16,0.00000,0.79999,0.39999,0.66664,-14.5403
122.17,0.00000,0.79677,0.39839,0.66129,-14.5701
122.18,0.00000,0.79361,0.39680,0.65601,-14.5775
122.19,0.00000,0.79064,0.39532,0.65107,-14.7960
122.20,0.00000,0.78757,0.39379,0.64596,-14.9606
122.21,0.00000,0.78132,0.39066,0.63554,-15.0799
122.22,0.00000,0.77133,0.38566,0.61888,-15.1610
122.23,0.00000,0.76137,0.38069,0.60229,-15.2099
122.24,0.00000,0.75146,0.37573,0.58577,-15.2299
122.25,0.00000,0.74117,0.37059,0.56862,-15.4850
122.26,0.00000,0.73133,0.36566,0.55221,-15.6775
122.27,0.00000,0.72151,0.36076,0.53585,-15.8176
122.28,0.00000,0.71103,0.35551,0.51838,-15.9136
122.29,0.00000,0.69839,0.34919,0.49732,-15.9728
122.30,0.00000,0.68569,0.34284,0.47614,-16.0010
122.31,0.00000,0.67290,0.33645,0.45484,-16.0021
122.32,0.00000,0.66003,0.33001,0.43338,-15.9794
122.33,0.00000,0.64616,0.32308,0.41027,-16.2296
122.34,0.00000,0.62720,0.31360,0.39200,-16.4155
122.35,0.00000,0.60266,0.30133,0.37666,-16.5476
122.36,0.00000,0.58020,0.29010,0.36263,-16.6347
122.37,0.00000,0.55728,0.27864,0.34830,-16.6842
122.38,0.00000,0.53383,0.26691,0.33364,-16.7020
122.39,0.00000,0.50974,0.25487,0.31859,-16.6909
122.40,0.00000,0.48283,0.24141,0.30177,-16.9802
122.41,0.00000,0.45706,0.22853,0.28566,-17.1964
122.42,0.00000,0.43024,0.21512,0.26890,-17.3515
122.43,0.00000,0.40543,0.20271,0.25339,-17.4554
122.44,0.00000,0.38052,0.19026,0.23783,-17.5165
122.45,0.00000,0.35434,0.17717,0.22146,-17.5416
122.46,0.00000,0.32656,0.16328,0.20410,-17.5349
122.47,0.00000,0.29362,0.14681,0.18351,-17.8527
122.48,0.00000,0.26066,0.13033,0.16291,-18.0901
122.49,0.00000,0.18066,0.09033,0.11291,-18.2601
122.50,0.00000,0.10066,0.05033,0.06291,-18.3739
122.51,0.03000,0.02066,0.01033,0.01291,-18.4406
122.52,0.06000,0.00000,0.00000,0.00000,-18.4680
122.53,0.09000,0.00000,0.00000,0.00000,-18.4616
122.54,0.12000,0.00000,0.00000,0.00000,-18.7988
122.55,0.15000,0.00000,0.00000,0.00000,-19.0503
122.56,0.18000,0.00000,0.00000,0.00000,-19.2303
122.57,0.21000,0.00000,0.00000,0.00000,-19.3504
122.58,0.21278,0.00000,0.00000,0.00000,-19.4204
122.59,0.21278,0.00000,0.00000,0.00000,-19.4484
122.60,0.21278,0.00000,0.00000,0.00000,-19.4403
122.61,0.21277,0.00000,0.00000,0.00000,-19.7883
122.62,0.21277,0.00000,0.00000,0.00000,-20.0455
122.63,0.21277,0.00000,0.00000,0.00000,-20.2267
122.64,0.21277,0.00000,0.00000,0.00000,-20.3439
122.65,0.21277,0.00000,0.00000,0.00000,-20.4073
122.66,0.21277,0.00000,0.00000,0.00000,-20.4254
122.67,0.21277,0.00000,0.00000,0.00000,-20.4050
122.68,0.21277,0.00000,0.00000,0.00000,-20.7497
122.69,0.21277,0.00000,0.00000,0.00000,-21.0000
122.70,0.21277,0.00000,0.00000,0.00000,-21.1711
122.71,0.21277,0.00000,0.00000,0.00000,-21.2757
122.72,0.21277,0.00000,0.00000,0.00000,-21.3242
122.73,0.21277,0.00000,0.00000,0.00000,-21.3256
122.74,0.21277,0.00000,0.00000,0.00000,-21.2870
122.75,0.21277,0.00000,0.00000,0.00000,-21.6216
122.76,0.21277,0.00000,0.00000,0.00000,-21.8594
122.77,0.21277,0.00000,0.00000,0.00000,-22.0159
122.78,0.21277,0.00000,0.00000,0.00000,-22.1042
122.79,0.21277,0.00000,0.00000,0.00000,-22.1351
122.80,0.21277,0.00000,0.00000,0.00000,-22.1177
122.81,0.21277,0.00000,0.00000,0.00000,-22.0594
122.82,0.21277,0.00000,0.00000,0.00000,-21.9649
122.83,0.21277,0.00000,0.00000,0.00000,-22.2584
122.84,0.21277,0.00000,0.00000,0.00000,-22.4577
122.85,0.21277,0.00000,0.00000,0.00000,-22.5781
122.86,0.21277,0.00000,0.00000,0.00000,-22.6321
122.87,0.21277,0.00000,0.00000,0.00000,-22.6305
122.88,0.21277,0.00000,0.00000,0.00000,-22.5820
122.89,0.21277,0.00000,0.00000,0.00000,-22.4925
122.90,0.21277,0.00000,0.00000,0.00000,-22.7975
122.91,0.21277,0.00000,0.00000,0.00000,-23.0034
122.92,0.21277,0.00000,0.00000,0.00000,-23.1262
122.93,0.21277,0.00000,0.00000,0.00000,-23.1793
122.94,0.21277,0.00000,0.00000,0.00000,-23.1739
122.95,0.21277,0.00000,0.00000,0.00000,-23.1192
122.96,0.21277,0.00000,0.00000,0.00000,-23.0220
122.97,0.21277,0.00000,0.00000,0.00000,-23.3304
122.98,0.21277,0.00000,0.00000,0.00000,-23.5366
122.99,0.21277,0.00000,0.00000,0.00000,-23.6570
123.00,0.21277,0.00000,0.00000,0.00000,-23.7056
123.01,0.21277,0.00000,0.00000,0.00000,-23.6938
123.02,0.21277,0.00000,0.00000,0.00000,-23.6312
123.03,0.21277,0.00000,0.00000,0.00000,-23.5251
123.04,0.21277,0.00000,0.00000,0.00000,-23.8290
123.05,0.21277,0.00000,0.00000,0.00000,-24.0290
123.06,0.21277,0.00000,0.00000,0.00000,-24.1421
123.07,0.21277,0.00000,0.00000,0.00000,-24.1822
123.08,0.21277,0.00000,0.00000,0.00000,-24.1612
123.09,0.21277,0.00000,0.00000,0.00000,-24.0887
123.10,0.21277,0.00000,0.00000,0.00000,-23.9722
123.11,0.21277,0.00000,0.00000,0.00000,-24.2607
123.12,0.21277,0.00000,0.00000,0.00000,-24.4459
123.13,0.21277,0.00000,0.00000,0.00000,-24.5446
123.14,0.21277,0.00000,0.00000,0.00000,-24.5708
123.15,0.21277,0.00000,0.00000,0.00000,-24.5362
123.16,0.21277,0.00000,0.00000,0.00000,-24.4504
123.17,0.21277,0.00000,0.00000,0.00000,-24.3211
123.18,0.21277,0.00000,0.00000,0.00000,-24.5890
123.19,0.21277,0.00000,0.00000,0.00000,-24.7553
123.20,0.21277,0.00000,0.00000,0.00000,-24.8365
123.21,0.21277,0.00000,0.00000,0.00000,-24.8464
123.22,0.21277,0.00000,0.00000,0.00000,-24.7965
123.23,0.21278,0.00000,0.00000,0.00000,-24.6962
123.24,0.21278,0.00000,0.00000,0.00000,-24.5534
123.25,0.21278,0.00000,0.00000,0.00000,-24.8003
123.26,0.21278,0.00000,0.00000,0.00000,-24.9476
123.27,0.21278,0.00000,0.00000,0.00000,-25.0114
123.28,0.21278,0.00000,0.00000,0.00000,-25.0054
123.29,0.21279,0.00000,0.00000,0.00000,-24.9407
123.30,0.21279,0.00000,0.00000,0.00000,-24.8267
123.31,0.21279,0.00000,0.00000,0.00000,-24.6711
123.32,0.21279,0.00000,0.00000,0.00000,-24.8998
123.33,0.21280,0.00000,0.00000,0.00000,-25.0306
123.34,0.21280,0.00000,0.00000,0.00000,-25.0794
123.35,0.21280,0.00000,0.00000,0.00000,-25.0595
123.36,0.21281,0.00000,0.00000,0.00000,-24.9820
123.37,0.21281,0.00000,0.00000,0.00000,-24.8562
123.38,0.21282,0.00000,0.00000,0.00000,-24.6896
123.39,0.21282,0.00000,0.00000,0.00000,-24.9033
123.40,0.21283,0.00000,0.00000,0.00000,-25.0204
123.41,0.21284,0.00000,0.00000,0.00000,-25.0566
123.42,0.21284,0.00000,0.00000,0.00000,-25.0251
123.43,0.21285,0.00000,0.00000,0.00000,-24.9369
123.44,0.21286,0.00000,0.00000,0.00000,-24.8011
123.45,0.21287,0.00000,0.00000,0.00000,-24.6250
123.46,0.21288,0.00000,0.00000,0.00000,-24.4146
123.47,0.21289,0.00000,0.00000,0.00000,-24.5888
123.48,0.21290,0.00000,0.00000,0.00000,-24.6717
123.49,0.21291,0.00000,0.00000,0.00000,-24.6782
123.50,0.21292,0.00000,0.00000,0.00000,-24.6208
123.51,0.21293,0.00000,0.00000,0.00000,-24.5100
123.52,0.21295,0.00000,0.00000,0.00000,-24.3542
123.53,0.21296,0.00000,0.00000,0.00000,-24.1598
123.54,0.21298,0.00000,0.00000,0.00000,-24.3445
123.55,0.21299,0.00000,0.00000,0.00000,-24.4354
123.56,0.21301,0.00000,0.00000,0.00000,-24.4480
123.57,0.21303,0.00000,0.00000,0.00000,-24.3950
123.58,0.21305,0.00000,0.00000,0.00000,-24.2871
123.59,0.21307,0.00000,0.00000,0.00000,-24.1332
123.60,0.21309,0.00000,0.00000,0.00000,-23.9398
123.61,0.21311,0.00000,0.00000,0.00000,-24.1235
123.62,0.21313,0.00000,0.00000,0.00000,-24.2129
123.63,0.21316,0.00000,0.00000,0.00000,-24.2235
123.64,0.21318,0.00000,0.00000,0.00000,-24.1682
123.65,0.21321,0.00000,0.00000,0.00000,-24.0577
123.66,0.21324,0.00000,0.00000,0.00000,-23.9011
123.67,0.21326,0.00000,0.00000,0.00000,-23.7045
123.68,0.21330,0.00000,0.00000,0.00000,-23.8842
123.69,0.21332,0.00000,0.00000,0.00000,-23.9694
123.70,0.21335,0.00000,0.00000,0.00000,-23.9758
123.71,0.22282,0.00000,0.00000,0.00000,-23.9163
123.72,0.23314,0.00000,0.00000,0.00000,-23.8017
123.73,0.24334,0.00000,0.00000,0.00000,-23.6410
123.74,0.25341,0.00000,0.00000,0.00000,-23.4406
123.75,0.26415,0.00000,0.00000,0.00000,-23.6180
123.76,0.27397,0.00000,0.00000,0.00000,-23.7010
123.77,0.28368,0.00000,0.00000,0.00000,-23.7053
123.78,0.29509,0.00000,0.00000,0.00000,-23.6438
123.79,0.30734,0.00000,0.00000,0.00000,-23.5274
123.80,0.31946,0.00000,0.00000,0.00000,-23.3651
123.81,0.33145,0.00000,0.00000,0.00000,-23.1632
123.82,0.34421,0.00000,0.00000,0.00000,-23.3447
123.83,0.35593,0.00000,0.00000,0.00000,-23.4309
123.84,0.36755,0.00000,0.00000,0.00000,-23.4378
123.85,0.36980,0.00000,0.00000,0.00000,-23.3783
123.86,0.37007,0.00000,0.00000,0.00000,-23.2634
123.87,0.37034,0.00000,0.00000,0.00000,-23.1021
123.88,0.37061,0.00000,0.00000,0.00000,-22.9005
123.89,0.37089,0.00000,0.00000,0.00000,-23.0815
123.90,0.37116,0.00000,0.00000,0.00000,-23.1667
123.91,0.37143,0.00000,0.00000,0.00000,-23.1720
123.92,0.37170,0.00000,0.00000,0.00000,-23.1105
123.93,0.37201,0.00000,0.00000,0.00000,-22.9930
123.94,0.37233,0.00000,0.00000,0.00000,-22.8286
123.95,0.37265,0.00000,0.00000,0.00000,-22.6235
123.96,0.37298,0.00000,0.00000,0.00000,-22.7883
123.97,0.37330,0.00000,0.00000,0.00000,-22.8590
123.98,0.37362,0.00000,0.00000,0.00000,-22.8513
123.99,0.37394,0.00000,0.00000,0.00000,-22.7780
124.00,0.37430,0.00000,0.00000,0.00000,-22.6498
124.01,0.37467,0.00000,0.00000,0.00000,-22.4754
124.02,0.37504,0.00000,0.00000,0.00000,-22.2610
124.03,0.37542,0.00000,0.00000,0.00000,-22.4028
124.04,0.37579,0.00000,0.00000,0.00000,-22.4534
124.05,0.37616,0.00000,0.00000,0.00000,-22.4280
124.06,0.37654,0.00000,0.00000,0.00000,-22.3390
124.07,0.37695,0.00000,0.00000,0.00000,-22.1968
124.08,0.37737,0.00000,0.00000,0.00000,-22.0096
124.09,0.37780,0.00000,0.00000,0.00000,-21.7838
124.10,0.37824,0.00000,0.00000,0.00000,-21.9043
124.11,0.37867,0.00000,0.00000,0.00000,-21.9364
124.12,0.37909,0.00000,0.00000,0.00000,-21.8946
124.13,0.37952,0.00000,0.00000,0.00000,-21.7911
124.14,0.37999,0.00000,0.00000,0.00000,-21.6361
124.15,0.38048,0.00000,0.00000,0.00000,-21.4373
124.16,0.38096,0.00000,0.00000,0.00000,-21.2010
124.17,0.38147,0.00000,0.00000,0.00000,-21.3020
124.18,0.38195,0.00000,0.00000,0.00000,-21.3170
124.19,0.38244,0.00000,0.00000,0.00000,-21.2603
124.20,0.38293,0.00000,0.00000,0.00000,-21.1437
124.21,0.38346,0.00000,0.00000,0.00000,-20.9772
124.22,0.38401,0.00000,0.00000,0.00000,-20.7681
124.23,0.38457,0.00000,0.00000,0.00000,-20.5227
124.24,0.38513,0.00000,0.00000,0.00000,-20.6053
124.25,0.38568,0.00000,0.00000,0.00000,-20.6045
124.26,0.38624,0.00000,0.00000,0.00000,-20.5343
124.27,0.38679,0.00000,0.00000,0.00000,-20.4060
124.28,0.38739,0.00000,0.00000,0.00000,-20.2294
124.29,0.38801,0.00000,0.00000,0.00000,-20.0113
124.30,0.38863,0.00000,0.00000,0.00000,-19.7583
124.31,0.38927,0.00000,0.00000,0.00000,-19.8247
124.32,0.38989,0.00000,0.00000,0.00000,-19.8103
124.33,0.39051,0.00000,0.00000,0.00000,-19.7285
124.34,0.39113,0.00000,0.00000,0.00000,-19.5905
124.35,0.39181,0.00000,0.00000,0.00000,-19.4057
124.36,0.39250,0.00000,0.00000,0.00000,-19.1807
124.37,0.39319,0.00000,0.00000,0.00000,-18.9220
124.38,0.39389,0.00000,0.00000,0.00000,-18.9746
124.39,0.39459,0.00000,0.00000,0.00000,-18.9488
124.40,0.39528,0.00000,0.00000,0.00000,-18.8577
124.41,0.39598,0.00000,0.00000,0.00000,-18.7123
124.42,0.39673,0.00000,0.00000,0.00000,-18.5214
124.43,0.39750,0.00000,0.00000,0.00000,-18.2919
124.44,0.39827,0.00000,0.00000,0.00000,-18.0300
124.45,0.39904,0.00000,0.00000,0.00000,-18.0707
124.46,0.39981,0.00000,0.00000,0.00000,-18.0357
124.47,0.40144,0.00000,0.00000,0.00000,-17.9376
124.48,0.40336,0.00000,0.00000,0.00000,-17.7869
124.49,0.40544,0.00000,0.00000,0.00000,-17.5923
124.50,0.40755,0.00000,0.00000,0.00000,-17.3606
124.51,0.40966,0.00000,0.00000,0.00000,-17.0980
124.52,0.41176,0.00000,0.00000,0.00000,-17.1286
124.53,0.41388,0.00000,0.00000,0.00000,-17.0861
124.54,0.41599,0.00000,0.00000,0.00000,-16.9829
124.55,0.41810,0.00000,0.00000,0.00000,-16.8291
124.56,0.42039,0.00000,0.00000,0.00000,-16.6331
124.57,0.42268,0.00000,0.00000,0.00000,-16.4016
124.58,0.42499,0.00000,0.00000,0.00000,-16.1409
124.59,0.42727,0.00000,0.00000,0.00000,-16.1612
124.60,0.42957,0.00000,0.00000,0.00000,-16.1117
124.61,0.43187,0.00000,0.00000,0.00000,-16.0042
124.62,0.43418,0.00000,0.00000,0.00000,-15.8484
124.63,0.43666,0.00000,0.00000,0.00000,-15.6524
124.64,0.43915,0.00000,0.00000,0.00000,-15.4230
124.65,0.44163,0.00000,0.00000,0.00000,-15.1659
124.66,0.44409,0.00000,0.00000,0.00000,-15.1734
124.67,0.44657,0.00000,0.00000,0.00000,-15.1151
124.68,0.44906,0.00000,0.00000,0.00000,-15.0023
124.69,0.45158,0.00000,0.00000,0.00000,-14.8440
124.70,0.45424,0.00000,0.00000,0.00000,-14.6483
124.71,0.45690,0.00000,0.00000,0.00000,-14.4216
124.72,0.45956,0.00000,0.00000,0.00000,-14.1691
124.73,0.46218,0.00000,0.00000,0.00000,-14.1598
124.74,0.46485,0.00000,0.00000,0.00000,-14.0899
124.75,0.46751,0.00000,0.00000,0.00000,-13.9697
124.76,0.47023,0.00000,0.00000,0.00000,-13.8079
124.77,0.47305,0.00000,0.00000,0.00000,-13.6121
124.78,0.47587,0.00000,0.00000,0.00000,-13.3879
124.79,0.47869,0.00000,0.00000,0.00000,-13.1404
124.80,0.48147,0.00000,0.00000,0.00000,-13.1114
124.81,0.48430,0.00000,0.00000,0.00000,-13.0278
124.82,0.48712,0.00000,0.00000,0.00000,-12.8988
124.83,0.49002,0.00000,0.00000,0.00000,-12.7329
124.84,0.49298,0.00000,0.00000,0.00000,-12.5366
124.85,0.49595,0.00000,0.00000,0.00000,-12.3152
124.86,0.49886,0.00000,0.00000,0.00000,-12.2832
124.87,0.50182,0.00000,0.00000,0.00000,-12.1999
124.88,0.50479,0.00000,0.00000,0.00000,-12.0740
124.89,0.50777,0.00000,0.00000,0.00000,-11.9128
124.90,0.51081,0.00000,0.00000,0.00000,-11.7235
124.91,0.51389,0.00000,0.00000,0.00000,-11.5109
124.92,0.51697,0.00000,0.00000,0.00000,-11.2790
124.93,0.51999,0.00000,0.00000,0.00000,-11.2170
124.94,0.52308,0.00000,0.00000,0.00000,-11.1118
124.95,0.52617,0.00000,0.00000,0.00000,-10.9707
124.96,0.52925,0.00000,0.00000,0.00000,-10.8006
124.97,0.53241,0.00000,0.00000,0.00000,-10.6072
124.98,0.53558,0.00000,0.00000,0.00000,-10.3944
124.99,0.53874,0.00000,0.00000,0.00000,-10.1658
125.00,0.54185,0.00000,0.00000,0.00000,-10.0875
125.01,0.54502,0.00000,0.00000,0.00000,-9.9720
125.02,0.54819,0.00000,0.00000,0.00000,-9.8257
125.03,0.55154,0.00000,0.00000,0.00000,-9.6553
125.04,0.55515,0.00000,0.00000,0.00000,-9.4651
125.05,0.55876,0.00000,0.00000,0.00000,-9.2585
125.06,0.56238,0.00000,0.00000,0.00000,-9.0386
125.07,0.56592,0.00000,0.00000,0.00000,-8.9505
125.08,0.56954,0.00000,0.00000,0.00000,-8.8303
125.09,0.57316,0.00000,0.00000,0.00000,-8.6842
125.10,0.57678,0.00000,0.00000,0.00000,-8.5175
125.11,0.58039,0.00000,0.00000,0.00000,-8.3340
125.12,0.58400,0.00000,0.00000,0.00000,-8.1365
125.13,0.58755,0.00000,0.00000,0.00000,-8.0513
125.14,0.59117,0.00000,0.00000,0.00000,-7.9368
125.15,0.59479,0.00000,0.00000,0.00000,-7.7980
125.16,0.59842,0.00000,0.00000,0.00000,-7.6407
125.17,0.60197,0.00000,0.00000,0.00000,-7.4680
125.18,0.60551,0.00000,0.00000,0.00000,-7.2829
125.19,0.60905,0.00000,0.00000,0.00000,-7.0874
125.20,0.61254,0.00000,0.00000,0.00000,-6.9907
125.21,0.61609,0.00000,0.00000,0.00000,-6.8699
125.22,0.61964,0.00000,0.00000,0.00000,-6.7299
125.23,0.62315,0.00000,0.00000,0.00000,-6.5749
125.24,0.62651,0.00000,0.00000,0.00000,-6.4074
125.25,0.62988,0.00000,0.00000,0.00000,-6.2298
125.26,0.63326,0.00000,0.00000,0.00000,-6.0440
125.27,0.63658,0.00000,0.00000,0.00000,-5.9433
125.28,0.63996,0.00000,0.00000,0.00000,-5.8228
125.29,0.64334,0.00000,0.00000,0.00000,-5.6867
125.30,0.64650,0.00000,0.00000,0.00000,-5.5379
125.31,0.64954,0.00000,0.00000,0.00000,-5.3788
125.32,0.65259,0.00000,0.00000,0.00000,-5.2112
125.33,0.65560,0.00000,0.00000,0.00000,-5.1146
125.34,0.65866,0.00000,0.00000,0.00000,-5.0000
125.35,0.66171,0.00000,0.00000,0.00000,-4.8715
125.36,0.66471,0.00000,0.00000,0.00000,-4.7316
125.37,0.66723,0.00000,0.00000,0.00000,-4.5825
125.38,0.66976,0.00000,0.00000,0.00000,-4.4259
125.39,0.67230,0.00000,0.00000,0.00000,-4.2633
125.40,0.67480,0.00000,0.00000,0.00000,-4.1613
125.41,0.67734,0.00000,0.00000,0.00000,-4.0455
125.42,0.67988,0.00000,0.00000,0.00000,-3.9185
125.43,0.68195,0.00000,0.00000,0.00000,-3.7826
125.44,0.68375,0.00000,0.00000,0.00000,-3.6394
125.45,0.68556,0.00000,0.00000,0.00000,-3.4903
125.46,0.68734,0.00000,0.00000,0.00000,-3.3904
125.47,0.68915,0.00000,0.00000,0.00000,-3.2783
125.48,0.69095,0.00000,0.00000,0.00000,-3.1567
125.49,0.69261,0.00000,0.00000,0.00000,-3.0273
125.50,0.69352,0.00000,0.00000,0.00000,-2.8916
125.51,0.69442,0.00000,0.00000,0.00000,-2.7510
125.52,0.69533,0.00000,0.00000,0.00000,-2.6064
125.53,0.69623,0.00000,0.00000,0.00000,-2.5021
125.54,0.69714,0.00000,0.00000,0.00000,-2.3889
125.55,0.69805,0.00000,0.00000,0.00000,-2.2683
125.56,0.69825,0.00000,0.00000,0.00000,-2.1419
125.57,0.69821,0.00000,0.00000,0.00000,-2.0109
125.58,0.69817,0.00000,0.00000,0.00000,-1.8762
125.59,0.69813,0.00000,0.00000,0.00000,-1.7721
125.60,0.69808,0.00000,0.00000,0.00000,-1.6606
125.61,0.69804,0.00000,0.00000,0.00000,-1.5432
125.62,0.69769,0.00000,0.00000,0.00000,-1.4210
125.63,0.69678,0.00000,0.00000,0.00000,-1.2951
125.64,0.69587,0.00000,0.00000,0.00000,-1.1664
125.65,0.69496,0.00000,0.00000,0.00000,-1.0597
125.66,0.69405,0.00000,0.00000,0.00000,-0.9474
125.67,0.69313,0.00000,0.00000,0.00000,-0.8307
125.68,0.69221,0.00000,0.00000,0.00000,-0.7106
125.69,0.69062,0.00000,0.00000,0.00000,-0.5878
125.70,0.68903,0.00000,0.00000,0.00000,-0.4630
125.71,0.68744,0.00000,0.00000,0.00000,-0.3368
125.72,0.68585,0.00000,0.00000,0.00000,-0.2251
125.73,0.68425,0.00000,0.00000,0.00000,-0.1101
125.74,0.68266,0.00000,0.00000,0.00000,0.0074
125.75,0.68074,0.00000,0.00000,0.00000,0.1268
125.76,0.67870,0.00000,0.00000,0.00000,0.2475
125.77,0.67665,0.00000,0.00000,0.00000,0.3690
125.78,0.67460,0.00000,0.00000,0.00000,0.4841
125.79,0.67254,0.00000,0.00000,0.00000,0.6008
125.80,0.67049,0.00000,0.00000,0.00000,0.7187
125.81,0.66833,0.00000,0.00000,0.00000,0.8373
125.82,0.66602,0.00000,0.00000,0.00000,0.9562
125.83,0.66371,0.00000,0.00000,0.00000,1.0752
125.84,0.66139,0.00000,0.00000,0.00000,1.1952
125.85,0.65908,0.00000,0.00000,0.00000,1.3151
125.86,0.65676,0.00000,0.00000,0.00000,1.4346
125.87,0.65442,0.00000,0.00000,0.00000,1.5536
125.88,0.65198,0.00000,0.00000,0.00000,1.6719
125.89,0.64955,0.00000,0.00000,0.00000,1.7894
125.90,0.64710,0.00000,0.00000,0.00000,1.9152
125.91,0.64466,0.00000,0.00000,0.00000,2.0390
125.92,0.64221,0.00000,0.00000,0.00000,2.1609
125.93,0.63977,0.00000,0.00000,0.00000,2.2810
125.94,0.63728,0.00000,0.00000,0.00000,2.3992
125.95,0.63480,0.00000,0.00000,0.00000,2.5157
125.96,0.63231,0.00000,0.00000,0.00000,2.6307
125.97,0.62981,0.00000,0.00000,0.00000,2.7617
125.98,0.62731,0.00000,0.00000,0.00000,2.8886
125.99,0.62482,0.00000,0.00000,0.00000,3.0120
126.00,0.62232,0.00000,0.00000,0.00000,3.1320
126.01,0.61982,0.00000,0.00000,0.00000,3.2490
126.02,0.61732,0.00000,0.00000,0.00000,3.3636
126.03,0.61480,0.00000,0.00000,0.00000,3.5014
126.04,0.61230,0.00000,0.00000,0.00000,3.6331
126.05,0.60979,0.00000,0.00000,0.00000,3.7594
126.06,0.60729,0.00000,0.00000,0.00000,3.8809
126.07,0.60479,0.00000,0.00000,0.00000,3.9982
126.08,0.60229,0.00000,0.00000,0.00000,4.1119
126.09,0.59978,0.00000,0.00000,0.00000,4.2564
126.10,0.59727,0.00000,0.00000,0.00000,4.3926
126.11,0.59477,0.00000,0.00000,0.00000,4.5216
126.12,0.59227,0.00000,0.00000,0.00000,4.6443
126.13,0.58978,0.00000,0.00000,0.00000,4.7615
126.14,0.58729,0.00000,0.00000,0.00000,4.8739
126.15,0.58478,0.00000,0.00000,0.00000,5.0250
126.16,0.58229,0.00000,0.00000,0.00000,5.1654
126.17,0.57979,0.00000,0.00000,0.00000,5.2968
126.18,0.57731,0.00000,0.00000,0.00000,5.4201
126.19,0.57483,0.00000,0.00000,0.00000,5.5366
126.20,0.57235,0.00000,0.00000,0.00000,5.6471
126.21,0.56984,0.00000,0.00000,0.00000,5.8046
126.22,0.56736,0.00000,0.00000,0.00000,5.9490
126.23,0.56488,0.00000,0.00000,0.00000,6.0822
126.24,0.56240,0.00000,0.00000,0.00000,6.2057
126.25,0.55994,0.00000,0.00000,0.00000,6.3209
126.26,0.55747,0.00000,0.00000,0.00000,6.4288
126.27,0.55498,0.00000,0.00000,0.00000,6.5926
126.28,0.55251,0.00000,0.00000,0.00000,6.7406
126.29,0.55004,0.00000,0.00000,0.00000,6.8753
126.30,0.54784,0.00000,0.00000,0.00000,6.9985
126.31,0.54567,0.00000,0.00000,0.00000,7.1117
126.32,0.54350,0.00000,0.00000,0.00000,7.2163
126.33,0.54129,0.00000,0.00000,0.00000,7.3864
126.34,0.53911,0.00000,0.00000,0.00000,7.5380
126.35,0.53694,0.00000,0.00000,0.00000,7.6739
126.36,0.53476,0.00000,0.00000,0.00000,7.7964
126.37,0.53262,0.00000,0.00000,0.00000,7.9072
126.38,0.53046,0.00000,0.00000,0.00000,8.0080
126.39,0.52828,0.00000,0.00000,0.00000,8.1847
126.40,0.52613,0.00000,0.00000,0.00000,8.3400
126.41,0.52397,0.00000,0.00000,0.00000,8.4770
126.42,0.52182,0.00000,0.00000,0.00000,8.5986
126.43,0.51971,0.00000,0.00000,0.00000,8.7068
126.44,0.51759,0.00000,0.00000,0.00000,8.8033
126.45,0.51544,0.00000,0.00000,0.00000,8.9872
126.46,0.51332,0.00000,0.00000,0.00000,9.1465
126.47,0.51120,0.00000,0.00000,0.00000,9.2850
126.48,0.50909,0.00000,0.00000,0.00000,9.4057
126.49,0.50702,0.00000,0.00000,0.00000,9.5113
126.50,0.50496,0.00000,0.00000,0.00000,9.6036
126.51,0.50284,0.00000,0.00000,0.00000,9.7960
126.52,0.50078,0.00000,0.00000,0.00000,9.9604
126.53,0.49871,0.00000,0.00000,0.00000,10.1011
126.54,0.49665,0.00000,0.00000,0.00000,10.2216
126.55,0.49465,0.00000,0.00000,0.00000,10.3250
126.56,0.49264,0.00000,0.00000,0.00000,10.4134
126.57,0.49059,0.00000,0.00000,0.00000,10.6161
126.58,0.48859,0.00000,0.00000,0.00000,10.7871
126.59,0.48658,0.00000,0.00000,0.00000,10.9313
126.60,0.48460,0.00000,0.00000,0.00000,11.0527
126.61,0.48268,0.00000,0.00000,0.00000,11.1547
126.62,0.48076,0.00000,0.00000,0.00000,11.2400
126.63,0.47879,0.00000,0.00000,0.00000,11.4536
126.64,0.47687,0.00000,0.00000,0.00000,11.6317
126.65,0.47495,0.00000,0.00000,0.00000,11.7798
126.66,0.47305,0.00000,0.00000,0.00000,11.9025
126.67,0.47124,0.00000,0.00000,0.00000,12.0035
126.68,0.46943,0.00000,0.00000,0.00000,12.0860
126.69,0.46755,0.00000,0.00000,0.00000,12.3096
126.70,0.46574,0.00000,0.00000,0.00000,12.4941
126.71,0.46392,0.00000,0.00000,0.00000,12.6455
126.72,0.46214,0.00000,0.00000,0.00000,12.7689
126.73,0.46045,0.00000,0.00000,0.00000,12.8685
126.74,0.45875,0.00000,0.00000,0.00000,12.9478
126.75,0.42949,0.00000,0.00000,0.00000,13.1781
126.76,0.36949,0.00000,0.00000,0.00000,13.3659
126.77,0.30949,0.00000,0.00000,0.00000,13.5177
126.78,0.28236,0.00000,0.00000,0.00000,13.6386
126.79,0.28049,0.00000,0.00000,0.00000,13.7330
126.80,0.27863,0.00000,0.00000,0.00000,13.8050
126.81,0.21863,0.06400,0.03200,0.04000,14.0346
126.82,0.15863,0.12800,0.06400,0.08000,14.2186
126.83,0.09863,0.19200,0.09600,0.12000,14.3638
126.84,0.03863,0.25600,0.12800,0.16000,14.4756
126.85,0.00000,0.32000,0.16000,0.20000,14.5583
126.86,0.00000,0.38400,0.19200,0.24000,14.6158
126.87,0.00000,0.44800,0.22400,0.28000,14.8368
126.88,0.00000,0.51200,0.25600,0.32000,15.0086
126.89,0.00000,0.55826,0.27913,0.34892,15.1383
126.90,0.00000,0.56694,0.28347,0.35434,15.2320
126.91,0.00000,0.57532,0.28766,0.35958,15.2950
126.92,0.00000,0.58343,0.29172,0.36465,15.3317
126.93,0.00000,0.58749,0.29375,0.36718,15.5403
126.94,0.00000,0.58797,0.29398,0.36748,15.6980
126.95,0.00000,0.58844,0.29422,0.36777,15.8126
126.96,0.00000,0.58891,0.29446,0.36807,15.8909
126.97,0.00000,0.58938,0.29469,0.36836,15.9381
126.98,0.00000,0.58985,0.29493,0.36866,15.9587
126.99,0.00000,0.58456,0.29228,0.36535,16.1614
127.00,0.00000,0.57364,0.28682,0.35852,16.3114
127.01,0.00000,0.56273,0.28136,0.35171,16.4172
127.02,0.00000,0.55183,0.27591,0.34489,16.4856
127.03,0.00000,0.54093,0.27047,0.33808,16.5224
127.04,0.00000,0.53004,0.26502,0.33127,16.5320
127.05,0.00000,0.51715,0.25857,0.32322,16.7343
127.06,0.00000,0.50197,0.25099,0.31373,16.8819
127.07,0.00000,0.48663,0.24332,0.30414,16.9836
127.08,0.00000,0.47109,0.23555,0.29443,17.0468
127.09,0.00000,0.45533,0.22767,0.28458,17.0773
127.10,0.00000,0.43932,0.21966,0.27457,17.0798
127.11,0.00000,0.42261,0.21131,0.26413,17.2852
127.12,0.00000,0.40610,0.20305,0.25381,17.4335
127.13,0.00000,0.38920,0.19460,0.24325,17.5339
127.14,0.00000,0.37187,0.18593,0.23242,17.5941
127.15,0.00000,0.35402,0.17701,0.22126,17.6203
127.16,0.00000,0.33558,0.16779,0.20974,17.6174
127.17,0.00000,0.31595,0.15797,0.19747,17.8274
127.18,0.00000,0.29665,0.14832,0.18540,17.9776
127.19,0.00000,0.27637,0.13819,0.17273,18.0776
127.20,0.00000,0.25489,0.12745,0.15931,18.1354
127.21,0.00000,0.23185,0.11593,0.14491,18.1577
127.22,0.00000,0.15185,0.07593,0.09491,18.1497
127.23,0.00000,0.07185,0.03593,0.04491,18.3649
127.24,0.03000,0.00000,0.00000,0.00000,18.5174
127.25,0.06000,0.00000,0.00000,0.00000,18.6176
127.26,0.09000,0.00000,0.00000,0.00000,18.6740
127.27,0.12000,0.00000,0.00000,0.00000,18.6937
127.28,0.15000,0.00000,0.00000,0.00000,18.6823
127.29,0.18000,0.00000,0.00000,0.00000,18.9046
127.30,0.21000,0.00000,0.00000,0.00000,19.0616
127.31,0.21998,0.00000,0.00000,0.00000,19.1641
127.32,0.21994,0.00000,0.00000,0.00000,19.2209
127.33,0.21991,0.00000,0.00000,0.00000,19.2391
127.34,0.21988,0.00000,0.00000,0.00000,19.2246
127.35,0.21984,0.00000,0.00000,0.00000,19.4537
127.36,0.21981,0.00000,0.00000,0.00000,19.6140
127.37,0.21978,0.00000,0.00000,0.00000,19.7166
127.38,0.21975,0.00000,0.00000,0.00000,19.7707
127.39,0.21972,0.00000,0.00000,0.00000,19.7838
127.40,0.21969,0.00000,0.00000,0.00000,19.7625
127.41,0.21966,0.00000,0.00000,0.00000,19.9952
127.42,0.21964,0.00000,0.00000,0.00000,20.1558
127.43,0.21961,0.00000,0.00000,0.00000,20.2557
127.44,0.21958,0.00000,0.00000,0.00000,20.3049
127.45,0.21956,0.00000,0.00000,0.00000,20.3111
127.46,0.21954,0.00000,0.00000,0.00000,20.2813
127.47,0.21952,0.00000,0.00000,0.00000,20.5162
127.48,0.21950,0.00000,0.00000,0.00000,20.6758
127.49,0.21948,0.00000,0.00000,0.00000,20.7723
127.50,0.21946,0.00000,0.00000,0.00000,20.8158
127.51,0.21944,0.00000,0.00000,0.00000,20.8147
127.52,0.21942,0.00000,0.00000,0.00000,20.7759
127.53,0.21941,0.00000,0.00000,0.00000,20.7043
127.54,0.21939,0.00000,0.00000,0.00000,20.9141
127.55,0.21938,0.00000,0.00000,0.00000,21.0498
127.56,0.21936,0.00000,0.00000,0.00000,21.1235
127.57,0.21935,0.00000,0.00000,0.00000,21.1451
127.58,0.21934,0.00000,0.00000,0.00000,21.1228
127.59,0.21932,0.00000,0.00000,0.00000,21.0628
127.60,0.21931,0.00000,0.00000,0.00000,21.2931
127.61,0.21930,0.00000,0.00000,0.00000,21.4439
127.62,0.21929,0.00000,0.00000,0.00000,21.5279
127.63,0.21928,0.00000,0.00000,0.00000,21.5559
127.64,0.21927,0.00000,0.00000,0.00000,21.5368
127.65,0.21927,0.00000,0.00000,0.00000,21.4775
127.66,0.21926,0.00000,0.00000,0.00000,21.7214
127.67,0.21925,0.00000,0.00000,0.00000,21.8816
127.68,0.21924,0.00000,0.00000,0.00000,21.9715
127.69,0.21924,0.00000,0.00000,0.00000,22.0025
127.70,0.21923,0.00000,0.00000,0.00000,21.9839
127.71,0.21923,0.00000,0.00000,0.00000,21.9233
127.72,0.21922,0.00000,0.00000,0.00000,22.1726
127.73,0.21922,0.00000,0.00000,0.00000,22.3355
127.74,0.21921,0.00000,0.00000,0.00000,22.4260
127.75,0.21921,0.00000,0.00000,0.00000,22.4556
127.76,0.21921,0.00000,0.00000,0.00000,22.4342
127.77,0.21921,0.00000,0.00000,0.00000,22.3695
127.78,0.21920,0.00000,0.00000,0.00000,22.6131
127.79,0.21920,0.00000,0.00000,0.00000,22.7696
127.80,0.21920,0.00000,0.00000,0.00000,22.8531
127.81,0.21920,0.00000,0.00000,0.00000,22.8753
127.82,0.21919,0.00000,0.00000,0.00000,22.8461
127.83,0.21919,0.00000,0.00000,0.00000,22.7733
127.84,0.21919,0.00000,0.00000,0.00000,23.0070
127.85,0.21919,0.00000,0.00000,0.00000,23.1538
127.86,0.21919,0.00000,0.00000,0.00000,23.2276
127.87,0.21919,0.00000,0.00000,0.00000,23.2402
127.88,0.21919,0.00000,0.00000,0.00000,23.2014
127.89,0.21919,0.00000,0.00000,0.00000,23.1193
127.90,0.22481,0.00000,0.00000,0.00000,23.3435
127.91,0.22901,0.00000,0.00000,0.00000,23.4809
127.92,0.23316,0.00000,0.00000,0.00000,23.5455
127.93,0.23725,0.00000,0.00000,0.00000,23.5492
127.94,0.24128,0.00000,0.00000,0.00000,23.5016
127.95,0.24525,0.00000,0.00000,0.00000,23.4109
127.96,0.24944,0.00000,0.00000,0.00000,23.6269
127.97,0.25172,0.00000,0.00000,0.00000,23.7561
127.98,0.25387,0.00000,0.00000,0.00000,23.8127
127.99,0.25600,0.00000,0.00000,0.00000,23.8085
128.00,0.25809,0.00000,0.00000,0.00000,23.7532
128.01,0.26016,0.00000,0.00000,0.00000,23.6549
128.02,0.26236,0.00000,0.00000,0.00000,23.8633
128.03,0.26335,0.00000,0.00000,0.00000,23.9851
128.04,0.26414,0.00000,0.00000,0.00000,24.0343
128.05,0.26493,0.00000,0.00000,0.00000,24.0225
128.06,0.26571,0.00000,0.00000,0.00000,23.9597
128.07,0.26647,0.00000,0.00000,0.00000,23.8538
128.08,0.26731,0.00000,0.00000,0.00000,24.0555
128.09,0.26750,0.00000,0.00000,0.00000,24.1702
128.10,0.26752,0.00000,0.00000,0.00000,24.2122
128.11,0.26753,0.00000,0.00000,0.00000,24.1931
128.12,0.26755,0.00000,0.00000,0.00000,24.1228
128.13,0.26757,0.00000,0.00000,0.00000,24.0094
128.14,0.26762,0.00000,0.00000,0.00000,24.2047
128.15,0.26739,0.00000,0.00000,0.00000,24.3127
128.16,0.26704,0.00000,0.00000,0.00000,24.3476
128.17,0.26669,0.00000,0.00000,0.00000,24.3212
128.18,0.26635,0.00000,0.00000,0.00000,24.2435
128.19,0.26602,0.00000,0.00000,0.00000,24.1225
128.20,0.26569,0.00000,0.00000,0.00000,23.9645
128.21,0.26528,0.00000,0.00000,0.00000,24.1239
128.22,0.26480,0.00000,0.00000,0.00000,24.2002
128.23,0.26433,0.00000,0.00000,0.00000,24.2070
128.24,0.26387,0.00000,0.00000,0.00000,24.1556
128.25,0.26341,0.00000,0.00000,0.00000,24.0553
128.26,0.26296,0.00000,0.00000,0.00000,23.9133
128.27,0.26249,0.00000,0.00000,0.00000,24.0869
128.28,0.26201,0.00000,0.00000,0.00000,24.1737
128.29,0.26153,0.00000,0.00000,0.00000,24.1881
128.30,0.26106,0.00000,0.00000,0.00000,24.1417
128.31,0.26059,0.00000,0.00000,0.00000,24.0445
128.32,0.26014,0.00000,0.00000,0.00000,23.9037
128.33,0.25970,0.00000,0.00000,0.00000,24.0798
128.34,0.25928,0.00000,0.00000,0.00000,24.1675
128.35,0.25887,0.00000,0.00000,0.00000,24.1813
128.36,0.25847,0.00000,0.00000,0.00000,24.1332
128.37,0.25807,0.00000,0.00000,0.00000,24.0332
128.38,0.25768,0.00000,0.00000,0.00000,23.8891
128.39,0.25734,0.00000,0.00000,0.00000,24.0641
128.40,0.25710,0.00000,0.00000,0.00000,24.1497
128.41,0.25686,0.00000,0.00000,0.00000,24.1606
128.42,0.25663,0.00000,0.00000,0.00000,24.1088
128.43,0.25640,0.00000,0.00000,0.00000,24.0046
128.44,0.25618,0.00000,0.00000,0.00000,23.8559
128.45,0.25605,0.00000,0.00000,0.00000,24.0293
128.46,0.25621,0.00000,0.00000,0.00000,24.1125
128.47,0.25637,0.00000,0.00000,0.00000,24.1202
128.48,0.25653,0.00000,0.00000,0.00000,24.0648
128.49,0.25669,0.00000,0.00000,0.00000,23.9564
128.50,0.25684,0.00000,0.00000,0.00000,23.8033
128.51,0.25714,0.00000,0.00000,0.00000,23.9762
128.52,0.25815,0.00000,0.00000,0.00000,24.0579
128.53,0.25915,0.00000,0.00000,0.00000,24.0635
128.54,0.26014,0.00000,0.00000,0.00000,24.0054
128.55,0.26111,0.00000,0.00000,0.00000,23.8938
128.56,0.26207,0.00000,0.00000,0.00000,23.7373
128.57,0.26316,0.00000,0.00000,0.00000,23.9089
128.58,0.26578,0.00000,0.00000,0.00000,23.9889
128.59,0.26835,0.00000,0.00000,0.00000,23.9923
128.60,0.27090,0.00000,0.00000,0.00000,23.9316
128.61,0.27341,0.00000,0.00000,0.00000,23.8172
128.62,0.27589,0.00000,0.00000,0.00000,23.6577
128.63,0.27846,0.00000,0.00000,0.00000,23.8246
128.64,0.28361,0.00000,0.00000,0.00000,23.9001
128.65,0.28880,0.00000,0.00000,0.00000,23.8993
128.66,0.29392,0.00000,0.00000,0.00000,23.8346
128.67,0.29897,0.00000,0.00000,0.00000,23.7165
128.68,0.30397,0.00000,0.00000,0.00000,23.5536
128.69,0.30911,0.00000,0.00000,0.00000,23.7130
128.70,0.31764,0.00000,0.00000,0.00000,23.7821
128.71,0.32657,0.00000,0.00000,0.00000,23.7757
128.72,0.33540,0.00000,0.00000,0.00000,23.7062
128.73,0.34413,0.00000,0.00000,0.00000,23.5840
128.74,0.35275,0.00000,0.00000,0.00000,23.4177
128.75,0.36159,0.00000,0.00000,0.00000,23.5690
128.76,0.37429,0.00000,0.00000,0.00000,23.6316
128.77,0.38794,0.00000,0.00000,0.00000,23.6199
128.78,0.39747,0.00000,0.00000,0.00000,23.5462
128.79,0.39761,0.00000,0.00000,0.00000,23.4207
128.80,0.39775,0.00000,0.00000,0.00000,23.2518
128.81,0.39789,0.00000,0.00000,0.00000,23.0462
128.82,0.39803,0.00000,0.00000,0.00000,23.1611
128.83,0.39817,0.00000,0.00000,0.00000,23.1934
128.84,0.39831,0.00000,0.00000,0.00000,23.1565
128.85,0.39849,0.00000,0.00000,0.00000,23.0619
128.86,0.39867,0.00000,0.00000,0.00000,22.9190
128.87,0.39885,0.00000,0.00000,0.00000,22.7355
128.88,0.39903,0.00000,0.00000,0.00000,22.8638
128.89,0.39921,0.00000,0.00000,0.00000,22.9076
128.90,0.39939,0.00000,0.00000,0.00000,22.8809
128.91,0.39961,0.00000,0.00000,0.00000,22.7952
128.92,0.39984,0.00000,0.00000,0.00000,22.6601
128.93,0.40015,0.00000,0.00000,0.00000,22.4839
128.94,0.40072,0.00000,0.00000,0.00000,22.6128
128.95,0.40128,0.00000,0.00000,0.00000,22.6577
128.96,0.40184,0.00000,0.00000,0.00000,22.6325
128.97,0.40247,0.00000,0.00000,0.00000,22.5487
128.98,0.40313,0.00000,0.00000,0.00000,22.4158
128.99,0.40379,0.00000,0.00000,0.00000,22.2421
129.00,0.40446,0.00000,0.00000,0.00000,22.3674
129.01,0.40512,0.00000,0.00000,0.00000,22.4101
129.02,0.40579,0.00000,0.00000,0.00000,22.3837
129.03,0.40651,0.00000,0.00000,0.00000,22.2996
129.04,0.40726,0.00000,0.00000,0.00000,22.1672
129.05,0.40802,0.00000,0.00000,0.00000,21.9947
129.06,0.40878,0.00000,0.00000,0.00000,22.1153
129.07,0.40953,0.00000,0.00000,0.00000,22.1548
129.08,0.41028,0.00000,0.00000,0.00000,22.1265
129.09,0.41109,0.00000,0.00000,0.00000,22.0416
129.10,0.41192,0.00000,0.00000,0.00000,21.9094
129.11,0.41275,0.00000,0.00000,0.00000,21.7380
129.12,0.41359,0.00000,0.00000,0.00000,21.8539
129.13,0.41442,0.00000,0.00000,0.00000,21.8903
129.14,0.41526,0.00000,0.00000,0.00000,21.8604
129.15,0.41613,0.00000,0.00000,0.00000,21.7750
129.16,0.41702,0.00000,0.00000,0.00000,21.6432
129.17,0.41792,0.00000,0.00000,0.00000,21.4730
129.18,0.41882,0.00000,0.00000,0.00000,21.5849
129.19,0.41972,0.00000,0.00000,0.00000,21.6189
129.20,0.42061,0.00000,0.00000,0.00000,21.5878
129.21,0.42154,0.00000,0.00000,0.00000,21.5023
129.22,0.42248,0.00000,0.00000,0.00000,21.3714
129.23,0.42343,0.00000,0.00000,0.00000,21.2029
129.24,0.42438,0.00000,0.00000,0.00000,21.3114
129.25,0.42532,0.00000,0.00000,0.00000,21.3435
129.26,0.42627,0.00000,0.00000,0.00000,21.3117
129.27,0.42723,0.00000,0.00000,0.00000,21.2267
129.28,0.42821,0.00000,0.00000,0.00000,21.0972
129.29,0.42919,0.00000,0.00000,0.00000,20.9308
129.30,0.43017,0.00000,0.00000,0.00000,21.0364
129.31,0.43115,0.00000,0.00000,0.00000,21.0671
129.32,0.43213,0.00000,0.00000,0.00000,21.0351
129.33,0.43311,0.00000,0.00000,0.00000,20.9509
129.34,0.43411,0.00000,0.00000,0.00000,20.8231
129.35,0.43511,0.00000,0.00000,0.00000,20.6592
129.36,0.43610,0.00000,0.00000,0.00000,20.7625
129.37,0.43710,0.00000,0.00000,0.00000,20.7922
129.38,0.43810,0.00000,0.00000,0.00000,20.7606
129.39,0.43910,0.00000,0.00000,0.00000,20.6776
129.40,0.44010,0.00000,0.00000,0.00000,20.5518
129.41,0.44110,0.00000,0.00000,0.00000,20.3906
129.42,0.44210,0.00000,0.00000,0.00000,20.4921
129.43,0.44310,0.00000,0.00000,0.00000,20.5214
129.44,0.44411,0.00000,0.00000,0.00000,20.4904
129.45,0.44511,0.00000,0.00000,0.00000,20.4089
129.46,0.44610,0.00000,0.00000,0.00000,20.2855
129.47,0.44710,0.00000,0.00000,0.00000,20.1273
129.48,0.44809,0.00000,0.00000,0.00000,20.2275
129.49,0.44908,0.00000,0.00000,0.00000,20.2567
129.50,0.45008,0.00000,0.00000,0.00000,20.2266
129.51,0.45107,0.00000,0.00000,0.00000,20.1470
129.52,0.45205,0.00000,0.00000,0.00000,20.0262
129.53,0.45303,0.00000,0.00000,0.00000,19.8711
129.54,0.45400,0.00000,0.00000,0.00000,19.9704
129.55,0.45498,0.00000,0.00000,0.00000,19.9998
129.56,0.45596,0.00000,0.00000,0.00000,19.9709
129.57,0.45693,0.00000,0.00000,0.00000,19.8933
129.58,0.45788,0.00000,0.00000,0.00000,19.7752
129.59,0.45884,0.00000,0.00000,0.00000,19.6234
129.60,0.45978,0.00000,0.00000,0.00000,19.7221
129.61,0.46074,0.00000,0.00000,0.00000,19.7521
129.62,0.46170,0.00000,0.00000,0.00000,19.7246
129.63,0.46264,0.00000,0.00000,0.00000,19.6492
129.64,0.46356,0.00000,0.00000,0.00000,19.5340
129.65,0.46448,0.00000,0.00000,0.00000,19.3856
129.66,0.46540,0.00000,0.00000,0.00000,19.4841
129.67,0.46632,0.00000,0.00000,0.00000,19.5148
129.68,0.46725,0.00000,0.00000,0.00000,19.4890
129.69,0.46816,0.00000,0.00000,0.00000,19.4160
129.70,0.46904,0.00000,0.00000,0.00000,19.3038
129.71,0.46993,0.00000,0.00000,0.00000,19.1589
129.72,0.47081,0.00000,0.00000,0.00000,19.2575
129.73,0.47170,0.00000,0.00000,0.00000,19.2893
129.74,0.47259,0.00000,0.00000,0.00000,19.2654
129.75,0.47346,0.00000,0.00000,0.00000,19.1948
129.76,0.47431,0.00000,0.00000,0.00000,19.0858
129.77,0.47516,0.00000,0.00000,0.00000,18.9445
129.78,0.47600,0.00000,0.00000,0.00000,19.0434
129.79,0.47685,0.00000,0.00000,0.00000,19.0765
129.80,0.47770,0.00000,0.00000,0.00000,19.0546
129.81,0.47852,0.00000,0.00000,0.00000,18.9866
129.82,0.47933,0.00000,0.00000,0.00000,18.8808
129.83,0.48014,0.00000,0.00000,0.00000,18.7431
129.84,0.48093,0.00000,0.00000,0.00000,18.8427
129.85,0.48174,0.00000,0.00000,0.00000,18.8772
129.86,0.48255,0.00000,0.00000,0.00000,18.8574
129.87,0.48333,0.00000,0.00000,0.00000,18.7923
129.88,0.48409,0.00000,0.00000,0.00000,18.6897
129.89,0.48485,0.00000,0.00000,0.00000,18.5557
129.90,0.48561,0.00000,0.00000,0.00000,18.6561
129.91,0.48637,0.00000,0.00000,0.00000,18.6923
129.92,0.48714,0.00000,0.00000,0.00000,18.6748
129.93,0.48787,0.00000,0.00000,0.00000,18.6125
129.94,0.48858,0.00000,0.00000,0.00000,18.5132
129.95,0.48930,0.00000,0.00000,0.00000,18.3829
129.96,0.49001,0.00000,0.00000,0.00000,18.4845
129.97,0.49073,0.00000,0.00000,0.00000,18.5225
129.98,0.49145,0.00000,0.00000,0.00000,18.5074
129.99,0.49213,0.00000,0.00000,0.00000,18.4481
130.00,0.49280,0.00000,0.00000,0.00000,18.3522
130.01,0.49347,0.00000,0.00000,0.00000,18.2256
130.02,0.49413,0.00000,0.00000,0.00000,18.3285
130.03,0.49480,0.00000,0.00000,0.00000,18.3685
130.04,0.49547,0.00000,0.00000,0.00000,18.3559
130.05,0.49609,0.00000,0.00000,0.00000,18.2997
130.06,0.49671,0.00000,0.00000,0.00000,18.2071
130.07,0.49733,0.00000,0.00000,0.00000,18.0841
130.08,0.49794,0.00000,0.00000,0.00000,18.1885
130.09,0.49856,0.00000,0.00000,0.00000,18.2306
130.10,0.49918,0.00000,0.00000,0.00000,18.2205
130.11,0.49975,0.00000,0.00000,0.00000,18.1673
130.12,0.50031,0.00000,0.00000,0.00000,18.0781
130.13,0.50086,0.00000,0.00000,0.00000,18.2084
130.14,0.50143,0.00000,0.00000,0.00000,18.2728
130.15,0.50199,0.00000,0.00000,0.00000,18.2824
130.16,0.50255,0.00000,0.00000,0.00000,18.2459
130.17,0.50304,0.00000,0.00000,0.00000,18.1715
130.18,0.50354,0.00000,0.00000,0.00000,18.0652
130.19,0.50403,0.00000,0.00000,0.00000,18.1801
130.20,0.50452,0.00000,0.00000,0.00000,18.2323
130.21,0.50502,0.00000,0.00000,0.00000,18.2322
130.22,0.50550,0.00000,0.00000,0.00000,18.1885
130.23,0.50592,0.00000,0.00000,0.00000,18.1086
130.24,0.50633,0.00000,0.00000,0.00000,17.9983
130.25,0.50674,0.00000,0.00000,0.00000,18.1087
130.26,0.50716,0.00000,0.00000,0.00000,18.1579
130.27,0.50757,0.00000,0.00000,0.00000,18.1558
130.28,0.50795,0.00000,0.00000,0.00000,18.1110
130.29,0.50827,0.00000,0.00000,0.00000,18.0307
130.30,0.50859,0.00000,0.00000,0.00000,17.9207
130.31,0.50890,0.00000,0.00000,0.00000,18.0305
130.32,0.50922,0.00000,0.00000,0.00000,18.0797
130.33,0.50954,0.00000,0.00000,0.00000,18.0781
130.34,0.50980,0.00000,0.00000,0.00000,18.0345
130.35,0.51000,0.00000,0.00000,0.00000,17.9556
130.36,0.51021,0.00000,0.00000,0.00000,17.8473
130.37,0.51042,0.00000,0.00000,0.00000,17.9579
130.38,0.51062,0.00000,0.00000,0.00000,18.0083
130.39,0.51083,0.00000,0.00000,0.00000,18.0082
130.40,0.51096,0.00000,0.00000,0.00000,17.9664
130.41,0.51105,0.00000,0.00000,0.00000,17.8896
130.42,0.51115,0.00000,0.00000,0.00000,17.7834
130.43,0.51124,0.00000,0.00000,0.00000,17.8955
130.44,0.51133,0.00000,0.00000,0.00000,17.9475
130.45,0.51143,0.00000,0.00000,0.00000,17.9494
130.46,0.51144,0.00000,0.00000,0.00000,17.9097
130.47,0.51143,0.00000,0.00000,0.00000,17.8351
130.48,0.51142,0.00000,0.00000,0.00000,17.7312
130.49,0.51141,0.00000,0.00000,0.00000,17.8451
130.50,0.51140,0.00000,0.00000,0.00000,17.8990
130.51,0.51139,0.00000,0.00000,0.00000,17.9030
130.52,0.51130,0.00000,0.00000,0.00000,17.8655
130.53,0.51122,0.00000,0.00000,0.00000,17.7931
130.54,0.51113,0.00000,0.00000,0.00000,17.9323
130.55,0.51104,0.00000,0.00000,0.00000,18.0080
130.56,0.51095,0.00000,0.00000,0.00000,18.0305
130.57,0.51085,0.00000,0.00000,0.00000,18.0087
130.58,0.51071,0.00000,0.00000,0.00000,17.9499
130.59,0.51058,0.00000,0.00000,0.00000,17.8600
130.60,0.51044,0.00000,0.00000,0.00000,17.9850
130.61,0.51030,0.00000,0.00000,0.00000,18.0491
130.62,0.51016,0.00000,0.00000,0.00000,18.0621
130.63,0.51001,0.00000,0.00000,0.00000,18.0326
130.64,0.50984,0.00000,0.00000,0.00000,17.9675
130.65,0.50967,0.00000,0.00000,0.00000,17.8725
130.66,0.50951,0.00000,0.00000,0.00000,17.9939
130.67,0.50935,0.00000,0.00000,0.00000,18.0550
130.68,0.50918,0.00000,0.00000,0.00000,18.0658
130.69,0.50901,0.00000,0.00000,0.00000,18.0346
130.70,0.50883,0.00000,0.00000,0.00000,17.9682
130.71,0.50866,0.00000,0.00000,0.00000,17.8722
130.72,0.50849,0.00000,0.00000,0.00000,17.9935
130.73,0.50832,0.00000,0.00000,0.00000,18.0547
130.74,0.50814,0.00000,0.00000,0.00000,18.0657
130.75,0.50797,0.00000,0.00000,0.00000,18.0347
130.76,0.50780,0.00000,0.00000,0.00000,17.9686
130.77,0.50764,0.00000,0.00000,0.00000,18.1148
130.78,0.50747,0.00000,0.00000,0.00000,18.1969
130.79,0.50730,0.00000,0.00000,0.00000,18.2255
130.80,0.50713,0.00000,0.00000,0.00000,18.2094
130.81,0.50697,0.00000,0.00000,0.00000,18.1557
130.82,0.50680,0.00000,0.00000,0.00000,18.0706
130.83,0.50665,0.00000,0.00000,0.00000,18.2018
130.84,0.50648,0.00000,0.00000,0.00000,18.2713
130.85,0.50632,0.00000,0.00000,0.00000,18.2894
130.86,0.50617,0.00000,0.00000,0.00000,18.2643
130.87,0.50602,0.00000,0.00000,0.00000,18.2031
130.88,0.50586,0.00000,0.00000,0.00000,18.1115
130.89,0.50572,0.00000,0.00000,0.00000,18.2382
130.90,0.50557,0.00000,0.00000,0.00000,18.3039
130.91,0.50542,0.00000,0.00000,0.00000,18.3186
130.92,0.50527,0.00000,0.00000,0.00000,18.2906
130.93,0.50513,0.00000,0.00000,0.00000,18.2267
130.94,0.50499,0.00000,0.00000,0.00000,18.1327
130.95,0.50485,0.00000,0.00000,0.00000,18.2585
130.96,0.50471,0.00000,0.00000,0.00000,18.3233
130.97,0.50457,0.00000,0.00000,0.00000,18.3370
130.98,0.50443,0.00000,0.00000,0.00000,18.3079
130.99,0.50429,0.00000,0.00000,0.00000,18.2429
131.00,0.50416,0.00000,0.00000,0.00000,18.3931
131.01,0.50403,0.00000,0.00000,0.00000,18.4782
131.02,0.50389,0.00000,0.00000,0.00000,18.5089
131.03,0.50376,0.00000,0.00000,0.00000,18.4938
131.04,0.50363,0.00000,0.00000,0.00000,18.4405
131.05,0.50349,0.00000,0.00000,0.00000,18.3550
131.06,0.50337,0.00000,0.00000,0.00000,18.4891
131.07,0.50323,0.00000,0.00000,0.00000,18.5604
131.08,0.50310,0.00000,0.00000,0.00000,18.5792
131.09,0.50297,0.00000,0.00000,0.00000,18.5539
131.10,0.50284,0.00000,0.00000,0.00000,18.4916
131.11,0.50270,0.00000,0.00000,0.00000,18.3983
131.12,0.50257,0.00000,0.00000,0.00000,18.5270
131.13,0.50244,0.00000,0.00000,0.00000,18.5935
131.14,0.50230,0.00000,0.00000,0.00000,18.6078
131.15,0.50217,0.00000,0.00000,0.00000,18.5783
131.16,0.50203,0.00000,0.00000,0.00000,18.5122
131.17,0.50189,0.00000,0.00000,0.00000,18.4153
131.18,0.50175,0.00000,0.00000,0.00000,18.5423
131.19,0.50161,0.00000,0.00000,0.00000,18.6070
131.20,0.50147,0.00000,0.00000,0.00000,18.6194
131.21,0.50132,0.00000,0.00000,0.00000,18.5880
131.22,0.50116,0.00000,0.00000,0.00000,18.5199
131.23,0.50102,0.00000,0.00000,0.00000,18.6713
131.24,0.50086,0.00000,0.00000,0.00000,18.7563
131.25,0.50071,0.00000,0.00000,0.00000,18.7855
131.26,0.50055,0.00000,0.00000,0.00000,18.7679
131.27,0.50038,0.00000,0.00000,0.00000,18.7111
131.28,0.50021,0.00000,0.00000,0.00000,18.6214
131.29,0.50005,0.00000,0.00000,0.00000,18.7562
131.30,0.49988,0.00000,0.00000,0.00000,18.8267
131.31,0.49971,0.00000,0.00000,0.00000,18.8434
131.32,0.49952,0.00000,0.00000,0.00000,18.8150
131.33,0.49933,0.00000,0.00000,0.00000,18.7488
131.34,0.49913,0.00000,0.00000,0.00000,18.6508
131.35,0.49894,0.00000,0.00000,0.00000,18.7800
131.36,0.49875,0.00000,0.00000,0.00000,18.8455
131.37,0.49855,0.00000,0.00000,0.00000,18.8576
131.38,0.49833,0.00000,0.00000,0.00000,18.8250
131.39,0.49811,0.00000,0.00000,0.00000,18.7550
131.40,0.49789,0.00000,0.00000,0.00000,18.9082
131.41,0.49766,0.00000,0.00000,0.00000,18.9937
131.42,0.49744,0.00000,0.00000,0.00000,19.0224
131.43,0.49720,0.00000,0.00000,0.00000,19.0035
131.44,0.49694,0.00000,0.00000,0.00000,18.9446
131.45,0.49668,0.00000,0.00000,0.00000,18.8522
131.46,0.49642,0.00000,0.00000,0.00000,18.9887
131.47,0.49616,0.00000,0.00000,0.00000,19.0598
131.48,0.49590,0.00000,0.00000,0.00000,19.0761
131.49,0.49561,0.00000,0.00000,0.00000,19.0465
131.50,0.49531,0.00000,0.00000,0.00000,18.9784
131.51,0.49501,0.00000,0.00000,0.00000,18.8780
131.52,0.49471,0.00000,0.00000,0.00000,19.0092
131.53,0.49441,0.00000,0.00000,0.00000,19.0756
131.54,0.49410,0.00000,0.00000,0.00000,19.0878
131.55,0.49375,0.00000,0.00000,0.00000,19.0545
131.56,0.49340,0.00000,0.00000,0.00000,18.9832
131.57,0.49305,0.00000,0.00000,0.00000,19.1386
131.58,0.49270,0.00000,0.00000,0.00000,19.2251
131.59,0.49235,0.00000,0.00000,0.00000,19.2542
131.60,0.49197,0.00000,0.00000,0.00000,19.2350
131.61,0.49157,0.00000,0.00000,0.00000,19.1753
131.62,0.49116,0.00000,0.00000,0.00000,19.0818
131.63,0.49076,0.00000,0.00000,0.00000,19.2191
131.64,0.49035,0.00000,0.00000,0.00000,19.2904
131.65,0.48995,0.00000,0.00000,0.00000,19.3065
131.66,0.48949,0.00000,0.00000,0.00000,19.2764
131.67,0.48902,0.00000,0.00000,0.00000,19.2075
131.68,0.48856,0.00000,0.00000,0.00000,19.3646
131.69,0.46536,0.00000,0.00000,0.00000,19.4524
131.70,0.40536,0.00000,0.00000,0.00000,19.4823
131.71,0.34536,0.00000,0.00000,0.00000,19.4634
131.72,0.32393,0.00000,0.00000,0.00000,19.4033
131.73,0.32329,0.00000,0.00000,0.00000,19.3086
131.74,0.32265,0.00000,0.00000,0.00000,19.4438
131.75,0.32201,0.00000,0.00000,0.00000,19.5125
131.76,0.26201,0.06400,0.03200,0.04000,19.5258
131.77,0.20201,0.12800,0.06400,0.08000,19.4923
131.78,0.14201,0.19200,0.09600,0.12000,19.4193
131.79,0.08201,0.25600,0.12800,0.16000,19.3126
131.80,0.02201,0.32000,0.16000,0.20000,19.4369
131.81,0.00000,0.38400,0.19200,0.24000,19.4948
131.82,0.00000,0.44800,0.22400,0.28000,19.4967
131.83,0.00000,0.51200,0.25600,0.32000,19.4513
131.84,0.00000,0.57600,0.28800,0.36000,19.3660
131.85,0.00000,0.64000,0.32000,0.40000,19.5057
131.86,0.00000,0.66400,0.33200,0.44000,19.5743
131.87,0.00000,0.68800,0.34400,0.48000,19.5833
131.88,0.00000,0.70742,0.35371,0.51237,19.5420
131.89,0.00000,0.70946,0.35473,0.51576,19.4582
131.90,0.00000,0.71148,0.35574,0.51913,19.3386
131.91,0.00000,0.71340,0.35670,0.52233,19.4487
131.92,0.00000,0.71537,0.35769,0.52562,19.4912
131.93,0.00000,0.71729,0.35865,0.52882,19.4776
131.94,0.00000,0.71917,0.35958,0.53195,19.4168
131.95,0.00000,0.72099,0.36050,0.53499,19.3164
131.96,0.00000,0.72283,0.36141,0.53804,19.1828
131.97,0.00000,0.72455,0.36228,0.54092,19.2816
131.98,0.00000,0.72633,0.36316,0.54388,19.3146
131.99,0.00000,0.72806,0.36403,0.54677,19.2928
132.00,0.00000,0.72975,0.36487,0.54958,19.2253
132.01,0.00000,0.73139,0.36569,0.55232,19.1193
132.02,0.00000,0.73296,0.36648,0.55494,19.2409
132.03,0.00000,0.73461,0.36731,0.55769,19.2932
132.04,0.00000,0.73622,0.36811,0.56037,19.2874
132.05,0.00000,0.73779,0.36889,0.56298,19.2335
132.06,0.00000,0.73931,0.36966,0.56552,19.1391
132.07,0.00000,0.74079,0.37040,0.56799,19.0109
132.08,0.00000,0.74222,0.37111,0.57037,19.1149
132.09,0.00000,0.74372,0.37186,0.57287,19.1526
132.10,0.00000,0.74518,0.37259,0.57530,19.1349
132.11,0.00000,0.74660,0.37330,0.57767,19.0710
132.12,0.00000,0.74798,0.37399,0.57997,18.9687
132.13,0.00000,0.74932,0.37466,0.58220,18.8341
132.14,0.00000,0.75062,0.37531,0.58436,18.9337
132.15,0.00000,0.75198,0.37599,0.58664,18.9682
132.16,0.00000,0.75331,0.37666,0.58885,18.9481
132.17,0.00000,0.75460,0.37730,0.59100,18.8823
132.18,0.00000,0.75586,0.37793,0.59309,18.7789
132.19,0.00000,0.75708,0.37854,0.59513,18.6437
132.20,0.00000,0.75825,0.37912,0.59708,18.7441
132.21,0.00000,0.75950,0.37975,0.59916,18.7797
132.22,0.00000,0.76071,0.38035,0.60118,18.7609
132.23,0.00000,0.76189,0.38094,0.60315,18.6968
132.24,0.00000,0.76303,0.38152,0.60505,18.5949
132.25,0.00000,0.76414,0.38207,0.60690,18.4617
132.26,0.00000,0.76520,0.38260,0.60866,18.5650
132.27,0.00000,0.76634,0.38317,0.61057,18.6036
132.28,0.00000,0.76746,0.38373,0.61243,18.5879
132.29,0.00000,0.76854,0.38427,0.61423,18.5269
132.30,0.00000,0.76958,0.38479,0.61597,18.4280
132.31,0.00000,0.77060,0.38530,0.61766,18.2977
132.32,0.00000,0.77154,0.38577,0.61924,18.4051
132.33,0.00000,0.77260,0.38630,0.62100,18.4477
132.34,0.00000,0.77362,0.38681,0.62270,18.4361
132.35,0.00000,0.77461,0.38731,0.62436,18.3790
132.36,0.00000,0.77557,0.38779,0.62596,18.2839
132.37,0.00000,0.77650,0.38825,0.62750,18.1572
132.38,0.00000,0.77734,0.38867,0.62890,18.2693
132.39,0.00000,0.77832,0.38916,0.63053,18.3165
132.40,0.00000,0.77926,0.38963,0.63211,18.3093
132.41,0.00000,0.78018,0.39009,0.63363,18.2567
132.42,0.00000,0.78106,0.39053,0.63511,18.1659
132.43,0.00000,0.78192,0.39096,0.63653,18.0431
132.44,0.00000,0.78269,0.39134,0.63781,18.1603
132.45,0.00000,0.78356,0.39178,0.63927,18.2123
132.46,0.00000,0.78444,0.39222,0.64073,18.2099
132.47,0.00000,0.78529,0.39264,0.64214,18.1618
132.48,0.00000,0.78610,0.39305,0.64351,18.0755
132.49,0.00000,0.78689,0.39345,0.64482,17.9572
132.50,0.00000,0.78766,0.39383,0.64609,17.8119
132.51,0.00000,0.78837,0.39418,0.64728,17.9135
132.52,0.00000,0.78919,0.39459,0.64864,17.9531
132.53,0.00000,0.78998,0.39499,0.64996,17.9408
132.54,0.00000,0.79074,0.39537,0.65123,17.8850
132.55,0.00000,0.79147,0.39574,0.65245,17.7929
132.56,0.00000,0.79218,0.39609,0.65363,17.6701
132.57,0.00000,0.79282,0.39641,0.65469,17.7925
132.58,0.00000,0.79355,0.39677,0.65591,17.8502
132.59,0.00000,0.79429,0.39714,0.65715,17.8537
132.60,0.00000,0.79500,0.39750,0.65833,17.8119
132.61,0.00000,0.79569,0.39784,0.65948,17.7320
132.62,0.00000,0.79634,0.39817,0.66057,17.6203
132.63,0.00000,0.79695,0.39847,0.66158,17.7548
132.64,0.00000,0.79756,0.39878,0.66259,17.8224
132.65,0.00000,0.79826,0.39913,0.66376,17.8350
132.66,0.00000,0.79893,0.39946,0.66488,17.8013
132.67,0.00000,0.79957,0.39979,0.66595,17.7290
132.68,0.00000,0.80019,0.40009,0.66698,17.6241
132.69,0.00000,0.80078,0.40039,0.66797,17.4920
132.70,0.00000,0.80133,0.40066,0.66888,17.6134
132.71,0.00000,0.80191,0.40095,0.66984,17.6707
132.72,0.00000,0.80254,0.40127,0.67091,17.6749
132.73,0.00000,0.80316,0.40158,0.67193,17.6347
132.74,0.00000,0.80374,0.40187,0.67290,17.5574
132.75,0.00000,0.80430,0.40215,0.67383,17.4488
132.76,0.00000,0.80483,0.40241,0.67471,17.5933
132.77,0.00000,0.80534,0.40267,0.67556,17.6704
132.78,0.00000,0.80588,0.40294,0.67646,17.6911
132.79,0.00000,0.80646,0.40323,0.67743,17.6650
132.80,0.00000,0.80702,0.40351,0.67836,17.6000
132.81,0.00000,0.80755,0.40377,0.67925,17.5023
132.82,0.00000,0.80805,0.40403,0.68009,17.3772
132.83,0.00000,0.80855,0.40427,0.68091,17.5124
132.84,0.00000,0.80901,0.40450,0.68168,17.5821
132.85,0.00000,0.80950,0.40475,0.68250,17.5970
132.86,0.00000,0.81004,0.40502,0.68340,17.5662
132.87,0.00000,0.81055,0.40528,0.68425,17.4975
132.88,0.00000,0.81104,0.40552,0.68506,17.3971
132.89,0.00000,0.81150,0.40575,0.68583,17.2701
132.90,0.00000,0.81197,0.40598,0.68661,17.4087
132.91,0.00000,0.81238,0.40619,0.68730,17.4816
132.92,0.00000,0.81282,0.40641,0.68804,17.4996
132.93,0.00000,0.81332,0.40666,0.68887,17.4716
132.94,0.00000,0.81380,0.40690,0.68966,17.4053
132.95,0.00000,0.81424,0.40712,0.69040,17.3073
132.96,0.00000,0.81466,0.40733,0.69111,17.1826
132.97,0.00000,0.81511,0.40756,0.69185,17.3284
132.98,0.00000,0.81549,0.40774,0.69248,17.4078
132.99,0.00000,0.81587,0.40793,0.69311,17.4315
133.00,0.00000,0.81633,0.40817,0.69389,17.4086
133.01,0.00000,0.81677,0.40839,0.69462,17.3466
133.02,0.00000,0.81719,0.40859,0.69532,17.2523
133.03,0.00000,0.81758,0.40879,0.69597,17.1311
133.04,0.00000,0.81802,0.40901,0.69669,17.2854
133.05,0.00000,0.81836,0.40918,0.69727,17.3722
133.06,0.00000,0.81868,0.40934,0.69780,17.4024
133.07,0.00000,0.81910,0.40955,0.69850,17.3853
133.08,0.00000,0.81952,0.40976,0.69919,17.3284
133.09,0.00000,0.81991,0.40995,0.69984,17.2380
133.10,0.00000,0.82027,0.41013,0.70045,17.1203
133.11,0.00000,0.82070,0.41035,0.70117,17.2835
133.12,0.00000,0.82102,0.41051,0.70170,17.3779
133.13,0.00000,0.82131,0.41066,0.70219,17.4148
133.14,0.00000,0.82164,0.41082,0.70274,17.4035
133.15,0.00000,0.82204,0.41102,0.70340,17.3516
133.16,0.00000,0.82241,0.41120,0.70401,17.2657
133.17,0.00000,0.82275,0.41138,0.70459,17.1511
133.18,0.00000,0.82319,0.41160,0.70532,17.3231
133.19,0.00000,0.82349,0.41174,0.70581,17.4250
133.20,0.00000,0.82376,0.41188,0.70626,17.4683
133.21,0.00000,0.82401,0.41200,0.70668,17.4625
133.22,0.00000,0.82436,0.41218,0.70726,17.4153
133.23,0.00000,0.82471,0.41236,0.70786,17.3334
133.24,0.00000,0.82505,0.41252,0.70841,17.2223
133.25,0.00000,0.82535,0.41268,0.70892,17.0866
133.26,0.00000,0.82578,0.41289,0.70964,17.2483
133.27,0.00000,0.82604,0.41302,0.71006,17.3415
133.28,0.00000,0.82627,0.41314,0.71045,17.3774
133.29,0.00000,0.82646,0.41323,0.71077,17.3652
133.30,0.00000,0.82531,0.41266,0.70885,17.3126
133.31,0.00000,0.82418,0.41209,0.70696,17.2261
133.32,0.00000,0.82305,0.41153,0.70509,17.1111
133.33,0.00000,0.82207,0.41104,0.70345,17.2966
133.34,0.00000,0.82097,0.41048,0.70161,17.4096
133.35,0.00000,0.81987,0.40994,0.69979,17.4622
133.36,0.00000,0.81879,0.40940,0.69798,17.4643
133.37,0.00000,0.81742,0.40871,0.69569,17.4240
133.38,0.00000,0.81268,0.40634,0.68779,17.3481
133.39,0.00000,0.80800,0.40400,0.68000,17.2424
133.40,0.00000,0.80340,0.40170,0.67233,17.1117
133.41,0.00000,0.79888,0.39944,0.66481,17.2931
133.42,0.00000,0.79441,0.39720,0.65735,17.4031
133.43,0.00000,0.79000,0.39500,0.65000,17.4537
133.44,0.00000,0.78565,0.39283,0.64276,17.4549
133.45,0.00000,0.78137,0.39068,0.63562,17.4147
133.46,0.00000,0.77419,0.38710,0.62365,17.3399
133.47,0.00000,0.76708,0.38354,0.61181,17.2361
133.48,0.00000,0.76004,0.38002,0.60007,17.1082
133.49,0.00000,0.75298,0.37649,0.58830,17.3023
133.50,0.00000,0.74607,0.37304,0.57679,17.4241
133.51,0.00000,0.73923,0.36961,0.56538,17.4857
133.52,0.00000,0.73244,0.36622,0.55407,17.4975
133.53,0.00000,0.72572,0.36286,0.54287,17.4676
133.54,0.00000,0.71826,0.35913,0.53044,17.4029
133.55,0.00000,0.71066,0.35533,0.51777,17.3092
133.56,0.00000,0.70311,0.35155,0.50518,17.1912
133.57,0.00000,0.69544,0.34772,0.49240,17.4047
133.58,0.00000,0.68797,0.34399,0.47995,17.5444
133.59,0.00000,0.68054,0.34027,0.46757,17.6224
133.60,0.00000,0.67316,0.33658,0.45526,17.6492
133.61,0.00000,0.66581,0.33290,0.44301,17.6333
133.62,0.00000,0.65811,0.32906,0.43018,17.5818
133.63,0.00000,0.65010,0.32505,0.41684,17.5004
133.64,0.00000,0.64211,0.32106,0.40352,17.3942
133.65,0.00000,0.62880,0.31440,0.39300,17.6290
133.66,0.00000,0.61409,0.30705,0.38381,17.7878
133.67,0.00000,0.59933,0.29966,0.37458,17.8833
133.68,0.00000,0.58448,0.29224,0.36530,17.9258
133.69,0.00000,0.56954,0.28477,0.35596,17.9241
133.70,0.00000,0.55440,0.27720,0.34650,17.8856
133.71,0.00000,0.53873,0.26936,0.33670,17.8162
133.72,0.00000,0.52289,0.26144,0.32680,17.7209
133.73,0.00000,0.50624,0.25312,0.31640,17.9767
133.74,0.00000,0.48997,0.24499,0.30623,18.1540
133.75,0.00000,0.47346,0.23673,0.29591,18.2658
133.76,0.00000,0.45667,0.22834,0.28542,18.3229
133.77,0.00000,0.43955,0.21978,0.27472,18.3341
133.78,0.00000,0.42206,0.21103,0.26379,18.3070
133.79,0.00000,0.40485,0.20242,0.25303,18.2476
133.80,0.00000,0.38731,0.19365,0.24207,18.1613
133.81,0.00000,0.36839,0.18419,0.23024,18.4364
133.82,0.00000,0.34971,0.17485,0.21857,18.6302
133.83,0.00000,0.33032,0.16516,0.20645,18.7563
133.84,0.00000,0.31008,0.15504,0.19380,18.8256
133.85,0.00000,0.28879,0.14440,0.18050,18.8474
133.86,0.00000,0.26621,0.13311,0.16638,18.8290
133.87,0.00000,0.24356,0.12178,0.15222,18.7769
133.88,0.00000,0.16356,0.08178,0.10222,18.6965
133.89,0.00000,0.08356,0.04178,0.05222,18.9887
133.90,0.03000,0.00356,0.00178,0.00222,19.1970
133.91,0.06000,0.00000,0.00000,0.00000,19.3356
133.92,0.09000,0.00000,0.00000,0.00000,19.4161
133.93,0.12000,0.00000,0.00000,0.00000,19.4481
133.94,0.15000,0.00000,0.00000,0.00000,19.4394
133.95,0.18000,0.00000,0.00000,0.00000,19.3963
133.96,0.20658,0.00000,0.00000,0.00000,19.3249
133.97,0.20658,0.00000,0.00000,0.00000,19.2298
133.98,0.20658,0.00000,0.00000,0.00000,19.5255
133.99,0.20658,0.00000,0.00000,0.00000,19.7376
134.00,0.20658,0.00000,0.00000,0.00000,19.8798
134.01,0.20658,0.00000,0.00000,0.00000,19.9635
134.02,0.20658,0.00000,0.00000,0.00000,19.9974
134.03,0.20658,0.00000,0.00000,0.00000,19.9889
134.04,0.20658,0.00000,0.00000,0.00000,19.9447
134.05,0.20658,0.00000,0.00000,0.00000,19.8704
134.06,0.20657,0.00000,0.00000,0.00000,20.1953
134.07,0.20657,0.00000,0.00000,0.00000,20.4298
134.08,0.20657,0.00000,0.00000,0.00000,20.5887
134.09,0.20657,0.00000,0.00000,0.00000,20.6842
134.10,0.20657,0.00000,0.00000,0.00000,20.7259
134.11,0.20657,0.00000,0.00000,0.00000,20.7215
134.12,0.20657,0.00000,0.00000,0.00000,20.6781
134.13,0.20657,0.00000,0.00000,0.00000,20.6019
134.14,0.20657,0.00000,0.00000,0.00000,20.9373
134.15,0.20657,0.00000,0.00000,0.00000,21.1779
134.16,0.20657,0.00000,0.00000,0.00000,21.3392
134.17,0.20657,0.00000,0.00000,0.00000,21.4341
134.18,0.20657,0.00000,0.00000,0.00000,21.4727
134.19,0.20657,0.00000,0.00000,0.00000,21.4627
134.20,0.20657,0.00000,0.00000,0.00000,21.4115
134.21,0.20657,0.00000,0.00000,0.00000,21.3256
134.22,0.20657,0.00000,0.00000,0.00000,21.2105
134.23,0.20657,0.00000,0.00000,0.00000,21.5276
134.24,0.20657,0.00000,0.00000,0.00000,21.7496
134.25,0.20657,0.00000,0.00000,0.00000,21.8920
134.26,0.20657,0.00000,0.00000,0.00000,21.9677
134.27,0.20657,0.00000,0.00000,0.00000,21.9853
134.28,0.20657,0.00000,0.00000,0.00000,21.9541
134.29,0.20657,0.00000,0.00000,0.00000,21.8817
134.30,0.20657,0.00000,0.00000,0.00000,21.7747
134.31,0.20657,0.00000,0.00000,0.00000,22.1120
134.32,0.20657,0.00000,0.00000,0.00000,22.3477
134.33,0.20657,0.00000,0.00000,0.00000,22.4985
134.34,0.20657,0.00000,0.00000,0.00000,22.5781
134.35,0.20657,0.00000,0.00000,0.00000,22.5958
134.36,0.20657,0.00000,0.00000,0.00000,22.5614
134.37,0.20657,0.00000,0.00000,0.00000,22.4831
134.38,0.20657,0.00000,0.00000,0.00000,22.3678
134.39,0.20657,0.00000,0.00000,0.00000,22.7121
134.40,0.20657,0.00000,0.00000,0.00000,22.9505
134.41,0.20657,0.00000,0.00000,0.00000,23.1002
134.42,0.20657,0.00000,0.00000,0.00000,23.1755
134.43,0.20657,0.00000,0.00000,0.00000,23.1865
134.44,0.20657,0.00000,0.00000,0.00000,23.1430
134.45,0.20657,0.00000,0.00000,0.00000,23.0537
134.46,0.20657,0.00000,0.00000,0.00000,22.9257
134.47,0.20657,0.00000,0.00000,0.00000,23.2736
134.48,0.20657,0.00000,0.00000,0.00000,23.5115
134.49,0.20657,0.00000,0.00000,0.00000,23.6574
134.50,0.20657,0.00000,0.00000,0.00000,23.7262
134.51,0.20657,0.00000,0.00000,0.00000,23.7285
134.52,0.20658,0.00000,0.00000,0.00000,23.6744
134.53,0.20658,0.00000,0.00000,0.00000,23.5727
134.54,0.20658,0.00000,0.00000,0.00000,23.4311
134.55,0.20658,0.00000,0.00000,0.00000,23.7799
134.56,0.20658,0.00000,0.00000,0.00000,24.0152
134.57,0.20658,0.00000,0.00000,0.00000,24.1556
134.58,0.20658,0.00000,0.00000,0.00000,24.2166
134.59,0.20658,0.00000,0.00000,0.00000,24.2091
134.60,0.20658,0.00000,0.00000,0.00000,24.1436
134.61,0.20658,0.00000,0.00000,0.00000,24.0293
134.62,0.20659,0.00000,0.00000,0.00000,23.8738
134.63,0.20659,0.00000,0.00000,0.00000,24.2146
134.64,0.20659,0.00000,0.00000,0.00000,24.4402
134.65,0.20659,0.00000,0.00000,0.00000,24.5693
134.66,0.20659,0.00000,0.00000,0.00000,24.6176
134.67,0.20660,0.00000,0.00000,0.00000,24.5966
134.68,0.20660,0.00000,0.00000,0.00000,24.5168
134.69,0.20660,0.00000,0.00000,0.00000,24.3875
134.70,0.20661,0.00000,0.00000,0.00000,24.2167
134.71,0.20661,0.00000,0.00000,0.00000,24.5369
134.72,0.20662,0.00000,0.00000,0.00000,24.7423
134.73,0.20662,0.00000,0.00000,0.00000,24.8517
134.74,0.20663,0.00000,0.00000,0.00000,24.8806
134.75,0.20663,0.00000,0.00000,0.00000,24.8408
134.76,0.20664,0.00000,0.00000,0.00000,24.7425
134.77,0.20665,0.00000,0.00000,0.00000,24.5952
134.78,0.20666,0.00000,0.00000,0.00000,24.4067
134.79,0.20667,0.00000,0.00000,0.00000,24.1834
134.80,0.20668,0.00000,0.00000,0.00000,24.4487
134.81,0.20669,0.00000,0.00000,0.00000,24.6055
134.82,0.20669,0.00000,0.00000,0.00000,24.6716
134.83,0.20670,0.00000,0.00000,0.00000,24.6606
134.84,0.20672,0.00000,0.00000,0.00000,24.5844
134.85,0.20674,0.00000,0.00000,0.00000,24.4535
134.86,0.20675,0.00000,0.00000,0.00000,24.2769
134.87,0.20677,0.00000,0.00000,0.00000,24.0617
134.88,0.20679,0.00000,0.00000,0.00000,24.3193
134.89,0.20680,0.00000,0.00000,0.00000,24.4679
134.90,0.20682,0.00000,0.00000,0.00000,24.5255
134.91,0.20684,0.00000,0.00000,0.00000,24.5058
134.92,0.20687,0.00000,0.00000,0.00000,24.4208
134.93,0.20689,0.00000,0.00000,0.00000,24.2813
134.94,0.20692,0.00000,0.00000,0.00000,24.0959
134.95,0.20695,0.00000,0.00000,0.00000,23.8721
134.96,0.20698,0.00000,0.00000,0.00000,24.1089
134.97,0.20701,0.00000,0.00000,0.00000,24.2388
134.98,0.20704,0.00000,0.00000,0.00000,24.2794
134.99,0.20707,0.00000,0.00000,0.00000,24.2443
135.00,0.20711,0.00000,0.00000,0.00000,24.1455
135.01,0.20715,0.00000,0.00000,0.00000,23.9934
135.02,0.20719,0.00000,0.00000,0.00000,23.7965
135.03,0.20724,0.00000,0.00000,0.00000,23.5621
135.04,0.20728,0.00000,0.00000,0.00000,23.7771
135.05,0.20733,0.00000,0.00000,0.00000,23.8879
135.06,0.20737,0.00000,0.00000,0.00000,23.9116
135.07,0.20741,0.00000,0.00000,0.00000,23.8618
135.08,0.20747,0.00000,0.00000,0.00000,23.7500
135.09,0.20753,0.00000,0.00000,0.00000,23.5864
135.10,0.20759,0.00000,0.00000,0.00000,23.3793
135.11,0.20765,0.00000,0.00000,0.00000,23.1360
135.12,0.20772,0.00000,0.00000,0.00000,23.3311
135.13,0.20778,0.00000,0.00000,0.00000,23.4247
135.14,0.20784,0.00000,0.00000,0.00000,23.4337
135.15,0.20790,0.00000,0.00000,0.00000,23.3712
135.16,0.20798,0.00000,0.00000,0.00000,23.2486
135.17,0.20806,0.00000,0.00000,0.00000,23.0759
135.18,0.20814,0.00000,0.00000,0.00000,22.8611
135.19,0.20822,0.00000,0.00000,0.00000,22.6112
135.20,0.20831,0.00000,0.00000,0.00000,22.7903
135.21,0.20839,0.00000,0.00000,0.00000,22.8706
135.22,0.20847,0.00000,0.00000,0.00000,22.8683
135.23,0.21794,0.00000,0.00000,0.00000,22.7965
135.24,0.23197,0.00000,0.00000,0.00000,22.6666
135.25,0.24835,0.00000,0.00000,0.00000,22.4882
135.26,0.26730,0.00000,0.00000,0.00000,22.2693
135.27,0.28606,0.00000,0.00000,0.00000,22.0168
135.28,0.30521,0.00000,0.00000,0.00000,22.1847
135.29,0.32359,0.00000,0.00000,0.00000,22.2566
135.30,0.34180,0.00000,0.00000,0.00000,22.2487
135.31,0.34682,0.00000,0.00000,0.00000,22.1738
135.32,0.34739,0.00000,0.00000,0.00000,22.0429
135.33,0.34800,0.00000,0.00000,0.00000,21.8652
135.34,0.34861,0.00000,0.00000,0.00000,21.6483
135.35,0.34922,0.00000,0.00000,0.00000,21.3988
135.36,0.34984,0.00000,0.00000,0.00000,21.5560
135.37,0.35045,0.00000,0.00000,0.00000,21.6200
135.38,0.35106,0.00000,0.00000,0.00000,21.6063
135.39,0.35167,0.00000,0.00000,0.00000,21.5274
135.40,0.35233,0.00000,0.00000,0.00000,21.3940
135.41,0.35303,0.00000,0.00000,0.00000,21.2151
135.42,0.35373,0.00000,0.00000,0.00000,20.9981
135.43,0.35443,0.00000,0.00000,0.00000,20.7494
135.44,0.35514,0.00000,0.00000,0.00000,20.8892
135.45,0.35584,0.00000,0.00000,0.00000,20.9397
135.46,0.35654,0.00000,0.00000,0.00000,20.9154
135.47,0.35725,0.00000,0.00000,0.00000,20.8288
135.48,0.35800,0.00000,0.00000,0.00000,20.6901
135.49,0.35878,0.00000,0.00000,0.00000,20.5079
135.50,0.35956,0.00000,0.00000,0.00000,20.2893
135.51,0.36035,0.00000,0.00000,0.00000,20.0403
135.52,0.36114,0.00000,0.00000,0.00000,20.1599
135.53,0.36192,0.00000,0.00000,0.00000,20.1946
135.54,0.36271,0.00000,0.00000,0.00000,20.1584
135.55,0.36349,0.00000,0.00000,0.00000,20.0631
135.56,0.36432,0.00000,0.00000,0.00000,19.9185
135.57,0.36518,0.00000,0.00000,0.00000,19.7327
135.58,0.36603,0.00000,0.00000,0.00000,19.5125
135.59,0.36689,0.00000,0.00000,0.00000,19.2637
135.60,0.36774,0.00000,0.00000,0.00000,19.3633
135.61,0.36860,0.00000,0.00000,0.00000,19.3826
135.62,0.36946,0.00000,0.00000,0.00000,19.3352
135.63,0.37031,0.00000,0.00000,0.00000,19.2322
135.64,0.37121,0.00000,0.00000,0.00000,19.0827
135.65,0.37213,0.00000,0.00000,0.00000,18.8945
135.66,0.37305,0.00000,0.00000,0.00000,18.6740
135.67,0.37396,0.00000,0.00000,0.00000,18.4266
135.68,0.37487,0.00000,0.00000,0.00000,18.5089
135.69,0.37579,0.00000,0.00000,0.00000,18.5154
135.70,0.37671,0.00000,0.00000,0.00000,18.4593
135.71,0.37763,0.00000,0.00000,0.00000,18.3508
135.72,0.37858,0.00000,0.00000,0.00000,18.1987
135.73,0.37955,0.00000,0.00000,0.00000,18.0102
135.74,0.38051,0.00000,0.00000,0.00000,17.7913
135.75,0.38148,0.00000,0.00000,0.00000,17.5473
135.76,0.38243,0.00000,0.00000,0.00000,17.6150
135.77,0.38340,0.00000,0.00000,0.00000,17.6115
135.78,0.38437,0.00000,0.00000,0.00000,17.5490
135.79,0.38534,0.00000,0.00000,0.00000,17.4374
135.80,0.38634,0.00000,0.00000,0.00000,17.2847
135.81,0.38734,0.00000,0.00000,0.00000,17.0979
135.82,0.38834,0.00000,0.00000,0.00000,16.8827
135.83,0.38932,0.00000,0.00000,0.00000,16.9564
135.84,0.39033,0.00000,0.00000,0.00000,16.9597
135.85,0.39133,0.00000,0.00000,0.00000,16.9049
135.86,0.39234,0.00000,0.00000,0.00000,16.8018
135.87,0.39335,0.00000,0.00000,0.00000,16.6584
135.88,0.39438,0.00000,0.00000,0.00000,16.4814
135.89,0.39541,0.00000,0.00000,0.00000,16.2765
135.90,0.39644,0.00000,0.00000,0.00000,16.0482
135.91,0.39744,0.00000,0.00000,0.00000,16.0952
135.92,0.39847,0.00000,0.00000,0.00000,16.0784
135.93,0.39950,0.00000,0.00000,0.00000,16.0092
135.94,0.40134,0.00000,0.00000,0.00000,15.8963
135.95,0.40393,0.00000,0.00000,0.00000,15.7469
135.96,0.40654,0.00000,0.00000,0.00000,15.5672
135.97,0.40915,0.00000,0.00000,0.00000,15.3623
135.98,0.41177,0.00000,0.00000,0.00000,15.1364
135.99,0.41431,0.00000,0.00000,0.00000,15.1703
136.00,0.41693,0.00000,0.00000,0.00000,15.1453
136.01,0.41955,0.00000,0.00000,0.00000,15.0717
136.02,0.42217,0.00000,0.00000,0.00000,14.9575
136.03,0.42479,0.00000,0.00000,0.00000,14.8095
136.04,0.42741,0.00000,0.00000,0.00000,14.6334
136.05,0.43004,0.00000,0.00000,0.00000,14.4340
136.06,0.43260,0.00000,0.00000,0.00000,14.4745
136.07,0.43523,0.00000,0.00000,0.00000,14.4571
136.08,0.43786,0.00000,0.00000,0.00000,14.3921
136.09,0.44049,0.00000,0.00000,0.00000,14.2874
136.10,0.44312,0.00000,0.00000,0.00000,14.1497
136.11,0.44574,0.00000,0.00000,0.00000,13.9846
136.12,0.44835,0.00000,0.00000,0.00000,13.7966
136.13,0.45097,0.00000,0.00000,0.00000,13.5897
136.14,0.45352,0.00000,0.00000,0.00000,13.6104
136.15,0.45614,0.00000,0.00000,0.00000,13.5793
136.16,0.45876,0.00000,0.00000,0.00000,13.5053
136.17,0.46139,0.00000,0.00000,0.00000,13.3955
136.18,0.46399,0.00000,0.00000,0.00000,13.2560
136.19,0.46658,0.00000,0.00000,0.00000,13.0917
136.20,0.46917,0.00000,0.00000,0.00000,12.9069
136.21,0.47176,0.00000,0.00000,0.00000,12.7050
136.22,0.47428,0.00000,0.00000,0.00000,12.7177
136.23,0.47687,0.00000,0.00000,0.00000,12.6824
136.24,0.47947,0.00000,0.00000,0.00000,12.6072
136.25,0.48207,0.00000,0.00000,0.00000,12.4990
136.26,0.48461,0.00000,0.00000,0.00000,12.3632
136.27,0.48715,0.00000,0.00000,0.00000,12.2044
136.28,0.48969,0.00000,0.00000,0.00000,12.0267
136.29,0.49217,0.00000,0.00000,0.00000,12.0462
136.30,0.49472,0.00000,0.00000,0.00000,12.0188
136.31,0.49727,0.00000,0.00000,0.00000,11.9526
136.32,0.49982,0.00000,0.00000,0.00000,11.8541
136.33,0.50234,0.00000,0.00000,0.00000,11.7286
136.34,0.50482,0.00000,0.00000,0.00000,11.5807
136.35,0.50730,0.00000,0.00000,0.00000,11.4142
136.36,0.50978,0.00000,0.00000,0.00000,11.2323
136.37,0.51220,0.00000,0.00000,0.00000,11.2374
136.38,0.51469,0.00000,0.00000,0.00000,11.2004
136.39,0.51718,0.00000,0.00000,0.00000,11.1282
136.40,0.51967,0.00000,0.00000,0.00000,11.0268
136.41,0.52208,0.00000,0.00000,0.00000,10.9012
136.42,0.52449,0.00000,0.00000,0.00000,10.7555
136.43,0.52690,0.00000,0.00000,0.00000,10.5930
136.44,0.52925,0.00000,0.00000,0.00000,10.6026
136.45,0.53166,0.00000,0.00000,0.00000,10.5712
136.46,0.53408,0.00000,0.00000,0.00000,10.5057
136.47,0.53650,0.00000,0.00000,0.00000,10.4119
136.48,0.53887,0.00000,0.00000,0.00000,10.2946
136.49,0.54119,0.00000,0.00000,0.00000,10.1578
136.50,0.54352,0.00000,0.00000,0.00000,10.0047
136.51,0.54585,0.00000,0.00000,0.00000,9.8385
136.52,0.54813,0.00000,0.00000,0.00000,9.8349
136.53,0.55052,0.00000,0.00000,0.00000,9.7945
136.54,0.55316,0.00000,0.00000,0.00000,9.7234
136.55,0.55576,0.00000,0.00000,0.00000,9.6268
136.56,0.55828,0.00000,0.00000,0.00000,9.5091
136.57,0.56080,0.00000,0.00000,0.00000,9.3738
136.58,0.56333,0.00000,0.00000,0.00000,9.2242
136.59,0.56580,0.00000,0.00000,0.00000,9.2242
136.60,0.56833,0.00000,0.00000,0.00000,9.1885
136.61,0.57086,0.00000,0.00000,0.00000,9.1229
136.62,0.57340,0.00000,0.00000,0.00000,9.0327
136.63,0.57582,0.00000,0.00000,0.00000,8.9219
136.64,0.57825,0.00000,0.00000,0.00000,8.7940
136.65,0.58067,0.00000,0.00000,0.00000,8.6522
136.66,0.58304,0.00000,0.00000,0.00000,8.6491
136.67,0.58547,0.00000,0.00000,0.00000,8.6122
136.68,0.58791,0.00000,0.00000,0.00000,8.5472
136.69,0.59034,0.00000,0.00000,0.00000,8.4588
136.70,0.59269,0.00000,0.00000,0.00000,8.3510
136.71,0.59501,0.00000,0.00000,0.00000,8.2271
136.72,0.59734,0.00000,0.00000,0.00000,8.0899
136.73,0.59961,0.00000,0.00000,0.00000,8.0816
136.74,0.60194,0.00000,0.00000,0.00000,8.0416
136.75,0.60427,0.00000,0.00000,0.00000,7.9753
136.76,0.60660,0.00000,0.00000,0.00000,7.8871
136.77,0.60887,0.00000,0.00000,0.00000,7.7807
136.78,0.61109,0.00000,0.00000,0.00000,7.6591
136.79,0.61330,0.00000,0.00000,0.00000,7.5251
136.80,0.61552,0.00000,0.00000,0.00000,7.3808
136.81,0.61770,0.00000,0.00000,0.00000,7.3591
136.82,0.61992,0.00000,0.00000,0.00000,7.3092
136.83,0.62214,0.00000,0.00000,0.00000,7.2358
136.84,0.62432,0.00000,0.00000,0.00000,7.1428
136.85,0.62640,0.00000,0.00000,0.00000,7.0337
136.86,0.62849,0.00000,0.00000,0.00000,6.9112
136.87,0.63058,0.00000,0.00000,0.00000,6.7775
136.88,0.63263,0.00000,0.00000,0.00000,6.7582
136.89,0.63473,0.00000,0.00000,0.00000,6.7113
136.90,0.63682,0.00000,0.00000,0.00000,6.6415
136.91,0.63886,0.00000,0.00000,0.00000,6.5526
136.92,0.64077,0.00000,0.00000,0.00000,6.4480
136.93,0.64267,0.00000,0.00000,0.00000,6.3301
136.94,0.64458,0.00000,0.00000,0.00000,6.2013
136.95,0.64645,0.00000,0.00000,0.00000,6.1810
136.96,0.64836,0.00000,0.00000,0.00000,6.1342
136.97,0.65028,0.00000,0.00000,0.00000,6.0654
136.98,0.65211,0.00000,0.00000,0.00000,5.9784
136.99,0.65371,0.00000,0.00000,0.00000,5.8761
137.00,0.65532,0.00000,0.00000,0.00000,5.7611
137.01,0.65692,0.00000,0.00000,0.00000,5.6356
137.02,0.65851,0.00000,0.00000,0.00000,5.6138
137.03,0.59851,0.00000,0.00000,0.00000,5.5665
137.04,0.53851,0.00000,0.00000,0.00000,5.4982
137.05,0.47851,0.00000,0.00000,0.00000,5.4124
137.06,0.43810,0.00000,0.00000,0.00000,5.3120
137.07,0.43847,0.00000,0.00000,0.00000,5.1994
137.08,0.43884,0.00000,0.00000,0.00000,5.0767
137.09,0.37884,0.06400,0.03200,0.04000,5.0515
137.10,0.31884,0.12800,0.06400,0.08000,5.0025
137.11,0.25884,0.19200,0.09600,0.12000,4.9335
137.12,0.19884,0.25600,0.12800,0.16000,4.8482
137.13,0.13884,0.32000,0.16000,0.20000,4.7490
137.14,0.07884,0.38400,0.19200,0.24000,4.6384
137.15,0.01884,0.44800,0.22400,0.28000,4.5185
137.16,0.00000,0.51200,0.25600,0.32000,4.4876
137.17,0.00000,0.57600,0.28800,0.36000,4.4350
137.18,0.00000,0.64000,0.32000,0.40000,4.3643
137.19,0.00000,0.66400,0.33200,0.44000,4.2789
137.20,0.00000,0.67942,0.33971,0.46571,4.1810
137.21,0.00000,0.68228,0.34114,0.47046,4.0730
137.22,0.00000,0.68505,0.34252,0.47508,3.9565
137.23,0.00000,0.68764,0.34382,0.47941,3.9192
137.24,0.00000,0.69027,0.34513,0.48378,3.8625
137.25,0.00000,0.69289,0.34645,0.48816,3.7899
137.26,0.00000,0.69552,0.34776,0.49254,3.7042
137.27,0.00000,0.69808,0.34904,0.49680,3.6077
137.28,0.00000,0.70056,0.35028,0.50094,3.5021
137.29,0.00000,0.70298,0.35149,0.50496,3.3890
137.30,0.00000,0.70524,0.35262,0.50874,3.3443
137.31,0.00000,0.70753,0.35376,0.51255,3.2828
137.32,0.00000,0.70979,0.35490,0.51632,3.2076
137.33,0.00000,0.71210,0.35605,0.52017,3.1211
137.34,0.00000,0.71435,0.35717,0.52391,3.0254
137.35,0.00000,0.71653,0.35826,0.52755,2.9220
137.36,0.00000,0.71865,0.35933,0.53108,2.8121
137.37,0.00000,0.72064,0.36032,0.53440,2.7601
137.38,0.00000,0.72264,0.36132,0.53774,2.6939
137.39,0.00000,0.72459,0.36230,0.54099,2.6160
137.40,0.00000,0.72663,0.36332,0.54439,2.5287
137.41,0.00000,0.72862,0.36431,0.54770,2.4338
137.42,0.00000,0.73055,0.36527,0.55091,2.3328
137.43,0.00000,0.73242,0.36621,0.55404,2.2261
137.44,0.00000,0.73418,0.36709,0.55697,2.1679
137.45,0.00000,0.73595,0.36798,0.55992,2.0977
137.46,0.00000,0.73767,0.36884,0.56278,2.0178
137.47,0.00000,0.73942,0.36971,0.56570,1.9302
137.48,0.00000,0.74119,0.37060,0.56865,1.8363
137.49,0.00000,0.74291,0.37146,0.57152,1.7374
137.50,0.00000,0.74458,0.37229,0.57430,1.6345
137.51,0.00000,0.74615,0.37307,0.57691,1.5708
137.52,0.00000,0.74772,0.37386,0.57953,1.4972
137.53,0.00000,0.74924,0.37462,0.58207,1.4157
137.54,0.00000,0.75072,0.37536,0.58453,1.3278
137.55,0.00000,0.75231,0.37615,0.58718,1.2350
137.56,0.00000,0.75385,0.37692,0.58974,1.1382
137.57,0.00000,0.75534,0.37767,0.59224,1.0386
137.58,0.00000,0.75675,0.37837,0.59458,0.9699
137.59,0.00000,0.75815,0.37908,0.59692,0.8932
137.60,0.00000,0.75951,0.37976,0.59919,0.8101
137.61,0.00000,0.76083,0.38041,0.60138,0.7220
137.62,0.00000,0.76215,0.38108,0.60359,0.6300
137.63,0.00000,0.76355,0.38177,0.60591,0.5351
137.64,0.00000,0.76489,0.38245,0.60816,0.4381
137.65,0.00000,0.76620,0.38310,0.61033,0.3395
137.66,0.00000,0.76743,0.38372,0.61239,0.2641
137.67,0.00000,0.76865,0.38433,0.61442,0.1829
137.68,0.00000,0.76983,0.38492,0.61639,0.0973
137.69,0.00000,0.77097,0.38549,0.61829,0.0083
137.70,0.00000,0.77216,0.38608,0.62026,-0.0832
137.71,0.00000,0.77339,0.38669,0.62231,-0.1764
137.72,0.00000,0.77457,0.38729,0.62429,-0.2708
137.73,0.00000,0.77572,0.38786,0.62620,-0.3658
137.74,0.00000,0.77681,0.38840,0.62801,-0.4462
137.75,0.00000,0.77787,0.38894,0.62979,-0.5301
137.76,0.00000,0.77890,0.38945,0.63150,-0.6169
137.77,0.00000,0.77989,0.38995,0.63315,-0.7059
137.78,0.00000,0.78094,0.39047,0.63490,-0.7962
137.79,0.00000,0.78203,0.39101,0.63671,-0.8874
137.80,0.00000,0.78308,0.39154,0.63846,-0.9789
137.81,0.00000,0.78408,0.39204,0.64014,-1.0651
137.82,0.00000,0.78505,0.39253,0.64176,-1.1518
137.83,0.00000,0.78599,0.39300,0.64332,-1.2390
137.84,0.00000,0.78689,0.39345,0.64482,-1.3277
137.85,0.00000,0.78775,0.39388,0.64626,-1.4172
137.86,0.00000,0.78866,0.39433,0.64776,-1.5072
137.87,0.00000,0.78963,0.39482,0.64938,-1.5970
137.88,0.00000,0.79057,0.39528,0.65094,-1.6864
137.89,0.00000,0.79147,0.39574,0.65245,-1.7799
137.90,0.00000,0.79233,0.39617,0.65389,-1.8716
137.91,0.00000,0.79316,0.39658,0.65527,-1.9614
137.92,0.00000,0.79395,0.39698,0.65659,-2.0505
137.93,0.00000,0.79471,0.39735,0.65785,-2.1397
137.94,0.00000,0.79545,0.39773,0.65909,-2.2285
137.95,0.00000,0.79633,0.39817,0.66055,-2.3165
137.96,0.00000,0.79717,0.39859,0.66196,-2.4036
137.97,0.00000,0.79800,0.39900,0.66333,-2.5047
137.98,0.00000,0.79877,0.39939,0.66462,-2.6019
137.99,0.00000,0.79951,0.39975,0.66584,-2.6954
138.00,0.00000,0.80021,0.40010,0.66701,-2.7855
138.01,0.00000,0.80088,0.40044,0.66813,-2.8738
138.02,0.00000,0.80151,0.40076,0.66918,-2.9612
138.03,0.00000,0.80224,0.40112,0.67039,-3.0474
138.04,0.00000,0.80300,0.40150,0.67167,-3.1321
138.05,0.00000,0.80377,0.40189,0.67295,-3.2417
138.06,0.00000,0.80447,0.40223,0.67411,-3.3451
138.07,0.00000,0.80513,0.40257,0.67522,-3.4431
138.08,0.00000,0.80576,0.40288,0.67626,-3.5360
138.09,0.00000,0.80635,0.40318,0.67726,-3.6243
138.10,0.00000,0.80692,0.40346,0.67820,-3.7095
138.11,0.00000,0.80745,0.40372,0.67908,-3.7931
138.12,0.00000,0.80814,0.40407,0.68024,-3.8750
138.13,0.00000,0.80882,0.40441,0.68136,-3.9549
138.14,0.00000,0.80951,0.40476,0.68252,-4.0716
138.15,0.00000,0.81012,0.40506,0.68353,-4.1798
138.16,0.00000,0.81069,0.40534,0.68448,-4.2804
138.17,0.00000,0.81123,0.40561,0.68538,-4.3743
138.18,0.00000,0.81174,0.40587,0.68623,-4.4621
138.19,0.00000,0.81221,0.40611,0.68702,-4.5443
138.20,0.00000,0.81266,0.40633,0.68776,-4.6242
138.21,0.00000,0.81329,0.40665,0.68882,-4.7017
138.22,0.00000,0.81397,0.40698,0.68994,-4.8290
138.23,0.00000,0.81453,0.40727,0.69089,-4.9452
138.24,0.00000,0.81506,0.40753,0.69177,-5.0516
138.25,0.00000,0.81556,0.40778,0.69260,-5.1494
138.26,0.00000,0.81603,0.40801,0.69338,-5.2395
138.27,0.00000,0.81646,0.40823,0.69410,-5.3226
138.28,0.00000,0.81686,0.40843,0.69477,-5.3994
138.29,0.00000,0.81724,0.40862,0.69539,-5.4713
138.30,0.00000,0.81777,0.40889,0.69629,-5.5405
138.31,0.00000,0.81842,0.40921,0.69736,-5.6747
138.32,0.00000,0.81893,0.40946,0.69821,-5.7951
138.33,0.00000,0.81940,0.40970,0.69900,-5.9034
138.34,0.00000,0.81984,0.40992,0.69973,-6.0011
138.35,0.00000,0.82025,0.41012,0.70041,-6.0894
138.36,0.00000,0.82062,0.41031,0.70104,-6.1693
138.37,0.00000,0.82097,0.41048,0.70161,-6.2417
138.38,0.00000,0.82128,0.41064,0.70214,-6.3073
138.39,0.00000,0.82166,0.41083,0.70277,-6.3675
138.40,0.00000,0.82230,0.41115,0.70384,-6.5097
138.41,0.00000,0.82277,0.41138,0.70462,-6.6349
138.42,0.00000,0.82320,0.41160,0.70534,-6.7452
138.43,0.00000,0.82360,0.41180,0.70600,-6.8426
138.44,0.00000,0.82396,0.41198,0.70661,-6.9286
138.45,0.00000,0.82430,0.41215,0.70716,-7.0046
138.46,0.00000,0.82460,0.41230,0.70766,-7.0717
138.47,0.00000,0.82487,0.41243,0.70812,-7.1308
138.48,0.00000,0.82511,0.41255,0.70852,-7.1826
138.49,0.00000,0.82550,0.41275,0.70916,-7.2278
138.50,0.00000,0.82612,0.41306,0.71020,-7.3749
138.51,0.00000,0.82653,0.41326,0.71088,-7.5011
138.52,0.00000,0.82690,0.41345,0.71150,-7.6093
138.53,0.00000,0.82724,0.41362,0.71207,-7.7020
138.54,0.00000,0.82755,0.41377,0.71258,-7.7811
138.55,0.00000,0.82782,0.41391,0.71303,-7.8484
138.56,0.00000,0.82806,0.41403,0.71343,-7.9051
138.57,0.00000,0.82827,0.41414,0.71378,-7.9525
138.58,0.00000,0.82845,0.41422,0.71408,-7.9916
138.59,0.00000,0.82748,0.41374,0.71247,-8.1521
138.60,0.00000,0.82549,0.41275,0.70915,-8.2852
138.61,0.00000,0.82353,0.41176,0.70588,-8.3965
138.62,0.00000,0.82159,0.41080,0.70265,-8.4890
138.63,0.00000,0.81968,0.40984,0.69947,-8.5653
138.64,0.00000,0.81780,0.40890,0.69633,-8.6276
138.65,0.00000,0.81594,0.40797,0.69324,-8.6777
138.66,0.00000,0.81411,0.40706,0.69019,-8.7171
138.67,0.00000,0.81231,0.40616,0.68718,-8.7472
138.68,0.00000,0.81053,0.40527,0.68422,-8.7688
138.69,0.00000,0.80767,0.40384,0.67945,-8.9398
138.70,0.00000,0.80036,0.40018,0.66727,-9.0787
138.71,0.00000,0.79314,0.39657,0.65523,-9.1908
138.72,0.00000,0.78601,0.39300,0.64335,-9.2812
138.73,0.00000,0.77896,0.38948,0.63161,-9.3533
138.74,0.00000,0.77201,0.38600,0.62001,-9.4097
138.75,0.00000,0.76513,0.38257,0.60855,-9.4528
138.76,0.00000,0.75834,0.37917,0.59724,-9.4845
138.77,0.00000,0.75163,0.37582,0.58605,-9.5065
138.78,0.00000,0.74500,0.37250,0.57500,-9.5200
138.79,0.00000,0.73832,0.36916,0.56387,-9.7157
138.80,0.00000,0.72991,0.36495,0.54984,-9.8743
138.81,0.00000,0.72001,0.36000,0.53335,-10.0019
138.82,0.00000,0.71015,0.35507,0.51691,-10.1035
138.83,0.00000,0.70032,0.35016,0.50053,-10.1836
138.84,0.00000,0.69052,0.34526,0.48419,-10.2456
138.85,0.00000,0.68074,0.34037,0.46789,-10.2924
138.86,0.00000,0.67097,0.33549,0.45162,-10.3263
138.87,0.00000,0.66122,0.33061,0.43536,-10.3494
138.88,0.00000,0.65147,0.32573,0.41911,-10.3633
138.89,0.00000,0.64171,0.32086,0.40285,-10.3694
138.90,0.00000,0.62420,0.31210,0.39013,-10.5986
138.91,0.00000,0.60755,0.30377,0.37972,-10.7849
138.92,0.00000,0.59129,0.29564,0.36955,-10.9355
138.93,0.00000,0.57490,0.28745,0.35931,-11.0560
138.94,0.00000,0.55838,0.27919,0.34899,-11.1510
138.95,0.00000,0.54168,0.27084,0.33855,-11.2244
138.96,0.00000,0.52480,0.26240,0.32800,-11.2796
138.97,0.00000,0.50769,0.25385,0.31731,-11.3195
138.98,0.00000,0.49033,0.24517,0.30646,-11.3464
138.99,0.00000,0.47268,0.23634,0.29543,-11.3623
139.00,0.00000,0.45326,0.22663,0.28329,-11.6456
139.01,0.00000,0.43484,0.21742,0.27178,-11.8761
139.02,0.00000,0.41877,0.20939,0.26173,-12.0625
139.03,0.00000,0.40280,0.20140,0.25175,-12.2118
139.04,0.00000,0.38646,0.19323,0.24154,-12.3299
139.05,0.00000,0.36972,0.18486,0.23107,-12.4209
139.06,0.00000,0.35250,0.17625,0.22031,-12.4886
139.07,0.00000,0.33471,0.16736,0.20919,-12.5365
139.08,0.00000,0.31626,0.15813,0.19766,-12.5677
139.09,0.00000,0.29702,0.14851,0.18564,-12.5848
139.10,0.00000,0.27680,0.13840,0.17300,-12.5897
139.11,0.00000,0.25286,0.12643,0.15804,-12.9197
139.12,0.00000,0.22966,0.11483,0.14354,-13.1865
139.13,0.00000,0.14966,0.07483,0.09354,-13.4005
139.14,0.00000,0.06966,0.03483,0.04354,-13.5705
139.15,0.03000,0.00000,0.00000,0.00000,-13.7036
139.16,0.06000,0.00000,0.00000,0.00000,-13.8047
139.17,0.09000,0.00000,0.00000,0.00000,-13.8785
139.18,0.12000,0.00000,0.00000,0.00000,-13.9297
139.19,0.15000,0.00000,0.00000,0.00000,-13.9623
139.20,0.18000,0.00000,0.00000,0.00000,-13.9796
139.21,0.20000,0.00000,0.00000,0.00000,-13.9845
139.22,0.20000,0.00000,0.00000,0.00000,-14.3845
139.23,0.20000,0.00000,0.00000,0.00000,-14.7099
139.24,0.20000,0.00000,0.00000,0.00000,-14.9728
139.25,0.20000,0.00000,0.00000,0.00000,-15.1831
139.26,0.20000,0.00000,0.00000,0.00000,-15.3489
139.27,0.20000,0.00000,0.00000,0.00000,-15.4742
139.28,0.20000,0.00000,0.00000,0.00000,-15.5652
139.29,0.20000,0.00000,0.00000,0.00000,-15.6272
139.30,0.20000,0.00000,0.00000,0.00000,-15.6644
139.31,0.20000,0.00000,0.00000,0.00000,-15.6807
139.32,0.20000,0.00000,0.00000,0.00000,-15.6790
139.33,0.20000,0.00000,0.00000,0.00000,-16.1529
139.34,0.20000,0.00000,0.00000,0.00000,-16.5340
139.35,0.20000,0.00000,0.00000,0.00000,-16.8373
139.36,0.20000,0.00000,0.00000,0.00000,-17.0752
139.37,0.20000,0.00000,0.00000,0.00000,-17.2557
139.38,0.20000,0.00000,0.00000,0.00000,-17.3861
139.39,0.20000,0.00000,0.00000,0.00000,-17.4743
139.40,0.20000,0.00000,0.00000,0.00000,-17.5267
139.41,0.20000,0.00000,0.00000,0.00000,-17.5487
139.42,0.20000,0.00000,0.00000,0.00000,-17.5449
139.43,0.20000,0.00000,0.00000,0.00000,-18.1065
139.44,0.20000,0.00000,0.00000,0.00000,-18.5540
139.45,0.20000,0.00000,0.00000,0.00000,-18.9059
139.46,0.20000,0.00000,0.00000,0.00000,-19.1773
139.47,0.20000,0.00000,0.00000,0.00000,-19.3797
139.48,0.20000,0.00000,0.00000,0.00000,-19.5208
139.49,0.20000,0.00000,0.00000,0.00000,-19.6100
139.50,0.20000,0.00000,0.00000,0.00000,-19.6553
139.51,0.20000,0.00000,0.00000,0.00000,-19.6634
139.52,0.20000,0.00000,0.00000,0.00000,-19.6398
139.53,0.20000,0.00000,0.00000,0.00000,-19.5894
139.54,0.20000,0.00000,0.00000,0.00000,-20.2063
139.55,0.20000,0.00000,0.00000,0.00000,-20.6917
139.56,0.20000,0.00000,0.00000,0.00000,-21.0668
139.57,0.20000,0.00000,0.00000,0.00000,-21.3488
139.58,0.20000,0.00000,0.00000,0.00000,-21.5483
139.59,0.20000,0.00000,0.00000,0.00000,-21.6782
139.60,0.20000,0.00000,0.00000,0.00000,-21.7494
139.61,0.20000,0.00000,0.00000,0.00000,-21.7709
139.62,0.20000,0.00000,0.00000,0.00000,-21.7504
139.63,0.20000,0.00000,0.00000,0.00000,-21.6941
139.64,0.20000,0.00000,0.00000,0.00000,-22.3766
139.65,0.20000,0.00000,0.00000,0.00000,-22.9085
139.66,0.20000,0.00000,0.00000,0.00000,-23.3143
139.67,0.20000,0.00000,0.00000,0.00000,-23.6141
139.68,0.20000,0.00000,0.00000,0.00000,-23.8201
139.69,0.20000,0.00000,0.00000,0.00000,-23.9470
139.70,0.20000,0.00000,0.00000,0.00000,-24.0071
139.71,0.20000,0.00000,0.00000,0.00000,-24.0108
139.72,0.20000,0.00000,0.00000,0.00000,-23.9668
139.73,0.20000,0.00000,0.00000,0.00000,-23.8822
139.74,0.20000,0.00000,0.00000,0.00000,-24.5667
139.75,0.20000,0.00000,0.00000,0.00000,-25.0917
139.76,0.20000,0.00000,0.00000,0.00000,-25.4830
139.77,0.20000,0.00000,0.00000,0.00000,-25.7620
139.78,0.20000,0.00000,0.00000,0.00000,-25.9424
139.79,0.20000,0.00000,0.00000,0.00000,-26.0395
139.80,0.20000,0.00000,0.00000,0.00000,-26.0662
139.81,0.20000,0.00000,0.00000,0.00000,-26.0336
139.82,0.20000,0.00000,0.00000,0.00000,-25.9506
139.83,0.20000,0.00000,0.00000,0.00000,-25.8251
139.84,0.20000,0.00000,0.00000,0.00000,-26.4551
139.85,0.20000,0.00000,0.00000,0.00000,-26.9261
139.86,0.20000,0.00000,0.00000,0.00000,-27.2638
139.87,0.20000,0.00000,0.00000,0.00000,-27.4898
139.88,0.20000,0.00000,0.00000,0.00000,-27.6181
139.89,0.20000,0.00000,0.00000,0.00000,-27.6638
139.90,0.20000,0.00000,0.00000,0.00000,-27.6399
139.91,0.20000,0.00000,0.00000,0.00000,-27.5572
139.92,0.20000,0.00000,0.00000,0.00000,-27.4248
139.93,0.20000,0.00000,0.00000,0.00000,-27.2504
139.94,0.20000,0.00000,0.00000,0.00000,-27.0405
139.95,0.20000,0.00000,0.00000,0.00000,-27.5337
139.96,0.20000,0.00000,0.00000,0.00000,-27.9043
139.97,0.20000,0.00000,0.00000,0.00000,-28.1506
139.98,0.20000,0.00000,0.00000,0.00000,-28.2896
139.99,0.20000,0.00000,0.00000,0.00000,-28.3381
140.00,0.20000,0.00000,0.00000,0.00000,-28.3106
140.01,0.20000,0.00000,0.00000,0.00000,-28.2191
140.02,0.20000,0.00000,0.00000,0.00000,-28.0738
140.03,0.20000,0.00000,0.00000,0.00000,-27.8830
140.04,0.20000,0.00000,0.00000,0.00000,-27.6539
140.05,0.20000,0.00000,0.00000,0.00000,-28.0449
140.06,0.20000,0.00000,0.00000,0.00000,-28.3620
140.07,0.20000,0.00000,0.00000,0.00000,-28.5582
140.08,0.20000,0.00000,0.00000,0.00000,-28.6509
140.09,0.20000,0.00000,0.00000,0.00000,-28.6563
140.10,0.20000,0.00000,0.00000,0.00000,-28.5885
140.11,0.20000,0.00000,0.00000,0.00000,-28.4591
140.12,0.20000,0.00000,0.00000,0.00000,-28.2779
140.13,0.20000,0.00000,0.00000,0.00000,-28.0531
140.14,0.20000,0.00000,0.00000,0.00000,-27.7917
140.15,0.20000,0.00000,0.00000,0.00000,-28.1597
140.16,0.20000,0.00000,0.00000,0.00000,-28.4084
140.17,0.20000,0.00000,0.00000,0.00000,-28.5437
140.18,0.20000,0.00000,0.00000,0.00000,-28.5825
140.19,0.20000,0.00000,0.00000,0.00000,-28.5399
140.20,0.20000,0.00000,0.00000,0.00000,-28.4292
140.21,0.20000,0.00000,0.00000,0.00000,-28.2611
140.22,0.20000,0.00000,0.00000,0.00000,-28.0451
140.23,0.20000,0.00000,0.00000,0.00000,-27.7886
140.24,0.20000,0.00000,0.00000,0.00000,-27.4982
140.25,0.20000,0.00000,0.00000,0.00000,-27.8263
140.26,0.20000,0.00000,0.00000,0.00000,-28.0256
140.27,0.20000,0.00000,0.00000,0.00000,-28.1174
140.28,0.20000,0.00000,0.00000,0.00000,-28.1182
140.29,0.20000,0.00000,0.00000,0.00000,-28.0425
140.30,0.20000,0.00000,0.00000,0.00000,-27.9027
140.31,0.20000,0.00000,0.00000,0.00000,-27.7092
140.32,0.20000,0.00000,0.00000,0.00000,-27.4707
140.33,0.20000,0.00000,0.00000,0.00000,-27.1943
140.34,0.20000,0.00000,0.00000,0.00000,-26.8864
140.35,0.20000,0.00000,0.00000,0.00000,-27.1782
140.36,0.20000,0.00000,0.00000,0.00000,-27.3464
140.37,0.20000,0.00000,0.00000,0.00000,-27.4113
140.38,0.20000,0.00000,0.00000,0.00000,-27.3894
140.39,0.20000,0.00000,0.00000,0.00000,-27.2946
140.40,0.20000,0.00000,0.00000,0.00000,-27.1388
140.41,0.20000,0.00000,0.00000,0.00000,-26.9320
140.42,0.20000,0.00000,0.00000,0.00000,-26.6824
140.43,0.20000,0.00000,0.00000,0.00000,-26.3970
140.44,0.20000,0.00000,0.00000,0.00000,-26.0817
140.45,0.20000,0.00000,0.00000,0.00000,-25.7413
140.46,0.20000,0.00000,0.00000,0.00000,-25.9779
140.47,0.20000,0.00000,0.00000,0.00000,-26.1002
140.48,0.20000,0.00000,0.00000,0.00000,-26.1270
140.49,0.20000,0.00000,0.00000,0.00000,-26.0741
140.50,0.20000,0.00000,0.00000,0.00000,-25.9545
140.51,0.20000,0.00000,0.00000,0.00000,-25.7793
140.52,0.20000,0.00000,0.00000,0.00000,-25.5576
140.53,0.20000,0.00000,0.00000,0.00000,-25.2970
140.54,0.20000,0.00000,0.00000,0.00000,-25.0040
140.55,0.20000,0.00000,0.00000,0.00000,-24.6838
140.56,0.20000,0.00000,0.00000,0.00000,-24.8939
140.57,0.20000,0.00000,0.00000,0.00000,-24.9956
140.58,0.20000,0.00000,0.00000,0.00000,-25.0072
140.59,0.20000,0.00000,0.00000,0.00000,-24.9434
140.60,0.20000,0.00000,0.00000,0.00000,-24.8168
140.61,0.20000,0.00000,0.00000,0.00000,-24.6377
140.62,0.20000,0.00000,0.00000,0.00000,-24.4147
140.63,0.20000,0.00000,0.00000,0.00000,-24.1551
140.64,0.20000,0.00000,0.00000,0.00000,-23.8650
140.65,0.20000,0.00000,0.00000,0.00000,-23.5494
140.66,0.20000,0.00000,0.00000,0.00000,-23.7269
140.67,0.20000,0.00000,0.00000,0.00000,-23.8035
140.68,0.20000,0.00000,0.00000,0.00000,-23.7963
140.69,0.20000,0.00000,0.00000,0.00000,-23.7193
140.70,0.20000,0.00000,0.00000,0.00000,-23.5841
140.71,0.20000,0.00000,0.00000,0.00000,-23.4002
140.72,0.20000,0.00000,0.00000,0.00000,-23.1757
140.73,0.20000,0.00000,0.00000,0.00000,-22.9174
140.74,0.20000,0.00000,0.00000,0.00000,-22.6308
140.75,0.20000,0.00000,0.00000,0.00000,-22.3207
140.76,0.20000,0.00000,0.00000,0.00000,-22.4769
140.77,0.20000,0.00000,0.00000,0.00000,-22.5382
140.78,0.21279,0.00000,0.00000,0.00000,-22.5211
140.79,0.22999,0.00000,0.00000,0.00000,-22.4387
140.80,0.24704,0.00000,0.00000,0.00000,-22.3020
140.81,0.26394,0.00000,0.00000,0.00000,-22.1202
140.82,0.28071,0.00000,0.00000,0.00000,-21.9010
140.83,0.29734,0.00000,0.00000,0.00000,-21.6507
140.84,0.30223,0.00000,0.00000,0.00000,-21.3748
140.85,0.30328,0.00000,0.00000,0.00000,-21.0775
140.86,0.30429,0.00000,0.00000,0.00000,-21.2233
140.87,0.30533,0.00000,0.00000,0.00000,-21.2802
140.88,0.30638,0.00000,0.00000,0.00000,-21.2633
140.89,0.30742,0.00000,0.00000,0.00000,-21.1850
140.90,0.30847,0.00000,0.00000,0.00000,-21.0556
140.91,0.30957,0.00000,0.00000,0.00000,-20.8834
140.92,0.31070,0.00000,0.00000,0.00000,-20.6756
140.93,0.31182,0.00000,0.00000,0.00000,-20.4381
140.94,0.31295,0.00000,0.00000,0.00000,-20.1759
140.95,0.31408,0.00000,0.00000,0.00000,-19.8931
140.96,0.31516,0.00000,0.00000,0.00000,-20.0292
140.97,0.31629,0.00000,0.00000,0.00000,-20.0811
140.98,0.31742,0.00000,0.00000,0.00000,-20.0632
140.99,0.31855,0.00000,0.00000,0.00000,-19.9870
141.00,0.31968,0.00000,0.00000,0.00000,-19.8624
141.01,0.32085,0.00000,0.00000,0.00000,-19.6972
141.02,0.32203,0.00000,0.00000,0.00000,-19.4983
141.03,0.32321,0.00000,0.00000,0.00000,-19.2713
141.04,0.32439,0.00000,0.00000,0.00000,-19.0208
141.05,0.32558,0.00000,0.00000,0.00000,-18.7509
141.06,0.32670,0.00000,0.00000,0.00000,-18.8741
141.07,0.32789,0.00000,0.00000,0.00000,-18.9185
141.08,0.32907,0.00000,0.00000,0.00000,-18.8972
141.09,0.33026,0.00000,0.00000,0.00000,-18.8213
141.10,0.33145,0.00000,0.00000,0.00000,-18.6997
141.11,0.33265,0.00000,0.00000,0.00000,-18.5402
141.12,0.33386,0.00000,0.00000,0.00000,-18.3489
141.13,0.33506,0.00000,0.00000,0.00000,-18.1312
141.14,0.33627,0.00000,0.00000,0.00000,-17.8915
141.15,0.33742,0.00000,0.00000,0.00000,-18.0161
141.16,0.33863,0.00000,0.00000,0.00000,-18.0642
141.17,0.33984,0.00000,0.00000,0.00000,-18.0488
141.18,0.34105,0.00000,0.00000,0.00000,-17.9805
141.19,0.34227,0.00000,0.00000,0.00000,-17.8679
141.20,0.34348,0.00000,0.00000,0.00000,-17.7186
141.21,0.34468,0.00000,0.00000,0.00000,-17.5384
141.22,0.34589,0.00000,0.00000,0.00000,-17.3326
141.23,0.34710,0.00000,0.00000,0.00000,-17.1055
141.24,0.34832,0.00000,0.00000,0.00000,-16.8606
141.25,0.34946,0.00000,0.00000,0.00000,-16.9624
141.26,0.35068,0.00000,0.00000,0.00000,-16.9943
141.27,0.35189,0.00000,0.00000,0.00000,-16.9679
141.28,0.35311,0.00000,0.00000,0.00000,-16.8931
141.29,0.35433,0.00000,0.00000,0.00000,-16.7778
141.30,0.35553,0.00000,0.00000,0.00000,-16.6287
141.31,0.35672,0.00000,0.00000,0.00000,-16.4515
141.32,0.35792,0.00000,0.00000,0.00000,-16.2509
141.33,0.35911,0.00000,0.00000,0.00000,-16.0307
141.34,0.36025,0.00000,0.00000,0.00000,-16.1343
141.35,0.36144,0.00000,0.00000,0.00000,-16.1702
141.36,0.36264,0.00000,0.00000,0.00000,-16.1497
141.37,0.36385,0.00000,0.00000,0.00000,-16.0823
141.38,0.36505,0.00000,0.00000,0.00000,-15.9756
141.39,0.36624,0.00000,0.00000,0.00000,-15.8362
141.40,0.36741,0.00000,0.00000,0.00000,-15.6695
141.41,0.36857,0.00000,0.00000,0.00000,-15.4801
141.42,0.36974,0.00000,0.00000,0.00000,-15.2718
141.43,0.37091,0.00000,0.00000,0.00000,-15.0478
141.44,0.37202,0.00000,0.00000,0.00000,-15.1329
141.45,0.37319,0.00000,0.00000,0.00000,-15.1558
141.46,0.37436,0.00000,0.00000,0.00000,-15.1268
141.47,0.37554,0.00000,0.00000,0.00000,-15.0547
141.48,0.37671,0.00000,0.00000,0.00000,-14.9466
141.49,0.37785,0.00000,0.00000,0.00000,-14.8084
141.50,0.37898,0.00000,0.00000,0.00000,-14.6453
141.51,0.38011,0.00000,0.00000,0.00000,-14.4614
141.52,0.38124,0.00000,0.00000,0.00000,-14.2601
141.53,0.38231,0.00000,0.00000,0.00000,-14.3482
141.54,0.38345,0.00000,0.00000,0.00000,-14.3759
141.55,0.38458,0.00000,0.00000,0.00000,-14.3532
141.56,0.38572,0.00000,0.00000,0.00000,-14.2886
141.57,0.38686,0.00000,0.00000,0.00000,-14.1890
141.58,0.38797,0.00000,0.00000,0.00000,-14.0603
141.59,0.38905,0.00000,0.00000,0.00000,-13.9072
141.60,0.39014,0.00000,0.00000,0.00000,-13.7339
141.61,0.39123,0.00000,0.00000,0.00000,-13.5438
141.62,0.39232,0.00000,0.00000,0.00000,-13.3403
141.63,0.39335,0.00000,0.00000,0.00000,-13.4130
141.64,0.39444,0.00000,0.00000,0.00000,-13.4299
141.65,0.39554,0.00000,0.00000,0.00000,-13.4005
141.66,0.39663,0.00000,0.00000,0.00000,-13.3324
141.67,0.39771,0.00000,0.00000,0.00000,-13.2321
141.68,0.39875,0.00000,0.00000,0.00000,-13.1049
141.69,0.39979,0.00000,0.00000,0.00000,-12.9554
141.70,0.40208,0.00000,0.00000,0.00000,-12.7874
141.71,0.40469,0.00000,0.00000,0.00000,-12.6045
141.72,0.40717,0.00000,0.00000,0.00000,-12.6806
141.73,0.40978,0.00000,0.00000,0.00000,-12.7024
141.74,0.41240,0.00000,0.00000,0.00000,-12.6791
141.75,0.41502,0.00000,0.00000,0.00000,-12.6181
141.76,0.41761,0.00000,0.00000,0.00000,-12.5258
141.77,0.42010,0.00000,0.00000,0.00000,-12.4073
141.78,0.42259,0.00000,0.00000,0.00000,-12.2670
141.79,0.42507,0.00000,0.00000,0.00000,-12.1088
141.80,0.42757,0.00000,0.00000,0.00000,-11.9360
141.81,0.42994,0.00000,0.00000,0.00000,-12.0076
141.82,0.43244,0.00000,0.00000,0.00000,-12.0275
141.83,0.43494,0.00000,0.00000,0.00000,-12.0044
141.84,0.43745,0.00000,0.00000,0.00000,-11.9454
141.85,0.43993,0.00000,0.00000,0.00000,-11.8565
141.86,0.44231,0.00000,0.00000,0.00000,-11.7426
141.87,0.44468,0.00000,0.00000,0.00000,-11.6079
141.88,0.44706,0.00000,0.00000,0.00000,-11.4562
141.89,0.44944,0.00000,0.00000,0.00000,-11.2904
141.90,0.45172,0.00000,0.00000,0.00000,-11.3559
141.91,0.45410,0.00000,0.00000,0.00000,-11.3723
141.92,0.45649,0.00000,0.00000,0.00000,-11.3478
141.93,0.45888,0.00000,0.00000,0.00000,-11.2892
141.94,0.46125,0.00000,0.00000,0.00000,-11.2022
141.95,0.46352,0.00000,0.00000,0.00000,-11.0914
141.96,0.46579,0.00000,0.00000,0.00000,-10.9610
141.97,0.46806,0.00000,0.00000,0.00000,-10.8144
141.98,0.47034,0.00000,0.00000,0.00000,-10.6543
141.99,0.47252,0.00000,0.00000,0.00000,-10.7132
142.00,0.47481,0.00000,0.00000,0.00000,-10.7255
142.01,0.47709,0.00000,0.00000,0.00000,-10.6990
142.02,0.47938,0.00000,0.00000,0.00000,-10.6401
142.03,0.48163,0.00000,0.00000,0.00000,-10.5542
142.04,0.48380,0.00000,0.00000,0.00000,-10.4458
142.05,0.48598,0.00000,0.00000,0.00000,-10.3188
142.06,0.48816,0.00000,0.00000,0.00000,-10.1764
142.07,0.49026,0.00000,0.00000,0.00000,-10.2387
142.08,0.49244,0.00000,0.00000,0.00000,-10.2549
142.09,0.49463,0.00000,0.00000,0.00000,-10.2329
142.10,0.49683,0.00000,0.00000,0.00000,-10.1789
142.11,0.49902,0.00000,0.00000,0.00000,-10.0983
142.12,0.50115,0.00000,0.00000,0.00000,-9.9954
142.13,0.50324,0.00000,0.00000,0.00000,-9.8741
142.14,0.50534,0.00000,0.00000,0.00000,-9.7374
142.15,0.50744,0.00000,0.00000,0.00000,-9.5879
142.16,0.50946,0.00000,0.00000,0.00000,-9.6348
142.17,0.51157,0.00000,0.00000,0.00000,-9.6394
142.18,0.51368,0.00000,0.00000,0.00000,-9.6086
142.19,0.51579,0.00000,0.00000,0.00000,-9.5483
142.20,0.51790,0.00000,0.00000,0.00000,-9.4635
142.21,0.51993,0.00000,0.00000,0.00000,-9.3582
142.22,0.52195,0.00000,0.00000,0.00000,-9.2360
142.23,0.52398,0.00000,0.00000,0.00000,-9.0995
142.24,0.52602,0.00000,0.00000,0.00000,-8.9513
142.25,0.52798,0.00000,0.00000,0.00000,-8.9912
142.26,0.53002,0.00000,0.00000,0.00000,-8.9909
142.27,0.53206,0.00000,0.00000,0.00000,-8.9571
142.28,0.53411,0.00000,0.00000,0.00000,-8.8954
142.29,0.53611,0.00000,0.00000,0.00000,-8.8104
142.30,0.53809,0.00000,0.00000,0.00000,-8.7061
142.31,0.54006,0.00000,0.00000,0.00000,-8.5858
142.32,0.54204,0.00000,0.00000,0.00000,-8.4520
142.33,0.54395,0.00000,0.00000,0.00000,-8.4959
142.34,0.54594,0.00000,0.00000,0.00000,-8.5000
142.35,0.54792,0.00000,0.00000,0.00000,-8.4708
142.36,0.54991,0.00000,0.00000,0.00000,-8.4139
142.37,0.55213,0.00000,0.00000,0.00000,-8.3340
142.38,0.55431,0.00000,0.00000,0.00000,-8.2349
142.39,0.55648,0.00000,0.00000,0.00000,-8.1198
142.40,0.55866,0.00000,0.00000,0.00000,-7.9914
142.41,0.56084,0.00000,0.00000,0.00000,-7.8520
142.42,0.56296,0.00000,0.00000,0.00000,-7.8828
142.43,0.56515,0.00000,0.00000,0.00000,-7.8770
142.44,0.56734,0.00000,0.00000,0.00000,-7.8405
142.45,0.56953,0.00000,0.00000,0.00000,-7.7785
142.46,0.57169,0.00000,0.00000,0.00000,-7.6955
142.47,0.57383,0.00000,0.00000,0.00000,-7.5948
142.48,0.57598,0.00000,0.00000,0.00000,-7.4794
142.49,0.57813,0.00000,0.00000,0.00000,-7.3519
142.50,0.58022,0.00000,0.00000,0.00000,-7.3813
142.51,0.58237,0.00000,0.00000,0.00000,-7.3752
142.52,0.58453,0.00000,0.00000,0.00000,-7.3395
142.53,0.58670,0.00000,0.00000,0.00000,-7.2792
142.54,0.58884,0.00000,0.00000,0.00000,-7.1985
142.55,0.59096,0.00000,0.00000,0.00000,-7.1008
142.56,0.59309,0.00000,0.00000,0.00000,-6.9890
142.57,0.59522,0.00000,0.00000,0.00000,-6.8654
142.58,0.59730,0.00000,0.00000,0.00000,-6.8847
142.59,0.59944,0.00000,0.00000,0.00000,-6.8712
142.60,0.60158,0.00000,0.00000,0.00000,-6.8303
142.61,0.60372,0.00000,0.00000,0.00000,-6.7666
142.62,0.60585,0.00000,0.00000,0.00000,-6.6841
142.63,0.60796,0.00000,0.00000,0.00000,-6.5860
142.64,0.61008,0.00000,0.00000,0.00000,-6.4747
142.65,0.61220,0.00000,0.00000,0.00000,-6.3526
142.66,0.61427,0.00000,0.00000,0.00000,-6.3588
142.67,0.61639,0.00000,0.00000,0.00000,-6.3352
142.68,0.61852,0.00000,0.00000,0.00000,-6.2869
142.69,0.62065,0.00000,0.00000,0.00000,-6.2182
142.70,0.62277,0.00000,0.00000,0.00000,-6.1325
142.71,0.62487,0.00000,0.00000,0.00000,-6.0328
142.72,0.62698,0.00000,0.00000,0.00000,-5.9213
142.73,0.62909,0.00000,0.00000,0.00000,-5.8001
142.74,0.63115,0.00000,0.00000,0.00000,-5.7933
142.75,0.63326,0.00000,0.00000,0.00000,-5.7600
142.76,0.63538,0.00000,0.00000,0.00000,-5.7047
142.77,0.63750,0.00000,0.00000,0.00000,-5.6313
142.78,0.63960,0.00000,0.00000,0.00000,-5.5428
142.79,0.64167,0.00000,0.00000,0.00000,-5.4419
142.80,0.64374,0.00000,0.00000,0.00000,-5.3305
142.81,0.64582,0.00000,0.00000,0.00000,-5.2106
142.82,0.64786,0.00000,0.00000,0.00000,-5.1925
142.83,0.64994,0.00000,0.00000,0.00000,-5.1508
142.84,0.65203,0.00000,0.00000,0.00000,-5.0898
142.85,0.65412,0.00000,0.00000,0.00000,-5.0129
142.86,0.65615,0.00000,0.00000,0.00000,-4.9227
142.87,0.65815,0.00000,0.00000,0.00000,-4.8216
142.88,0.66014,0.00000,0.00000,0.00000,-4.7113
142.89,0.66214,0.00000,0.00000,0.00000,-4.5935
142.90,0.66411,0.00000,0.00000,0.00000,-4.5654
142.91,0.66612,0.00000,0.00000,0.00000,-4.5169
142.92,0.66813,0.00000,0.00000,0.00000,-4.4515
142.93,0.67014,0.00000,0.00000,0.00000,-4.3722
142.94,0.67200,0.00000,0.00000,0.00000,-4.2813
142.95,0.67383,0.00000,0.00000,0.00000,-4.1807
142.96,0.67566,0.00000,0.00000,0.00000,-4.0723
142.97,0.67750,0.00000,0.00000,0.00000,-3.9574
142.98,0.67931,0.00000,0.00000,0.00000,-3.9208
142.99,0.68115,0.00000,0.00000,0.00000,-3.8667
143.00,0.68299,0.00000,0.00000,0.00000,-3.7979
143.01,0.68479,0.00000,0.00000,0.00000,-3.7171
143.02,0.68632,0.00000,0.00000,0.00000,-3.6262
143.03,0.68784,0.00000,0.00000,0.00000,-3.5271
143.04,0.68937,0.00000,0.00000,0.00000,-3.4211
143.05,0.69089,0.00000,0.00000,0.00000,-3.3815
143.06,0.69242,0.00000,0.00000,0.00000,-3.3259
143.07,0.69396,0.00000,0.00000,0.00000,-3.2571
143.08,0.69549,0.00000,0.00000,0.00000,-3.1774
143.09,0.69677,0.00000,0.00000,0.00000,-3.0888
143.10,0.69784,0.00000,0.00000,0.00000,-2.9927
143.11,0.69890,0.00000,0.00000,0.00000,-2.8904
143.12,0.69996,0.00000,0.00000,0.00000,-2.7832
143.13,0.70326,0.00000,0.00000,0.00000,-2.7332
143.14,0.70668,0.00000,0.00000,0.00000,-2.6702
143.15,0.71010,0.00000,0.00000,0.00000,-2.5965
143.16,0.71345,0.00000,0.00000,0.00000,-2.5140
143.17,0.71491,0.00000,0.00000,0.00000,-2.4242
143.18,0.71637,0.00000,0.00000,0.00000,-2.3284
143.19,0.71783,0.00000,0.00000,0.00000,-2.2278
143.20,0.71928,0.00000,0.00000,0.00000,-2.1738
143.21,0.72074,0.00000,0.00000,0.00000,-2.1086
143.22,0.72221,0.00000,0.00000,0.00000,-2.0342
143.23,0.72368,0.00000,0.00000,0.00000,-1.9522
143.24,0.72380,0.00000,0.00000,0.00000,-1.8639
143.25,0.72310,0.00000,0.00000,0.00000,-1.7705
143.26,0.72239,0.00000,0.00000,0.00000,-1.6730
143.27,0.72168,0.00000,0.00000,0.00000,-1.5722
143.28,0.72098,0.00000,0.00000,0.00000,-1.5095
143.29,0.72027,0.00000,0.00000,0.00000,-1.4383
143.30,0.71955,0.00000,0.00000,0.00000,-1.3599
143.31,0.71828,0.00000,0.00000,0.00000,-1.2758
143.32,0.71551,0.00000,0.00000,0.00000,-1.1870
143.33,0.71274,0.00000,0.00000,0.00000,-1.0943
143.34,0.70997,0.00000,0.00000,0.00000,-0.9987
143.35,0.70720,0.00000,0.00000,0.00000,-0.9318
143.36,0.70442,0.00000,0.00000,0.00000,-0.8579
143.37,0.70163,0.00000,0.00000,0.00000,-0.7785
143.38,0.69963,0.00000,0.00000,0.00000,-0.6945
143.39,0.69825,0.00000,0.00000,0.00000,-0.6068
143.40,0.69686,0.00000,0.00000,0.00000,-0.5162
143.41,0.69547,0.00000,0.00000,0.00000,-0.4233
143.42,0.69408,0.00000,0.00000,0.00000,-0.3504
143.43,0.69268,0.00000,0.00000,0.00000,-0.2725
143.44,0.69128,0.00000,0.00000,0.00000,-0.1907
143.45,0.68989,0.00000,0.00000,0.00000,-0.1056
143.46,0.68820,0.00000,0.00000,0.00000,-0.0181
143.47,0.68645,0.00000,0.00000,0.00000,0.0715
143.48,0.68469,0.00000,0.00000,0.00000,0.1626
143.49,0.68294,0.00000,0.00000,0.00000,0.2421
143.50,0.68118,0.00000,0.00000,0.00000,0.3246
143.51,0.67942,0.00000,0.00000,0.00000,0.4094
143.52,0.67765,0.00000,0.00000,0.00000,0.4959
143.53,0.67575,0.00000,0.00000,0.00000,0.5838
143.54,0.67379,0.00000,0.00000,0.00000,0.6728
143.55,0.67182,0.00000,0.00000,0.00000,0.7626
143.56,0.66985,0.00000,0.00000,0.00000,0.8488
143.57,0.66788,0.00000,0.00000,0.00000,0.9361
143.58,0.66590,0.00000,0.00000,0.00000,1.0240
143.59,0.66392,0.00000,0.00000,0.00000,1.1123
143.60,0.66189,0.00000,0.00000,0.00000,1.2008
143.61,0.65982,0.00000,0.00000,0.00000,1.2894
143.62,0.65775,0.00000,0.00000,0.00000,1.3781
143.63,0.65568,0.00000,0.00000,0.00000,1.4713
143.64,0.65360,0.00000,0.00000,0.00000,1.5636
143.65,0.65153,0.00000,0.00000,0.00000,1.6548
143.66,0.64945,0.00000,0.00000,0.00000,1.7450
143.67,0.58945,0.00000,0.00000,0.00000,1.8343
143.68,0.52945,0.00000,0.00000,0.00000,1.9225
143.69,0.46945,0.00000,0.00000,0.00000,2.0098
143.70,0.43034,0.00000,0.00000,0.00000,2.1093
143.71,0.42964,0.00000,0.00000,0.00000,2.2053
143.72,0.42894,0.00000,0.00000,0.00000,2.2983
143.73,0.36894,0.06400,0.03200,0.04000,2.3885
143.74,0.30894,0.12800,0.06400,0.08000,2.4760
143.75,0.24894,0.19200,0.09600,0.12000,2.5611
143.76,0.18894,0.25600,0.12800,0.16000,2.6439
143.77,0.12894,0.32000,0.16000,0.20000,2.7465
143.78,0.06894,0.38400,0.19200,0.24000,2.8429
143.79,0.00894,0.44800,0.22400,0.28000,2.9336
143.80,0.00000,0.51200,0.25600,0.32000,3.0189
143.81,0.00000,0.53974,0.26987,0.33733,3.0993
143.82,0.00000,0.54944,0.27472,0.34340,3.1754
143.83,0.00000,0.55879,0.27939,0.34924,3.2477
143.84,0.00000,0.56788,0.28394,0.35492,3.3477
143.85,0.00000,0.57658,0.28829,0.36036,3.4395
143.86,0.00000,0.58499,0.29249,0.36562,3.5240
143.87,0.00000,0.59333,0.29667,0.37083,3.6021
143.88,0.00000,0.60148,0.30074,0.37592,3.6747
143.89,0.00000,0.60936,0.30468,0.38085,3.7424
143.90,0.00000,0.61698,0.30849,0.38561,3.8058
143.91,0.00000,0.62445,0.31222,0.39028,3.9060
143.92,0.00000,0.63159,0.31579,0.39474,3.9960
143.93,0.00000,0.63851,0.31925,0.39907,4.0772
143.94,0.00000,0.64294,0.32147,0.40490,4.1509
143.95,0.00000,0.64665,0.32332,0.41108,4.2178
143.96,0.00000,0.65025,0.32513,0.41709,4.2789
143.97,0.00000,0.65375,0.32688,0.42292,4.3350
143.98,0.00000,0.65721,0.32861,0.42869,4.4367
143.99,0.00000,0.66052,0.33026,0.43420,4.5261
144.00,0.00000,0.66373,0.33186,0.43955,4.6051
144.01,0.00000,0.66691,0.33345,0.44485,4.6750
144.02,0.00000,0.67010,0.33505,0.45016,4.7369
144.03,0.00000,0.67320,0.33660,0.45533,4.7920
144.04,0.00000,0.67621,0.33811,0.46035,4.8410
144.05,0.00000,0.67921,0.33960,0.46535,4.9448
144.06,0.00000,0.68205,0.34103,0.47009,5.0342
144.07,0.00000,0.68482,0.34241,0.47470,5.1111
144.08,0.00000,0.68752,0.34376,0.47920,5.1774
144.09,0.00000,0.69029,0.34515,0.48382,5.2345
144.10,0.00000,0.69299,0.34649,0.48831,5.2836
144.11,0.00000,0.69561,0.34780,0.49268,5.3257
144.12,0.00000,0.69816,0.34908,0.49693,5.3616
144.13,0.00000,0.70071,0.35036,0.50118,5.4629
144.14,0.00000,0.70312,0.35156,0.50520,5.5478
144.15,0.00000,0.70546,0.35273,0.50909,5.6188
144.16,0.00000,0.70783,0.35391,0.51305,5.6779
144.17,0.00000,0.71019,0.35510,0.51699,5.7267
144.18,0.00000,0.71249,0.35625,0.52082,5.7666
144.19,0.00000,0.71473,0.35736,0.52455,5.7988
144.20,0.00000,0.71699,0.35849,0.52831,5.9058
144.21,0.00000,0.71910,0.35955,0.53183,5.9936
144.22,0.00000,0.72114,0.36057,0.53524,6.0649
144.23,0.00000,0.72315,0.36157,0.53858,6.1224
144.24,0.00000,0.72524,0.36262,0.54207,6.1679
144.25,0.00000,0.72727,0.36364,0.54546,6.2031
144.26,0.00000,0.72925,0.36462,0.54875,6.2293
144.27,0.00000,0.73127,0.36563,0.55211,6.3408
144.28,0.00000,0.73313,0.36656,0.55521,6.4303
144.29,0.00000,0.73493,0.36747,0.55822,6.5012
144.30,0.00000,0.73669,0.36834,0.56114,6.5561
144.31,0.00000,0.73846,0.36923,0.56410,6.5976
144.32,0.00000,0.74027,0.37014,0.56712,6.6274
144.33,0.00000,0.74203,0.37102,0.57005,6.6472
144.34,0.00000,0.74374,0.37187,0.57290,6.6583
144.35,0.00000,0.74551,0.37275,0.57585,6.7672
144.36,0.00000,0.74711,0.37356,0.57852,6.8522
144.37,0.00000,0.74866,0.37433,0.58111,6.9171
144.38,0.00000,0.75017,0.37508,0.58362,6.9647
144.39,0.00000,0.75174,0.37587,0.58624,6.9977
144.40,0.00000,0.75332,0.37666,0.58887,7.0183
144.41,0.00000,0.75485,0.37743,0.59142,7.0281
144.42,0.00000,0.75646,0.37823,0.59411,7.1465
144.43,0.00000,0.75790,0.37895,0.59650,7.2378
144.44,0.00000,0.75928,0.37964,0.59881,7.3059
144.45,0.00000,0.76063,0.38031,0.60104,7.3544
144.46,0.00000,0.76192,0.38096,0.60321,7.3861
144.47,0.00000,0.76331,0.38166,0.60552,7.4037
144.48,0.00000,0.76470,0.38235,0.60783,7.4091
144.49,0.00000,0.76604,0.38302,0.61006,7.4040
144.50,0.00000,0.76748,0.38374,0.61247,7.5213
144.51,0.00000,0.76873,0.38436,0.61455,7.6095
144.52,0.00000,0.76993,0.38497,0.61655,7.6730
144.53,0.00000,0.77110,0.38555,0.61849,7.7155
144.54,0.00000,0.77222,0.38611,0.62037,7.7402
144.55,0.00000,0.77343,0.38671,0.62238,7.7497
144.56,0.00000,0.77465,0.38733,0.62442,7.7462
144.57,0.00000,0.77583,0.38792,0.62638,7.7317
144.58,0.00000,0.77714,0.38857,0.62856,7.8531
144.59,0.00000,0.77823,0.38911,0.63038,7.9426
144.60,0.00000,0.77928,0.38964,0.63214,8.0054
144.61,0.00000,0.78030,0.39015,0.63383,8.0453
144.62,0.00000,0.78127,0.39064,0.63545,8.0659
144.63,0.00000,0.78230,0.39115,0.63716,8.0701
144.64,0.00000,0.78339,0.39169,0.63898,8.0603
144.65,0.00000,0.78443,0.39222,0.64072,8.0386
144.66,0.00000,0.78563,0.39281,0.64271,8.1667
144.67,0.00000,0.78659,0.39330,0.64432,8.2601
144.68,0.00000,0.78752,0.39376,0.64586,8.3242
144.69,0.00000,0.78841,0.39420,0.64734,8.3636
144.70,0.00000,0.78926,0.39463,0.64876,8.3820
144.71,0.00000,0.79009,0.39504,0.65014,8.3826
144.72,0.00000,0.79106,0.39553,0.65177,8.3681
144.73,0.00000,0.79200,0.39600,0.65334,8.3407
144.74,0.00000,0.79311,0.39656,0.65519,8.4768
144.75,0.00000,0.79397,0.39698,0.65662,8.5752
144.76,0.00000,0.79479,0.39740,0.65798,8.6419
144.77,0.00000,0.79557,0.39779,0.65929,8.6818
144.78,0.00000,0.79632,0.39816,0.66054,8.6991
144.79,0.00000,0.79704,0.39852,0.66173,8.6972
144.80,0.00000,0.79781,0.39891,0.66302,8.6790
144.81,0.00000,0.79866,0.39933,0.66444,8.6470
144.82,0.00000,0.79971,0.39985,0.66618,8.7894
144.83,0.00000,0.80048,0.40024,0.66747,8.8915
144.84,0.00000,0.80122,0.40061,0.66869,8.9598
144.85,0.00000,0.80192,0.40096,0.66986,8.9995
144.86,0.00000,0.80258,0.40129,0.67097,9.0152
144.87,0.00000,0.80321,0.40161,0.67202,9.0105
144.88,0.00000,0.80381,0.40191,0.67302,8.9886
144.89,0.00000,0.80452,0.40226,0.67420,8.9520
144.90,0.00000,0.80527,0.40263,0.67544,8.9030
144.91,0.00000,0.80623,0.40311,0.67704,9.0389
144.92,0.00000,0.80690,0.40345,0.67816,9.1340
144.93,0.00000,0.80753,0.40377,0.67922,9.1949
144.94,0.00000,0.80813,0.40407,0.68022,9.2268
144.95,0.00000,0.80870,0.40435,0.68116,9.2345
144.96,0.00000,0.80923,0.40462,0.68205,9.2216
144.97,0.00000,0.80973,0.40487,0.68289,9.1914
144.98,0.00000,0.81034,0.40517,0.68390,9.1465
144.99,0.00000,0.81100,0.40550,0.68501,9.0892
145.00,0.00000,0.81190,0.40595,0.68649,9.2237
145.01,0.00000,0.81248,0.40624,0.68747,9.3163
145.02,0.00000,0.81304,0.40652,0.68840,9.3738
145.03,0.00000,0.81356,0.40678,0.68926,9.4018
145.04,0.00000,0.81404,0.40702,0.69007,9.4048
145.05,0.00000,0.81450,0.40725,0.69083,9.3868
145.06,0.00000,0.81492,0.40746,0.69153,9.3511
145.07,0.00000,0.81538,0.40769,0.69230,9.3005
145.08,0.00000,0.81598,0.40799,0.69330,9.2372
145.09,0.00000,0.81683,0.40841,0.69471,9.3718
145.10,0.00000,0.81735,0.40868,0.69559,9.4634
145.11,0.00000,0.81784,0.40892,0.69641,9.5190
145.12,0.00000,0.81830,0.40915,0.69717,9.5444
145.13,0.00000,0.81872,0.40936,0.69787,9.5443
145.14,0.00000,0.81911,0.40956,0.69852,9.5227
145.15,0.00000,0.81947,0.40974,0.69912,9.4830
145.16,0.00000,0.81980,0.40990,0.69967,9.4280
145.17,0.00000,0.82028,0.41014,0.70047,9.3600
145.18,0.00000,0.82110,0.41055,0.70184,9.4964
145.19,0.00000,0.82158,0.41079,0.70264,9.5888
145.20,0.00000,0.82203,0.41101,0.70338,9.6442
145.21,0.00000,0.82244,0.41122,0.70407,9.6686
145.22,0.00000,0.82282,0.41141,0.70470,9.6670
145.23,0.00000,0.82316,0.41158,0.70527,9.6434
145.24,0.00000,0.82348,0.41174,0.70580,9.6012
145.25,0.00000,0.82376,0.41188,0.70626,9.5432
145.26,0.00000,0.82401,0.41200,0.70668,9.4720
145.27,0.00000,0.82477,0.41239,0.70795,9.6118
145.28,0.00000,0.82523,0.41261,0.70871,9.7062
145.29,0.00000,0.82565,0.41283,0.70942,9.7628
145.30,0.00000,0.82604,0.41302,0.71006,9.7875
145.31,0.00000,0.82639,0.41319,0.71065,9.7855
145.32,0.00000,0.82671,0.41335,0.71118,9.7610
145.33,0.00000,0.82699,0.41350,0.71165,9.7174
145.34,0.00000,0.82724,0.41362,0.71207,9.6577
145.35,0.00000,0.82746,0.41373,0.71244,9.5844
145.36,0.00000,0.82765,0.41383,0.71275,9.4995
145.37,0.00000,0.82832,0.41416,0.71386,9.6357
145.38,0.00000,0.82874,0.41437,0.71456,9.7261
145.39,0.00000,0.82912,0.41456,0.71520,9.7785
145.40,0.00000,0.82947,0.41473,0.71578,9.7993
145.41,0.00000,0.82978,0.41489,0.71630,9.7934
145.42,0.00000,0.83006,0.41503,0.71676,9.7650
145.43,0.00000,0.83030,0.41515,0.71716,9.7177
145.44,0.00000,0.83051,0.41525,0.71751,9.6544
145.45,0.00000,0.83068,0.41534,0.71780,9.5775
145.46,0.00000,0.83083,0.41541,0.71804,9.4892
145.47,0.00000,0.83129,0.41565,0.71882,9.6310
145.48,0.00000,0.83168,0.41584,0.71947,9.7256
145.49,0.00000,0.83205,0.41602,0.72008,9.7808
145.50,0.00000,0.83238,0.41619,0.72063,9.8031
145.51,0.00000,0.83267,0.41633,0.72111,9.7982
145.52,0.00000,0.83292,0.41646,0.72154,9.7703
145.53,0.00000,0.83314,0.41657,0.72190,9.7231
145.54,0.00000,0.83333,0.41666,0.72221,9.6595
145.55,0.00000,0.83348,0.41674,0.72246,9.5821
145.56,0.00000,0.83359,0.41680,0.72266,9.4930
145.57,0.00000,0.83368,0.41684,0.72280,9.3941
145.58,0.00000,0.83412,0.41706,0.72353,9.5371
145.59,0.00000,0.83444,0.41722,0.72407,9.6323
145.60,0.00000,0.83478,0.41739,0.72463,9.6876
145.61,0.00000,0.83508,0.41754,0.72513,9.7095
145.62,0.00000,0.83534,0.41767,0.72556,9.7035
145.63,0.00000,0.83556,0.41778,0.72593,9.6745
145.64,0.00000,0.83574,0.41787,0.72624,9.6261
145.65,0.00000,0.83589,0.41794,0.72648,9.5615
145.66,0.00000,0.83600,0.41800,0.72667,9.4829
145.67,0.00000,0.83608,0.41804,0.72680,9.3927
145.68,0.00000,0.83654,0.41827,0.72757,9.5527
145.69,0.00000,0.83655,0.41827,0.72758,9.6621
145.70,0.00000,0.83662,0.41831,0.72770,9.7291
145.71,0.00000,0.83696,0.41848,0.72826,9.7606
145.72,0.00000,0.83725,0.41863,0.72875,9.7623
145.73,0.00000,0.83751,0.41875,0.72918,9.7389
145.74,0.00000,0.83772,0.41886,0.72953,9.6943
145.75,0.00000,0.83789,0.41895,0.72982,9.6326
145.76,0.00000,0.83803,0.41901,0.73005,9.5565
145.77,0.00000,0.83813,0.41906,0.73021,9.4682
145.78,0.00000,0.83819,0.41909,0.73031,9.3696
145.79,0.00000,0.83821,0.41911,0.73035,9.2622
145.80,0.00000,0.83867,0.41933,0.73111,9.4198
145.81,0.00000,0.83861,0.41931,0.73102,9.5268
145.82,0.00000,0.83856,0.41928,0.73093,9.5916
145.83,0.00000,0.83889,0.41944,0.73148,9.6211
145.84,0.00000,0.83917,0.41959,0.73195,9.6208
145.85,0.00000,0.83941,0.41971,0.73236,9.5955
145.86,0.00000,0.83961,0.41981,0.73268,9.5492
145.87,0.00000,0.83977,0.41988,0.73294,9.4850
145.88,0.00000,0.83988,0.41994,0.73313,9.4064
145.89,0.00000,0.83995,0.41998,0.73325,9.3160
145.90,0.00000,0.83999,0.41999,0.73331,9.2156
145.91,0.00000,0.83998,0.41999,0.73330,9.1068
145.92,0.00000,0.84046,0.42023,0.73411,9.2754
145.93,0.00000,0.84037,0.42019,0.73396,9.3918
145.94,0.00000,0.84025,0.42012,0.73375,9.4645
145.95,0.00000,0.84019,0.42010,0.73365,9.5005
145.96,0.00000,0.84051,0.42026,0.73418,9.5058
145.97,0.00000,0.84078,0.42039,0.73463,9.4851
145.98,0.00000,0.84100,0.42050,0.73500,9.4426
145.99,0.00000,0.84118,0.42059,0.73529,9.3817
146.00,0.00000,0.84131,0.42065,0.73551,9.3051
146.01,0.00000,0.84139,0.42070,0.73565,9.2154
146.02,0.00000,0.84143,0.42072,0.73572,9.1150
146.03,0.00000,0.84143,0.42072,0.73572,9.0063
146.04,0.00000,0.84198,0.42099,0.73664,9.1879
146.05,0.00000,0.84189,0.42094,0.73648,9.3152
146.06,0.00000,0.84175,0.42088,0.73626,9.3971
146.07,0.00000,0.84158,0.42079,0.73597,9.4409
146.08,0.00000,0.84137,0.42069,0.73562,9.4526
146.09,0.00000,0.84144,0.42072,0.73573,9.4375
146.10,0.00000,0.84174,0.42087,0.73624,9.3996
146.11,0.00000,0.84200,0.42100,0.73666,9.3424
146.12,0.00000,0.84220,0.42110,0.73700,9.2691
146.13,0.00000,0.84235,0.42118,0.73725,9.1819
146.14,0.00000,0.84245,0.42123,0.73742,9.0831
146.15,0.00000,0.84251,0.42125,0.73751,8.9744
146.16,0.00000,0.84251,0.42126,0.73752,8.8574
146.17,0.00000,0.84315,0.42158,0.73859,9.0453
146.18,0.00000,0.84306,0.42153,0.73843,9.1778
146.19,0.00000,0.84291,0.42146,0.73819,9.2641
146.20,0.00000,0.84273,0.42136,0.73788,9.3115
146.21,0.00000,0.84250,0.42125,0.73751,9.3263
146.22,0.00000,0.84224,0.42112,0.73706,9.3136
146.23,0.00000,0.84193,0.42097,0.73656,9.2777
146.24,0.00000,0.84124,0.42062,0.73540,9.2223
146.25,0.00000,0.84046,0.42023,0.73410,9.1504
146.26,0.00000,0.83966,0.41983,0.73276,9.0644
146.27,0.00000,0.83884,0.41942,0.73140,8.9667
146.28,0.00000,0.83800,0.41900,0.73000,8.8590
146.29,0.00000,0.83714,0.41857,0.72857,8.7428
146.30,0.00000,0.83627,0.41813,0.72712,8.6196
146.31,0.00000,0.83538,0.41769,0.72563,8.4904
146.32,0.00000,0.83514,0.41757,0.72523,8.6839
146.33,0.00000,0.83420,0.41710,0.72367,8.8201
146.34,0.00000,0.83325,0.41663,0.72209,8.9099
146.35,0.00000,0.83229,0.41614,0.72048,8.9607
146.36,0.00000,0.83131,0.41565,0.71885,8.9788
146.37,0.00000,0.83031,0.41516,0.71719,8.9694
146.38,0.00000,0.82931,0.41465,0.71551,8.9369
146.39,0.00000,0.82829,0.41414,0.71381,8.8849
146.40,0.00000,0.82491,0.41246,0.70819,8.8164
146.41,0.00000,0.82146,0.41073,0.70243,8.7340
146.42,0.00000,0.81806,0.40903,0.69676,8.6401
146.43,0.00000,0.81471,0.40736,0.69119,8.5366
146.44,0.00000,0.81143,0.40571,0.68571,8.4250
146.45,0.00000,0.80820,0.40410,0.68033,8.3066
146.46,0.00000,0.80502,0.40251,0.67504,8.1828
146.47,0.00000,0.80229,0.40115,0.67048,8.3973
146.48,0.00000,0.79922,0.39961,0.66536,8.5525
146.49,0.00000,0.79620,0.39810,0.66033,8.6583
146.50,0.00000,0.79323,0.39662,0.65538,8.7228
146.51,0.00000,0.79031,0.39516,0.65052,8.7531
146.52,0.00000,0.78745,0.39372,0.64574,8.7559
146.53,0.00000,0.78463,0.39231,0.64104,8.7354
146.54,0.00000,0.78186,0.39093,0.63643,8.6954
146.55,0.00000,0.77913,0.38957,0.63189,8.6390
146.56,0.00000,0.77646,0.38823,0.62743,8.5688
146.57,0.00000,0.77220,0.38610,0.62034,8.4869
146.58,0.00000,0.76740,0.38370,0.61234,8.3954
146.59,0.00000,0.76268,0.38134,0.60447,8.2959
146.60,0.00000,0.75804,0.37902,0.59674,8.1897
146.61,0.00000,0.75349,0.37674,0.58914,8.0782
146.62,0.00000,0.74901,0.37450,0.58168,7.9623
146.63,0.00000,0.74471,0.37236,0.57452,8.2021
146.64,0.00000,0.74039,0.37019,0.56731,8.3809
146.65,0.00000,0.73614,0.36807,0.56023,8.5089
146.66,0.00000,0.73196,0.36598,0.55327,8.5944
146.67,0.00000,0.72786,0.36393,0.54643,8.6445
146.68,0.00000,0.72382,0.36191,0.53971,8.6648
146.69,0.00000,0.71986,0.35993,0.53311,8.6601
146.70,0.00000,0.71597,0.35799,0.52662,8.6350
146.71,0.00000,0.71215,0.35607,0.52025,8.5936
146.72,0.00000,0.70839,0.35420,0.51399,8.5387
146.73,0.00000,0.70470,0.35235,0.50784,8.4724
146.74,0.00000,0.70108,0.35054,0.50180,8.3966
146.75,0.00000,0.69736,0.34868,0.49561,8.3127
146.76,0.00000,0.69330,0.34665,0.48883,8.2223
146.77,0.00000,0.68930,0.34465,0.48216,8.1264
146.78,0.00000,0.68536,0.34268,0.47560,8.0260
146.79,0.00000,0.68148,0.34074,0.46914,7.9221
146.80,0.00000,0.67767,0.33884,0.46278,7.8152
146.81,0.00000,0.67398,0.33699,0.45664,8.0853
146.82,0.00000,0.67029,0.33515,0.45049,8.2921
146.83,0.00000,0.66666,0.33333,0.44443,8.4462
146.84,0.00000,0.66309,0.33154,0.43848,8.5563
146.85,0.00000,0.65957,0.32978,0.43262,8.6295
146.86,0.00000,0.65611,0.32805,0.42685,8.6717
146.87,0.00000,0.65271,0.32635,0.42118,8.6878
146.88,0.00000,0.64936,0.32468,0.41559,8.6821
146.89,0.00000,0.64606,0.32303,0.41010,8.6579
146.90,0.00000,0.64282,0.32141,0.40470,8.6187
146.91,0.00000,0.63933,0.31966,0.39958,8.5679
146.92,0.00000,0.63357,0.31679,0.39598,8.5072
146.93,0.00000,0.62790,0.31395,0.39244,8.4384
146.94,0.00000,0.62231,0.31116,0.38895,8.3627
146.95,0.00000,0.61610,0.30805,0.38506,8.2812
146.96,0.00000,0.60975,0.30487,0.38109,8.1950
146.97,0.00000,0.60347,0.30174,0.37717,8.1049
146.98,0.00000,0.59727,0.29864,0.37329,8.0117
146.99,0.00000,0.59115,0.29557,0.36947,7.9160
147.00,0.00000,0.58512,0.29256,0.36570,8.2196
147.01,0.00000,0.57914,0.28957,0.36196,8.4567
147.02,0.00000,0.57324,0.28662,0.35827,8.6381
147.03,0.00000,0.56741,0.28370,0.35463,8.7730
147.04,0.00000,0.56165,0.28082,0.35103,8.8689
147.05,0.00000,0.55595,0.27798,0.34747,8.9320
147.06,0.00000,0.55033,0.27516,0.34396,8.9674
147.07,0.00000,0.54477,0.27239,0.34048,8.9795
147.08,0.00000,0.53928,0.26964,0.33705,8.9724
147.09,0.00000,0.53386,0.26693,0.33366,8.9495
147.10,0.00000,0.52850,0.26425,0.33031,8.9134
147.11,0.00000,0.52321,0.26160,0.32700,8.8671
147.12,0.00000,0.51798,0.25899,0.32374,8.8126
147.13,0.00000,0.51281,0.25640,0.32051,8.7513
147.14,0.00000,0.50770,0.25385,0.31731,8.6842
147.15,0.00000,0.50235,0.25117,0.31397,8.6123
147.16,0.00000,0.49656,0.24828,0.31035,8.5365
147.17,0.00000,0.49082,0.24541,0.30676,8.4573
147.18,0.00000,0.48514,0.24257,0.30321,8.3754
147.19,0.00000,0.47951,0.23976,0.29970,8.2914
147.20,0.00000,0.47383,0.23692,0.29615,8.6329
147.21,0.00000,0.46831,0.23415,0.29269,8.9037
147.22,0.00000,0.46284,0.23142,0.28927,9.1154
147.23,0.00000,0.45741,0.22871,0.28588,9.2777
147.24,0.00000,0.45203,0.22602,0.28252,9.3984
147.25,0.00000,0.44670,0.22335,0.27919,9.4840
147.26,0.00000,0.44142,0.22071,0.27589,9.5401
147.27,0.00000,0.43619,0.21809,0.27262,9.5712
147.28,0.00000,0.43100,0.21550,0.26937,9.5811
147.29,0.00000,0.42585,0.21292,0.26616,9.5731
147.30,0.00000,0.42075,0.21037,0.26297,9.5500
147.31,0.00000,0.41569,0.20784,0.25980,9.5140
147.32,0.00000,0.41067,0.20533,0.25667,9.4678
147.33,0.00000,0.40569,0.20285,0.25356,9.4137
147.34,0.00000,0.40076,0.20038,0.25047,9.3531
147.35,0.00000,0.39586,0.19793,0.24741,9.2869
147.36,0.00000,0.39080,0.19540,0.24425,9.2161
147.37,0.00000,0.38535,0.19268,0.24085,9.1415
147.38,0.00000,0.37994,0.18997,0.23746,9.0636
147.39,0.00000,0.37455,0.18728,0.23410,8.9832
147.40,0.00000,0.36920,0.18460,0.23075,8.9007
147.41,0.00000,0.36361,0.18180,0.22725,9.2745
147.42,0.00000,0.35830,0.17915,0.22394,9.5726
147.43,0.00000,0.35302,0.17651,0.22064,9.8075
147.44,0.00000,0.34776,0.17388,0.21735,9.9893
147.45,0.00000,0.34253,0.17126,0.21408,10.1265
147.46,0.00000,0.33731,0.16866,0.21082,10.2261
147.47,0.00000,0.33211,0.16606,0.20757,10.2939
147.48,0.00000,0.32694,0.16347,0.20433,10.3349
147.49,0.00000,0.32177,0.16089,0.20111,10.3531
147.50,0.00000,0.31663,0.15831,0.19789,10.3521
147.51,0.00000,0.31150,0.15575,0.19469,10.3347
147.52,0.00000,0.30638,0.15319,0.19149,10.3035
147.53,0.00000,0.30127,0.15064,0.18829,10.2606
147.54,0.00000,0.29617,0.14809,0.18511,10.2088
147.55,0.00000,0.29109,0.14554,0.18193,10.1497
147.56,0.00000,0.28601,0.14300,0.17875,10.0845
147.57,0.00000,0.28093,0.14047,0.17558,10.0142
147.58,0.00000,0.27556,0.13778,0.17223,9.9397
147.59,0.00000,0.27013,0.13506,0.16883,9.8616
147.60,0.00000,0.26468,0.13234,0.16542,9.7807
147.61,0.00000,0.25922,0.12961,0.16201,9.6974
147.62,0.00000,0.25327,0.12663,0.15829,10.1064
147.63,0.00000,0.24776,0.12388,0.15485,10.4336
147.64,0.00000,0.24224,0.12112,0.15140,10.6924
147.65,0.00000,0.23669,0.11834,0.14793,10.8938
147.66,0.00000,0.23110,0.11555,0.14444,11.0470
147.67,0.00000,0.15110,0.07555,0.09444,11.1595
147.68,0.00000,0.07110,0.03555,0.04444,11.2381
147.69,0.03000,0.00000,0.00000,0.00000,11.2883
147.70,0.06000,0.00000,0.00000,0.00000,11.3155
147.71,0.09000,0.00000,0.00000,0.00000,11.3242
147.72,0.12000,0.00000,0.00000,0.00000,11.3180
147.73,0.15000,0.00000,0.00000,0.00000,11.3004
147.74,0.18000,0.00000,0.00000,0.00000,11.2739
147.75,0.20000,0.00000,0.00000,0.00000,11.2411
147.76,0.20000,0.00000,0.00000,0.00000,11.2045
147.77,0.20000,0.00000,0.00000,0.00000,11.1647
147.78,0.20000,0.00000,0.00000,0.00000,11.1222
147.79,0.20000,0.00000,0.00000,0.00000,11.0776
147.80,0.20000,0.00000,0.00000,0.00000,11.0312
147.81,0.20000,0.00000,0.00000,0.00000,10.9833
147.82,0.20000,0.00000,0.00000,0.00000,10.9342
147.83,0.20000,0.00000,0.00000,0.00000,11.4230
147.84,0.20000,0.00000,0.00000,0.00000,11.8236
147.85,0.20000,0.00000,0.00000,0.00000,12.1503
147.86,0.20000,0.00000,0.00000,0.00000,12.4151
147.87,0.20000,0.00000,0.00000,0.00000,12.6277
147.88,0.20000,0.00000,0.00000,0.00000,12.7963
147.89,0.20000,0.00000,0.00000,0.00000,12.9275
147.90,0.20000,0.00000,0.00000,0.00000,13.0272
147.91,0.20000,0.00000,0.00000,0.00000,13.1001
147.92,0.20000,0.00000,0.00000,0.00000,13.1502
147.93,0.20000,0.00000,0.00000,0.00000,13.1808
147.94,0.20000,0.00000,0.00000,0.00000,13.1950
147.95,0.20000,0.00000,0.00000,0.00000,13.1952
147.96,0.20000,0.00000,0.00000,0.00000,13.1839
147.97,0.20000,0.00000,0.00000,0.00000,13.1630
147.98,0.20000,0.00000,0.00000,0.00000,13.1339
147.99,0.20000,0.00000,0.00000,0.00000,13.0978
148.00,0.20000,0.00000,0.00000,0.00000,13.0558
148.01,0.20000,0.00000,0.00000,0.00000,13.0089
148.02,0.20000,0.00000,0.00000,0.00000,12.9578
148.03,0.20000,0.00000,0.00000,0.00000,12.9033
148.04,0.20000,0.00000,0.00000,0.00000,13.4433
148.05,0.14000,0.06400,0.03200,0.04000,13.8839
148.06,0.08000,0.12800,0.06400,0.08000,14.2390
148.07,0.02000,0.19200,0.09600,0.12000,14.5196
148.08,0.00000,0.25600,0.12800,0.16000,14.7347
148.09,0.00000,0.32000,0.16000,0.20000,14.8929
148.10,0.00000,0.38400,0.19200,0.24000,15.0021
148.11,0.00000,0.38101,0.19051,0.23813,15.0685
148.12,0.00000,0.37599,0.18799,0.23499,15.0986
148.13,0.00000,0.37098,0.18549,0.23186,15.0980
148.14,0.00000,0.36598,0.18299,0.22874,15.0714
148.15,0.00000,0.36100,0.18050,0.22562,15.0226
148.16,0.00000,0.35603,0.17801,0.22252,14.9549
148.17,0.00000,0.35107,0.17554,0.21942,14.8712
148.18,0.00000,0.34613,0.17307,0.21633,14.7740
148.19,0.00000,0.34120,0.17060,0.21325,14.6656
148.20,0.00000,0.33657,0.16828,0.21036,14.5476
148.21,0.00000,0.33203,0.16601,0.20752,14.4217
148.22,0.00000,0.32750,0.16375,0.20469,14.2893
148.23,0.00000,0.32298,0.16149,0.20186,14.1515
148.24,0.00000,0.31817,0.15908,0.19886,14.6858
148.25,0.00000,0.31367,0.15683,0.19604,15.1067
148.26,0.00000,0.30917,0.15459,0.19323,15.4329
148.27,0.00000,0.30469,0.15234,0.19043,15.6797
148.28,0.00000,0.30020,0.15010,0.18763,15.8597
148.29,0.00000,0.29573,0.14786,0.18483,15.9834
148.30,0.00000,0.29125,0.14563,0.18203,16.0597
148.31,0.00000,0.28678,0.14339,0.17924,16.0958
148.32,0.00000,0.28231,0.14116,0.17645,16.0980
148.33,0.00000,0.27784,0.13892,0.17365,16.0715
148.34,0.00000,0.27337,0.13669,0.17086,16.0207
148.35,0.00000,0.26890,0.13445,0.16806,15.9494
148.36,0.00000,0.26443,0.13221,0.16527,15.8608
148.37,0.00000,0.25995,0.12997,0.16247,15.7567
148.38,0.00000,0.25546,0.12773,0.15966,15.6395
148.39,0.00000,0.25097,0.12548,0.15685,15.5113
148.40,0.00000,0.24647,0.12323,0.15404,15.3741
148.41,0.00000,0.24231,0.12116,0.15144,15.2293
148.42,0.00000,0.23820,0.11910,0.14888,15.0783
148.43,0.00000,0.23408,0.11704,0.14630,14.9223
148.44,0.00000,0.22996,0.11498,0.14372,14.7622
148.45,0.00000,0.14996,0.07498,0.09372,15.3912
148.46,0.00000,0.06996,0.03498,0.04372,15.8898
148.47,0.03000,0.00000,0.00000,0.00000,16.2797
148.48,0.06000,0.00000,0.00000,0.00000,16.5802
148.49,0.09000,0.00000,0.00000,0.00000,16.8067
148.50,0.12000,0.00000,0.00000,0.00000,16.9722
148.51,0.15000,0.00000,0.00000,0.00000,17.0877
148.52,0.18000,0.00000,0.00000,0.00000,17.1621
148.53,0.20000,0.00000,0.00000,0.00000,17.2032
148.54,0.20000,0.00000,0.00000,0.00000,17.2170
148.55,0.20000,0.00000,0.00000,0.00000,17.2077
148.56,0.20000,0.00000,0.00000,0.00000,17.1787
148.57,0.20000,0.00000,0.00000,0.00000,17.1328
148.58,0.20000,0.00000,0.00000,0.00000,17.0709
148.59,0.20000,0.00000,0.00000,0.00000,16.9956
148.60,0.20000,0.00000,0.00000,0.00000,16.9090
148.61,0.20000,0.00000,0.00000,0.00000,16.8128
148.62,0.20000,0.00000,0.00000,0.00000,16.7088
148.63,0.20000,0.00000,0.00000,0.00000,16.5981
148.64,0.20000,0.00000,0.00000,0.00000,16.4820
148.65,0.20000,0.00000,0.00000,0.00000,17.3184
148.66,0.20000,0.00000,0.00000,0.00000,17.9958
148.67,0.20000,0.00000,0.00000,0.00000,18.5402
148.68,0.20000,0.00000,0.00000,0.00000,18.9730
148.69,0.20000,0.00000,0.00000,0.00000,19.3118
148.70,0.20000,0.00000,0.00000,0.00000,19.5714
148.71,0.20000,0.00000,0.00000,0.00000,19.7640
148.72,0.20000,0.00000,0.00000,0.00000,19.8998
148.73,0.20000,0.00000,0.00000,0.00000,19.9875
148.74,0.20000,0.00000,0.00000,0.00000,20.0342
148.75,0.20000,0.00000,0.00000,0.00000,20.0463
148.76,0.20000,0.00000,0.00000,0.00000,20.0289
148.77,0.20000,0.00000,0.00000,0.00000,19.9834
148.78,0.14000,0.06400,0.03200,0.04000,19.9140
148.79,0.08000,0.12800,0.06400,0.08000,19.8215
148.80,0.02000,0.19200,0.09600,0.12000,19.7061
148.81,0.00000,0.25600,0.12800,0.16000,19.5680
148.82,0.00000,0.32000,0.16000,0.20000,19.4090
148.83,0.00000,0.38400,0.19200,0.24000,19.2312
148.84,0.00000,0.38825,0.19412,0.24266,19.0363
148.85,0.00000,0.38411,0.19206,0.24007,20.0315
148.86,0.00000,0.38006,0.19003,0.23754,20.8193
148.87,0.00000,0.37602,0.18801,0.23501,21.4338
148.88,0.00000,0.37200,0.18600,0.23250,21.9030
148.89,0.00000,0.36800,0.18400,0.23000,22.2499
148.90,0.00000,0.36401,0.18201,0.22751,22.4939
148.91,0.00000,0.36005,0.18002,0.22503,22.6510
148.92,0.00000,0.35609,0.17805,0.22256,22.7346
148.93,0.00000,0.35216,0.17608,0.22010,22.7561
148.94,0.00000,0.34824,0.17412,0.21765,22.7250
148.95,0.00000,0.34434,0.17217,0.21521,22.6494
148.96,0.00000,0.34045,0.17022,0.21278,22.5359
148.97,0.00000,0.33658,0.16829,0.21036,22.3872
148.98,0.00000,0.33272,0.16636,0.20795,22.2089
148.99,0.00000,0.32887,0.16444,0.20554,22.0059
149.00,0.00000,0.32504,0.16252,0.20315,21.7821
149.01,0.00000,0.32127,0.16064,0.20080,21.5412
149.02,0.00000,0.31752,0.15876,0.19845,21.2860
149.03,0.00000,0.31378,0.15689,0.19611,21.0192
149.04,0.00000,0.31005,0.15503,0.19378,20.7429
149.05,0.00000,0.30630,0.15315,0.19144,22.0191
149.06,0.00000,0.30260,0.15130,0.18912,23.0361
149.07,0.00000,0.29890,0.14945,0.18681,23.8364
149.08,0.00000,0.29522,0.14761,0.18451,24.4551
149.09,0.00000,0.29154,0.14577,0.18222,24.9212
149.10,0.00000,0.28788,0.14394,0.17993,25.2587
149.11,0.00000,0.28422,0.14211,0.17764,25.4876
149.12,0.00000,0.28058,0.14029,0.17536,25.6247
149.13,0.00000,0.27694,0.13847,0.17309,25.6842
149.14,0.00000,0.27331,0.13665,0.17082,25.6780
